2025-01-12 15:49:04,742 - 15:49:04.565; 0; 0; 751504; 0; 0; 0; 0; 89%; None; Connection lost timed out; 74
2025-01-12 15:49:12,182 - 15:49:12.050; 0; 0; 0; 0; 0; 0; 0; 89%; None; Connection lost timed out; 74
2025-01-12 15:49:16,752 - 15:49:16.637; 0; 0; 0; 0; 0; 0; 0; 89%; None; Connection lost [WinError 10054] Eine vorhandene Verbindung wurde vom Remotehost geschlossen; 141
2025-01-12 15:49:21,127 - 15:49:20.911; 0; 0; 0; 0; 0; 0; 0; 89%; None; No connection possible: [WinError 10061] Es konnte keine Verbindung hergestellt werden, da der Zielcomputer die Verbindung verweigerte; 183
2025-01-12 15:49:25,620 - 15:49:25.368; 0; 0; 0; 0; 0; 0; 0; 89%; None; No connection possible: [WinError 10061] Es konnte keine Verbindung hergestellt werden, da der Zielcomputer die Verbindung verweigerte; 183
2025-01-12 15:49:30,050 - 15:49:29.778; 0; 0; 0; 0; 0; 0; 0; 89%; None; No connection possible: [WinError 10061] Es konnte keine Verbindung hergestellt werden, da der Zielcomputer die Verbindung verweigerte; 183
2025-01-12 15:49:34,517 - 15:49:34.194; 0; 0; 0; 0; 0; 0; 0; 89%; None; No connection possible: [WinError 10061] Es konnte keine Verbindung hergestellt werden, da der Zielcomputer die Verbindung verweigerte; 183
2025-01-12 15:49:38,819 - 15:49:38.654; 0; 0; 0; 0; 0; 0; 0; 89%; None; No connection possible: [WinError 10061] Es konnte keine Verbindung hergestellt werden, da der Zielcomputer die Verbindung verweigerte; 183
2025-01-12 15:49:43,256 - 15:49:42.949; 0; 0; 0; 0; 0; 0; 0; 89%; None; No connection possible: [WinError 10061] Es konnte keine Verbindung hergestellt werden, da der Zielcomputer die Verbindung verweigerte; 183
2025-01-12 15:49:47,679 - 15:49:47.403; 0; 0; 0; 0; 0; 0; 0; 89%; None; No connection possible: [WinError 10061] Es konnte keine Verbindung hergestellt werden, da der Zielcomputer die Verbindung verweigerte; 183
2025-01-12 15:49:52,101 - 15:49:51.846; 0; 0; 0; 0; 0; 0; 0; 89%; None; No connection possible: [WinError 10061] Es konnte keine Verbindung hergestellt werden, da der Zielcomputer die Verbindung verweigerte; 183
2025-01-12 15:49:56,409 - 15:49:56.247; 0; 0; 0; 0; 0; 0; 0; 89%; None; No connection possible: [WinError 10061] Es konnte keine Verbindung hergestellt werden, da der Zielcomputer die Verbindung verweigerte; 183
2025-01-12 15:50:00,728 - 15:50:00.553; 0; 0; 0; 0; 0; 0; 0; 89%; None; No connection possible: [WinError 10061] Es konnte keine Verbindung hergestellt werden, da der Zielcomputer die Verbindung verweigerte; 183
2025-01-12 15:50:04,993 - 15:50:04.823; 0; 0; 0; 0; 0; 0; 0; 89%; None; No connection possible: [WinError 10061] Es konnte keine Verbindung hergestellt werden, da der Zielcomputer die Verbindung verweigerte; 183
2025-01-12 15:50:09,398 - 15:50:09.095; 0; 0; 0; 0; 0; 0; 0; 89%; None; No connection possible: [WinError 10061] Es konnte keine Verbindung hergestellt werden, da der Zielcomputer die Verbindung verweigerte; 183
2025-01-12 15:50:13,637 - 15:50:13.485; 0; 0; 0; 0; 0; 0; 0; 89%; None; No connection possible: [WinError 10061] Es konnte keine Verbindung hergestellt werden, da der Zielcomputer die Verbindung verweigerte; 183
2025-01-12 15:50:17,910 - 15:50:17.738; 0; 0; 0; 0; 0; 0; 0; 89%; None; No connection possible: [WinError 10061] Es konnte keine Verbindung hergestellt werden, da der Zielcomputer die Verbindung verweigerte; 183
2025-01-12 15:50:22,190 - 15:50:22.009; 0; 0; 0; 0; 0; 0; 0; 89%; None; No connection possible: [WinError 10061] Es konnte keine Verbindung hergestellt werden, da der Zielcomputer die Verbindung verweigerte; 183
2025-01-12 15:50:26,573 - 15:50:26.291; 0; 0; 0; 0; 0; 0; 0; 89%; None; No connection possible: [WinError 10061] Es konnte keine Verbindung hergestellt werden, da der Zielcomputer die Verbindung verweigerte; 183
2025-01-12 15:50:30,966 - 15:50:30.666; 0; 0; 0; 0; 0; 0; 0; 89%; None; No connection possible: [WinError 10061] Es konnte keine Verbindung hergestellt werden, da der Zielcomputer die Verbindung verweigerte; 183
2025-01-12 15:50:35,218 - 15:50:35.079; 0; 0; 0; 0; 0; 0; 0; 89%; None; No connection possible: [WinError 10061] Es konnte keine Verbindung hergestellt werden, da der Zielcomputer die Verbindung verweigerte; 183
2025-01-12 15:50:39,615 - 15:50:39.331; 0; 0; 0; 0; 0; 0; 0; 89%; None; No connection possible: [WinError 10061] Es konnte keine Verbindung hergestellt werden, da der Zielcomputer die Verbindung verweigerte; 183
2025-01-12 15:50:43,917 - 15:50:43.717; 0; 0; 0; 0; 0; 0; 0; 89%; None; No connection possible: [WinError 10061] Es konnte keine Verbindung hergestellt werden, da der Zielcomputer die Verbindung verweigerte; 183
2025-01-12 15:50:48,290 - 15:50:48.031; 0; 0; 0; 0; 0; 0; 0; None; 90%; No connection possible: [WinError 10061] Es konnte keine Verbindung hergestellt werden, da der Zielcomputer die Verbindung verweigerte; 183
2025-01-12 15:50:52,762 - 15:50:52.416; 0; 0; 0; 0; 0; 0; 0; None; 90%; No connection possible: [WinError 10061] Es konnte keine Verbindung hergestellt werden, da der Zielcomputer die Verbindung verweigerte; 183
2025-01-12 15:57:05,049 - 15:57:01.914; 0; 0; 751504; 1139735102389400; 1736693821914489700; 2496869593; 1736693824882443900; None; None; Class ID: 0, Confidence: 0.69, BBox: (219, 170, 284, 310)
Class ID: 2, Confidence: 0.69, BBox: (282, 192, 438, 253)
Class ID: 1, Confidence: 0.54, BBox: (133, 227, 296, 345); 222
2025-01-12 15:57:05,734 - 15:57:05.051; 1; 0; 751504; 1139735102389400; 1736693825051060900; 125677274; 1736693825582436100; None; None; Class ID: 0, Confidence: 0.69, BBox: (219, 170, 284, 310)
Class ID: 2, Confidence: 0.69, BBox: (282, 192, 438, 253)
Class ID: 1, Confidence: 0.54, BBox: (133, 227, 296, 345); 222
2025-01-12 15:57:06,350 - 15:57:05.737; 2; 0; 751504; 1139735102389400; 1736693825737475700; 123236600; 1736693826206367900; None; None; Class ID: 0, Confidence: 0.69, BBox: (219, 170, 284, 310)
Class ID: 2, Confidence: 0.69, BBox: (282, 192, 438, 253)
Class ID: 1, Confidence: 0.54, BBox: (133, 227, 296, 345); 222
2025-01-12 15:57:07,067 - 15:57:06.350; 3; 0; 751504; 1139735102389400; 1736693826350089500; 130255328; 1736693826930739300; None; None; Class ID: 0, Confidence: 0.69, BBox: (219, 170, 284, 310)
Class ID: 2, Confidence: 0.69, BBox: (282, 192, 438, 253)
Class ID: 1, Confidence: 0.54, BBox: (133, 227, 296, 345); 222
2025-01-12 15:57:07,788 - 15:57:07.067; 4; 0; 751504; 1139735102389400; 1736693827067412900; 131893218; 1736693827642733400; None; None; Class ID: 0, Confidence: 0.69, BBox: (219, 170, 284, 310)
Class ID: 2, Confidence: 0.69, BBox: (282, 192, 438, 253)
Class ID: 1, Confidence: 0.54, BBox: (133, 227, 296, 345); 222
2025-01-12 15:57:08,595 - 15:57:07.788; 5; 0; 751504; 1139735102389400; 1736693827788377400; 125165555; 1736693828358042800; None; None; Class ID: 0, Confidence: 0.69, BBox: (219, 170, 284, 310)
Class ID: 2, Confidence: 0.69, BBox: (282, 192, 438, 253)
Class ID: 1, Confidence: 0.54, BBox: (133, 227, 296, 345); 222
2025-01-12 15:57:09,370 - 15:57:08.596; 6; 0; 751504; 1139735102389400; 1736693828596405300; 126275855; 1736693829175112600; None; None; Class ID: 0, Confidence: 0.69, BBox: (219, 170, 284, 310)
Class ID: 2, Confidence: 0.69, BBox: (282, 192, 438, 253)
Class ID: 1, Confidence: 0.54, BBox: (133, 227, 296, 345); 222
2025-01-12 15:57:10,103 - 15:57:09.370; 7; 0; 751504; 1139735102389400; 1736693829370764900; 137116455; 1736693829891009000; None; None; Class ID: 0, Confidence: 0.69, BBox: (219, 170, 284, 310)
Class ID: 2, Confidence: 0.69, BBox: (282, 192, 438, 253)
Class ID: 1, Confidence: 0.54, BBox: (133, 227, 296, 345); 222
2025-01-12 15:57:10,825 - 15:57:10.103; 8; 0; 751504; 1139735102389400; 1736693830114965400; 128892033; 1736693830713743800; None; None; Class ID: 0, Confidence: 0.69, BBox: (219, 170, 284, 310)
Class ID: 2, Confidence: 0.69, BBox: (282, 192, 438, 253)
Class ID: 1, Confidence: 0.54, BBox: (133, 227, 296, 345); 222
2025-01-12 15:57:11,430 - 15:57:10.825; 9; 0; 751504; 1139735102389400; 1736693830825409000; 125683394; 1736693831341424900; None; None; Class ID: 0, Confidence: 0.69, BBox: (219, 170, 284, 310)
Class ID: 2, Confidence: 0.69, BBox: (282, 192, 438, 253)
Class ID: 1, Confidence: 0.54, BBox: (133, 227, 296, 345); 222
2025-01-12 15:57:12,044 - 15:57:11.430; 10; 0; 751504; 1139735102389400; 1736693831430331900; 124101515; 1736693831940518000; None; None; Class ID: 0, Confidence: 0.69, BBox: (219, 170, 284, 310)
Class ID: 2, Confidence: 0.69, BBox: (282, 192, 438, 253)
Class ID: 1, Confidence: 0.54, BBox: (133, 227, 296, 345); 222
2025-01-12 15:57:12,626 - 15:57:12.044; 11; 0; 751504; 1139735102389400; 1736693832044850500; 125946639; 1736693832516193900; None; None; Class ID: 0, Confidence: 0.69, BBox: (219, 170, 284, 310)
Class ID: 2, Confidence: 0.69, BBox: (282, 192, 438, 253)
Class ID: 1, Confidence: 0.54, BBox: (133, 227, 296, 345); 222
2025-01-12 15:57:13,291 - 15:57:12.626; 12; 0; 751504; 1139735102389400; 1736693832626107700; 128599248; 1736693833159409900; None; None; Class ID: 0, Confidence: 0.69, BBox: (219, 170, 284, 310)
Class ID: 2, Confidence: 0.69, BBox: (282, 192, 438, 253)
Class ID: 1, Confidence: 0.54, BBox: (133, 227, 296, 345); 222
2025-01-12 15:57:13,890 - 15:57:13.297; 13; 0; 751504; 1139735102389400; 1736693833297897000; 130097886; 1736693833772220700; None; None; Class ID: 0, Confidence: 0.69, BBox: (219, 170, 284, 310)
Class ID: 2, Confidence: 0.69, BBox: (282, 192, 438, 253)
Class ID: 1, Confidence: 0.54, BBox: (133, 227, 296, 345); 222
2025-01-12 15:57:14,509 - 15:57:13.890; 14; 0; 751504; 1139735102389400; 1736693833890273000; 127682041; 1736693834402395800; None; None; Class ID: 0, Confidence: 0.69, BBox: (219, 170, 284, 310)
Class ID: 2, Confidence: 0.69, BBox: (282, 192, 438, 253)
Class ID: 1, Confidence: 0.54, BBox: (133, 227, 296, 345); 222
2025-01-12 15:57:15,128 - 15:57:14.509; 15; 0; 751504; 1139735102389400; 1736693834509128900; 129230360; 1736693835009139700; None; None; Class ID: 0, Confidence: 0.69, BBox: (219, 170, 284, 310)
Class ID: 2, Confidence: 0.69, BBox: (282, 192, 438, 253)
Class ID: 1, Confidence: 0.54, BBox: (133, 227, 296, 345); 222
2025-01-12 15:57:15,746 - 15:57:15.128; 16; 0; 751504; 1139735102389400; 1736693835128031800; 133548069; 1736693835626263700; None; None; Class ID: 0, Confidence: 0.69, BBox: (219, 170, 284, 310)
Class ID: 2, Confidence: 0.69, BBox: (282, 192, 438, 253)
Class ID: 1, Confidence: 0.54, BBox: (133, 227, 296, 345); 222
2025-01-12 15:57:16,370 - 15:57:15.750; 17; 0; 751504; 1139735102389400; 1736693835750998800; 127999648; 1736693836247448600; None; None; Class ID: 0, Confidence: 0.69, BBox: (219, 170, 284, 310)
Class ID: 2, Confidence: 0.69, BBox: (282, 192, 438, 253)
Class ID: 1, Confidence: 0.54, BBox: (133, 227, 296, 345); 222
2025-01-12 15:57:16,992 - 15:57:16.374; 18; 0; 751504; 1139735102389400; 1736693836374538200; 126431318; 1736693836876937100; None; None; Class ID: 0, Confidence: 0.69, BBox: (219, 170, 284, 310)
Class ID: 2, Confidence: 0.69, BBox: (282, 192, 438, 253)
Class ID: 1, Confidence: 0.54, BBox: (133, 227, 296, 345); 222
2025-01-12 15:57:17,555 - 15:57:16.992; 19; 0; 751504; 1139735102389400; 1736693836992845000; 132609912; 1736693837460513900; None; None; Class ID: 0, Confidence: 0.69, BBox: (219, 170, 284, 310)
Class ID: 2, Confidence: 0.69, BBox: (282, 192, 438, 253)
Class ID: 1, Confidence: 0.54, BBox: (133, 227, 296, 345); 222
2025-01-12 15:57:18,198 - 15:57:17.572; 20; 0; 751504; 1139735102389400; 1736693837572625900; 129296681; 1736693838084885000; None; None; Class ID: 0, Confidence: 0.69, BBox: (219, 170, 284, 310)
Class ID: 2, Confidence: 0.69, BBox: (282, 192, 438, 253)
Class ID: 1, Confidence: 0.54, BBox: (133, 227, 296, 345); 222
2025-01-12 15:57:19,032 - 15:57:18.206; 21; 0; 751504; 1139735102389400; 1736693838206926800; 127538359; 1736693838807789700; None; None; Class ID: 0, Confidence: 0.69, BBox: (219, 170, 284, 310)
Class ID: 2, Confidence: 0.69, BBox: (282, 192, 438, 253)
Class ID: 1, Confidence: 0.54, BBox: (133, 227, 296, 345); 222
2025-01-12 15:57:19,652 - 15:57:19.033; 22; 0; 751504; 1139735102389400; 1736693839033378200; 128685130; 1736693839519155700; None; None; Class ID: 0, Confidence: 0.69, BBox: (219, 170, 284, 310)
Class ID: 2, Confidence: 0.69, BBox: (282, 192, 438, 253)
Class ID: 1, Confidence: 0.54, BBox: (133, 227, 296, 345); 222
2025-01-12 15:57:20,275 - 15:57:19.652; 23; 0; 751504; 1139735102389400; 1736693839652145900; 131490842; 1736693840137881500; None; None; Class ID: 0, Confidence: 0.69, BBox: (219, 170, 284, 310)
Class ID: 2, Confidence: 0.69, BBox: (282, 192, 438, 253)
Class ID: 1, Confidence: 0.54, BBox: (133, 227, 296, 345); 222
2025-01-12 15:57:21,375 - 15:57:20.277; 24; 0; 751504; 1139735102389400; 1736693840277898400; 131439881; 1736693840863485900; None; None; Class ID: 0, Confidence: 0.69, BBox: (219, 170, 284, 310)
Class ID: 2, Confidence: 0.69, BBox: (282, 192, 438, 253)
Class ID: 1, Confidence: 0.54, BBox: (133, 227, 296, 345); 222
2025-01-12 15:57:22,476 - 15:57:21.375; 25; 0; 751504; 1139735102389400; 1736693841375388300; 128758961; 1736693841985906800; None; None; Class ID: 0, Confidence: 0.69, BBox: (219, 170, 284, 310)
Class ID: 2, Confidence: 0.69, BBox: (282, 192, 438, 253)
Class ID: 1, Confidence: 0.54, BBox: (133, 227, 296, 345); 222
2025-01-12 15:57:23,143 - 15:57:22.480; 26; 0; 751504; 1139735102389400; 1736693842480419400; 131005713; 1736693843000708400; None; None; Class ID: 0, Confidence: 0.69, BBox: (219, 170, 284, 310)
Class ID: 2, Confidence: 0.69, BBox: (282, 192, 438, 253)
Class ID: 1, Confidence: 0.54, BBox: (133, 227, 296, 345); 222
2025-01-12 15:57:23,866 - 15:57:23.152; 27; 0; 751504; 1139735102389400; 1736693843152418200; 128834033; 1736693843727181400; None; None; Class ID: 0, Confidence: 0.69, BBox: (219, 170, 284, 310)
Class ID: 2, Confidence: 0.69, BBox: (282, 192, 438, 253)
Class ID: 1, Confidence: 0.54, BBox: (133, 227, 296, 345); 222
2025-01-12 15:57:24,578 - 15:57:23.870; 28; 0; 751504; 1139735102389400; 1736693843870099600; 132222855; 1736693844434837200; None; None; Class ID: 0, Confidence: 0.69, BBox: (219, 170, 284, 310)
Class ID: 2, Confidence: 0.69, BBox: (282, 192, 438, 253)
Class ID: 1, Confidence: 0.54, BBox: (133, 227, 296, 345); 222
2025-01-12 15:57:25,498 - 15:57:24.578; 29; 0; 751504; 1139735102389400; 1736693844578228900; 132895487; 1736693845159203100; None; None; Class ID: 0, Confidence: 0.69, BBox: (219, 170, 284, 310)
Class ID: 2, Confidence: 0.69, BBox: (282, 192, 438, 253)
Class ID: 1, Confidence: 0.54, BBox: (133, 227, 296, 345); 222
2025-01-12 15:57:26,193 - 15:57:25.499; 30; 0; 751504; 1139735102389400; 1736693845499248400; 127443598; 1736693846060502300; None; None; Class ID: 0, Confidence: 0.69, BBox: (219, 170, 284, 310)
Class ID: 2, Confidence: 0.69, BBox: (282, 192, 438, 253)
Class ID: 1, Confidence: 0.54, BBox: (133, 227, 296, 345); 222
2025-01-12 15:57:27,058 - 15:57:26.193; 31; 0; 751504; 1139735102389400; 1736693846193066300; 126911657; 1736693846893514900; None; None; Class ID: 0, Confidence: 0.69, BBox: (219, 170, 284, 310)
Class ID: 2, Confidence: 0.69, BBox: (282, 192, 438, 253)
Class ID: 1, Confidence: 0.54, BBox: (133, 227, 296, 345); 222
2025-01-12 15:57:27,690 - 15:57:27.058; 32; 0; 751504; 1139735102389400; 1736693847058278600; 129596756; 1736693847559285700; None; None; Class ID: 0, Confidence: 0.69, BBox: (219, 170, 284, 310)
Class ID: 2, Confidence: 0.69, BBox: (282, 192, 438, 253)
Class ID: 1, Confidence: 0.54, BBox: (133, 227, 296, 345); 222
2025-01-12 15:57:28,362 - 15:57:27.692; 33; 0; 751504; 1139735102389400; 1736693847692742000; 131445331; 1736693848223731300; None; None; Class ID: 0, Confidence: 0.69, BBox: (219, 170, 284, 310)
Class ID: 2, Confidence: 0.69, BBox: (282, 192, 438, 253)
Class ID: 1, Confidence: 0.54, BBox: (133, 227, 296, 345); 222
2025-01-12 15:57:29,112 - 15:57:28.362; 34; 0; 751504; 1139735102389400; 1736693848362482000; 125361199; 1736693848935996100; None; None; Class ID: 0, Confidence: 0.69, BBox: (219, 170, 284, 310)
Class ID: 2, Confidence: 0.69, BBox: (282, 192, 438, 253)
Class ID: 1, Confidence: 0.54, BBox: (133, 227, 296, 345); 222
2025-01-12 15:57:29,740 - 15:57:29.114; 35; 0; 751504; 1139735102389400; 1736693849114289800; 126904658; 1736693849597409300; None; None; Class ID: 0, Confidence: 0.69, BBox: (219, 170, 284, 310)
Class ID: 2, Confidence: 0.69, BBox: (282, 192, 438, 253)
Class ID: 1, Confidence: 0.54, BBox: (133, 227, 296, 345); 222
2025-01-12 15:57:30,438 - 15:57:29.744; 36; 0; 751504; 1139735102389400; 1736693849744650000; 128073360; 1736693850309948400; None; None; Class ID: 0, Confidence: 0.69, BBox: (219, 170, 284, 310)
Class ID: 2, Confidence: 0.69, BBox: (282, 192, 438, 253)
Class ID: 1, Confidence: 0.54, BBox: (133, 227, 296, 345); 222
2025-01-12 15:57:31,150 - 15:57:30.438; 37; 0; 751504; 1139735102389400; 1736693850438210000; 134554698; 1736693850984556300; None; None; Class ID: 0, Confidence: 0.69, BBox: (219, 170, 284, 310)
Class ID: 2, Confidence: 0.69, BBox: (282, 192, 438, 253)
Class ID: 1, Confidence: 0.54, BBox: (133, 227, 296, 345); 222
2025-01-12 15:57:31,744 - 15:57:31.150; 38; 0; 751504; 1139735102389400; 1736693851150518400; 128200561; 1736693851617132800; None; None; Class ID: 0, Confidence: 0.69, BBox: (219, 170, 284, 310)
Class ID: 2, Confidence: 0.69, BBox: (282, 192, 438, 253)
Class ID: 1, Confidence: 0.54, BBox: (133, 227, 296, 345); 222
2025-01-12 15:57:32,486 - 15:57:31.745; 39; 0; 751504; 1139735102389400; 1736693851745717200; 126143384; 1736693852315872700; None; None; Class ID: 0, Confidence: 0.69, BBox: (219, 170, 284, 310)
Class ID: 2, Confidence: 0.69, BBox: (282, 192, 438, 253)
Class ID: 1, Confidence: 0.54, BBox: (133, 227, 296, 345); 222
2025-01-12 15:57:33,165 - 15:57:32.488; 40; 0; 751504; 1139735102389400; 1736693852488169300; 128139440; 1736693853038365300; None; None; Class ID: 0, Confidence: 0.69, BBox: (219, 170, 284, 310)
Class ID: 2, Confidence: 0.69, BBox: (282, 192, 438, 253)
Class ID: 1, Confidence: 0.54, BBox: (133, 227, 296, 345); 222
2025-01-12 15:57:33,762 - 15:57:33.165; 41; 0; 751504; 1139735102389400; 1736693853165740800; 129866032; 1736693853640404000; None; None; Class ID: 0, Confidence: 0.69, BBox: (219, 170, 284, 310)
Class ID: 2, Confidence: 0.69, BBox: (282, 192, 438, 253)
Class ID: 1, Confidence: 0.54, BBox: (133, 227, 296, 345); 222
2025-01-12 15:57:34,411 - 15:57:33.762; 42; 0; 751504; 1139735102389400; 1736693853762303200; 123817600; 1736693854267845700; None; None; Class ID: 0, Confidence: 0.69, BBox: (219, 170, 284, 310)
Class ID: 2, Confidence: 0.69, BBox: (282, 192, 438, 253)
Class ID: 1, Confidence: 0.54, BBox: (133, 227, 296, 345); 222
2025-01-12 15:57:35,127 - 15:57:34.414; 43; 0; 751504; 1139735102389400; 1736693854415548800; 128011388; 1736693854990241200; None; None; Class ID: 0, Confidence: 0.69, BBox: (219, 170, 284, 310)
Class ID: 2, Confidence: 0.69, BBox: (282, 192, 438, 253)
Class ID: 1, Confidence: 0.54, BBox: (133, 227, 296, 345); 222
2025-01-12 15:57:35,734 - 15:57:35.127; 44; 0; 751504; 1139735102389400; 1736693855127211800; 126077572; 1736693855619456000; None; None; Class ID: 0, Confidence: 0.69, BBox: (219, 170, 284, 310)
Class ID: 2, Confidence: 0.69, BBox: (282, 192, 438, 253)
Class ID: 1, Confidence: 0.54, BBox: (133, 227, 296, 345); 222
2025-01-12 15:57:36,476 - 15:57:35.735; 45; 0; 751504; 1139735102389400; 1736693855736761700; 123633348; 1736693856314241300; None; None; Class ID: 0, Confidence: 0.69, BBox: (219, 170, 284, 310)
Class ID: 2, Confidence: 0.69, BBox: (282, 192, 438, 253)
Class ID: 1, Confidence: 0.54, BBox: (133, 227, 296, 345); 222
2025-01-12 15:57:37,165 - 15:57:36.477; 46; 0; 751504; 1139735102389400; 1736693856477321300; 127688142; 1736693857030196200; None; None; Class ID: 0, Confidence: 0.69, BBox: (219, 170, 284, 310)
Class ID: 2, Confidence: 0.69, BBox: (282, 192, 438, 253)
Class ID: 1, Confidence: 0.54, BBox: (133, 227, 296, 345); 222
2025-01-12 15:57:37,791 - 15:57:37.167; 47; 0; 751504; 1139735102389400; 1736693857167285800; 126788155; 1736693857660285700; None; None; Class ID: 0, Confidence: 0.69, BBox: (219, 170, 284, 310)
Class ID: 2, Confidence: 0.69, BBox: (282, 192, 438, 253)
Class ID: 1, Confidence: 0.54, BBox: (133, 227, 296, 345); 222
2025-01-12 15:57:38,516 - 15:57:37.792; 48; 0; 751504; 1139735102389400; 1736693857792984000; 125717326; 1736693858382305600; None; None; Class ID: 0, Confidence: 0.69, BBox: (219, 170, 284, 310)
Class ID: 2, Confidence: 0.69, BBox: (282, 192, 438, 253)
Class ID: 1, Confidence: 0.54, BBox: (133, 227, 296, 345); 222
2025-01-12 15:57:39,262 - 15:57:38.518; 49; 0; 751504; 1139735102389400; 1736693858518090000; 126141713; 1736693859087494100; None; None; Class ID: 0, Confidence: 0.69, BBox: (219, 170, 284, 310)
Class ID: 2, Confidence: 0.69, BBox: (282, 192, 438, 253)
Class ID: 1, Confidence: 0.54, BBox: (133, 227, 296, 345); 222
2025-01-12 15:57:39,941 - 15:57:39.264; 50; 0; 751504; 1139735102389400; 1736693859264321300; 132017812; 1736693859794510100; None; None; Class ID: 0, Confidence: 0.69, BBox: (219, 170, 284, 310)
Class ID: 2, Confidence: 0.69, BBox: (282, 192, 438, 253)
Class ID: 1, Confidence: 0.54, BBox: (133, 227, 296, 345); 222
2025-01-12 15:57:40,715 - 15:57:39.943; 51; 0; 751504; 1139735102389400; 1736693859943493200; 123863952; 1736693860516910400; None; None; Class ID: 0, Confidence: 0.69, BBox: (219, 170, 284, 310)
Class ID: 2, Confidence: 0.69, BBox: (282, 192, 438, 253)
Class ID: 1, Confidence: 0.54, BBox: (133, 227, 296, 345); 222
2025-01-12 15:57:41,375 - 15:57:40.731; 52; 0; 751504; 1139735102389400; 1736693860731685500; 127729303; 1736693861236713600; None; None; Class ID: 0, Confidence: 0.69, BBox: (219, 170, 284, 310)
Class ID: 2, Confidence: 0.69, BBox: (282, 192, 438, 253)
Class ID: 1, Confidence: 0.54, BBox: (133, 227, 296, 345); 222
2025-01-12 15:57:42,099 - 15:57:41.375; 53; 0; 751504; 1139735102389400; 1736693861375816100; 128728231; 1736693861940945900; None; None; Class ID: 0, Confidence: 0.69, BBox: (219, 170, 284, 310)
Class ID: 2, Confidence: 0.69, BBox: (282, 192, 438, 253)
Class ID: 1, Confidence: 0.54, BBox: (133, 227, 296, 345); 222
2025-01-12 15:57:42,765 - 15:57:42.099; 54; 0; 751504; 1139735102389400; 1736693862099869700; 131499223; 1736693862657816100; None; None; Class ID: 0, Confidence: 0.69, BBox: (219, 170, 284, 310)
Class ID: 2, Confidence: 0.69, BBox: (282, 192, 438, 253)
Class ID: 1, Confidence: 0.54, BBox: (133, 227, 296, 345); 222
2025-01-12 15:57:43,441 - 15:57:42.771; 55; 0; 751504; 1139735102389400; 1736693862771989300; 123999644; 1736693863277758200; None; None; Class ID: 0, Confidence: 0.69, BBox: (219, 170, 284, 310)
Class ID: 2, Confidence: 0.69, BBox: (282, 192, 438, 253)
Class ID: 1, Confidence: 0.54, BBox: (133, 227, 296, 345); 222
2025-01-12 15:57:44,131 - 15:57:43.441; 56; 0; 751504; 1139735102389400; 1736693863441441000; 137664356; 1736693864010085700; None; None; Class ID: 0, Confidence: 0.69, BBox: (219, 170, 284, 310)
Class ID: 2, Confidence: 0.69, BBox: (282, 192, 438, 253)
Class ID: 1, Confidence: 0.54, BBox: (133, 227, 296, 345); 222
2025-01-12 15:57:44,930 - 15:57:44.131; 57; 0; 751504; 1139735102389400; 1736693864131364100; 128173052; 1736693864713032100; None; None; Class ID: 0, Confidence: 0.69, BBox: (219, 170, 284, 310)
Class ID: 2, Confidence: 0.69, BBox: (282, 192, 438, 253)
Class ID: 1, Confidence: 0.54, BBox: (133, 227, 296, 345); 222
2025-01-12 15:57:45,706 - 15:57:44.930; 58; 0; 751504; 1139735102389400; 1736693864930458400; 125896829; 1736693865532387300; None; None; Class ID: 0, Confidence: 0.69, BBox: (219, 170, 284, 310)
Class ID: 2, Confidence: 0.69, BBox: (282, 192, 438, 253)
Class ID: 1, Confidence: 0.54, BBox: (133, 227, 296, 345); 222
2025-01-12 15:57:46,379 - 15:57:45.714; 59; 0; 751504; 1139735102389400; 1736693865714283800; 126028652; 1736693866254318000; None; None; Class ID: 0, Confidence: 0.69, BBox: (219, 170, 284, 310)
Class ID: 2, Confidence: 0.69, BBox: (282, 192, 438, 253)
Class ID: 1, Confidence: 0.54, BBox: (133, 227, 296, 345); 222
2025-01-12 15:57:47,115 - 15:57:46.379; 60; 0; 751504; 1139735102389400; 1736693866379312200; 131310369; 1736693866974441100; None; None; Class ID: 0, Confidence: 0.69, BBox: (219, 170, 284, 310)
Class ID: 2, Confidence: 0.69, BBox: (282, 192, 438, 253)
Class ID: 1, Confidence: 0.54, BBox: (133, 227, 296, 345); 222
2025-01-12 15:57:47,792 - 15:57:47.117; 61; 0; 751504; 1139735102389400; 1736693867117433800; 124784239; 1736693867679235800; None; None; Class ID: 0, Confidence: 0.69, BBox: (219, 170, 284, 310)
Class ID: 2, Confidence: 0.69, BBox: (282, 192, 438, 253)
Class ID: 1, Confidence: 0.54, BBox: (133, 227, 296, 345); 222
2025-01-12 15:57:48,483 - 15:57:47.792; 62; 0; 751504; 1139735102389400; 1736693867792980800; 141702861; 1736693868329876000; None; None; Class ID: 0, Confidence: 0.69, BBox: (219, 170, 284, 310)
Class ID: 2, Confidence: 0.69, BBox: (282, 192, 438, 253)
Class ID: 1, Confidence: 0.54, BBox: (133, 227, 296, 345); 222
2025-01-12 15:57:49,153 - 15:57:48.485; 63; 0; 751504; 1139735102389400; 1736693868485335500; 128744702; 1736693869000230200; 94%; None; Class ID: 0, Confidence: 0.69, BBox: (219, 170, 284, 310)
Class ID: 2, Confidence: 0.69, BBox: (282, 192, 438, 253)
Class ID: 1, Confidence: 0.54, BBox: (133, 227, 296, 345); 222
2025-01-12 15:57:49,853 - 15:57:49.153; 64; 0; 751504; 1139735102389400; 1736693869153395300; 127739384; 1736693869739924500; 94%; None; Class ID: 0, Confidence: 0.69, BBox: (219, 170, 284, 310)
Class ID: 2, Confidence: 0.69, BBox: (282, 192, 438, 253)
Class ID: 1, Confidence: 0.54, BBox: (133, 227, 296, 345); 222
2025-01-12 15:57:50,468 - 15:57:49.861; 65; 0; 751504; 1139735102389400; 1736693869861223600; 128869875; 1736693870340367200; 94%; None; Class ID: 0, Confidence: 0.69, BBox: (219, 170, 284, 310)
Class ID: 2, Confidence: 0.69, BBox: (282, 192, 438, 253)
Class ID: 1, Confidence: 0.54, BBox: (133, 227, 296, 345); 222
2025-01-12 15:57:51,079 - 15:57:50.470; 66; 0; 751504; 1139735102389400; 1736693870470552200; 127547960; 1736693870958131300; 94%; None; Class ID: 0, Confidence: 0.69, BBox: (219, 170, 284, 310)
Class ID: 2, Confidence: 0.69, BBox: (282, 192, 438, 253)
Class ID: 1, Confidence: 0.54, BBox: (133, 227, 296, 345); 222
2025-01-12 15:57:51,705 - 15:57:51.079; 67; 0; 751504; 1139735102389400; 1736693871079395800; 125910870; 1736693871562901700; 94%; None; Class ID: 0, Confidence: 0.69, BBox: (219, 170, 284, 310)
Class ID: 2, Confidence: 0.69, BBox: (282, 192, 438, 253)
Class ID: 1, Confidence: 0.54, BBox: (133, 227, 296, 345); 222
2025-01-12 15:57:52,420 - 15:57:51.705; 68; 0; 751504; 1139735102389400; 1736693871705834500; 124071426; 1736693872289428400; 94%; None; Class ID: 0, Confidence: 0.69, BBox: (219, 170, 284, 310)
Class ID: 2, Confidence: 0.69, BBox: (282, 192, 438, 253)
Class ID: 1, Confidence: 0.54, BBox: (133, 227, 296, 345); 222
2025-01-12 15:57:53,204 - 15:57:52.420; 69; 0; 751504; 1139735102389400; 1736693872420922300; 125227228; 1736693873009171900; None; None; Class ID: 0, Confidence: 0.69, BBox: (219, 170, 284, 310)
Class ID: 2, Confidence: 0.69, BBox: (282, 192, 438, 253)
Class ID: 1, Confidence: 0.54, BBox: (133, 227, 296, 345); 222
2025-01-12 15:57:53,843 - 15:57:53.205; 70; 0; 751504; 1139735102389400; 1736693873205824200; 126235286; 1736693873725831400; None; None; Class ID: 0, Confidence: 0.69, BBox: (219, 170, 284, 310)
Class ID: 2, Confidence: 0.69, BBox: (282, 192, 438, 253)
Class ID: 1, Confidence: 0.54, BBox: (133, 227, 296, 345); 222
2025-01-12 15:59:45,151 - 15:59:44.411; 0; 0; 751504; 1139897608464100; 1736693984411365900; 165657727; 1736693984984552000; None; 90%; None; 53
2025-01-12 15:59:45,292 - 15:59:45.151; 0; 1; 751504; 0; 0; 0; 0; None; 90%; Connection lost [WinError 2] Das System kann die angegebene Datei nicht finden: 'Input/1_in.jpg'; 145
2025-01-12 15:59:47,470 - 15:59:47.316; 0; 1; 0; 0; 0; 0; 0; None; 90%; Connection lost [WinError 2] Das System kann die angegebene Datei nicht finden: 'Input/1_in.jpg'; 145
2025-01-12 15:59:49,689 - 15:59:49.496; 0; 1; 0; 0; 0; 0; 0; None; 90%; Connection lost [WinError 2] Das System kann die angegebene Datei nicht finden: 'Input/1_in.jpg'; 145
2025-01-12 15:59:51,918 - 15:59:51.744; 0; 1; 0; 0; 0; 0; 0; None; 90%; Connection lost [WinError 2] Das System kann die angegebene Datei nicht finden: 'Input/1_in.jpg'; 145
2025-01-12 19:22:29,811 - 19:22:27.923; 0; 0; 751504; 1152062683656700; 1736706147923293500; 1254186556; 1736706149630300200; None; 83%; Class ID: 0, Confidence: 0.69, BBox: (219, 170, 284, 310)
Class ID: 2, Confidence: 0.69, BBox: (282, 192, 438, 253)
Class ID: 1, Confidence: 0.54, BBox: (133, 227, 296, 345); 222
2025-01-12 19:22:29,959 - 19:22:29.821; 0; 1; 751504; 0; 0; 0; 0; None; 83%; Connection lost [WinError 2] Das System kann die angegebene Datei nicht finden: 'Input/1_in.jpg'; 145
2025-01-12 19:22:34,260 - 19:22:34.112; 0; 1; 0; 0; 0; 0; 0; None; None; No connection possible: [WinError 10061] Es konnte keine Verbindung hergestellt werden, da der Zielcomputer die Verbindung verweigerte; 183
2025-01-12 19:24:51,782 - 19:24:51.569; 0; 0; 0; 0; 0; 0; 0; None; None; No connection possible: [WinError 10061] Es konnte keine Verbindung hergestellt werden, da der Zielcomputer die Verbindung verweigerte; 183
2025-01-12 19:24:55,504 - 19:24:55.335; 0; 0; 0; 0; 0; 0; 0; 19 (-75 dBm); 61%; No connection possible: [WinError 10061] Es konnte keine Verbindung hergestellt werden, da der Zielcomputer die Verbindung verweigerte; 183
2025-01-12 19:24:56,693 - 19:24:56.540; 0; 0; 0; 0; 0; 0; 0; None; None; No connection possible: [WinError 10061] Es konnte keine Verbindung hergestellt werden, da der Zielcomputer die Verbindung verweigerte; 183
2025-01-12 19:24:59,957 - 19:24:59.693; 0; 0; 0; 0; 0; 0; 0; 19 (-75 dBm); 61%; No connection possible: [WinError 10061] Es konnte keine Verbindung hergestellt werden, da der Zielcomputer die Verbindung verweigerte; 183
2025-01-12 19:25:12,021 - 19:25:11.871; 0; 0; 0; 0; 0; 0; 0; 19 (-75 dBm); 61%; No connection possible: [WinError 10061] Es konnte keine Verbindung hergestellt werden, da der Zielcomputer die Verbindung verweigerte; 183
2025-01-12 19:26:04,974 - 19:26:01.744; 0; 0; 751504; 1152276514430700; 1736706361746067900; 2534382067; 1736706364831272300; 22 (-69 dBm); 70%; Class ID: 0, Confidence: 0.69, BBox: (219, 170, 284, 310)
Class ID: 2, Confidence: 0.69, BBox: (282, 192, 438, 253)
Class ID: 1, Confidence: 0.54, BBox: (133, 227, 296, 345); 222
2025-01-12 19:26:05,773 - 19:26:04.976; 1; 0; 751504; 1152276514430700; 1736706364976959500; 125582045; 1736706365650544000; 22 (-69 dBm); 70%; Class ID: 0, Confidence: 0.69, BBox: (219, 170, 284, 310)
Class ID: 2, Confidence: 0.69, BBox: (282, 192, 438, 253)
Class ID: 1, Confidence: 0.54, BBox: (133, 227, 296, 345); 222
2025-01-12 19:26:06,496 - 19:26:05.775; 2; 0; 751504; 1152276514430700; 1736706365775016100; 125560916; 1736706366386164700; 22 (-69 dBm); 70%; Class ID: 0, Confidence: 0.69, BBox: (219, 170, 284, 310)
Class ID: 2, Confidence: 0.69, BBox: (282, 192, 438, 253)
Class ID: 1, Confidence: 0.54, BBox: (133, 227, 296, 345); 222
2025-01-12 19:26:07,424 - 19:26:06.498; 3; 0; 751504; 1152276514430700; 1736706366498546100; 130543765; 1736706367278619200; 22 (-69 dBm); 70%; Class ID: 0, Confidence: 0.69, BBox: (219, 170, 284, 310)
Class ID: 2, Confidence: 0.69, BBox: (282, 192, 438, 253)
Class ID: 1, Confidence: 0.54, BBox: (133, 227, 296, 345); 222
2025-01-12 19:26:08,073 - 19:26:07.426; 4; 0; 751504; 1152276514430700; 1736706367426121000; 125749699; 1736706367947639700; 22 (-69 dBm); 70%; Class ID: 0, Confidence: 0.69, BBox: (219, 170, 284, 310)
Class ID: 2, Confidence: 0.69, BBox: (282, 192, 438, 253)
Class ID: 1, Confidence: 0.54, BBox: (133, 227, 296, 345); 222
2025-01-12 19:26:08,531 - 19:26:08.397; 5; 0; 0; 0; 0; 0; 0; 22 (-69 dBm); 70%; Connection lost [WinError 10054] Eine vorhandene Verbindung wurde vom Remotehost geschlossen; 141
2025-02-20 13:14:59,123 - 13:14:56.881; 0; 0; 751504; 184796227659200; 1740053696881094400; 2150135200; 1740053699090878400; None; None; Class ID: 0, Confidence: 0.69, BBox: (219, 170, 284, 310)
Class ID: 2, Confidence: 0.69, BBox: (282, 192, 438, 253)
Class ID: 1, Confidence: 0.54, BBox: (133, 227, 296, 345); 222
2025-02-20 13:14:59,265 - 13:14:59.125; 1; 0; 751504; 184796227659200; 1740053699125662800; 63298100; 1740053699234484300; None; None; Class ID: 0, Confidence: 0.69, BBox: (219, 170, 284, 310)
Class ID: 2, Confidence: 0.69, BBox: (282, 192, 438, 253)
Class ID: 1, Confidence: 0.54, BBox: (133, 227, 296, 345); 222
2025-02-20 13:14:59,416 - 13:14:59.266; 2; 0; 751504; 184796227659200; 1740053699266017800; 70476800; 1740053699386809600; None; None; Class ID: 0, Confidence: 0.69, BBox: (219, 170, 284, 310)
Class ID: 2, Confidence: 0.69, BBox: (282, 192, 438, 253)
Class ID: 1, Confidence: 0.54, BBox: (133, 227, 296, 345); 222
2025-02-20 13:14:59,560 - 13:14:59.418; 3; 0; 751504; 184796227659200; 1740053699418049600; 63059400; 1740053699526021100; None; None; Class ID: 0, Confidence: 0.69, BBox: (219, 170, 284, 310)
Class ID: 2, Confidence: 0.69, BBox: (282, 192, 438, 253)
Class ID: 1, Confidence: 0.54, BBox: (133, 227, 296, 345); 222
2025-02-20 13:14:59,700 - 13:14:59.560; 4; 0; 751504; 184796227659200; 1740053699561456300; 60510500; 1740053699665962200; None; None; Class ID: 0, Confidence: 0.69, BBox: (219, 170, 284, 310)
Class ID: 2, Confidence: 0.69, BBox: (282, 192, 438, 253)
Class ID: 1, Confidence: 0.54, BBox: (133, 227, 296, 345); 222
2025-02-20 13:14:59,880 - 13:14:59.701; 5; 0; 751504; 184796227659200; 1740053699701045000; 59837300; 1740053699846671000; None; None; Class ID: 0, Confidence: 0.69, BBox: (219, 170, 284, 310)
Class ID: 2, Confidence: 0.69, BBox: (282, 192, 438, 253)
Class ID: 1, Confidence: 0.54, BBox: (133, 227, 296, 345); 222
2025-02-20 13:15:00,019 - 13:14:59.880; 6; 0; 751504; 184796227659200; 1740053699880038100; 58450900; 1740053699982925600; None; None; Class ID: 0, Confidence: 0.69, BBox: (219, 170, 284, 310)
Class ID: 2, Confidence: 0.69, BBox: (282, 192, 438, 253)
Class ID: 1, Confidence: 0.54, BBox: (133, 227, 296, 345); 222
2025-02-20 13:15:00,160 - 13:15:00.020; 7; 0; 751504; 184796227659200; 1740053700021088900; 62640700; 1740053700126216400; None; None; Class ID: 0, Confidence: 0.69, BBox: (219, 170, 284, 310)
Class ID: 2, Confidence: 0.69, BBox: (282, 192, 438, 253)
Class ID: 1, Confidence: 0.54, BBox: (133, 227, 296, 345); 222
2025-02-20 13:15:00,298 - 13:15:00.160; 8; 0; 751504; 184796227659200; 1740053700160392600; 59070900; 1740053700268169000; None; None; Class ID: 0, Confidence: 0.69, BBox: (219, 170, 284, 310)
Class ID: 2, Confidence: 0.69, BBox: (282, 192, 438, 253)
Class ID: 1, Confidence: 0.54, BBox: (133, 227, 296, 345); 222
2025-02-20 13:15:00,435 - 13:15:00.300; 9; 0; 751504; 184796227659200; 1740053700300792300; 60558400; 1740053700404737300; None; None; Class ID: 0, Confidence: 0.69, BBox: (219, 170, 284, 310)
Class ID: 2, Confidence: 0.69, BBox: (282, 192, 438, 253)
Class ID: 1, Confidence: 0.54, BBox: (133, 227, 296, 345); 222
2025-02-20 13:15:00,574 - 13:15:00.436; 10; 0; 751504; 184796227659200; 1740053700436510300; 60999700; 1740053700541060100; None; None; Class ID: 0, Confidence: 0.69, BBox: (219, 170, 284, 310)
Class ID: 2, Confidence: 0.69, BBox: (282, 192, 438, 253)
Class ID: 1, Confidence: 0.54, BBox: (133, 227, 296, 345); 222
2025-02-20 13:15:00,731 - 13:15:00.575; 11; 0; 751504; 184796227659200; 1740053700575124200; 70323100; 1740053700689747900; None; None; Class ID: 0, Confidence: 0.69, BBox: (219, 170, 284, 310)
Class ID: 2, Confidence: 0.69, BBox: (282, 192, 438, 253)
Class ID: 1, Confidence: 0.54, BBox: (133, 227, 296, 345); 222
2025-02-20 13:15:00,882 - 13:15:00.731; 12; 0; 751504; 184796227659200; 1740053700731793900; 60898500; 1740053700847584900; None; None; Class ID: 0, Confidence: 0.69, BBox: (219, 170, 284, 310)
Class ID: 2, Confidence: 0.69, BBox: (282, 192, 438, 253)
Class ID: 1, Confidence: 0.54, BBox: (133, 227, 296, 345); 222
2025-02-20 13:15:01,029 - 13:15:00.884; 13; 0; 751504; 184796227659200; 1740053700884588700; 64827600; 1740053700996602100; None; None; Class ID: 0, Confidence: 0.69, BBox: (219, 170, 284, 310)
Class ID: 2, Confidence: 0.69, BBox: (282, 192, 438, 253)
Class ID: 1, Confidence: 0.54, BBox: (133, 227, 296, 345); 222
2025-02-20 13:15:01,165 - 13:15:01.031; 14; 0; 751504; 184796227659200; 1740053701031793100; 60433900; 1740053701132587100; None; None; Class ID: 0, Confidence: 0.69, BBox: (219, 170, 284, 310)
Class ID: 2, Confidence: 0.69, BBox: (282, 192, 438, 253)
Class ID: 1, Confidence: 0.54, BBox: (133, 227, 296, 345); 222
2025-02-20 13:15:01,308 - 13:15:01.166; 15; 0; 751504; 184796227659200; 1740053701166665000; 66574800; 1740053701278062100; None; None; Class ID: 0, Confidence: 0.69, BBox: (219, 170, 284, 310)
Class ID: 2, Confidence: 0.69, BBox: (282, 192, 438, 253)
Class ID: 1, Confidence: 0.54, BBox: (133, 227, 296, 345); 222
2025-02-20 13:15:01,445 - 13:15:01.309; 16; 0; 751504; 184796227659200; 1740053701309881600; 60650700; 1740053701413880900; None; None; Class ID: 0, Confidence: 0.69, BBox: (219, 170, 284, 310)
Class ID: 2, Confidence: 0.69, BBox: (282, 192, 438, 253)
Class ID: 1, Confidence: 0.54, BBox: (133, 227, 296, 345); 222
2025-02-20 13:15:01,597 - 13:15:01.447; 17; 0; 751504; 184796227659200; 1740053701447382700; 66260600; 1740053701563075000; None; None; Class ID: 0, Confidence: 0.69, BBox: (219, 170, 284, 310)
Class ID: 2, Confidence: 0.69, BBox: (282, 192, 438, 253)
Class ID: 1, Confidence: 0.54, BBox: (133, 227, 296, 345); 222
2025-02-20 13:15:01,740 - 13:15:01.598; 18; 0; 751504; 184796227659200; 1740053701598778000; 62170300; 1740053701706879600; None; None; Class ID: 0, Confidence: 0.69, BBox: (219, 170, 284, 310)
Class ID: 2, Confidence: 0.69, BBox: (282, 192, 438, 253)
Class ID: 1, Confidence: 0.54, BBox: (133, 227, 296, 345); 222
2025-02-20 13:15:01,881 - 13:15:01.741; 19; 0; 751504; 184796227659200; 1740053701741765900; 59590300; 1740053701849157500; None; None; Class ID: 0, Confidence: 0.69, BBox: (219, 170, 284, 310)
Class ID: 2, Confidence: 0.69, BBox: (282, 192, 438, 253)
Class ID: 1, Confidence: 0.54, BBox: (133, 227, 296, 345); 222
2025-02-20 13:15:02,019 - 13:15:01.882; 20; 0; 751504; 184796227659200; 1740053701882196300; 59978400; 1740053701990135000; None; None; Class ID: 0, Confidence: 0.69, BBox: (219, 170, 284, 310)
Class ID: 2, Confidence: 0.69, BBox: (282, 192, 438, 253)
Class ID: 1, Confidence: 0.54, BBox: (133, 227, 296, 345); 222
2025-02-20 13:15:02,153 - 13:15:02.020; 21; 0; 751504; 184796227659200; 1740053702020868700; 61315600; 1740053702125514600; None; None; Class ID: 0, Confidence: 0.69, BBox: (219, 170, 284, 310)
Class ID: 2, Confidence: 0.69, BBox: (282, 192, 438, 253)
Class ID: 1, Confidence: 0.54, BBox: (133, 227, 296, 345); 222
2025-02-20 13:15:02,294 - 13:15:02.155; 22; 0; 751504; 184796227659200; 1740053702155888200; 63880900; 1740053702263168600; None; None; Class ID: 0, Confidence: 0.69, BBox: (219, 170, 284, 310)
Class ID: 2, Confidence: 0.69, BBox: (282, 192, 438, 253)
Class ID: 1, Confidence: 0.54, BBox: (133, 227, 296, 345); 222
2025-02-20 13:15:02,430 - 13:15:02.296; 23; 0; 751504; 184796227659200; 1740053702296088500; 59413900; 1740053702398933000; None; None; Class ID: 0, Confidence: 0.69, BBox: (219, 170, 284, 310)
Class ID: 2, Confidence: 0.69, BBox: (282, 192, 438, 253)
Class ID: 1, Confidence: 0.54, BBox: (133, 227, 296, 345); 222
2025-02-20 13:15:02,565 - 13:15:02.432; 24; 0; 751504; 184796227659200; 1740053702432981000; 58623000; 1740053702536414600; None; None; Class ID: 0, Confidence: 0.69, BBox: (219, 170, 284, 310)
Class ID: 2, Confidence: 0.69, BBox: (282, 192, 438, 253)
Class ID: 1, Confidence: 0.54, BBox: (133, 227, 296, 345); 222
2025-02-20 13:15:02,708 - 13:15:02.567; 25; 0; 751504; 184796227659200; 1740053702567198600; 62751800; 1740053702676042200; None; None; Class ID: 0, Confidence: 0.69, BBox: (219, 170, 284, 310)
Class ID: 2, Confidence: 0.69, BBox: (282, 192, 438, 253)
Class ID: 1, Confidence: 0.54, BBox: (133, 227, 296, 345); 222
2025-02-20 13:15:02,878 - 13:15:02.709; 26; 0; 751504; 184796227659200; 1740053702709115800; 66339500; 1740053702847730200; None; None; Class ID: 0, Confidence: 0.69, BBox: (219, 170, 284, 310)
Class ID: 2, Confidence: 0.69, BBox: (282, 192, 438, 253)
Class ID: 1, Confidence: 0.54, BBox: (133, 227, 296, 345); 222
2025-02-20 13:15:03,011 - 13:15:02.879; 27; 0; 751504; 184796227659200; 1740053702879591700; 56696300; 1740053702980462600; None; None; Class ID: 0, Confidence: 0.69, BBox: (219, 170, 284, 310)
Class ID: 2, Confidence: 0.69, BBox: (282, 192, 438, 253)
Class ID: 1, Confidence: 0.54, BBox: (133, 227, 296, 345); 222
2025-02-20 13:15:03,152 - 13:15:03.012; 28; 0; 751504; 184796227659200; 1740053703012716800; 63745400; 1740053703121215100; None; None; Class ID: 0, Confidence: 0.69, BBox: (219, 170, 284, 310)
Class ID: 2, Confidence: 0.69, BBox: (282, 192, 438, 253)
Class ID: 1, Confidence: 0.54, BBox: (133, 227, 296, 345); 222
2025-02-20 13:15:03,290 - 13:15:03.152; 29; 0; 751504; 184796227659200; 1740053703152964200; 62982200; 1740053703259412100; None; None; Class ID: 0, Confidence: 0.69, BBox: (219, 170, 284, 310)
Class ID: 2, Confidence: 0.69, BBox: (282, 192, 438, 253)
Class ID: 1, Confidence: 0.54, BBox: (133, 227, 296, 345); 222
2025-02-20 13:15:03,429 - 13:15:03.290; 30; 0; 751504; 184796227659200; 1740053703291985800; 60260300; 1740053703396573900; None; None; Class ID: 0, Confidence: 0.69, BBox: (219, 170, 284, 310)
Class ID: 2, Confidence: 0.69, BBox: (282, 192, 438, 253)
Class ID: 1, Confidence: 0.54, BBox: (133, 227, 296, 345); 222
2025-02-20 13:15:03,563 - 13:15:03.429; 31; 0; 751504; 184796227659200; 1740053703429337800; 58698900; 1740053703532393000; None; None; Class ID: 0, Confidence: 0.69, BBox: (219, 170, 284, 310)
Class ID: 2, Confidence: 0.69, BBox: (282, 192, 438, 253)
Class ID: 1, Confidence: 0.54, BBox: (133, 227, 296, 345); 222
2025-02-20 13:15:03,707 - 13:15:03.565; 32; 0; 751504; 184796227659200; 1740053703565668800; 60491100; 1740053703673213200; None; None; Class ID: 0, Confidence: 0.69, BBox: (219, 170, 284, 310)
Class ID: 2, Confidence: 0.69, BBox: (282, 192, 438, 253)
Class ID: 1, Confidence: 0.54, BBox: (133, 227, 296, 345); 222
2025-02-20 13:15:03,856 - 13:15:03.708; 33; 0; 751504; 184796227659200; 1740053703708007800; 71440100; 1740053703824975300; None; None; Class ID: 0, Confidence: 0.69, BBox: (219, 170, 284, 310)
Class ID: 2, Confidence: 0.69, BBox: (282, 192, 438, 253)
Class ID: 1, Confidence: 0.54, BBox: (133, 227, 296, 345); 222
2025-02-20 13:15:03,996 - 13:15:03.858; 34; 0; 751504; 184796227659200; 1740053703858284900; 63127900; 1740053703963502900; None; None; Class ID: 0, Confidence: 0.69, BBox: (219, 170, 284, 310)
Class ID: 2, Confidence: 0.69, BBox: (282, 192, 438, 253)
Class ID: 1, Confidence: 0.54, BBox: (133, 227, 296, 345); 222
2025-02-20 13:15:04,132 - 13:15:03.996; 35; 0; 751504; 184796227659200; 1740053703996495800; 60233000; 1740053704102842100; None; None; Class ID: 0, Confidence: 0.69, BBox: (219, 170, 284, 310)
Class ID: 2, Confidence: 0.69, BBox: (282, 192, 438, 253)
Class ID: 1, Confidence: 0.54, BBox: (133, 227, 296, 345); 222
2025-02-20 13:15:04,278 - 13:15:04.133; 36; 0; 751504; 184796227659200; 1740053704133805600; 69246500; 1740053704248345100; None; None; Class ID: 0, Confidence: 0.69, BBox: (219, 170, 284, 310)
Class ID: 2, Confidence: 0.69, BBox: (282, 192, 438, 253)
Class ID: 1, Confidence: 0.54, BBox: (133, 227, 296, 345); 222
2025-02-20 13:15:04,414 - 13:15:04.279; 37; 0; 751504; 184796227659200; 1740053704279920800; 50538200; 1740053704375084300; None; None; Class ID: 0, Confidence: 0.69, BBox: (219, 170, 284, 310)
Class ID: 2, Confidence: 0.69, BBox: (282, 192, 438, 253)
Class ID: 1, Confidence: 0.54, BBox: (133, 227, 296, 345); 222
2025-02-20 13:15:04,551 - 13:15:04.416; 38; 0; 751504; 184796227659200; 1740053704416667800; 57139200; 1740053704520496200; None; None; Class ID: 0, Confidence: 0.69, BBox: (219, 170, 284, 310)
Class ID: 2, Confidence: 0.69, BBox: (282, 192, 438, 253)
Class ID: 1, Confidence: 0.54, BBox: (133, 227, 296, 345); 222
2025-02-20 13:15:04,691 - 13:15:04.552; 39; 0; 751504; 184796227659200; 1740053704552585600; 61324600; 1740053704659738900; None; None; Class ID: 0, Confidence: 0.69, BBox: (219, 170, 284, 310)
Class ID: 2, Confidence: 0.69, BBox: (282, 192, 438, 253)
Class ID: 1, Confidence: 0.54, BBox: (133, 227, 296, 345); 222
2025-02-20 13:15:04,830 - 13:15:04.692; 40; 0; 751504; 184796227659200; 1740053704692252200; 64551100; 1740053704802149500; None; None; Class ID: 0, Confidence: 0.69, BBox: (219, 170, 284, 310)
Class ID: 2, Confidence: 0.69, BBox: (282, 192, 438, 253)
Class ID: 1, Confidence: 0.54, BBox: (133, 227, 296, 345); 222
2025-02-20 13:15:04,965 - 13:15:04.831; 41; 0; 751504; 184796227659200; 1740053704831634800; 58110700; 1740053704935880300; None; None; Class ID: 0, Confidence: 0.69, BBox: (219, 170, 284, 310)
Class ID: 2, Confidence: 0.69, BBox: (282, 192, 438, 253)
Class ID: 1, Confidence: 0.54, BBox: (133, 227, 296, 345); 222
2025-02-20 13:15:05,105 - 13:15:04.966; 42; 0; 751504; 184796227659200; 1740053704966776900; 60826000; 1740053705072992300; None; None; Class ID: 0, Confidence: 0.69, BBox: (219, 170, 284, 310)
Class ID: 2, Confidence: 0.69, BBox: (282, 192, 438, 253)
Class ID: 1, Confidence: 0.54, BBox: (133, 227, 296, 345); 222
2025-02-20 13:15:05,244 - 13:15:05.106; 43; 0; 751504; 184796227659200; 1740053705106651200; 62775200; 1740053705213061900; None; None; Class ID: 0, Confidence: 0.69, BBox: (219, 170, 284, 310)
Class ID: 2, Confidence: 0.69, BBox: (282, 192, 438, 253)
Class ID: 1, Confidence: 0.54, BBox: (133, 227, 296, 345); 222
2025-02-20 13:15:05,381 - 13:15:05.245; 44; 0; 751504; 184796227659200; 1740053705245508800; 57591900; 1740053705350331400; None; None; Class ID: 0, Confidence: 0.69, BBox: (219, 170, 284, 310)
Class ID: 2, Confidence: 0.69, BBox: (282, 192, 438, 253)
Class ID: 1, Confidence: 0.54, BBox: (133, 227, 296, 345); 222
2025-02-20 13:15:05,522 - 13:15:05.382; 45; 0; 751504; 184796227659200; 1740053705382881700; 64371600; 1740053705491287400; None; None; Class ID: 0, Confidence: 0.69, BBox: (219, 170, 284, 310)
Class ID: 2, Confidence: 0.69, BBox: (282, 192, 438, 253)
Class ID: 1, Confidence: 0.54, BBox: (133, 227, 296, 345); 222
2025-02-20 13:15:05,662 - 13:15:05.523; 46; 0; 751504; 184796227659200; 1740053705523302800; 60541700; 1740053705629878500; None; None; Class ID: 0, Confidence: 0.69, BBox: (219, 170, 284, 310)
Class ID: 2, Confidence: 0.69, BBox: (282, 192, 438, 253)
Class ID: 1, Confidence: 0.54, BBox: (133, 227, 296, 345); 222
2025-02-20 13:15:05,841 - 13:15:05.664; 47; 0; 751504; 184796227659200; 1740053705664408100; 100577200; 1740053705809118100; None; None; Class ID: 0, Confidence: 0.69, BBox: (219, 170, 284, 310)
Class ID: 2, Confidence: 0.69, BBox: (282, 192, 438, 253)
Class ID: 1, Confidence: 0.54, BBox: (133, 227, 296, 345); 222
2025-02-20 13:15:05,979 - 13:15:05.841; 48; 0; 751504; 184796227659200; 1740053705841985400; 60877200; 1740053705946572000; None; None; Class ID: 0, Confidence: 0.69, BBox: (219, 170, 284, 310)
Class ID: 2, Confidence: 0.69, BBox: (282, 192, 438, 253)
Class ID: 1, Confidence: 0.54, BBox: (133, 227, 296, 345); 222
2025-02-20 13:15:06,124 - 13:15:05.981; 49; 0; 751504; 184796227659200; 1740053705981232600; 63699900; 1740053706095005200; None; None; Class ID: 0, Confidence: 0.69, BBox: (219, 170, 284, 310)
Class ID: 2, Confidence: 0.69, BBox: (282, 192, 438, 253)
Class ID: 1, Confidence: 0.54, BBox: (133, 227, 296, 345); 222
2025-02-20 13:15:06,266 - 13:15:06.125; 50; 0; 751504; 184796227659200; 1740053706125391200; 67108800; 1740053706235909900; None; None; Class ID: 0, Confidence: 0.69, BBox: (219, 170, 284, 310)
Class ID: 2, Confidence: 0.69, BBox: (282, 192, 438, 253)
Class ID: 1, Confidence: 0.54, BBox: (133, 227, 296, 345); 222
2025-02-20 13:15:06,410 - 13:15:06.266; 51; 0; 751504; 184796227659200; 1740053706266859900; 62641900; 1740053706377161100; None; None; Class ID: 0, Confidence: 0.69, BBox: (219, 170, 284, 310)
Class ID: 2, Confidence: 0.69, BBox: (282, 192, 438, 253)
Class ID: 1, Confidence: 0.54, BBox: (133, 227, 296, 345); 222
2025-02-20 13:15:06,547 - 13:15:06.410; 52; 0; 751504; 184796227659200; 1740053706410121500; 59583800; 1740053706516717700; None; None; Class ID: 0, Confidence: 0.69, BBox: (219, 170, 284, 310)
Class ID: 2, Confidence: 0.69, BBox: (282, 192, 438, 253)
Class ID: 1, Confidence: 0.54, BBox: (133, 227, 296, 345); 222
2025-02-20 13:15:06,685 - 13:15:06.549; 53; 0; 751504; 184796227659200; 1740053706549756100; 57902300; 1740053706653620100; None; None; Class ID: 0, Confidence: 0.69, BBox: (219, 170, 284, 310)
Class ID: 2, Confidence: 0.69, BBox: (282, 192, 438, 253)
Class ID: 1, Confidence: 0.54, BBox: (133, 227, 296, 345); 222
2025-02-20 13:15:06,857 - 13:15:06.686; 54; 0; 751504; 184796227659200; 1740053706686914800; 86135400; 1740053706817740300; None; None; Class ID: 0, Confidence: 0.69, BBox: (219, 170, 284, 310)
Class ID: 2, Confidence: 0.69, BBox: (282, 192, 438, 253)
Class ID: 1, Confidence: 0.54, BBox: (133, 227, 296, 345); 222
2025-02-20 13:15:07,035 - 13:15:06.858; 55; 0; 751504; 184796227659200; 1740053706858812100; 71199400; 1740053706991718100; None; None; Class ID: 0, Confidence: 0.69, BBox: (219, 170, 284, 310)
Class ID: 2, Confidence: 0.69, BBox: (282, 192, 438, 253)
Class ID: 1, Confidence: 0.54, BBox: (133, 227, 296, 345); 222
2025-02-20 13:15:07,221 - 13:15:07.036; 56; 0; 751504; 184796227659200; 1740053707036827100; 93607200; 1740053707186050300; None; None; Class ID: 0, Confidence: 0.69, BBox: (219, 170, 284, 310)
Class ID: 2, Confidence: 0.69, BBox: (282, 192, 438, 253)
Class ID: 1, Confidence: 0.54, BBox: (133, 227, 296, 345); 222
2025-02-20 13:15:07,393 - 13:15:07.223; 57; 0; 751504; 184796227659200; 1740053707223228600; 85534300; 1740053707359524100; None; None; Class ID: 0, Confidence: 0.69, BBox: (219, 170, 284, 310)
Class ID: 2, Confidence: 0.69, BBox: (282, 192, 438, 253)
Class ID: 1, Confidence: 0.54, BBox: (133, 227, 296, 345); 222
2025-02-20 13:15:07,572 - 13:15:07.395; 58; 0; 751504; 184796227659200; 1740053707395595700; 84513200; 1740053707531570400; None; None; Class ID: 0, Confidence: 0.69, BBox: (219, 170, 284, 310)
Class ID: 2, Confidence: 0.69, BBox: (282, 192, 438, 253)
Class ID: 1, Confidence: 0.54, BBox: (133, 227, 296, 345); 222
2025-02-20 13:15:07,758 - 13:15:07.572; 59; 0; 751504; 184796227659200; 1740053707573380900; 86117600; 1740053707712893600; None; None; Class ID: 0, Confidence: 0.69, BBox: (219, 170, 284, 310)
Class ID: 2, Confidence: 0.69, BBox: (282, 192, 438, 253)
Class ID: 1, Confidence: 0.54, BBox: (133, 227, 296, 345); 222
2025-02-20 13:15:07,960 - 13:15:07.760; 60; 0; 751504; 184796227659200; 1740053707760035000; 94697600; 1740053707914827300; None; None; Class ID: 0, Confidence: 0.69, BBox: (219, 170, 284, 310)
Class ID: 2, Confidence: 0.69, BBox: (282, 192, 438, 253)
Class ID: 1, Confidence: 0.54, BBox: (133, 227, 296, 345); 222
2025-02-20 13:15:08,236 - 13:15:07.961; 61; 0; 751504; 184796227659200; 1740053707961583700; 148434500; 1740053708167586600; None; None; Class ID: 0, Confidence: 0.69, BBox: (219, 170, 284, 310)
Class ID: 2, Confidence: 0.69, BBox: (282, 192, 438, 253)
Class ID: 1, Confidence: 0.54, BBox: (133, 227, 296, 345); 222
2025-02-20 13:15:08,491 - 13:15:08.238; 62; 0; 751504; 184796227659200; 1740053708238480400; 138414500; 1740053708443131900; None; None; Class ID: 0, Confidence: 0.69, BBox: (219, 170, 284, 310)
Class ID: 2, Confidence: 0.69, BBox: (282, 192, 438, 253)
Class ID: 1, Confidence: 0.54, BBox: (133, 227, 296, 345); 222
2025-02-20 13:15:08,704 - 13:15:08.492; 63; 0; 751504; 184796227659200; 1740053708492883800; 101483100; 1740053708659754700; None; None; Class ID: 0, Confidence: 0.69, BBox: (219, 170, 284, 310)
Class ID: 2, Confidence: 0.69, BBox: (282, 192, 438, 253)
Class ID: 1, Confidence: 0.54, BBox: (133, 227, 296, 345); 222
2025-02-20 13:15:08,912 - 13:15:08.706; 64; 0; 751504; 184796227659200; 1740053708706472300; 113354000; 1740053708873763900; None; None; Class ID: 0, Confidence: 0.69, BBox: (219, 170, 284, 310)
Class ID: 2, Confidence: 0.69, BBox: (282, 192, 438, 253)
Class ID: 1, Confidence: 0.54, BBox: (133, 227, 296, 345); 222
2025-02-20 13:15:09,107 - 13:15:08.914; 65; 0; 751504; 184796227659200; 1740053708914328900; 95326400; 1740053709066295300; None; None; Class ID: 0, Confidence: 0.69, BBox: (219, 170, 284, 310)
Class ID: 2, Confidence: 0.69, BBox: (282, 192, 438, 253)
Class ID: 1, Confidence: 0.54, BBox: (133, 227, 296, 345); 222
2025-02-20 13:15:09,308 - 13:15:09.108; 66; 0; 751504; 184796227659200; 1740053709108141700; 99615800; 1740053709268620200; None; None; Class ID: 0, Confidence: 0.69, BBox: (219, 170, 284, 310)
Class ID: 2, Confidence: 0.69, BBox: (282, 192, 438, 253)
Class ID: 1, Confidence: 0.54, BBox: (133, 227, 296, 345); 222
2025-02-20 13:15:09,503 - 13:15:09.309; 67; 0; 751504; 184796227659200; 1740053709309641100; 78205300; 1740053709464105200; None; None; Class ID: 0, Confidence: 0.69, BBox: (219, 170, 284, 310)
Class ID: 2, Confidence: 0.69, BBox: (282, 192, 438, 253)
Class ID: 1, Confidence: 0.54, BBox: (133, 227, 296, 345); 222
2025-02-20 13:15:09,663 - 13:15:09.504; 68; 0; 751504; 184796227659200; 1740053709504766500; 70340500; 1740053709628768000; None; None; Class ID: 0, Confidence: 0.69, BBox: (219, 170, 284, 310)
Class ID: 2, Confidence: 0.69, BBox: (282, 192, 438, 253)
Class ID: 1, Confidence: 0.54, BBox: (133, 227, 296, 345); 222
2025-02-20 13:15:09,833 - 13:15:09.663; 69; 0; 751504; 184796227659200; 1740053709663977800; 78907600; 1740053709795807000; None; None; Class ID: 0, Confidence: 0.69, BBox: (219, 170, 284, 310)
Class ID: 2, Confidence: 0.69, BBox: (282, 192, 438, 253)
Class ID: 1, Confidence: 0.54, BBox: (133, 227, 296, 345); 222
2025-02-20 13:15:09,989 - 13:15:09.833; 70; 0; 751504; 184796227659200; 1740053709833443500; 74605800; 1740053709954834800; None; None; Class ID: 0, Confidence: 0.69, BBox: (219, 170, 284, 310)
Class ID: 2, Confidence: 0.69, BBox: (282, 192, 438, 253)
Class ID: 1, Confidence: 0.54, BBox: (133, 227, 296, 345); 222
2025-02-20 13:15:10,150 - 13:15:09.990; 71; 0; 751504; 184796227659200; 1740053709990214100; 73537900; 1740053710116066600; None; None; Class ID: 0, Confidence: 0.69, BBox: (219, 170, 284, 310)
Class ID: 2, Confidence: 0.69, BBox: (282, 192, 438, 253)
Class ID: 1, Confidence: 0.54, BBox: (133, 227, 296, 345); 222
2025-02-20 13:15:10,300 - 13:15:10.152; 72; 0; 751504; 184796227659200; 1740053710152755100; 69196800; 1740053710269517300; None; None; Class ID: 0, Confidence: 0.69, BBox: (219, 170, 284, 310)
Class ID: 2, Confidence: 0.69, BBox: (282, 192, 438, 253)
Class ID: 1, Confidence: 0.54, BBox: (133, 227, 296, 345); 222
2025-02-20 13:15:10,450 - 13:15:10.300; 73; 0; 751504; 184796227659200; 1740053710300847500; 66822800; 1740053710412069400; None; None; Class ID: 0, Confidence: 0.69, BBox: (219, 170, 284, 310)
Class ID: 2, Confidence: 0.69, BBox: (282, 192, 438, 253)
Class ID: 1, Confidence: 0.54, BBox: (133, 227, 296, 345); 222
2025-02-20 13:15:10,636 - 13:15:10.452; 74; 0; 751504; 184796227659200; 1740053710452040200; 90930100; 1740053710594164900; None; None; Class ID: 0, Confidence: 0.69, BBox: (219, 170, 284, 310)
Class ID: 2, Confidence: 0.69, BBox: (282, 192, 438, 253)
Class ID: 1, Confidence: 0.54, BBox: (133, 227, 296, 345); 222
2025-02-20 13:15:10,799 - 13:15:10.637; 75; 0; 751504; 184796227659200; 1740053710637728800; 71392600; 1740053710760130000; None; None; Class ID: 0, Confidence: 0.69, BBox: (219, 170, 284, 310)
Class ID: 2, Confidence: 0.69, BBox: (282, 192, 438, 253)
Class ID: 1, Confidence: 0.54, BBox: (133, 227, 296, 345); 222
2025-02-20 13:15:10,957 - 13:15:10.802; 76; 0; 751504; 184796227659200; 1740053710802020200; 66186800; 1740053710922338900; None; None; Class ID: 0, Confidence: 0.69, BBox: (219, 170, 284, 310)
Class ID: 2, Confidence: 0.69, BBox: (282, 192, 438, 253)
Class ID: 1, Confidence: 0.54, BBox: (133, 227, 296, 345); 222
2025-02-20 13:15:11,109 - 13:15:10.957; 77; 0; 751504; 184796227659200; 1740053710957011000; 67321600; 1740053711072722900; None; None; Class ID: 0, Confidence: 0.69, BBox: (219, 170, 284, 310)
Class ID: 2, Confidence: 0.69, BBox: (282, 192, 438, 253)
Class ID: 1, Confidence: 0.54, BBox: (133, 227, 296, 345); 222
2025-02-20 13:15:11,256 - 13:15:11.110; 78; 0; 751504; 184796227659200; 1740053711110299400; 68476400; 1740053711224726400; None; None; Class ID: 0, Confidence: 0.69, BBox: (219, 170, 284, 310)
Class ID: 2, Confidence: 0.69, BBox: (282, 192, 438, 253)
Class ID: 1, Confidence: 0.54, BBox: (133, 227, 296, 345); 222
2025-02-20 13:15:11,418 - 13:15:11.256; 79; 0; 751504; 184796227659200; 1740053711256977700; 72497600; 1740053711382065500; None; None; Class ID: 0, Confidence: 0.69, BBox: (219, 170, 284, 310)
Class ID: 2, Confidence: 0.69, BBox: (282, 192, 438, 253)
Class ID: 1, Confidence: 0.54, BBox: (133, 227, 296, 345); 222
2025-02-20 13:15:11,576 - 13:15:11.419; 80; 0; 751504; 184796227659200; 1740053711419592000; 67780200; 1740053711541160100; None; None; Class ID: 0, Confidence: 0.69, BBox: (219, 170, 284, 310)
Class ID: 2, Confidence: 0.69, BBox: (282, 192, 438, 253)
Class ID: 1, Confidence: 0.54, BBox: (133, 227, 296, 345); 222
2025-02-20 13:15:11,739 - 13:15:11.576; 81; 0; 751504; 184796227659200; 1740053711576303700; 73201200; 1740053711701870400; None; None; Class ID: 0, Confidence: 0.69, BBox: (219, 170, 284, 310)
Class ID: 2, Confidence: 0.69, BBox: (282, 192, 438, 253)
Class ID: 1, Confidence: 0.54, BBox: (133, 227, 296, 345); 222
2025-02-20 13:15:11,901 - 13:15:11.739; 82; 0; 751504; 184796227659200; 1740053711739808000; 71291600; 1740053711868682700; None; None; Class ID: 0, Confidence: 0.69, BBox: (219, 170, 284, 310)
Class ID: 2, Confidence: 0.69, BBox: (282, 192, 438, 253)
Class ID: 1, Confidence: 0.54, BBox: (133, 227, 296, 345); 222
2025-02-20 13:15:12,048 - 13:15:11.903; 83; 0; 751504; 184796227659200; 1740053711904142300; 64831100; 1740053712014172100; None; None; Class ID: 0, Confidence: 0.69, BBox: (219, 170, 284, 310)
Class ID: 2, Confidence: 0.69, BBox: (282, 192, 438, 253)
Class ID: 1, Confidence: 0.54, BBox: (133, 227, 296, 345); 222
2025-02-20 13:15:12,208 - 13:15:12.049; 84; 0; 751504; 184796227659200; 1740053712049384500; 68722700; 1740053712167138100; None; None; Class ID: 0, Confidence: 0.69, BBox: (219, 170, 284, 310)
Class ID: 2, Confidence: 0.69, BBox: (282, 192, 438, 253)
Class ID: 1, Confidence: 0.54, BBox: (133, 227, 296, 345); 222
2025-02-20 13:15:12,363 - 13:15:12.208; 85; 0; 751504; 184796227659200; 1740053712208297200; 69951700; 1740053712328485800; None; None; Class ID: 0, Confidence: 0.69, BBox: (219, 170, 284, 310)
Class ID: 2, Confidence: 0.69, BBox: (282, 192, 438, 253)
Class ID: 1, Confidence: 0.54, BBox: (133, 227, 296, 345); 222
2025-02-20 13:15:12,519 - 13:15:12.365; 86; 0; 751504; 184796227659200; 1740053712365817600; 68060100; 1740053712482433800; None; None; Class ID: 0, Confidence: 0.69, BBox: (219, 170, 284, 310)
Class ID: 2, Confidence: 0.69, BBox: (282, 192, 438, 253)
Class ID: 1, Confidence: 0.54, BBox: (133, 227, 296, 345); 222
2025-02-20 13:15:12,701 - 13:15:12.520; 87; 0; 751504; 184796227659200; 1740053712521118900; 73420300; 1740053712667795800; None; None; Class ID: 0, Confidence: 0.69, BBox: (219, 170, 284, 310)
Class ID: 2, Confidence: 0.69, BBox: (282, 192, 438, 253)
Class ID: 1, Confidence: 0.54, BBox: (133, 227, 296, 345); 222
2025-02-20 13:15:12,868 - 13:15:12.703; 88; 0; 751504; 184796227659200; 1740053712703350700; 77237600; 1740053712831544200; None; None; Class ID: 0, Confidence: 0.69, BBox: (219, 170, 284, 310)
Class ID: 2, Confidence: 0.69, BBox: (282, 192, 438, 253)
Class ID: 1, Confidence: 0.54, BBox: (133, 227, 296, 345); 222
2025-02-20 13:15:13,037 - 13:15:12.869; 89; 0; 751504; 184796227659200; 1740053712869681500; 75606000; 1740053712997511000; None; None; Class ID: 0, Confidence: 0.69, BBox: (219, 170, 284, 310)
Class ID: 2, Confidence: 0.69, BBox: (282, 192, 438, 253)
Class ID: 1, Confidence: 0.54, BBox: (133, 227, 296, 345); 222
2025-02-20 13:15:13,189 - 13:15:13.038; 90; 0; 751504; 184796227659200; 1740053713038390700; 68778800; 1740053713154587600; None; None; Class ID: 0, Confidence: 0.69, BBox: (219, 170, 284, 310)
Class ID: 2, Confidence: 0.69, BBox: (282, 192, 438, 253)
Class ID: 1, Confidence: 0.54, BBox: (133, 227, 296, 345); 222
2025-02-20 13:15:13,331 - 13:15:13.192; 91; 0; 751504; 184796227659200; 1740053713192046300; 62736600; 1740053713299771000; None; None; Class ID: 0, Confidence: 0.69, BBox: (219, 170, 284, 310)
Class ID: 2, Confidence: 0.69, BBox: (282, 192, 438, 253)
Class ID: 1, Confidence: 0.54, BBox: (133, 227, 296, 345); 222
2025-02-20 13:15:13,475 - 13:15:13.332; 92; 0; 751504; 184796227659200; 1740053713332856000; 60418800; 1740053713439024500; None; None; Class ID: 0, Confidence: 0.69, BBox: (219, 170, 284, 310)
Class ID: 2, Confidence: 0.69, BBox: (282, 192, 438, 253)
Class ID: 1, Confidence: 0.54, BBox: (133, 227, 296, 345); 222
2025-02-20 13:15:13,615 - 13:15:13.475; 93; 0; 751504; 184796227659200; 1740053713476103800; 60084200; 1740053713584803500; None; None; Class ID: 0, Confidence: 0.69, BBox: (219, 170, 284, 310)
Class ID: 2, Confidence: 0.69, BBox: (282, 192, 438, 253)
Class ID: 1, Confidence: 0.54, BBox: (133, 227, 296, 345); 222
2025-02-20 13:15:13,755 - 13:15:13.616; 94; 0; 751504; 184796227659200; 1740053713616623600; 58956200; 1740053713720429100; None; None; Class ID: 0, Confidence: 0.69, BBox: (219, 170, 284, 310)
Class ID: 2, Confidence: 0.69, BBox: (282, 192, 438, 253)
Class ID: 1, Confidence: 0.54, BBox: (133, 227, 296, 345); 222
2025-02-20 13:15:13,897 - 13:15:13.756; 95; 0; 751504; 184796227659200; 1740053713756904300; 60362800; 1740053713864464900; None; None; Class ID: 0, Confidence: 0.69, BBox: (219, 170, 284, 310)
Class ID: 2, Confidence: 0.69, BBox: (282, 192, 438, 253)
Class ID: 1, Confidence: 0.54, BBox: (133, 227, 296, 345); 222
2025-02-20 13:15:14,036 - 13:15:13.898; 96; 0; 751504; 184796227659200; 1740053713898663300; 59149600; 1740053714003043200; None; None; Class ID: 0, Confidence: 0.69, BBox: (219, 170, 284, 310)
Class ID: 2, Confidence: 0.69, BBox: (282, 192, 438, 253)
Class ID: 1, Confidence: 0.54, BBox: (133, 227, 296, 345); 222
2025-02-20 13:15:14,189 - 13:15:14.036; 97; 0; 751504; 184796227659200; 1740053714036959600; 66639100; 1740053714153581000; None; None; Class ID: 0, Confidence: 0.69, BBox: (219, 170, 284, 310)
Class ID: 2, Confidence: 0.69, BBox: (282, 192, 438, 253)
Class ID: 1, Confidence: 0.54, BBox: (133, 227, 296, 345); 222
2025-02-20 13:15:14,359 - 13:15:14.189; 98; 0; 751504; 184796227659200; 1740053714189753500; 74842900; 1740053714319285300; None; None; Class ID: 0, Confidence: 0.69, BBox: (219, 170, 284, 310)
Class ID: 2, Confidence: 0.69, BBox: (282, 192, 438, 253)
Class ID: 1, Confidence: 0.54, BBox: (133, 227, 296, 345); 222
2025-02-20 13:15:14,589 - 13:15:14.359; 99; 0; 751504; 184796227659200; 1740053714359759100; 116569700; 1740053714539805400; None; None; Class ID: 0, Confidence: 0.69, BBox: (219, 170, 284, 310)
Class ID: 2, Confidence: 0.69, BBox: (282, 192, 438, 253)
Class ID: 1, Confidence: 0.54, BBox: (133, 227, 296, 345); 222
2025-02-20 13:15:14,828 - 13:15:14.591; 100; 0; 751504; 184796227659200; 1740053714591361800; 108037000; 1740053714788941900; None; None; Class ID: 0, Confidence: 0.69, BBox: (219, 170, 284, 310)
Class ID: 2, Confidence: 0.69, BBox: (282, 192, 438, 253)
Class ID: 1, Confidence: 0.54, BBox: (133, 227, 296, 345); 222
2025-02-20 13:17:34,119 - 13:17:32.870; 0; 0; 751504; 184952205317600; 1740053852870148900; 1184027600; 1740053854088254200; None; None; Class ID: 0, Confidence: 0.69, BBox: (219, 170, 284, 310)
Class ID: 2, Confidence: 0.69, BBox: (282, 192, 438, 253)
Class ID: 1, Confidence: 0.54, BBox: (133, 227, 296, 345); 222
2025-02-20 13:17:34,259 - 13:17:34.120; 1; 0; 751504; 184952205317600; 1740053854120792200; 59883300; 1740053854228342000; None; None; Class ID: 0, Confidence: 0.69, BBox: (219, 170, 284, 310)
Class ID: 2, Confidence: 0.69, BBox: (282, 192, 438, 253)
Class ID: 1, Confidence: 0.54, BBox: (133, 227, 296, 345); 222
2025-02-20 13:17:34,394 - 13:17:34.260; 2; 0; 751504; 184952205317600; 1740053854260175800; 58215600; 1740053854363935100; None; None; Class ID: 0, Confidence: 0.69, BBox: (219, 170, 284, 310)
Class ID: 2, Confidence: 0.69, BBox: (282, 192, 438, 253)
Class ID: 1, Confidence: 0.54, BBox: (133, 227, 296, 345); 222
2025-02-20 13:17:34,539 - 13:17:34.395; 3; 0; 751504; 184952205317600; 1740053854395545500; 67142900; 1740053854509716500; None; None; Class ID: 0, Confidence: 0.69, BBox: (219, 170, 284, 310)
Class ID: 2, Confidence: 0.69, BBox: (282, 192, 438, 253)
Class ID: 1, Confidence: 0.54, BBox: (133, 227, 296, 345); 222
2025-02-20 13:17:34,679 - 13:17:34.539; 4; 0; 751504; 184952205317600; 1740053854539924300; 60287500; 1740053854645995500; None; None; Class ID: 0, Confidence: 0.69, BBox: (219, 170, 284, 310)
Class ID: 2, Confidence: 0.69, BBox: (282, 192, 438, 253)
Class ID: 1, Confidence: 0.54, BBox: (133, 227, 296, 345); 222
2025-02-20 13:17:34,830 - 13:17:34.679; 5; 0; 751504; 184952205317600; 1740053854679971900; 65957100; 1740053854791122400; None; None; Class ID: 0, Confidence: 0.69, BBox: (219, 170, 284, 310)
Class ID: 2, Confidence: 0.69, BBox: (282, 192, 438, 253)
Class ID: 1, Confidence: 0.54, BBox: (133, 227, 296, 345); 222
2025-02-20 13:17:34,975 - 13:17:34.830; 6; 0; 751504; 184952205317600; 1740053854830233000; 63951500; 1740053854939311000; None; None; Class ID: 0, Confidence: 0.69, BBox: (219, 170, 284, 310)
Class ID: 2, Confidence: 0.69, BBox: (282, 192, 438, 253)
Class ID: 1, Confidence: 0.54, BBox: (133, 227, 296, 345); 222
2025-02-20 13:17:35,134 - 13:17:34.975; 7; 0; 751504; 184952205317600; 1740053854975970000; 61931900; 1740053855103441800; None; None; Class ID: 0, Confidence: 0.69, BBox: (219, 170, 284, 310)
Class ID: 2, Confidence: 0.69, BBox: (282, 192, 438, 253)
Class ID: 1, Confidence: 0.54, BBox: (133, 227, 296, 345); 222
2025-02-20 13:17:35,272 - 13:17:35.135; 8; 0; 751504; 184952205317600; 1740053855135101400; 60579700; 1740053855238963900; None; None; Class ID: 0, Confidence: 0.69, BBox: (219, 170, 284, 310)
Class ID: 2, Confidence: 0.69, BBox: (282, 192, 438, 253)
Class ID: 1, Confidence: 0.54, BBox: (133, 227, 296, 345); 222
2025-02-20 13:17:35,408 - 13:17:35.273; 9; 0; 751504; 184952205317600; 1740053855273169400; 59449000; 1740053855376829600; None; None; Class ID: 0, Confidence: 0.69, BBox: (219, 170, 284, 310)
Class ID: 2, Confidence: 0.69, BBox: (282, 192, 438, 253)
Class ID: 1, Confidence: 0.54, BBox: (133, 227, 296, 345); 222
2025-02-20 13:17:35,540 - 13:17:35.409; 10; 0; 751504; 184952205317600; 1740053855409966100; 58570300; 1740053855512323200; None; None; Class ID: 0, Confidence: 0.69, BBox: (219, 170, 284, 310)
Class ID: 2, Confidence: 0.69, BBox: (282, 192, 438, 253)
Class ID: 1, Confidence: 0.54, BBox: (133, 227, 296, 345); 222
2025-02-20 13:17:35,681 - 13:17:35.545; 11; 0; 751504; 184952205317600; 1740053855545120500; 59890200; 1740053855650717900; None; None; Class ID: 0, Confidence: 0.69, BBox: (219, 170, 284, 310)
Class ID: 2, Confidence: 0.69, BBox: (282, 192, 438, 253)
Class ID: 1, Confidence: 0.54, BBox: (133, 227, 296, 345); 222
2025-02-20 13:17:35,842 - 13:17:35.681; 12; 0; 751504; 184952205317600; 1740053855681500300; 72716700; 1740053855804715100; None; None; Class ID: 0, Confidence: 0.69, BBox: (219, 170, 284, 310)
Class ID: 2, Confidence: 0.69, BBox: (282, 192, 438, 253)
Class ID: 1, Confidence: 0.54, BBox: (133, 227, 296, 345); 222
2025-02-20 13:17:35,992 - 13:17:35.842; 13; 0; 751504; 184952205317600; 1740053855842371400; 66784400; 1740053855957414200; None; None; Class ID: 0, Confidence: 0.69, BBox: (219, 170, 284, 310)
Class ID: 2, Confidence: 0.69, BBox: (282, 192, 438, 253)
Class ID: 1, Confidence: 0.54, BBox: (133, 227, 296, 345); 222
2025-02-20 13:17:36,141 - 13:17:35.994; 14; 0; 751504; 184952205317600; 1740053855994115400; 64582000; 1740053856107440100; None; None; Class ID: 0, Confidence: 0.69, BBox: (219, 170, 284, 310)
Class ID: 2, Confidence: 0.69, BBox: (282, 192, 438, 253)
Class ID: 1, Confidence: 0.54, BBox: (133, 227, 296, 345); 222
2025-02-20 13:17:36,292 - 13:17:36.141; 15; 0; 751504; 184952205317600; 1740053856141740000; 63025800; 1740053856259694200; None; None; Class ID: 0, Confidence: 0.69, BBox: (219, 170, 284, 310)
Class ID: 2, Confidence: 0.69, BBox: (282, 192, 438, 253)
Class ID: 1, Confidence: 0.54, BBox: (133, 227, 296, 345); 222
2025-02-20 13:17:36,425 - 13:17:36.292; 16; 0; 751504; 184952205317600; 1740053856292534000; 58235300; 1740053856395679600; None; None; Class ID: 0, Confidence: 0.69, BBox: (219, 170, 284, 310)
Class ID: 2, Confidence: 0.69, BBox: (282, 192, 438, 253)
Class ID: 1, Confidence: 0.54, BBox: (133, 227, 296, 345); 222
2025-02-20 13:17:36,561 - 13:17:36.429; 17; 0; 751504; 184952205317600; 1740053856429315100; 60807900; 1740053856534492400; None; None; Class ID: 0, Confidence: 0.69, BBox: (219, 170, 284, 310)
Class ID: 2, Confidence: 0.69, BBox: (282, 192, 438, 253)
Class ID: 1, Confidence: 0.54, BBox: (133, 227, 296, 345); 222
2025-02-20 13:17:36,715 - 13:17:36.566; 18; 0; 751504; 184952205317600; 1740053856566266900; 66516400; 1740053856678442300; None; None; Class ID: 0, Confidence: 0.69, BBox: (219, 170, 284, 310)
Class ID: 2, Confidence: 0.69, BBox: (282, 192, 438, 253)
Class ID: 1, Confidence: 0.54, BBox: (133, 227, 296, 345); 222
2025-02-20 13:17:36,862 - 13:17:36.716; 19; 0; 751504; 184952205317600; 1740053856716422100; 63347800; 1740053856828697000; None; None; Class ID: 0, Confidence: 0.69, BBox: (219, 170, 284, 310)
Class ID: 2, Confidence: 0.69, BBox: (282, 192, 438, 253)
Class ID: 1, Confidence: 0.54, BBox: (133, 227, 296, 345); 222
2025-02-20 13:17:36,998 - 13:17:36.864; 20; 0; 751504; 184952205317600; 1740053856864154700; 58702900; 1740053856967613400; None; None; Class ID: 0, Confidence: 0.69, BBox: (219, 170, 284, 310)
Class ID: 2, Confidence: 0.69, BBox: (282, 192, 438, 253)
Class ID: 1, Confidence: 0.54, BBox: (133, 227, 296, 345); 222
2025-02-20 13:17:37,131 - 13:17:36.999; 21; 0; 751504; 184952205317600; 1740053856999123000; 57928400; 1740053857100892200; None; None; Class ID: 0, Confidence: 0.69, BBox: (219, 170, 284, 310)
Class ID: 2, Confidence: 0.69, BBox: (282, 192, 438, 253)
Class ID: 1, Confidence: 0.54, BBox: (133, 227, 296, 345); 222
2025-02-20 13:17:37,270 - 13:17:37.132; 22; 0; 751504; 184952205317600; 1740053857132261600; 60801900; 1740053857237074000; None; None; Class ID: 0, Confidence: 0.69, BBox: (219, 170, 284, 310)
Class ID: 2, Confidence: 0.69, BBox: (282, 192, 438, 253)
Class ID: 1, Confidence: 0.54, BBox: (133, 227, 296, 345); 222
2025-02-20 13:17:37,406 - 13:17:37.270; 23; 0; 751504; 184952205317600; 1740053857270288700; 60457800; 1740053857374147700; None; None; Class ID: 0, Confidence: 0.69, BBox: (219, 170, 284, 310)
Class ID: 2, Confidence: 0.69, BBox: (282, 192, 438, 253)
Class ID: 1, Confidence: 0.54, BBox: (133, 227, 296, 345); 222
2025-02-20 13:17:37,544 - 13:17:37.407; 24; 0; 751504; 184952205317600; 1740053857407204200; 63020000; 1740053857516061700; None; None; Class ID: 0, Confidence: 0.69, BBox: (219, 170, 284, 310)
Class ID: 2, Confidence: 0.69, BBox: (282, 192, 438, 253)
Class ID: 1, Confidence: 0.54, BBox: (133, 227, 296, 345); 222
2025-02-20 13:17:37,689 - 13:17:37.547; 25; 0; 751504; 184952205317600; 1740053857547029200; 64844400; 1740053857658395700; None; None; Class ID: 0, Confidence: 0.69, BBox: (219, 170, 284, 310)
Class ID: 2, Confidence: 0.69, BBox: (282, 192, 438, 253)
Class ID: 1, Confidence: 0.54, BBox: (133, 227, 296, 345); 222
2025-02-20 13:17:37,827 - 13:17:37.689; 26; 0; 751504; 184952205317600; 1740053857689910400; 61814000; 1740053857798543900; None; None; Class ID: 0, Confidence: 0.69, BBox: (219, 170, 284, 310)
Class ID: 2, Confidence: 0.69, BBox: (282, 192, 438, 253)
Class ID: 1, Confidence: 0.54, BBox: (133, 227, 296, 345); 222
2025-02-20 13:17:37,990 - 13:17:37.829; 27; 0; 751504; 184952205317600; 1740053857829063500; 60105900; 1740053857959517000; None; None; Class ID: 0, Confidence: 0.69, BBox: (219, 170, 284, 310)
Class ID: 2, Confidence: 0.69, BBox: (282, 192, 438, 253)
Class ID: 1, Confidence: 0.54, BBox: (133, 227, 296, 345); 222
2025-02-20 13:17:38,127 - 13:17:37.990; 28; 0; 751504; 184952205317600; 1740053857990160100; 59541000; 1740053858099378800; None; None; Class ID: 0, Confidence: 0.69, BBox: (219, 170, 284, 310)
Class ID: 2, Confidence: 0.69, BBox: (282, 192, 438, 253)
Class ID: 1, Confidence: 0.54, BBox: (133, 227, 296, 345); 222
2025-02-20 13:17:38,265 - 13:17:38.129; 29; 0; 751504; 184952205317600; 1740053858129530300; 60622700; 1740053858234107700; None; None; Class ID: 0, Confidence: 0.69, BBox: (219, 170, 284, 310)
Class ID: 2, Confidence: 0.69, BBox: (282, 192, 438, 253)
Class ID: 1, Confidence: 0.54, BBox: (133, 227, 296, 345); 222
2025-02-20 13:17:38,405 - 13:17:38.266; 30; 0; 751504; 184952205317600; 1740053858266979700; 62781500; 1740053858372236800; None; None; Class ID: 0, Confidence: 0.69, BBox: (219, 170, 284, 310)
Class ID: 2, Confidence: 0.69, BBox: (282, 192, 438, 253)
Class ID: 1, Confidence: 0.54, BBox: (133, 227, 296, 345); 222
2025-02-20 13:17:38,540 - 13:17:38.405; 31; 0; 751504; 184952205317600; 1740053858405075800; 60003200; 1740053858509313500; None; None; Class ID: 0, Confidence: 0.69, BBox: (219, 170, 284, 310)
Class ID: 2, Confidence: 0.69, BBox: (282, 192, 438, 253)
Class ID: 1, Confidence: 0.54, BBox: (133, 227, 296, 345); 222
2025-02-20 13:17:38,677 - 13:17:38.542; 32; 0; 751504; 184952205317600; 1740053858542556600; 59774100; 1740053858647155900; None; None; Class ID: 0, Confidence: 0.69, BBox: (219, 170, 284, 310)
Class ID: 2, Confidence: 0.69, BBox: (282, 192, 438, 253)
Class ID: 1, Confidence: 0.54, BBox: (133, 227, 296, 345); 222
2025-02-20 13:17:38,817 - 13:17:38.679; 33; 0; 751504; 184952205317600; 1740053858679109100; 63253300; 1740053858786336000; None; None; Class ID: 0, Confidence: 0.69, BBox: (219, 170, 284, 310)
Class ID: 2, Confidence: 0.69, BBox: (282, 192, 438, 253)
Class ID: 1, Confidence: 0.54, BBox: (133, 227, 296, 345); 222
2025-02-20 13:17:38,963 - 13:17:38.818; 34; 0; 751504; 184952205317600; 1740053858819484300; 66961800; 1740053858930357600; None; None; Class ID: 0, Confidence: 0.69, BBox: (219, 170, 284, 310)
Class ID: 2, Confidence: 0.69, BBox: (282, 192, 438, 253)
Class ID: 1, Confidence: 0.54, BBox: (133, 227, 296, 345); 222
2025-02-20 13:17:39,107 - 13:17:38.964; 35; 0; 751504; 184952205317600; 1740053858964944400; 61050800; 1740053859072024700; None; None; Class ID: 0, Confidence: 0.69, BBox: (219, 170, 284, 310)
Class ID: 2, Confidence: 0.69, BBox: (282, 192, 438, 253)
Class ID: 1, Confidence: 0.54, BBox: (133, 227, 296, 345); 222
2025-02-20 13:17:39,242 - 13:17:39.107; 36; 0; 751504; 184952205317600; 1740053859107037100; 57907600; 1740053859213137800; None; None; Class ID: 0, Confidence: 0.69, BBox: (219, 170, 284, 310)
Class ID: 2, Confidence: 0.69, BBox: (282, 192, 438, 253)
Class ID: 1, Confidence: 0.54, BBox: (133, 227, 296, 345); 222
2025-02-20 13:17:39,379 - 13:17:39.242; 37; 0; 751504; 184952205317600; 1740053859243214300; 61385400; 1740053859349200300; None; None; Class ID: 0, Confidence: 0.69, BBox: (219, 170, 284, 310)
Class ID: 2, Confidence: 0.69, BBox: (282, 192, 438, 253)
Class ID: 1, Confidence: 0.54, BBox: (133, 227, 296, 345); 222
2025-02-20 13:17:39,513 - 13:17:39.380; 38; 0; 751504; 184952205317600; 1740053859380706600; 58895800; 1740053859484080800; None; None; Class ID: 0, Confidence: 0.69, BBox: (219, 170, 284, 310)
Class ID: 2, Confidence: 0.69, BBox: (282, 192, 438, 253)
Class ID: 1, Confidence: 0.54, BBox: (133, 227, 296, 345); 222
2025-02-20 13:17:39,654 - 13:17:39.515; 39; 0; 751504; 184952205317600; 1740053859515260700; 62776100; 1740053859621982900; None; None; Class ID: 0, Confidence: 0.69, BBox: (219, 170, 284, 310)
Class ID: 2, Confidence: 0.69, BBox: (282, 192, 438, 253)
Class ID: 1, Confidence: 0.54, BBox: (133, 227, 296, 345); 222
2025-02-20 13:17:39,793 - 13:17:39.655; 40; 0; 751504; 184952205317600; 1740053859655820100; 59689300; 1740053859761812100; None; None; Class ID: 0, Confidence: 0.69, BBox: (219, 170, 284, 310)
Class ID: 2, Confidence: 0.69, BBox: (282, 192, 438, 253)
Class ID: 1, Confidence: 0.54, BBox: (133, 227, 296, 345); 222
2025-02-20 13:17:39,928 - 13:17:39.794; 41; 0; 751504; 184952205317600; 1740053859794161000; 60400300; 1740053859900516600; None; None; Class ID: 0, Confidence: 0.69, BBox: (219, 170, 284, 310)
Class ID: 2, Confidence: 0.69, BBox: (282, 192, 438, 253)
Class ID: 1, Confidence: 0.54, BBox: (133, 227, 296, 345); 222
2025-02-20 13:17:40,065 - 13:17:39.931; 42; 0; 751504; 184952205317600; 1740053859931260700; 60410400; 1740053860036325800; None; None; Class ID: 0, Confidence: 0.69, BBox: (219, 170, 284, 310)
Class ID: 2, Confidence: 0.69, BBox: (282, 192, 438, 253)
Class ID: 1, Confidence: 0.54, BBox: (133, 227, 296, 345); 222
2025-02-20 13:17:40,206 - 13:17:40.066; 43; 0; 751504; 184952205317600; 1740053860066776200; 61325300; 1740053860170638700; None; None; Class ID: 0, Confidence: 0.69, BBox: (219, 170, 284, 310)
Class ID: 2, Confidence: 0.69, BBox: (282, 192, 438, 253)
Class ID: 1, Confidence: 0.54, BBox: (133, 227, 296, 345); 222
2025-02-20 13:17:40,334 - 13:17:40.207; 44; 0; 751504; 184952205317600; 1740053860207662000; 57372800; 1740053860309481600; None; None; Class ID: 0, Confidence: 0.69, BBox: (219, 170, 284, 310)
Class ID: 2, Confidence: 0.69, BBox: (282, 192, 438, 253)
Class ID: 1, Confidence: 0.54, BBox: (133, 227, 296, 345); 222
2025-02-20 13:17:40,478 - 13:17:40.342; 45; 0; 751504; 184952205317600; 1740053860342946700; 60736100; 1740053860450083900; None; None; Class ID: 0, Confidence: 0.69, BBox: (219, 170, 284, 310)
Class ID: 2, Confidence: 0.69, BBox: (282, 192, 438, 253)
Class ID: 1, Confidence: 0.54, BBox: (133, 227, 296, 345); 222
2025-02-20 13:17:40,611 - 13:17:40.479; 46; 0; 751504; 184952205317600; 1740053860479052000; 55745000; 1740053860579784700; None; None; Class ID: 0, Confidence: 0.69, BBox: (219, 170, 284, 310)
Class ID: 2, Confidence: 0.69, BBox: (282, 192, 438, 253)
Class ID: 1, Confidence: 0.54, BBox: (133, 227, 296, 345); 222
2025-02-20 13:17:40,778 - 13:17:40.613; 47; 0; 751504; 184952205317600; 1740053860613127900; 89407500; 1740053860749230100; None; None; Class ID: 0, Confidence: 0.69, BBox: (219, 170, 284, 310)
Class ID: 2, Confidence: 0.69, BBox: (282, 192, 438, 253)
Class ID: 1, Confidence: 0.54, BBox: (133, 227, 296, 345); 222
2025-02-20 13:17:40,916 - 13:17:40.779; 48; 0; 751504; 184952205317600; 1740053860779593900; 62848100; 1740053860886121200; None; None; Class ID: 0, Confidence: 0.69, BBox: (219, 170, 284, 310)
Class ID: 2, Confidence: 0.69, BBox: (282, 192, 438, 253)
Class ID: 1, Confidence: 0.54, BBox: (133, 227, 296, 345); 222
2025-02-20 13:17:41,056 - 13:17:40.917; 49; 0; 751504; 184952205317600; 1740053860917663100; 62875500; 1740053861025844700; None; None; Class ID: 0, Confidence: 0.69, BBox: (219, 170, 284, 310)
Class ID: 2, Confidence: 0.69, BBox: (282, 192, 438, 253)
Class ID: 1, Confidence: 0.54, BBox: (133, 227, 296, 345); 222
2025-02-20 13:17:41,220 - 13:17:41.056; 50; 0; 751504; 184952205317600; 1740053861056476300; 85507000; 1740053861190304800; None; None; Class ID: 0, Confidence: 0.69, BBox: (219, 170, 284, 310)
Class ID: 2, Confidence: 0.69, BBox: (282, 192, 438, 253)
Class ID: 1, Confidence: 0.54, BBox: (133, 227, 296, 345); 222
2025-02-20 13:17:41,360 - 13:17:41.223; 51; 0; 751504; 184952205317600; 1740053861223626500; 60114600; 1740053861328907700; None; None; Class ID: 0, Confidence: 0.69, BBox: (219, 170, 284, 310)
Class ID: 2, Confidence: 0.69, BBox: (282, 192, 438, 253)
Class ID: 1, Confidence: 0.54, BBox: (133, 227, 296, 345); 222
2025-02-20 13:17:41,494 - 13:17:41.361; 52; 0; 751504; 184952205317600; 1740053861361056400; 57827000; 1740053861463112900; None; None; Class ID: 0, Confidence: 0.69, BBox: (219, 170, 284, 310)
Class ID: 2, Confidence: 0.69, BBox: (282, 192, 438, 253)
Class ID: 1, Confidence: 0.54, BBox: (133, 227, 296, 345); 222
2025-02-20 13:17:41,623 - 13:17:41.495; 53; 0; 751504; 184952205317600; 1740053861495458000; 56644400; 1740053861596317300; None; None; Class ID: 0, Confidence: 0.69, BBox: (219, 170, 284, 310)
Class ID: 2, Confidence: 0.69, BBox: (282, 192, 438, 253)
Class ID: 1, Confidence: 0.54, BBox: (133, 227, 296, 345); 222
2025-02-20 13:17:41,765 - 13:17:41.630; 54; 0; 751504; 184952205317600; 1740053861630209200; 58244300; 1740053861735810700; None; None; Class ID: 0, Confidence: 0.69, BBox: (219, 170, 284, 310)
Class ID: 2, Confidence: 0.69, BBox: (282, 192, 438, 253)
Class ID: 1, Confidence: 0.54, BBox: (133, 227, 296, 345); 222
2025-02-20 13:17:41,903 - 13:17:41.766; 55; 0; 751504; 184952205317600; 1740053861766568000; 64766600; 1740053861873732800; None; None; Class ID: 0, Confidence: 0.69, BBox: (219, 170, 284, 310)
Class ID: 2, Confidence: 0.69, BBox: (282, 192, 438, 253)
Class ID: 1, Confidence: 0.54, BBox: (133, 227, 296, 345); 222
2025-02-20 13:17:42,040 - 13:17:41.905; 56; 0; 751504; 184952205317600; 1740053861905724400; 58606100; 1740053862011375400; None; None; Class ID: 0, Confidence: 0.69, BBox: (219, 170, 284, 310)
Class ID: 2, Confidence: 0.69, BBox: (282, 192, 438, 253)
Class ID: 1, Confidence: 0.54, BBox: (133, 227, 296, 345); 222
2025-02-20 13:17:42,176 - 13:17:42.041; 57; 0; 751504; 184952205317600; 1740053862041943100; 59175400; 1740053862148805200; None; None; Class ID: 0, Confidence: 0.69, BBox: (219, 170, 284, 310)
Class ID: 2, Confidence: 0.69, BBox: (282, 192, 438, 253)
Class ID: 1, Confidence: 0.54, BBox: (133, 227, 296, 345); 222
2025-02-20 13:17:42,312 - 13:17:42.178; 58; 0; 751504; 184952205317600; 1740053862178999300; 66577900; 1740053862283493100; None; None; Class ID: 0, Confidence: 0.69, BBox: (219, 170, 284, 310)
Class ID: 2, Confidence: 0.69, BBox: (282, 192, 438, 253)
Class ID: 1, Confidence: 0.54, BBox: (133, 227, 296, 345); 222
2025-02-20 13:17:42,453 - 13:17:42.313; 59; 0; 751504; 184952205317600; 1740053862313791600; 63258800; 1740053862423539000; None; None; Class ID: 0, Confidence: 0.69, BBox: (219, 170, 284, 310)
Class ID: 2, Confidence: 0.69, BBox: (282, 192, 438, 253)
Class ID: 1, Confidence: 0.54, BBox: (133, 227, 296, 345); 222
2025-02-20 13:17:42,588 - 13:17:42.454; 60; 0; 751504; 184952205317600; 1740053862454585300; 57419400; 1740053862557254000; None; None; Class ID: 0, Confidence: 0.69, BBox: (219, 170, 284, 310)
Class ID: 2, Confidence: 0.69, BBox: (282, 192, 438, 253)
Class ID: 1, Confidence: 0.54, BBox: (133, 227, 296, 345); 222
2025-02-20 13:17:42,734 - 13:17:42.588; 61; 0; 751504; 184952205317600; 1740053862588836600; 64955800; 1740053862702181300; None; None; Class ID: 0, Confidence: 0.69, BBox: (219, 170, 284, 310)
Class ID: 2, Confidence: 0.69, BBox: (282, 192, 438, 253)
Class ID: 1, Confidence: 0.54, BBox: (133, 227, 296, 345); 222
2025-02-20 13:17:42,872 - 13:17:42.734; 62; 0; 751504; 184952205317600; 1740053862734986400; 62480800; 1740053862840306500; None; None; Class ID: 0, Confidence: 0.69, BBox: (219, 170, 284, 310)
Class ID: 2, Confidence: 0.69, BBox: (282, 192, 438, 253)
Class ID: 1, Confidence: 0.54, BBox: (133, 227, 296, 345); 222
2025-02-20 13:17:43,010 - 13:17:42.872; 63; 0; 751504; 184952205317600; 1740053862872847000; 58830700; 1740053862978110400; None; None; Class ID: 0, Confidence: 0.69, BBox: (219, 170, 284, 310)
Class ID: 2, Confidence: 0.69, BBox: (282, 192, 438, 253)
Class ID: 1, Confidence: 0.54, BBox: (133, 227, 296, 345); 222
2025-02-20 13:17:43,146 - 13:17:43.011; 64; 0; 751504; 184952205317600; 1740053863011912600; 60828800; 1740053863116784800; None; None; Class ID: 0, Confidence: 0.69, BBox: (219, 170, 284, 310)
Class ID: 2, Confidence: 0.69, BBox: (282, 192, 438, 253)
Class ID: 1, Confidence: 0.54, BBox: (133, 227, 296, 345); 222
2025-02-20 13:17:43,286 - 13:17:43.148; 65; 0; 751504; 184952205317600; 1740053863148257600; 63026900; 1740053863254824900; None; None; Class ID: 0, Confidence: 0.69, BBox: (219, 170, 284, 310)
Class ID: 2, Confidence: 0.69, BBox: (282, 192, 438, 253)
Class ID: 1, Confidence: 0.54, BBox: (133, 227, 296, 345); 222
2025-02-20 13:17:43,438 - 13:17:43.287; 66; 0; 751504; 184952205317600; 1740053863287209100; 71140300; 1740053863403394500; None; None; Class ID: 0, Confidence: 0.69, BBox: (219, 170, 284, 310)
Class ID: 2, Confidence: 0.69, BBox: (282, 192, 438, 253)
Class ID: 1, Confidence: 0.54, BBox: (133, 227, 296, 345); 222
2025-02-20 13:17:43,576 - 13:17:43.439; 67; 0; 751504; 184952205317600; 1740053863439311400; 60147500; 1740053863544107100; None; None; Class ID: 0, Confidence: 0.69, BBox: (219, 170, 284, 310)
Class ID: 2, Confidence: 0.69, BBox: (282, 192, 438, 253)
Class ID: 1, Confidence: 0.54, BBox: (133, 227, 296, 345); 222
2025-02-20 13:17:43,710 - 13:17:43.577; 68; 0; 751504; 184952205317600; 1740053863577241000; 56426900; 1740053863681940200; None; None; Class ID: 0, Confidence: 0.69, BBox: (219, 170, 284, 310)
Class ID: 2, Confidence: 0.69, BBox: (282, 192, 438, 253)
Class ID: 1, Confidence: 0.54, BBox: (133, 227, 296, 345); 222
2025-02-20 13:17:43,887 - 13:17:43.712; 69; 0; 751504; 184952205317600; 1740053863712573600; 62707000; 1740053863821472400; None; None; Class ID: 0, Confidence: 0.69, BBox: (219, 170, 284, 310)
Class ID: 2, Confidence: 0.69, BBox: (282, 192, 438, 253)
Class ID: 1, Confidence: 0.54, BBox: (133, 227, 296, 345); 222
2025-02-20 13:17:44,027 - 13:17:43.887; 70; 0; 751504; 184952205317600; 1740053863887968000; 59072700; 1740053863996017900; None; None; Class ID: 0, Confidence: 0.69, BBox: (219, 170, 284, 310)
Class ID: 2, Confidence: 0.69, BBox: (282, 192, 438, 253)
Class ID: 1, Confidence: 0.54, BBox: (133, 227, 296, 345); 222
2025-02-20 13:17:44,170 - 13:17:44.029; 71; 0; 751504; 184952205317600; 1740053864029064900; 61122900; 1740053864138202900; None; None; Class ID: 0, Confidence: 0.69, BBox: (219, 170, 284, 310)
Class ID: 2, Confidence: 0.69, BBox: (282, 192, 438, 253)
Class ID: 1, Confidence: 0.54, BBox: (133, 227, 296, 345); 222
2025-02-20 13:17:44,309 - 13:17:44.171; 72; 0; 751504; 184952205317600; 1740053864171370900; 61162600; 1740053864277352100; None; None; Class ID: 0, Confidence: 0.69, BBox: (219, 170, 284, 310)
Class ID: 2, Confidence: 0.69, BBox: (282, 192, 438, 253)
Class ID: 1, Confidence: 0.54, BBox: (133, 227, 296, 345); 222
2025-02-20 13:17:44,446 - 13:17:44.309; 73; 0; 751504; 184952205317600; 1740053864309468200; 61763300; 1740053864416332000; None; None; Class ID: 0, Confidence: 0.69, BBox: (219, 170, 284, 310)
Class ID: 2, Confidence: 0.69, BBox: (282, 192, 438, 253)
Class ID: 1, Confidence: 0.54, BBox: (133, 227, 296, 345); 222
2025-02-20 13:17:44,596 - 13:17:44.448; 74; 0; 751504; 184952205317600; 1740053864448155900; 66365600; 1740053864560183000; None; None; Class ID: 0, Confidence: 0.69, BBox: (219, 170, 284, 310)
Class ID: 2, Confidence: 0.69, BBox: (282, 192, 438, 253)
Class ID: 1, Confidence: 0.54, BBox: (133, 227, 296, 345); 222
2025-02-20 13:17:44,735 - 13:17:44.596; 75; 0; 751504; 184952205317600; 1740053864596663400; 61210400; 1740053864704703900; None; None; Class ID: 0, Confidence: 0.69, BBox: (219, 170, 284, 310)
Class ID: 2, Confidence: 0.69, BBox: (282, 192, 438, 253)
Class ID: 1, Confidence: 0.54, BBox: (133, 227, 296, 345); 222
2025-02-20 13:17:44,872 - 13:17:44.736; 76; 0; 751504; 184952205317600; 1740053864736616800; 62600100; 1740053864841929800; None; None; Class ID: 0, Confidence: 0.69, BBox: (219, 170, 284, 310)
Class ID: 2, Confidence: 0.69, BBox: (282, 192, 438, 253)
Class ID: 1, Confidence: 0.54, BBox: (133, 227, 296, 345); 222
2025-02-20 13:17:45,009 - 13:17:44.872; 77; 0; 751504; 184952205317600; 1740053864872475700; 60176000; 1740053864979245700; None; None; Class ID: 0, Confidence: 0.69, BBox: (219, 170, 284, 310)
Class ID: 2, Confidence: 0.69, BBox: (282, 192, 438, 253)
Class ID: 1, Confidence: 0.54, BBox: (133, 227, 296, 345); 222
2025-02-20 13:17:45,145 - 13:17:45.011; 78; 0; 751504; 184952205317600; 1740053865011369700; 58576400; 1740053865115806500; None; None; Class ID: 0, Confidence: 0.69, BBox: (219, 170, 284, 310)
Class ID: 2, Confidence: 0.69, BBox: (282, 192, 438, 253)
Class ID: 1, Confidence: 0.54, BBox: (133, 227, 296, 345); 222
2025-02-20 13:17:45,288 - 13:17:45.147; 79; 0; 751504; 184952205317600; 1740053865147414100; 59950300; 1740053865254469600; None; None; Class ID: 0, Confidence: 0.69, BBox: (219, 170, 284, 310)
Class ID: 2, Confidence: 0.69, BBox: (282, 192, 438, 253)
Class ID: 1, Confidence: 0.54, BBox: (133, 227, 296, 345); 222
2025-02-20 13:17:45,426 - 13:17:45.288; 80; 0; 751504; 184952205317600; 1740053865288652500; 57899000; 1740053865393876700; None; None; Class ID: 0, Confidence: 0.69, BBox: (219, 170, 284, 310)
Class ID: 2, Confidence: 0.69, BBox: (282, 192, 438, 253)
Class ID: 1, Confidence: 0.54, BBox: (133, 227, 296, 345); 222
2025-02-20 13:17:45,569 - 13:17:45.427; 81; 0; 751504; 184952205317600; 1740053865427811400; 63261700; 1740053865535810200; None; None; Class ID: 0, Confidence: 0.69, BBox: (219, 170, 284, 310)
Class ID: 2, Confidence: 0.69, BBox: (282, 192, 438, 253)
Class ID: 1, Confidence: 0.54, BBox: (133, 227, 296, 345); 222
2025-02-20 13:17:45,720 - 13:17:45.570; 82; 0; 751504; 184952205317600; 1740053865570416600; 66471400; 1740053865688961600; None; None; Class ID: 0, Confidence: 0.69, BBox: (219, 170, 284, 310)
Class ID: 2, Confidence: 0.69, BBox: (282, 192, 438, 253)
Class ID: 1, Confidence: 0.54, BBox: (133, 227, 296, 345); 222
2025-02-20 13:17:45,858 - 13:17:45.720; 83; 0; 751504; 184952205317600; 1740053865720366000; 63444700; 1740053865829216500; None; None; Class ID: 0, Confidence: 0.69, BBox: (219, 170, 284, 310)
Class ID: 2, Confidence: 0.69, BBox: (282, 192, 438, 253)
Class ID: 1, Confidence: 0.54, BBox: (133, 227, 296, 345); 222
2025-02-20 13:17:45,995 - 13:17:45.859; 84; 0; 751504; 184952205317600; 1740053865859663900; 59718200; 1740053865963922800; None; None; Class ID: 0, Confidence: 0.69, BBox: (219, 170, 284, 310)
Class ID: 2, Confidence: 0.69, BBox: (282, 192, 438, 253)
Class ID: 1, Confidence: 0.54, BBox: (133, 227, 296, 345); 222
2025-02-20 13:17:46,131 - 13:17:45.995; 85; 0; 751504; 184952205317600; 1740053865995019800; 60415800; 1740053866100101900; None; None; Class ID: 0, Confidence: 0.69, BBox: (219, 170, 284, 310)
Class ID: 2, Confidence: 0.69, BBox: (282, 192, 438, 253)
Class ID: 1, Confidence: 0.54, BBox: (133, 227, 296, 345); 222
2025-02-20 13:17:46,271 - 13:17:46.132; 86; 0; 751504; 184952205317600; 1740053866133216900; 60593600; 1740053866241974500; None; None; Class ID: 0, Confidence: 0.69, BBox: (219, 170, 284, 310)
Class ID: 2, Confidence: 0.69, BBox: (282, 192, 438, 253)
Class ID: 1, Confidence: 0.54, BBox: (133, 227, 296, 345); 222
2025-02-20 13:17:46,410 - 13:17:46.274; 87; 0; 751504; 184952205317600; 1740053866274416300; 58530800; 1740053866377669800; None; None; Class ID: 0, Confidence: 0.69, BBox: (219, 170, 284, 310)
Class ID: 2, Confidence: 0.69, BBox: (282, 192, 438, 253)
Class ID: 1, Confidence: 0.54, BBox: (133, 227, 296, 345); 222
2025-02-20 13:17:46,553 - 13:17:46.411; 88; 0; 751504; 184952205317600; 1740053866411243700; 61403500; 1740053866521165400; None; None; Class ID: 0, Confidence: 0.69, BBox: (219, 170, 284, 310)
Class ID: 2, Confidence: 0.69, BBox: (282, 192, 438, 253)
Class ID: 1, Confidence: 0.54, BBox: (133, 227, 296, 345); 222
2025-02-20 13:17:46,689 - 13:17:46.554; 89; 0; 751504; 184952205317600; 1740053866554229000; 59952300; 1740053866658207500; None; None; Class ID: 0, Confidence: 0.69, BBox: (219, 170, 284, 310)
Class ID: 2, Confidence: 0.69, BBox: (282, 192, 438, 253)
Class ID: 1, Confidence: 0.54, BBox: (133, 227, 296, 345); 222
2025-02-20 13:17:46,838 - 13:17:46.689; 90; 0; 751504; 184952205317600; 1740053866689215700; 72443900; 1740053866807877000; None; None; Class ID: 0, Confidence: 0.69, BBox: (219, 170, 284, 310)
Class ID: 2, Confidence: 0.69, BBox: (282, 192, 438, 253)
Class ID: 1, Confidence: 0.54, BBox: (133, 227, 296, 345); 222
2025-02-20 13:17:46,976 - 13:17:46.838; 91; 0; 751504; 184952205317600; 1740053866838838300; 59642100; 1740053866946072300; None; None; Class ID: 0, Confidence: 0.69, BBox: (219, 170, 284, 310)
Class ID: 2, Confidence: 0.69, BBox: (282, 192, 438, 253)
Class ID: 1, Confidence: 0.54, BBox: (133, 227, 296, 345); 222
2025-02-20 13:17:47,142 - 13:17:46.978; 92; 0; 751504; 184952205317600; 1740053866978039100; 87216900; 1740053867111591500; None; None; Class ID: 0, Confidence: 0.69, BBox: (219, 170, 284, 310)
Class ID: 2, Confidence: 0.69, BBox: (282, 192, 438, 253)
Class ID: 1, Confidence: 0.54, BBox: (133, 227, 296, 345); 222
2025-02-20 13:17:47,284 - 13:17:47.146; 93; 0; 751504; 184952205317600; 1740053867146095400; 60621400; 1740053867254100700; None; None; Class ID: 0, Confidence: 0.69, BBox: (219, 170, 284, 310)
Class ID: 2, Confidence: 0.69, BBox: (282, 192, 438, 253)
Class ID: 1, Confidence: 0.54, BBox: (133, 227, 296, 345); 222
2025-02-20 13:17:47,421 - 13:17:47.285; 94; 0; 751504; 184952205317600; 1740053867285734000; 59087200; 1740053867391567600; None; None; Class ID: 0, Confidence: 0.69, BBox: (219, 170, 284, 310)
Class ID: 2, Confidence: 0.69, BBox: (282, 192, 438, 253)
Class ID: 1, Confidence: 0.54, BBox: (133, 227, 296, 345); 222
2025-02-20 13:17:47,557 - 13:17:47.421; 95; 0; 751504; 184952205317600; 1740053867421505900; 58022900; 1740053867525297500; None; None; Class ID: 0, Confidence: 0.69, BBox: (219, 170, 284, 310)
Class ID: 2, Confidence: 0.69, BBox: (282, 192, 438, 253)
Class ID: 1, Confidence: 0.54, BBox: (133, 227, 296, 345); 222
2025-02-20 13:17:47,692 - 13:17:47.557; 96; 0; 751504; 184952205317600; 1740053867557845300; 60652800; 1740053867662648500; None; None; Class ID: 0, Confidence: 0.69, BBox: (219, 170, 284, 310)
Class ID: 2, Confidence: 0.69, BBox: (282, 192, 438, 253)
Class ID: 1, Confidence: 0.54, BBox: (133, 227, 296, 345); 222
2025-02-20 13:17:47,829 - 13:17:47.694; 97; 0; 751504; 184952205317600; 1740053867694620700; 61017100; 1740053867799347800; None; None; Class ID: 0, Confidence: 0.69, BBox: (219, 170, 284, 310)
Class ID: 2, Confidence: 0.69, BBox: (282, 192, 438, 253)
Class ID: 1, Confidence: 0.54, BBox: (133, 227, 296, 345); 222
2025-02-20 13:17:47,975 - 13:17:47.831; 98; 0; 751504; 184952205317600; 1740053867832049800; 60999600; 1740053867942570400; None; None; Class ID: 0, Confidence: 0.69, BBox: (219, 170, 284, 310)
Class ID: 2, Confidence: 0.69, BBox: (282, 192, 438, 253)
Class ID: 1, Confidence: 0.54, BBox: (133, 227, 296, 345); 222
2025-02-20 13:17:48,114 - 13:17:47.976; 99; 0; 751504; 184952205317600; 1740053867976527900; 62018100; 1740053868084891900; None; None; Class ID: 0, Confidence: 0.69, BBox: (219, 170, 284, 310)
Class ID: 2, Confidence: 0.69, BBox: (282, 192, 438, 253)
Class ID: 1, Confidence: 0.54, BBox: (133, 227, 296, 345); 222
2025-02-20 13:17:48,259 - 13:17:48.115; 100; 0; 751504; 184952205317600; 1740053868115725200; 68575000; 1740053868228757700; None; None; Class ID: 0, Confidence: 0.69, BBox: (219, 170, 284, 310)
Class ID: 2, Confidence: 0.69, BBox: (282, 192, 438, 253)
Class ID: 1, Confidence: 0.54, BBox: (133, 227, 296, 345); 222
2025-03-12 20:14:07,706 - log_time: 2025-03-12 20:14:07.706428; iteration: 0; error: [WinError 10013] An attempt was made to access a socket in a way forbidden by its access permissions
2025-03-12 20:14:09,723 - log_time: 2025-03-12 20:14:09.723751; iteration: 0; error: [WinError 10013] An attempt was made to access a socket in a way forbidden by its access permissions
2025-03-12 20:14:11,741 - log_time: 2025-03-12 20:14:11.741806; iteration: 0; error: [WinError 10013] An attempt was made to access a socket in a way forbidden by its access permissions
2025-03-12 20:14:13,747 - log_time: 2025-03-12 20:14:13.747453; iteration: 0; error: [WinError 10013] An attempt was made to access a socket in a way forbidden by its access permissions
2025-03-12 20:14:15,773 - log_time: 2025-03-12 20:14:15.773392; iteration: 0; error: [WinError 10013] An attempt was made to access a socket in a way forbidden by its access permissions
2025-03-12 20:14:17,793 - log_time: 2025-03-12 20:14:17.793502; iteration: 0; error: [WinError 10013] An attempt was made to access a socket in a way forbidden by its access permissions
2025-03-12 20:14:19,821 - log_time: 2025-03-12 20:14:19.821265; iteration: 0; error: [WinError 10013] An attempt was made to access a socket in a way forbidden by its access permissions
2025-03-12 20:14:21,846 - log_time: 2025-03-12 20:14:21.846763; iteration: 0; error: [WinError 10013] An attempt was made to access a socket in a way forbidden by its access permissions
2025-03-12 20:14:23,858 - log_time: 2025-03-12 20:14:23.857938; iteration: 0; error: [WinError 10013] An attempt was made to access a socket in a way forbidden by its access permissions
2025-03-12 20:14:25,882 - log_time: 2025-03-12 20:14:25.881426; iteration: 0; error: [WinError 10013] An attempt was made to access a socket in a way forbidden by its access permissions
2025-03-12 20:14:27,900 - log_time: 2025-03-12 20:14:27.900810; iteration: 0; error: [WinError 10013] An attempt was made to access a socket in a way forbidden by its access permissions
2025-03-12 20:14:29,933 - log_time: 2025-03-12 20:14:29.932177; iteration: 0; error: [WinError 10013] An attempt was made to access a socket in a way forbidden by its access permissions
2025-03-12 20:14:31,960 - log_time: 2025-03-12 20:14:31.960038; iteration: 0; error: [WinError 10013] An attempt was made to access a socket in a way forbidden by its access permissions
2025-03-12 20:14:33,989 - log_time: 2025-03-12 20:14:33.989513; iteration: 0; error: [WinError 10013] An attempt was made to access a socket in a way forbidden by its access permissions
2025-03-12 20:14:36,018 - log_time: 2025-03-12 20:14:36.018254; iteration: 0; error: [WinError 10013] An attempt was made to access a socket in a way forbidden by its access permissions
2025-03-12 20:14:38,050 - log_time: 2025-03-12 20:14:38.050180; iteration: 0; error: [WinError 10013] An attempt was made to access a socket in a way forbidden by its access permissions
2025-03-12 20:14:40,068 - log_time: 2025-03-12 20:14:40.068662; iteration: 0; error: [WinError 10013] An attempt was made to access a socket in a way forbidden by its access permissions
2025-03-12 20:14:42,090 - log_time: 2025-03-12 20:14:42.090332; iteration: 0; error: [WinError 10013] An attempt was made to access a socket in a way forbidden by its access permissions
2025-03-12 20:14:44,118 - log_time: 2025-03-12 20:14:44.118999; iteration: 0; error: [WinError 10013] An attempt was made to access a socket in a way forbidden by its access permissions
2025-03-12 20:14:46,131 - log_time: 2025-03-12 20:14:46.131262; iteration: 0; error: [WinError 10013] An attempt was made to access a socket in a way forbidden by its access permissions
2025-03-12 20:14:48,159 - log_time: 2025-03-12 20:14:48.159514; iteration: 0; error: [WinError 10013] An attempt was made to access a socket in a way forbidden by its access permissions
2025-03-12 20:14:50,175 - log_time: 2025-03-12 20:14:50.175683; iteration: 0; error: [WinError 10013] An attempt was made to access a socket in a way forbidden by its access permissions
2025-03-12 20:14:52,180 - log_time: 2025-03-12 20:14:52.180982; iteration: 0; error: [WinError 10013] An attempt was made to access a socket in a way forbidden by its access permissions
2025-03-12 20:14:54,196 - log_time: 2025-03-12 20:14:54.196916; iteration: 0; error: [WinError 10013] An attempt was made to access a socket in a way forbidden by its access permissions
2025-03-12 20:14:56,213 - log_time: 2025-03-12 20:14:56.213697; iteration: 0; error: [WinError 10013] An attempt was made to access a socket in a way forbidden by its access permissions
2025-03-12 20:14:58,231 - log_time: 2025-03-12 20:14:58.231712; iteration: 0; error: [WinError 10013] An attempt was made to access a socket in a way forbidden by its access permissions
2025-03-12 20:15:25,401 - log_time: 2025-03-12 20:15:25.398005; iteration: 0; error: [WinError 10013] An attempt was made to access a socket in a way forbidden by its access permissions
2025-03-12 20:15:27,431 - log_time: 2025-03-12 20:15:27.431621; iteration: 0; error: [WinError 10013] An attempt was made to access a socket in a way forbidden by its access permissions
2025-03-12 20:15:29,455 - log_time: 2025-03-12 20:15:29.455141; iteration: 0; error: [WinError 10013] An attempt was made to access a socket in a way forbidden by its access permissions
2025-03-12 20:15:31,458 - log_time: 2025-03-12 20:15:31.455677; iteration: 0; error: [WinError 10013] An attempt was made to access a socket in a way forbidden by its access permissions
2025-03-12 20:15:33,487 - log_time: 2025-03-12 20:15:33.487041; iteration: 0; error: [WinError 10013] An attempt was made to access a socket in a way forbidden by its access permissions
2025-03-12 20:15:35,498 - log_time: 2025-03-12 20:15:35.498060; iteration: 0; error: [WinError 10013] An attempt was made to access a socket in a way forbidden by its access permissions
2025-03-12 20:15:37,518 - log_time: 2025-03-12 20:15:37.518987; iteration: 0; error: [WinError 10013] An attempt was made to access a socket in a way forbidden by its access permissions
2025-03-12 20:15:39,522 - log_time: 2025-03-12 20:15:39.521300; iteration: 0; error: [WinError 10013] An attempt was made to access a socket in a way forbidden by its access permissions
2025-03-12 20:15:41,553 - log_time: 2025-03-12 20:15:41.551937; iteration: 0; error: [WinError 10013] An attempt was made to access a socket in a way forbidden by its access permissions
2025-03-12 20:15:43,575 - log_time: 2025-03-12 20:15:43.575572; iteration: 0; error: [WinError 10013] An attempt was made to access a socket in a way forbidden by its access permissions
2025-03-12 20:15:45,596 - log_time: 2025-03-12 20:15:45.596039; iteration: 0; error: [WinError 10013] An attempt was made to access a socket in a way forbidden by its access permissions
2025-03-12 20:15:47,598 - log_time: 2025-03-12 20:15:47.598966; iteration: 0; error: [WinError 10013] An attempt was made to access a socket in a way forbidden by its access permissions
2025-03-12 20:15:49,609 - log_time: 2025-03-12 20:15:49.609799; iteration: 0; error: [WinError 10013] An attempt was made to access a socket in a way forbidden by its access permissions
2025-03-12 20:15:51,632 - log_time: 2025-03-12 20:15:51.632742; iteration: 0; error: [WinError 10013] An attempt was made to access a socket in a way forbidden by its access permissions
2025-03-12 20:15:53,655 - log_time: 2025-03-12 20:15:53.655726; iteration: 0; error: [WinError 10013] An attempt was made to access a socket in a way forbidden by its access permissions
2025-03-12 20:15:55,676 - log_time: 2025-03-12 20:15:55.676917; iteration: 0; error: [WinError 10013] An attempt was made to access a socket in a way forbidden by its access permissions
2025-03-12 20:15:57,698 - log_time: 2025-03-12 20:15:57.698229; iteration: 0; error: [WinError 10013] An attempt was made to access a socket in a way forbidden by its access permissions
2025-03-12 20:15:59,718 - log_time: 2025-03-12 20:15:59.718473; iteration: 0; error: [WinError 10013] An attempt was made to access a socket in a way forbidden by its access permissions
2025-03-12 20:16:01,720 - log_time: 2025-03-12 20:16:01.720704; iteration: 0; error: [WinError 10013] An attempt was made to access a socket in a way forbidden by its access permissions
2025-03-12 20:16:03,737 - log_time: 2025-03-12 20:16:03.734914; iteration: 0; error: [WinError 10013] An attempt was made to access a socket in a way forbidden by its access permissions
2025-03-12 20:16:05,756 - log_time: 2025-03-12 20:16:05.756699; iteration: 0; error: [WinError 10013] An attempt was made to access a socket in a way forbidden by its access permissions
2025-03-12 20:16:07,786 - log_time: 2025-03-12 20:16:07.786189; iteration: 0; error: [WinError 10013] An attempt was made to access a socket in a way forbidden by its access permissions
2025-03-12 20:16:09,808 - log_time: 2025-03-12 20:16:09.808735; iteration: 0; error: [WinError 10013] An attempt was made to access a socket in a way forbidden by its access permissions
2025-03-12 20:16:11,815 - log_time: 2025-03-12 20:16:11.815161; iteration: 0; error: [WinError 10013] An attempt was made to access a socket in a way forbidden by its access permissions
2025-03-12 20:16:13,834 - log_time: 2025-03-12 20:16:13.834841; iteration: 0; error: [WinError 10013] An attempt was made to access a socket in a way forbidden by its access permissions
2025-03-12 20:16:15,859 - log_time: 2025-03-12 20:16:15.859614; iteration: 0; error: [WinError 10013] An attempt was made to access a socket in a way forbidden by its access permissions
2025-03-12 20:16:17,887 - log_time: 2025-03-12 20:16:17.887836; iteration: 0; error: [WinError 10013] An attempt was made to access a socket in a way forbidden by its access permissions
2025-03-12 20:16:19,913 - log_time: 2025-03-12 20:16:19.913608; iteration: 0; error: [WinError 10013] An attempt was made to access a socket in a way forbidden by its access permissions
2025-03-12 20:16:21,922 - log_time: 2025-03-12 20:16:21.922525; iteration: 0; error: [WinError 10013] An attempt was made to access a socket in a way forbidden by its access permissions
2025-03-12 20:16:23,945 - log_time: 2025-03-12 20:16:23.945897; iteration: 0; error: [WinError 10013] An attempt was made to access a socket in a way forbidden by its access permissions
2025-03-12 20:16:25,973 - log_time: 2025-03-12 20:16:25.973597; iteration: 0; error: [WinError 10013] An attempt was made to access a socket in a way forbidden by its access permissions
2025-03-12 20:16:27,991 - log_time: 2025-03-12 20:16:27.991576; iteration: 0; error: [WinError 10013] An attempt was made to access a socket in a way forbidden by its access permissions
2025-03-12 20:16:30,014 - log_time: 2025-03-12 20:16:30.013982; iteration: 0; error: [WinError 10013] An attempt was made to access a socket in a way forbidden by its access permissions
2025-03-12 20:16:32,042 - log_time: 2025-03-12 20:16:32.042673; iteration: 0; error: [WinError 10013] An attempt was made to access a socket in a way forbidden by its access permissions
2025-03-12 20:16:34,050 - log_time: 2025-03-12 20:16:34.050167; iteration: 0; error: [WinError 10013] An attempt was made to access a socket in a way forbidden by its access permissions
2025-03-12 20:16:36,070 - log_time: 2025-03-12 20:16:36.070713; iteration: 0; error: [WinError 10013] An attempt was made to access a socket in a way forbidden by its access permissions
2025-03-12 20:18:03,070 - log_time: 2025-03-12 20:18:03.070930; iteration: 0; error: [WinError 10013] An attempt was made to access a socket in a way forbidden by its access permissions
2025-03-12 20:18:05,081 - log_time: 2025-03-12 20:18:05.081452; iteration: 0; error: [WinError 10013] An attempt was made to access a socket in a way forbidden by its access permissions
2025-03-12 20:18:07,101 - log_time: 2025-03-12 20:18:07.101351; iteration: 0; error: [WinError 10013] An attempt was made to access a socket in a way forbidden by its access permissions
2025-03-12 20:18:09,118 - log_time: 2025-03-12 20:18:09.117960; iteration: 0; error: [WinError 10013] An attempt was made to access a socket in a way forbidden by its access permissions
2025-03-12 20:18:11,137 - log_time: 2025-03-12 20:18:11.137932; iteration: 0; error: [WinError 10013] An attempt was made to access a socket in a way forbidden by its access permissions
2025-03-12 20:18:13,151 - log_time: 2025-03-12 20:18:13.151052; iteration: 0; error: [WinError 10013] An attempt was made to access a socket in a way forbidden by its access permissions
2025-03-12 20:18:15,176 - log_time: 2025-03-12 20:18:15.176782; iteration: 0; error: [WinError 10013] An attempt was made to access a socket in a way forbidden by its access permissions
2025-03-12 20:18:17,203 - log_time: 2025-03-12 20:18:17.203191; iteration: 0; error: [WinError 10013] An attempt was made to access a socket in a way forbidden by its access permissions
2025-03-12 20:18:19,234 - log_time: 2025-03-12 20:18:19.234046; iteration: 0; error: [WinError 10013] An attempt was made to access a socket in a way forbidden by its access permissions
2025-03-12 20:18:21,251 - log_time: 2025-03-12 20:18:21.251004; iteration: 0; error: [WinError 10013] An attempt was made to access a socket in a way forbidden by its access permissions
2025-03-12 20:18:23,270 - log_time: 2025-03-12 20:18:23.270177; iteration: 0; error: [WinError 10013] An attempt was made to access a socket in a way forbidden by its access permissions
2025-03-12 20:18:25,291 - log_time: 2025-03-12 20:18:25.291400; iteration: 0; error: [WinError 10013] An attempt was made to access a socket in a way forbidden by its access permissions
2025-03-12 20:18:27,309 - log_time: 2025-03-12 20:18:27.309268; iteration: 0; error: [WinError 10013] An attempt was made to access a socket in a way forbidden by its access permissions
2025-03-12 20:18:29,340 - log_time: 2025-03-12 20:18:29.340806; iteration: 0; error: [WinError 10013] An attempt was made to access a socket in a way forbidden by its access permissions
2025-03-12 20:18:31,372 - log_time: 2025-03-12 20:18:31.372531; iteration: 0; error: [WinError 10013] An attempt was made to access a socket in a way forbidden by its access permissions
2025-03-12 20:18:33,403 - log_time: 2025-03-12 20:18:33.403984; iteration: 0; error: [WinError 10013] An attempt was made to access a socket in a way forbidden by its access permissions
2025-03-12 20:18:35,421 - log_time: 2025-03-12 20:18:35.421793; iteration: 0; error: [WinError 10013] An attempt was made to access a socket in a way forbidden by its access permissions
2025-03-12 20:18:37,441 - log_time: 2025-03-12 20:18:37.441799; iteration: 0; error: [WinError 10013] An attempt was made to access a socket in a way forbidden by its access permissions
2025-03-12 20:18:39,471 - log_time: 2025-03-12 20:18:39.471229; iteration: 0; error: [WinError 10013] An attempt was made to access a socket in a way forbidden by its access permissions
2025-03-12 20:18:41,481 - log_time: 2025-03-12 20:18:41.481887; iteration: 0; error: [WinError 10013] An attempt was made to access a socket in a way forbidden by its access permissions
2025-03-12 20:18:43,500 - log_time: 2025-03-12 20:18:43.500761; iteration: 0; error: [WinError 10013] An attempt was made to access a socket in a way forbidden by its access permissions
2025-03-12 20:18:45,513 - log_time: 2025-03-12 20:18:45.513991; iteration: 0; error: [WinError 10013] An attempt was made to access a socket in a way forbidden by its access permissions
2025-03-12 20:18:47,540 - log_time: 2025-03-12 20:18:47.540431; iteration: 0; error: [WinError 10013] An attempt was made to access a socket in a way forbidden by its access permissions
2025-03-12 20:18:49,559 - log_time: 2025-03-12 20:18:49.559817; iteration: 0; error: [WinError 10013] An attempt was made to access a socket in a way forbidden by its access permissions
2025-03-12 20:18:51,564 - log_time: 2025-03-12 20:18:51.564881; iteration: 0; error: [WinError 10013] An attempt was made to access a socket in a way forbidden by its access permissions
2025-03-12 20:18:53,580 - log_time: 2025-03-12 20:18:53.579150; iteration: 0; error: [WinError 10013] An attempt was made to access a socket in a way forbidden by its access permissions
2025-03-12 20:18:55,584 - log_time: 2025-03-12 20:18:55.584097; iteration: 0; error: [WinError 10013] An attempt was made to access a socket in a way forbidden by its access permissions
2025-03-12 20:18:57,603 - log_time: 2025-03-12 20:18:57.603914; iteration: 0; error: [WinError 10013] An attempt was made to access a socket in a way forbidden by its access permissions
2025-03-12 20:18:59,624 - log_time: 2025-03-12 20:18:59.624601; iteration: 0; error: [WinError 10013] An attempt was made to access a socket in a way forbidden by its access permissions
2025-03-12 20:19:01,645 - log_time: 2025-03-12 20:19:01.645093; iteration: 0; error: [WinError 10013] An attempt was made to access a socket in a way forbidden by its access permissions
2025-03-12 20:19:03,664 - log_time: 2025-03-12 20:19:03.662852; iteration: 0; error: [WinError 10013] An attempt was made to access a socket in a way forbidden by its access permissions
2025-03-12 20:19:05,696 - log_time: 2025-03-12 20:19:05.696991; iteration: 0; error: [WinError 10013] An attempt was made to access a socket in a way forbidden by its access permissions
2025-03-12 20:19:07,719 - log_time: 2025-03-12 20:19:07.719549; iteration: 0; error: [WinError 10013] An attempt was made to access a socket in a way forbidden by its access permissions
2025-03-12 20:19:09,733 - log_time: 2025-03-12 20:19:09.733806; iteration: 0; error: [WinError 10013] An attempt was made to access a socket in a way forbidden by its access permissions
2025-03-12 20:19:11,753 - log_time: 2025-03-12 20:19:11.753363; iteration: 0; error: [WinError 10013] An attempt was made to access a socket in a way forbidden by its access permissions
2025-03-12 20:19:13,780 - log_time: 2025-03-12 20:19:13.780289; iteration: 0; error: [WinError 10013] An attempt was made to access a socket in a way forbidden by its access permissions
2025-03-12 20:19:15,791 - log_time: 2025-03-12 20:19:15.791491; iteration: 0; error: [WinError 10013] An attempt was made to access a socket in a way forbidden by its access permissions
2025-03-12 20:19:17,815 - log_time: 2025-03-12 20:19:17.815346; iteration: 0; error: [WinError 10013] An attempt was made to access a socket in a way forbidden by its access permissions
2025-03-12 20:19:19,845 - log_time: 2025-03-12 20:19:19.845578; iteration: 0; error: [WinError 10013] An attempt was made to access a socket in a way forbidden by its access permissions
2025-03-12 20:19:21,877 - log_time: 2025-03-12 20:19:21.877650; iteration: 0; error: [WinError 10013] An attempt was made to access a socket in a way forbidden by its access permissions
2025-03-12 20:19:23,895 - log_time: 2025-03-12 20:19:23.895688; iteration: 0; error: [WinError 10013] An attempt was made to access a socket in a way forbidden by its access permissions
2025-03-12 20:19:25,925 - log_time: 2025-03-12 20:19:25.925992; iteration: 0; error: [WinError 10013] An attempt was made to access a socket in a way forbidden by its access permissions
2025-03-12 20:19:27,936 - log_time: 2025-03-12 20:19:27.936086; iteration: 0; error: [WinError 10013] An attempt was made to access a socket in a way forbidden by its access permissions
2025-03-12 20:19:29,937 - log_time: 2025-03-12 20:19:29.937050; iteration: 0; error: [WinError 10013] An attempt was made to access a socket in a way forbidden by its access permissions
2025-03-12 20:19:31,955 - log_time: 2025-03-12 20:19:31.955187; iteration: 0; error: [WinError 10013] An attempt was made to access a socket in a way forbidden by its access permissions
2025-03-12 20:19:33,958 - log_time: 2025-03-12 20:19:33.958918; iteration: 0; error: [WinError 10013] An attempt was made to access a socket in a way forbidden by its access permissions
2025-03-12 20:19:35,992 - log_time: 2025-03-12 20:19:35.992918; iteration: 0; error: [WinError 10013] An attempt was made to access a socket in a way forbidden by its access permissions
2025-03-12 20:19:37,994 - log_time: 2025-03-12 20:19:37.994011; iteration: 0; error: [WinError 10013] An attempt was made to access a socket in a way forbidden by its access permissions
2025-03-12 20:19:40,006 - log_time: 2025-03-12 20:19:40.006247; iteration: 0; error: [WinError 10013] An attempt was made to access a socket in a way forbidden by its access permissions
2025-03-12 20:19:42,028 - log_time: 2025-03-12 20:19:42.028237; iteration: 0; error: [WinError 10013] An attempt was made to access a socket in a way forbidden by its access permissions
2025-03-12 20:19:44,058 - log_time: 2025-03-12 20:19:44.057279; iteration: 0; error: [WinError 10013] An attempt was made to access a socket in a way forbidden by its access permissions
2025-03-12 20:19:46,074 - log_time: 2025-03-12 20:19:46.074638; iteration: 0; error: [WinError 10013] An attempt was made to access a socket in a way forbidden by its access permissions
2025-03-12 20:23:14,723 - log_time: 2025-03-12 20:23:14.722937; iteration: 0; error: [WinError 10013] An attempt was made to access a socket in a way forbidden by its access permissions
2025-03-12 20:23:16,753 - log_time: 2025-03-12 20:23:16.753478; iteration: 0; error: [WinError 10013] An attempt was made to access a socket in a way forbidden by its access permissions
2025-03-12 20:23:18,778 - log_time: 2025-03-12 20:23:18.778891; iteration: 0; error: [WinError 10013] An attempt was made to access a socket in a way forbidden by its access permissions
2025-03-12 20:23:20,803 - log_time: 2025-03-12 20:23:20.803471; iteration: 0; error: [WinError 10013] An attempt was made to access a socket in a way forbidden by its access permissions
2025-03-12 20:23:22,835 - log_time: 2025-03-12 20:23:22.835914; iteration: 0; error: [WinError 10013] An attempt was made to access a socket in a way forbidden by its access permissions
2025-03-12 20:23:24,836 - log_time: 2025-03-12 20:23:24.836279; iteration: 0; error: [WinError 10013] An attempt was made to access a socket in a way forbidden by its access permissions
2025-03-12 20:23:26,858 - log_time: 2025-03-12 20:23:26.858901; iteration: 0; error: [WinError 10013] An attempt was made to access a socket in a way forbidden by its access permissions
2025-03-12 20:23:28,862 - log_time: 2025-03-12 20:23:28.862388; iteration: 0; error: [WinError 10013] An attempt was made to access a socket in a way forbidden by its access permissions
2025-03-12 20:23:30,877 - log_time: 2025-03-12 20:23:30.877628; iteration: 0; error: [WinError 10013] An attempt was made to access a socket in a way forbidden by its access permissions
2025-03-12 20:23:32,900 - log_time: 2025-03-12 20:23:32.899176; iteration: 0; error: [WinError 10013] An attempt was made to access a socket in a way forbidden by its access permissions
2025-03-12 20:23:34,919 - log_time: 2025-03-12 20:23:34.919784; iteration: 0; error: [WinError 10013] An attempt was made to access a socket in a way forbidden by its access permissions
2025-03-12 20:23:36,944 - log_time: 2025-03-12 20:23:36.944685; iteration: 0; error: [WinError 10013] An attempt was made to access a socket in a way forbidden by its access permissions
2025-03-12 20:23:38,970 - log_time: 2025-03-12 20:23:38.970795; iteration: 0; error: [WinError 10013] An attempt was made to access a socket in a way forbidden by its access permissions
2025-03-12 20:23:40,975 - log_time: 2025-03-12 20:23:40.975411; iteration: 0; error: [WinError 10013] An attempt was made to access a socket in a way forbidden by its access permissions
2025-03-12 20:23:43,003 - log_time: 2025-03-12 20:23:43.003250; iteration: 0; error: [WinError 10013] An attempt was made to access a socket in a way forbidden by its access permissions
2025-03-12 20:23:45,022 - log_time: 2025-03-12 20:23:45.022556; iteration: 0; error: [WinError 10013] An attempt was made to access a socket in a way forbidden by its access permissions
2025-03-12 20:23:47,049 - log_time: 2025-03-12 20:23:47.048200; iteration: 0; error: [WinError 10013] An attempt was made to access a socket in a way forbidden by its access permissions
2025-03-12 20:23:49,059 - log_time: 2025-03-12 20:23:49.059499; iteration: 0; error: [WinError 10013] An attempt was made to access a socket in a way forbidden by its access permissions
2025-03-12 20:23:51,087 - log_time: 2025-03-12 20:23:51.087491; iteration: 0; error: [WinError 10013] An attempt was made to access a socket in a way forbidden by its access permissions
2025-03-12 20:23:53,097 - log_time: 2025-03-12 20:23:53.097595; iteration: 0; error: [WinError 10013] An attempt was made to access a socket in a way forbidden by its access permissions
2025-03-12 20:23:55,129 - log_time: 2025-03-12 20:23:55.129552; iteration: 0; error: [WinError 10013] An attempt was made to access a socket in a way forbidden by its access permissions
2025-03-12 20:23:57,151 - log_time: 2025-03-12 20:23:57.151101; iteration: 0; error: [WinError 10013] An attempt was made to access a socket in a way forbidden by its access permissions
2025-03-12 20:23:59,159 - log_time: 2025-03-12 20:23:59.159922; iteration: 0; error: [WinError 10013] An attempt was made to access a socket in a way forbidden by its access permissions
2025-03-12 20:24:01,176 - log_time: 2025-03-12 20:24:01.175720; iteration: 0; error: [WinError 10013] An attempt was made to access a socket in a way forbidden by its access permissions
2025-03-12 20:24:03,198 - log_time: 2025-03-12 20:24:03.198935; iteration: 0; error: [WinError 10013] An attempt was made to access a socket in a way forbidden by its access permissions
2025-03-12 20:24:05,220 - log_time: 2025-03-12 20:24:05.219001; iteration: 0; error: [WinError 10013] An attempt was made to access a socket in a way forbidden by its access permissions
2025-03-12 20:24:07,238 - log_time: 2025-03-12 20:24:07.238577; iteration: 0; error: [WinError 10013] An attempt was made to access a socket in a way forbidden by its access permissions
2025-03-12 20:24:09,254 - log_time: 2025-03-12 20:24:09.252925; iteration: 0; error: [WinError 10013] An attempt was made to access a socket in a way forbidden by its access permissions
2025-03-12 20:24:11,271 - log_time: 2025-03-12 20:24:11.271913; iteration: 0; error: [WinError 10013] An attempt was made to access a socket in a way forbidden by its access permissions
2025-03-12 20:24:13,294 - log_time: 2025-03-12 20:24:13.294503; iteration: 0; error: [WinError 10013] An attempt was made to access a socket in a way forbidden by its access permissions
2025-03-12 20:24:15,300 - log_time: 2025-03-12 20:24:15.300406; iteration: 0; error: [WinError 10013] An attempt was made to access a socket in a way forbidden by its access permissions
2025-03-12 20:24:17,303 - log_time: 2025-03-12 20:24:17.303891; iteration: 0; error: [WinError 10013] An attempt was made to access a socket in a way forbidden by its access permissions
2025-03-12 20:24:19,332 - log_time: 2025-03-12 20:24:19.332246; iteration: 0; error: [WinError 10013] An attempt was made to access a socket in a way forbidden by its access permissions
2025-03-12 20:24:21,349 - log_time: 2025-03-12 20:24:21.349194; iteration: 0; error: [WinError 10013] An attempt was made to access a socket in a way forbidden by its access permissions
2025-03-12 20:24:23,362 - log_time: 2025-03-12 20:24:23.360585; iteration: 0; error: [WinError 10013] An attempt was made to access a socket in a way forbidden by its access permissions
2025-03-12 20:24:25,382 - log_time: 2025-03-12 20:24:25.382531; iteration: 0; error: [WinError 10013] An attempt was made to access a socket in a way forbidden by its access permissions
2025-03-12 20:24:27,403 - log_time: 2025-03-12 20:24:27.403137; iteration: 0; error: [WinError 10013] An attempt was made to access a socket in a way forbidden by its access permissions
2025-03-12 20:24:29,426 - log_time: 2025-03-12 20:24:29.426927; iteration: 0; error: [WinError 10013] An attempt was made to access a socket in a way forbidden by its access permissions
2025-03-12 20:24:31,431 - log_time: 2025-03-12 20:24:31.431710; iteration: 0; error: [WinError 10013] An attempt was made to access a socket in a way forbidden by its access permissions
2025-03-12 20:24:33,456 - log_time: 2025-03-12 20:24:33.456891; iteration: 0; error: [WinError 10013] An attempt was made to access a socket in a way forbidden by its access permissions
2025-03-12 20:24:35,479 - log_time: 2025-03-12 20:24:35.479160; iteration: 0; error: [WinError 10013] An attempt was made to access a socket in a way forbidden by its access permissions
2025-03-12 20:24:37,510 - log_time: 2025-03-12 20:24:37.510850; iteration: 0; error: [WinError 10013] An attempt was made to access a socket in a way forbidden by its access permissions
2025-03-12 20:24:39,517 - log_time: 2025-03-12 20:24:39.517134; iteration: 0; error: [WinError 10013] An attempt was made to access a socket in a way forbidden by its access permissions
2025-03-12 20:24:41,535 - log_time: 2025-03-12 20:24:41.535380; iteration: 0; error: [WinError 10013] An attempt was made to access a socket in a way forbidden by its access permissions
2025-03-12 20:24:43,564 - log_time: 2025-03-12 20:24:43.564897; iteration: 0; error: [WinError 10013] An attempt was made to access a socket in a way forbidden by its access permissions
2025-03-12 20:24:45,593 - log_time: 2025-03-12 20:24:45.593074; iteration: 0; error: [WinError 10013] An attempt was made to access a socket in a way forbidden by its access permissions
2025-03-12 20:24:47,611 - log_time: 2025-03-12 20:24:47.611355; iteration: 0; error: [WinError 10013] An attempt was made to access a socket in a way forbidden by its access permissions
2025-03-12 20:24:49,619 - log_time: 2025-03-12 20:24:49.617949; iteration: 0; error: [WinError 10013] An attempt was made to access a socket in a way forbidden by its access permissions
2025-03-12 20:24:51,630 - log_time: 2025-03-12 20:24:51.628607; iteration: 0; error: [WinError 10013] An attempt was made to access a socket in a way forbidden by its access permissions
2025-03-12 20:24:53,652 - log_time: 2025-03-12 20:24:53.652034; iteration: 0; error: [WinError 10013] An attempt was made to access a socket in a way forbidden by its access permissions
2025-03-12 20:24:55,674 - log_time: 2025-03-12 20:24:55.674073; iteration: 0; error: [WinError 10013] An attempt was made to access a socket in a way forbidden by its access permissions
2025-03-12 20:24:57,704 - log_time: 2025-03-12 20:24:57.704750; iteration: 0; error: [WinError 10013] An attempt was made to access a socket in a way forbidden by its access permissions
2025-03-12 20:24:59,729 - log_time: 2025-03-12 20:24:59.729687; iteration: 0; error: [WinError 10013] An attempt was made to access a socket in a way forbidden by its access permissions
2025-03-12 20:25:01,759 - log_time: 2025-03-12 20:25:01.759355; iteration: 0; error: [WinError 10013] An attempt was made to access a socket in a way forbidden by its access permissions
2025-03-12 20:25:03,783 - log_time: 2025-03-12 20:25:03.782794; iteration: 0; error: [WinError 10013] An attempt was made to access a socket in a way forbidden by its access permissions
2025-03-12 20:25:05,799 - log_time: 2025-03-12 20:25:05.799396; iteration: 0; error: [WinError 10013] An attempt was made to access a socket in a way forbidden by its access permissions
2025-03-12 20:25:07,810 - log_time: 2025-03-12 20:25:07.810257; iteration: 0; error: [WinError 10013] An attempt was made to access a socket in a way forbidden by its access permissions
2025-03-12 20:25:09,828 - log_time: 2025-03-12 20:25:09.828662; iteration: 0; error: [WinError 10013] An attempt was made to access a socket in a way forbidden by its access permissions
2025-03-12 20:25:11,839 - log_time: 2025-03-12 20:25:11.839809; iteration: 0; error: [WinError 10013] An attempt was made to access a socket in a way forbidden by its access permissions
2025-03-12 20:25:13,841 - log_time: 2025-03-12 20:25:13.839844; iteration: 0; error: [WinError 10013] An attempt was made to access a socket in a way forbidden by its access permissions
2025-03-12 20:25:15,847 - log_time: 2025-03-12 20:25:15.847683; iteration: 0; error: [WinError 10013] An attempt was made to access a socket in a way forbidden by its access permissions
2025-03-12 20:25:17,863 - log_time: 2025-03-12 20:25:17.863761; iteration: 0; error: [WinError 10013] An attempt was made to access a socket in a way forbidden by its access permissions
2025-03-12 20:25:19,893 - log_time: 2025-03-12 20:25:19.893660; iteration: 0; error: [WinError 10013] An attempt was made to access a socket in a way forbidden by its access permissions
2025-03-12 20:25:21,896 - log_time: 2025-03-12 20:25:21.896110; iteration: 0; error: [WinError 10013] An attempt was made to access a socket in a way forbidden by its access permissions
2025-03-12 20:25:23,918 - log_time: 2025-03-12 20:25:23.918176; iteration: 0; error: [WinError 10013] An attempt was made to access a socket in a way forbidden by its access permissions
2025-03-12 20:25:25,935 - log_time: 2025-03-12 20:25:25.935180; iteration: 0; error: [WinError 10013] An attempt was made to access a socket in a way forbidden by its access permissions
2025-03-12 20:25:27,940 - log_time: 2025-03-12 20:25:27.940752; iteration: 0; error: [WinError 10013] An attempt was made to access a socket in a way forbidden by its access permissions
2025-03-12 20:25:29,959 - log_time: 2025-03-12 20:25:29.959171; iteration: 0; error: [WinError 10013] An attempt was made to access a socket in a way forbidden by its access permissions
2025-03-12 20:25:31,992 - log_time: 2025-03-12 20:25:31.992238; iteration: 0; error: [WinError 10013] An attempt was made to access a socket in a way forbidden by its access permissions
2025-03-12 20:25:34,005 - log_time: 2025-03-12 20:25:34.005218; iteration: 0; error: [WinError 10013] An attempt was made to access a socket in a way forbidden by its access permissions
2025-03-12 20:25:36,030 - log_time: 2025-03-12 20:25:36.030573; iteration: 0; error: [WinError 10013] An attempt was made to access a socket in a way forbidden by its access permissions
2025-03-12 20:25:38,045 - log_time: 2025-03-12 20:25:38.045301; iteration: 0; error: [WinError 10013] An attempt was made to access a socket in a way forbidden by its access permissions
2025-03-12 20:25:40,071 - log_time: 2025-03-12 20:25:40.071173; iteration: 0; error: [WinError 10013] An attempt was made to access a socket in a way forbidden by its access permissions
2025-03-12 20:25:42,111 - log_time: 2025-03-12 20:25:42.111038; iteration: 0; error: [WinError 10013] An attempt was made to access a socket in a way forbidden by its access permissions
2025-03-12 20:25:44,126 - log_time: 2025-03-12 20:25:44.126352; iteration: 0; error: [WinError 10013] An attempt was made to access a socket in a way forbidden by its access permissions
2025-03-12 20:25:46,145 - log_time: 2025-03-12 20:25:46.145150; iteration: 0; error: [WinError 10013] An attempt was made to access a socket in a way forbidden by its access permissions
2025-03-12 20:25:48,173 - log_time: 2025-03-12 20:25:48.173178; iteration: 0; error: [WinError 10013] An attempt was made to access a socket in a way forbidden by its access permissions
2025-03-12 20:25:50,186 - log_time: 2025-03-12 20:25:50.186865; iteration: 0; error: [WinError 10013] An attempt was made to access a socket in a way forbidden by its access permissions
2025-03-12 20:25:52,215 - log_time: 2025-03-12 20:25:52.215092; iteration: 0; error: [WinError 10013] An attempt was made to access a socket in a way forbidden by its access permissions
2025-03-12 20:25:54,222 - log_time: 2025-03-12 20:25:54.222342; iteration: 0; error: [WinError 10013] An attempt was made to access a socket in a way forbidden by its access permissions
2025-03-12 20:25:56,231 - log_time: 2025-03-12 20:25:56.231910; iteration: 0; error: [WinError 10013] An attempt was made to access a socket in a way forbidden by its access permissions
2025-03-12 20:25:58,251 - log_time: 2025-03-12 20:25:58.251849; iteration: 0; error: [WinError 10013] An attempt was made to access a socket in a way forbidden by its access permissions
2025-03-12 20:26:00,278 - log_time: 2025-03-12 20:26:00.278579; iteration: 0; error: [WinError 10013] An attempt was made to access a socket in a way forbidden by its access permissions
2025-03-12 20:26:02,304 - log_time: 2025-03-12 20:26:02.304950; iteration: 0; error: [WinError 10013] An attempt was made to access a socket in a way forbidden by its access permissions
2025-03-12 20:26:04,322 - log_time: 2025-03-12 20:26:04.322268; iteration: 0; error: [WinError 10013] An attempt was made to access a socket in a way forbidden by its access permissions
2025-03-12 20:26:06,342 - log_time: 2025-03-12 20:26:06.342268; iteration: 0; error: [WinError 10013] An attempt was made to access a socket in a way forbidden by its access permissions
2025-03-12 20:26:08,362 - log_time: 2025-03-12 20:26:08.362559; iteration: 0; error: [WinError 10013] An attempt was made to access a socket in a way forbidden by its access permissions
2025-03-12 20:26:10,382 - log_time: 2025-03-12 20:26:10.382074; iteration: 0; error: [WinError 10013] An attempt was made to access a socket in a way forbidden by its access permissions
2025-03-12 20:26:12,402 - log_time: 2025-03-12 20:26:12.402939; iteration: 0; error: [WinError 10013] An attempt was made to access a socket in a way forbidden by its access permissions
2025-03-12 20:26:14,415 - log_time: 2025-03-12 20:26:14.414635; iteration: 0; error: [WinError 10013] An attempt was made to access a socket in a way forbidden by its access permissions
2025-03-12 20:26:16,436 - log_time: 2025-03-12 20:26:16.436391; iteration: 0; error: [WinError 10013] An attempt was made to access a socket in a way forbidden by its access permissions
2025-03-12 20:26:18,457 - log_time: 2025-03-12 20:26:18.457223; iteration: 0; error: [WinError 10013] An attempt was made to access a socket in a way forbidden by its access permissions
2025-03-12 20:26:20,479 - log_time: 2025-03-12 20:26:20.479332; iteration: 0; error: [WinError 10013] An attempt was made to access a socket in a way forbidden by its access permissions
2025-03-12 20:26:22,499 - log_time: 2025-03-12 20:26:22.499916; iteration: 0; error: [WinError 10013] An attempt was made to access a socket in a way forbidden by its access permissions
2025-03-12 20:26:24,505 - log_time: 2025-03-12 20:26:24.505946; iteration: 0; error: [WinError 10013] An attempt was made to access a socket in a way forbidden by its access permissions
2025-03-12 20:26:26,528 - log_time: 2025-03-12 20:26:26.528870; iteration: 0; error: [WinError 10013] An attempt was made to access a socket in a way forbidden by its access permissions
2025-03-12 20:26:28,558 - log_time: 2025-03-12 20:26:28.558369; iteration: 0; error: [WinError 10013] An attempt was made to access a socket in a way forbidden by its access permissions
2025-03-12 20:26:30,588 - log_time: 2025-03-12 20:26:30.588798; iteration: 0; error: [WinError 10013] An attempt was made to access a socket in a way forbidden by its access permissions
2025-03-12 20:26:32,596 - log_time: 2025-03-12 20:26:32.596635; iteration: 0; error: [WinError 10013] An attempt was made to access a socket in a way forbidden by its access permissions
2025-03-12 20:26:34,618 - log_time: 2025-03-12 20:26:34.618412; iteration: 0; error: [WinError 10013] An attempt was made to access a socket in a way forbidden by its access permissions
2025-03-12 20:26:36,648 - log_time: 2025-03-12 20:26:36.648148; iteration: 0; error: [WinError 10013] An attempt was made to access a socket in a way forbidden by its access permissions
2025-03-12 20:26:38,668 - log_time: 2025-03-12 20:26:38.668662; iteration: 0; error: [WinError 10013] An attempt was made to access a socket in a way forbidden by its access permissions
2025-03-12 20:26:40,671 - log_time: 2025-03-12 20:26:40.671899; iteration: 0; error: [WinError 10013] An attempt was made to access a socket in a way forbidden by its access permissions
2025-03-12 20:26:42,703 - log_time: 2025-03-12 20:26:42.703851; iteration: 0; error: [WinError 10013] An attempt was made to access a socket in a way forbidden by its access permissions
2025-03-12 20:26:44,732 - log_time: 2025-03-12 20:26:44.732326; iteration: 0; error: [WinError 10013] An attempt was made to access a socket in a way forbidden by its access permissions
2025-03-12 20:26:46,761 - log_time: 2025-03-12 20:26:46.761633; iteration: 0; error: [WinError 10013] An attempt was made to access a socket in a way forbidden by its access permissions
2025-03-12 20:26:48,778 - log_time: 2025-03-12 20:26:48.778455; iteration: 0; error: [WinError 10013] An attempt was made to access a socket in a way forbidden by its access permissions
2025-03-12 20:26:50,786 - log_time: 2025-03-12 20:26:50.786207; iteration: 0; error: [WinError 10013] An attempt was made to access a socket in a way forbidden by its access permissions
2025-03-12 20:26:52,813 - log_time: 2025-03-12 20:26:52.813192; iteration: 0; error: [WinError 10013] An attempt was made to access a socket in a way forbidden by its access permissions
2025-03-12 20:26:54,836 - log_time: 2025-03-12 20:26:54.836131; iteration: 0; error: [WinError 10013] An attempt was made to access a socket in a way forbidden by its access permissions
2025-03-12 20:26:56,849 - log_time: 2025-03-12 20:26:56.849279; iteration: 0; error: [WinError 10013] An attempt was made to access a socket in a way forbidden by its access permissions
2025-03-12 20:26:58,869 - log_time: 2025-03-12 20:26:58.869285; iteration: 0; error: [WinError 10013] An attempt was made to access a socket in a way forbidden by its access permissions
2025-03-12 20:27:00,894 - log_time: 2025-03-12 20:27:00.894636; iteration: 0; error: [WinError 10013] An attempt was made to access a socket in a way forbidden by its access permissions
2025-03-12 20:27:02,900 - log_time: 2025-03-12 20:27:02.900140; iteration: 0; error: [WinError 10013] An attempt was made to access a socket in a way forbidden by its access permissions
2025-03-12 20:27:04,927 - log_time: 2025-03-12 20:27:04.927443; iteration: 0; error: [WinError 10013] An attempt was made to access a socket in a way forbidden by its access permissions
2025-03-12 20:27:06,955 - log_time: 2025-03-12 20:27:06.955453; iteration: 0; error: [WinError 10013] An attempt was made to access a socket in a way forbidden by its access permissions
2025-03-12 20:27:08,982 - log_time: 2025-03-12 20:27:08.982447; iteration: 0; error: [WinError 10013] An attempt was made to access a socket in a way forbidden by its access permissions
2025-03-12 20:27:11,000 - log_time: 2025-03-12 20:27:11.000425; iteration: 0; error: [WinError 10013] An attempt was made to access a socket in a way forbidden by its access permissions
2025-03-12 20:27:13,015 - log_time: 2025-03-12 20:27:13.015986; iteration: 0; error: [WinError 10013] An attempt was made to access a socket in a way forbidden by its access permissions
2025-03-12 20:27:15,040 - log_time: 2025-03-12 20:27:15.040572; iteration: 0; error: [WinError 10013] An attempt was made to access a socket in a way forbidden by its access permissions
2025-03-12 20:27:17,070 - log_time: 2025-03-12 20:27:17.070163; iteration: 0; error: [WinError 10013] An attempt was made to access a socket in a way forbidden by its access permissions
2025-03-12 20:27:19,090 - log_time: 2025-03-12 20:27:19.090317; iteration: 0; error: [WinError 10013] An attempt was made to access a socket in a way forbidden by its access permissions
2025-03-12 20:27:21,097 - log_time: 2025-03-12 20:27:21.095792; iteration: 0; error: [WinError 10013] An attempt was made to access a socket in a way forbidden by its access permissions
2025-03-12 20:27:23,114 - log_time: 2025-03-12 20:27:23.114006; iteration: 0; error: [WinError 10013] An attempt was made to access a socket in a way forbidden by its access permissions
2025-03-12 20:27:25,138 - log_time: 2025-03-12 20:27:25.138246; iteration: 0; error: [WinError 10013] An attempt was made to access a socket in a way forbidden by its access permissions
2025-03-12 20:27:27,158 - log_time: 2025-03-12 20:27:27.158575; iteration: 0; error: [WinError 10013] An attempt was made to access a socket in a way forbidden by its access permissions
2025-03-12 20:27:29,180 - log_time: 2025-03-12 20:27:29.180370; iteration: 0; error: [WinError 10013] An attempt was made to access a socket in a way forbidden by its access permissions
2025-03-12 20:29:51,857 - log_time: 20:29:47.748; iteration: 0; image: 0; image_size: 751504; connection_time: 1281272353125900; time_start_ns: 1741807787748332900; processing_time_ns: 3988327700; time_end_ns: 1741807791855322800; signal_val: None; RSSI_val: None; data: Class ID: 0, Confidence: 0.69, BBox: (219, 170, 284, 310)
Class ID: 2, Confidence: 0.69, BBox: (282, 192, 438, 253)
Class ID: 1, Confidence: 0.54, BBox: (133, 227, 296, 345)
2025-03-12 20:29:52,050 - log_time: 20:29:51.857; iteration: 1; image: 0; image_size: 751504; connection_time: 1281272353125900; time_start_ns: 1741807791857965100; processing_time_ns: 113168200; time_end_ns: 1741807792050807000; signal_val: None; RSSI_val: None; data: Class ID: 0, Confidence: 0.69, BBox: (219, 170, 284, 310)
Class ID: 2, Confidence: 0.69, BBox: (282, 192, 438, 253)
Class ID: 1, Confidence: 0.54, BBox: (133, 227, 296, 345)
2025-03-12 20:29:52,236 - log_time: 20:29:52.050; iteration: 2; image: 0; image_size: 751504; connection_time: 1281272353125900; time_start_ns: 1741807792050807000; processing_time_ns: 112333900; time_end_ns: 1741807792236099200; signal_val: None; RSSI_val: None; data: Class ID: 0, Confidence: 0.69, BBox: (219, 170, 284, 310)
Class ID: 2, Confidence: 0.69, BBox: (282, 192, 438, 253)
Class ID: 1, Confidence: 0.54, BBox: (133, 227, 296, 345)
2025-03-12 20:29:52,419 - log_time: 20:29:52.236; iteration: 3; image: 0; image_size: 751504; connection_time: 1281272353125900; time_start_ns: 1741807792236099200; processing_time_ns: 99871300; time_end_ns: 1741807792419847000; signal_val: None; RSSI_val: None; data: Class ID: 0, Confidence: 0.69, BBox: (219, 170, 284, 310)
Class ID: 2, Confidence: 0.69, BBox: (282, 192, 438, 253)
Class ID: 1, Confidence: 0.54, BBox: (133, 227, 296, 345)
2025-03-12 20:29:52,592 - log_time: 20:29:52.419; iteration: 4; image: 0; image_size: 751504; connection_time: 1281272353125900; time_start_ns: 1741807792419847000; processing_time_ns: 101290800; time_end_ns: 1741807792592381000; signal_val: None; RSSI_val: None; data: Class ID: 0, Confidence: 0.69, BBox: (219, 170, 284, 310)
Class ID: 2, Confidence: 0.69, BBox: (282, 192, 438, 253)
Class ID: 1, Confidence: 0.54, BBox: (133, 227, 296, 345)
2025-03-12 20:29:52,761 - log_time: 20:29:52.592; iteration: 5; image: 0; image_size: 751504; connection_time: 1281272353125900; time_start_ns: 1741807792592381000; processing_time_ns: 96015400; time_end_ns: 1741807792761038500; signal_val: None; RSSI_val: None; data: Class ID: 0, Confidence: 0.69, BBox: (219, 170, 284, 310)
Class ID: 2, Confidence: 0.69, BBox: (282, 192, 438, 253)
Class ID: 1, Confidence: 0.54, BBox: (133, 227, 296, 345)
2025-03-12 20:29:52,932 - log_time: 20:29:52.761; iteration: 6; image: 0; image_size: 751504; connection_time: 1281272353125900; time_start_ns: 1741807792761038500; processing_time_ns: 98337200; time_end_ns: 1741807792932162400; signal_val: None; RSSI_val: None; data: Class ID: 0, Confidence: 0.69, BBox: (219, 170, 284, 310)
Class ID: 2, Confidence: 0.69, BBox: (282, 192, 438, 253)
Class ID: 1, Confidence: 0.54, BBox: (133, 227, 296, 345)
2025-03-12 20:29:53,106 - log_time: 20:29:52.932; iteration: 7; image: 0; image_size: 751504; connection_time: 1281272353125900; time_start_ns: 1741807792932162400; processing_time_ns: 100958800; time_end_ns: 1741807793106700600; signal_val: None; RSSI_val: None; data: Class ID: 0, Confidence: 0.69, BBox: (219, 170, 284, 310)
Class ID: 2, Confidence: 0.69, BBox: (282, 192, 438, 253)
Class ID: 1, Confidence: 0.54, BBox: (133, 227, 296, 345)
2025-03-12 20:29:53,278 - log_time: 20:29:53.106; iteration: 8; image: 0; image_size: 751504; connection_time: 1281272353125900; time_start_ns: 1741807793106700600; processing_time_ns: 100747300; time_end_ns: 1741807793278739600; signal_val: None; RSSI_val: None; data: Class ID: 0, Confidence: 0.69, BBox: (219, 170, 284, 310)
Class ID: 2, Confidence: 0.69, BBox: (282, 192, 438, 253)
Class ID: 1, Confidence: 0.54, BBox: (133, 227, 296, 345)
2025-03-12 20:29:53,448 - log_time: 20:29:53.278; iteration: 9; image: 0; image_size: 751504; connection_time: 1281272353125900; time_start_ns: 1741807793278739600; processing_time_ns: 95479600; time_end_ns: 1741807793448907800; signal_val: None; RSSI_val: None; data: Class ID: 0, Confidence: 0.69, BBox: (219, 170, 284, 310)
Class ID: 2, Confidence: 0.69, BBox: (282, 192, 438, 253)
Class ID: 1, Confidence: 0.54, BBox: (133, 227, 296, 345)
2025-03-12 20:29:53,629 - log_time: 20:29:53.448; iteration: 10; image: 0; image_size: 751504; connection_time: 1281272353125900; time_start_ns: 1741807793448907800; processing_time_ns: 108519700; time_end_ns: 1741807793629746800; signal_val: None; RSSI_val: None; data: Class ID: 0, Confidence: 0.69, BBox: (219, 170, 284, 310)
Class ID: 2, Confidence: 0.69, BBox: (282, 192, 438, 253)
Class ID: 1, Confidence: 0.54, BBox: (133, 227, 296, 345)
2025-03-12 20:29:53,809 - log_time: 20:29:53.629; iteration: 11; image: 0; image_size: 751504; connection_time: 1281272353125900; time_start_ns: 1741807793629746800; processing_time_ns: 98884900; time_end_ns: 1741807793809385400; signal_val: None; RSSI_val: None; data: Class ID: 0, Confidence: 0.69, BBox: (219, 170, 284, 310)
Class ID: 2, Confidence: 0.69, BBox: (282, 192, 438, 253)
Class ID: 1, Confidence: 0.54, BBox: (133, 227, 296, 345)
2025-03-12 20:29:53,809 - log_time: 20:29:53.809; iteration: 12; error: [WinError 10054] An existing connection was forcibly closed by the remote host
2025-03-12 20:29:58,916 - log_time: 20:29:58.824; iteration: 12; error: [WinError 10054] An existing connection was forcibly closed by the remote host
2025-03-12 20:30:05,970 - log_time: 2025-03-12 20:30:05.970382; iteration: 12; error: [WinError 10061] No connection could be made because the target machine actively refused it
2025-03-12 20:30:09,990 - log_time: 2025-03-12 20:30:09.989914; iteration: 12; error: [WinError 10061] No connection could be made because the target machine actively refused it
2025-03-12 20:30:14,037 - log_time: 2025-03-12 20:30:14.037316; iteration: 12; error: [WinError 10061] No connection could be made because the target machine actively refused it
2025-03-12 20:30:18,058 - log_time: 2025-03-12 20:30:18.058591; iteration: 12; error: [WinError 10061] No connection could be made because the target machine actively refused it
2025-03-12 20:30:22,105 - log_time: 2025-03-12 20:30:22.105729; iteration: 12; error: [WinError 10061] No connection could be made because the target machine actively refused it
2025-03-18 17:00:43,472 - log_time: 17:00:40.602; iteration: 0; image: 0; image_size: 751504; connection_time: 4352054247800; time_start_ns: 1742313640603186700; processing_time_ns: 2784362064; time_end_ns: 1742313643471674500; signal_val: None; RSSI_val: None; data: Class ID: 0, Confidence: 0.69, BBox: (219, 170, 284, 310)
Class ID: 2, Confidence: 0.69, BBox: (282, 192, 438, 253)
Class ID: 1, Confidence: 0.54, BBox: (133, 227, 296, 345)
2025-03-18 17:00:43,619 - log_time: 17:00:43.473; iteration: 1; image: 0; image_size: 751504; connection_time: 4352054247800; time_start_ns: 1742313643473277200; processing_time_ns: 54684829; time_end_ns: 1742313643619859400; signal_val: None; RSSI_val: None; data: Class ID: 0, Confidence: 0.69, BBox: (219, 170, 284, 310)
Class ID: 2, Confidence: 0.69, BBox: (282, 192, 438, 253)
Class ID: 1, Confidence: 0.54, BBox: (133, 227, 296, 345)
2025-03-18 17:00:43,622 - log_time: 17:00:43.619; iteration: 2; error: [WinError 10053] An established connection was aborted by the software in your host machine
2025-03-18 17:00:52,693 - log_time: 2025-03-18 17:00:52.693821; iteration: 2; error: [WinError 10061] No connection could be made because the target machine actively refused it
2025-03-18 17:00:58,786 - log_time: 2025-03-18 17:00:58.786565; iteration: 2; error: [WinError 10061] No connection could be made because the target machine actively refused it
2025-03-18 17:01:04,847 - log_time: 2025-03-18 17:01:04.847161; iteration: 2; error: [WinError 10061] No connection could be made because the target machine actively refused it
2025-03-18 17:01:10,929 - log_time: 2025-03-18 17:01:10.929756; iteration: 2; error: [WinError 10061] No connection could be made because the target machine actively refused it
2025-03-18 17:01:17,026 - log_time: 2025-03-18 17:01:17.026201; iteration: 2; error: [WinError 10061] No connection could be made because the target machine actively refused it
2025-03-18 17:01:23,105 - log_time: 2025-03-18 17:01:23.105569; iteration: 2; error: [WinError 10061] No connection could be made because the target machine actively refused it
2025-03-18 17:01:25,114 - log_time: 17:01:25.109; iteration: 2; error: [WinError 10053] An established connection was aborted by the software in your host machine
2025-03-18 17:01:31,319 - log_time: 17:01:30.127; iteration: 2; image: 0; image_size: 751504; connection_time: 4401579466000; time_start_ns: 1742313690127700700; processing_time_ns: 1094322939; time_end_ns: 1742313691319912300; signal_val: None; RSSI_val: None; data: Class ID: 0, Confidence: 0.69, BBox: (219, 170, 284, 310)
Class ID: 2, Confidence: 0.69, BBox: (282, 192, 438, 253)
Class ID: 1, Confidence: 0.54, BBox: (133, 227, 296, 345)
2025-03-18 17:01:31,506 - log_time: 17:01:31.320; iteration: 3; image: 0; image_size: 751504; connection_time: 4401579466000; time_start_ns: 1742313691320433100; processing_time_ns: 48320319; time_end_ns: 1742313691506264500; signal_val: None; RSSI_val: None; data: Class ID: 0, Confidence: 0.69, BBox: (219, 170, 284, 310)
Class ID: 2, Confidence: 0.69, BBox: (282, 192, 438, 253)
Class ID: 1, Confidence: 0.54, BBox: (133, 227, 296, 345)
2025-03-18 17:01:31,665 - log_time: 17:01:31.506; iteration: 4; image: 0; image_size: 751504; connection_time: 4401579466000; time_start_ns: 1742313691506264500; processing_time_ns: 43357036; time_end_ns: 1742313691665390100; signal_val: None; RSSI_val: None; data: Class ID: 0, Confidence: 0.69, BBox: (219, 170, 284, 310)
Class ID: 2, Confidence: 0.69, BBox: (282, 192, 438, 253)
Class ID: 1, Confidence: 0.54, BBox: (133, 227, 296, 345)
2025-03-18 17:01:31,855 - log_time: 17:01:31.665; iteration: 5; image: 0; image_size: 751504; connection_time: 4401579466000; time_start_ns: 1742313691665390100; processing_time_ns: 50189248; time_end_ns: 1742313691855218600; signal_val: None; RSSI_val: None; data: Class ID: 0, Confidence: 0.69, BBox: (219, 170, 284, 310)
Class ID: 2, Confidence: 0.69, BBox: (282, 192, 438, 253)
Class ID: 1, Confidence: 0.54, BBox: (133, 227, 296, 345)
2025-03-18 17:01:32,025 - log_time: 17:01:31.855; iteration: 6; image: 0; image_size: 751504; connection_time: 4401579466000; time_start_ns: 1742313691855218600; processing_time_ns: 44726024; time_end_ns: 1742313692025715900; signal_val: None; RSSI_val: None; data: Class ID: 0, Confidence: 0.69, BBox: (219, 170, 284, 310)
Class ID: 2, Confidence: 0.69, BBox: (282, 192, 438, 253)
Class ID: 1, Confidence: 0.54, BBox: (133, 227, 296, 345)
2025-03-18 17:01:32,195 - log_time: 17:01:32.026; iteration: 7; image: 0; image_size: 751504; connection_time: 4401579466000; time_start_ns: 1742313692026250100; processing_time_ns: 46190997; time_end_ns: 1742313692195716000; signal_val: None; RSSI_val: None; data: Class ID: 0, Confidence: 0.69, BBox: (219, 170, 284, 310)
Class ID: 2, Confidence: 0.69, BBox: (282, 192, 438, 253)
Class ID: 1, Confidence: 0.54, BBox: (133, 227, 296, 345)
2025-03-18 17:01:32,365 - log_time: 17:01:32.195; iteration: 8; image: 0; image_size: 751504; connection_time: 4401579466000; time_start_ns: 1742313692195716000; processing_time_ns: 41986972; time_end_ns: 1742313692365687800; signal_val: None; RSSI_val: None; data: Class ID: 0, Confidence: 0.69, BBox: (219, 170, 284, 310)
Class ID: 2, Confidence: 0.69, BBox: (282, 192, 438, 253)
Class ID: 1, Confidence: 0.54, BBox: (133, 227, 296, 345)
2025-03-18 17:01:32,367 - log_time: 17:01:32.365; iteration: 9; error: [WinError 10053] An established connection was aborted by the software in your host machine
2025-03-18 17:01:41,424 - log_time: 2025-03-18 17:01:41.424541; iteration: 9; error: [WinError 10061] No connection could be made because the target machine actively refused it
2025-03-18 17:02:10,903 - log_time: 17:02:09.777; iteration: 0; image: 0; image_size: 751504; connection_time: 4441229260600; time_start_ns: 1742313729777742100; processing_time_ns: 1046589905; time_end_ns: 1742313730902883600; signal_val: None; RSSI_val: None; data: Class ID: 0, Confidence: 0.69, BBox: (219, 170, 284, 310)
Class ID: 2, Confidence: 0.69, BBox: (282, 192, 438, 253)
Class ID: 1, Confidence: 0.54, BBox: (133, 227, 296, 345)
2025-03-18 17:02:11,079 - log_time: 17:02:10.903; iteration: 1; image: 0; image_size: 751504; connection_time: 4441229260600; time_start_ns: 1742313730903966300; processing_time_ns: 53791108; time_end_ns: 1742313731079580200; signal_val: None; RSSI_val: None; data: Class ID: 0, Confidence: 0.69, BBox: (219, 170, 284, 310)
Class ID: 2, Confidence: 0.69, BBox: (282, 192, 438, 253)
Class ID: 1, Confidence: 0.54, BBox: (133, 227, 296, 345)
2025-03-18 17:02:11,259 - log_time: 17:02:11.079; iteration: 2; image: 0; image_size: 751504; connection_time: 4441229260600; time_start_ns: 1742313731079580200; processing_time_ns: 49958481; time_end_ns: 1742313731259334300; signal_val: None; RSSI_val: None; data: Class ID: 0, Confidence: 0.69, BBox: (219, 170, 284, 310)
Class ID: 2, Confidence: 0.69, BBox: (282, 192, 438, 253)
Class ID: 1, Confidence: 0.54, BBox: (133, 227, 296, 345)
2025-03-18 17:02:11,259 - log_time: 17:02:11.259; iteration: 3; error: [WinError 10053] An established connection was aborted by the software in your host machine
2025-03-18 17:02:20,327 - log_time: 2025-03-18 17:02:20.327092; iteration: 3; error: [WinError 10061] No connection could be made because the target machine actively refused it
2025-03-18 17:02:26,405 - log_time: 2025-03-18 17:02:26.405960; iteration: 3; error: [WinError 10061] No connection could be made because the target machine actively refused it
2025-03-18 17:02:32,456 - log_time: 2025-03-18 17:02:32.456434; iteration: 3; error: [WinError 10061] No connection could be made because the target machine actively refused it
2025-03-18 17:02:38,544 - log_time: 2025-03-18 17:02:38.544212; iteration: 3; error: [WinError 10061] No connection could be made because the target machine actively refused it
2025-03-18 17:02:44,652 - log_time: 2025-03-18 17:02:44.652361; iteration: 3; error: [WinError 10061] No connection could be made because the target machine actively refused it
2025-03-18 17:02:50,755 - log_time: 2025-03-18 17:02:50.755027; iteration: 3; error: [WinError 10061] No connection could be made because the target machine actively refused it
2025-03-18 17:02:56,818 - log_time: 2025-03-18 17:02:56.818258; iteration: 3; error: [WinError 10061] No connection could be made because the target machine actively refused it
2025-03-18 17:03:02,914 - log_time: 2025-03-18 17:03:02.914881; iteration: 3; error: [WinError 10061] No connection could be made because the target machine actively refused it
2025-03-18 17:03:09,000 - log_time: 2025-03-18 17:03:09.000554; iteration: 3; error: [WinError 10061] No connection could be made because the target machine actively refused it
2025-03-18 17:03:15,104 - log_time: 2025-03-18 17:03:15.104944; iteration: 3; error: [WinError 10061] No connection could be made because the target machine actively refused it
2025-03-18 17:03:21,227 - log_time: 2025-03-18 17:03:21.227639; iteration: 3; error: [WinError 10061] No connection could be made because the target machine actively refused it
2025-03-18 17:03:27,285 - log_time: 2025-03-18 17:03:27.285180; iteration: 3; error: [WinError 10061] No connection could be made because the target machine actively refused it
2025-03-18 17:03:33,356 - log_time: 2025-03-18 17:03:33.356805; iteration: 3; error: [WinError 10061] No connection could be made because the target machine actively refused it
2025-03-18 17:03:39,430 - log_time: 2025-03-18 17:03:39.430228; iteration: 3; error: [WinError 10061] No connection could be made because the target machine actively refused it
2025-03-18 17:03:45,533 - log_time: 2025-03-18 17:03:45.533763; iteration: 3; error: [WinError 10061] No connection could be made because the target machine actively refused it
2025-03-18 17:03:51,610 - log_time: 2025-03-18 17:03:51.610836; iteration: 3; error: [WinError 10061] No connection could be made because the target machine actively refused it
2025-03-18 17:03:57,665 - log_time: 2025-03-18 17:03:57.665946; iteration: 3; error: [WinError 10061] No connection could be made because the target machine actively refused it
2025-03-18 17:04:03,729 - log_time: 2025-03-18 17:04:03.729205; iteration: 3; error: [WinError 10061] No connection could be made because the target machine actively refused it
2025-03-18 17:04:09,833 - log_time: 2025-03-18 17:04:09.833803; iteration: 3; error: [WinError 10061] No connection could be made because the target machine actively refused it
2025-03-18 17:04:15,963 - log_time: 2025-03-18 17:04:15.963874; iteration: 3; error: [WinError 10061] No connection could be made because the target machine actively refused it
2025-03-18 17:04:22,071 - log_time: 2025-03-18 17:04:22.071985; iteration: 3; error: [WinError 10061] No connection could be made because the target machine actively refused it
2025-03-18 17:04:28,174 - log_time: 2025-03-18 17:04:28.174030; iteration: 3; error: [WinError 10061] No connection could be made because the target machine actively refused it
2025-03-18 17:04:34,253 - log_time: 2025-03-18 17:04:34.253079; iteration: 3; error: [WinError 10061] No connection could be made because the target machine actively refused it
2025-03-18 17:04:40,289 - log_time: 2025-03-18 17:04:40.289524; iteration: 3; error: [WinError 10061] No connection could be made because the target machine actively refused it
2025-03-18 17:04:46,334 - log_time: 2025-03-18 17:04:46.334704; iteration: 3; error: [WinError 10061] No connection could be made because the target machine actively refused it
2025-03-18 17:04:52,411 - log_time: 2025-03-18 17:04:52.411850; iteration: 3; error: [WinError 10061] No connection could be made because the target machine actively refused it
2025-03-18 17:04:58,515 - log_time: 2025-03-18 17:04:58.515483; iteration: 3; error: [WinError 10061] No connection could be made because the target machine actively refused it
2025-03-18 17:05:04,668 - log_time: 2025-03-18 17:05:04.668802; iteration: 3; error: [WinError 10061] No connection could be made because the target machine actively refused it
2025-03-18 17:05:10,764 - log_time: 2025-03-18 17:05:10.764886; iteration: 3; error: [WinError 10061] No connection could be made because the target machine actively refused it
2025-03-18 17:05:16,844 - log_time: 2025-03-18 17:05:16.844823; iteration: 3; error: [WinError 10061] No connection could be made because the target machine actively refused it
2025-03-18 17:05:22,960 - log_time: 2025-03-18 17:05:22.960456; iteration: 3; error: [WinError 10061] No connection could be made because the target machine actively refused it
2025-03-18 17:05:29,048 - log_time: 2025-03-18 17:05:29.048913; iteration: 3; error: [WinError 10061] No connection could be made because the target machine actively refused it
2025-03-18 17:05:35,139 - log_time: 2025-03-18 17:05:35.139790; iteration: 3; error: [WinError 10061] No connection could be made because the target machine actively refused it
2025-03-18 17:05:41,198 - log_time: 2025-03-18 17:05:41.198146; iteration: 3; error: [WinError 10061] No connection could be made because the target machine actively refused it
2025-03-18 17:05:47,312 - log_time: 2025-03-18 17:05:47.312609; iteration: 3; error: [WinError 10061] No connection could be made because the target machine actively refused it
2025-03-18 17:05:53,411 - log_time: 2025-03-18 17:05:53.411464; iteration: 3; error: [WinError 10061] No connection could be made because the target machine actively refused it
2025-03-18 17:05:59,522 - log_time: 2025-03-18 17:05:59.522587; iteration: 3; error: [WinError 10061] No connection could be made because the target machine actively refused it
2025-03-18 17:06:05,593 - log_time: 2025-03-18 17:06:05.593887; iteration: 3; error: [WinError 10061] No connection could be made because the target machine actively refused it
2025-03-18 17:06:11,659 - log_time: 2025-03-18 17:06:11.658427; iteration: 3; error: [WinError 10061] No connection could be made because the target machine actively refused it
2025-03-18 17:06:17,754 - log_time: 2025-03-18 17:06:17.754979; iteration: 3; error: [WinError 10061] No connection could be made because the target machine actively refused it
2025-03-18 17:06:23,825 - log_time: 2025-03-18 17:06:23.825411; iteration: 3; error: [WinError 10061] No connection could be made because the target machine actively refused it
2025-03-18 17:06:29,917 - log_time: 2025-03-18 17:06:29.917005; iteration: 3; error: [WinError 10061] No connection could be made because the target machine actively refused it
2025-03-18 17:06:36,020 - log_time: 2025-03-18 17:06:36.020248; iteration: 3; error: [WinError 10061] No connection could be made because the target machine actively refused it
2025-03-18 17:06:42,093 - log_time: 2025-03-18 17:06:42.093429; iteration: 3; error: [WinError 10061] No connection could be made because the target machine actively refused it
2025-03-18 17:06:48,180 - log_time: 2025-03-18 17:06:48.180961; iteration: 3; error: [WinError 10061] No connection could be made because the target machine actively refused it
2025-03-18 17:06:54,285 - log_time: 2025-03-18 17:06:54.285555; iteration: 3; error: [WinError 10061] No connection could be made because the target machine actively refused it
2025-03-18 17:07:00,358 - log_time: 2025-03-18 17:07:00.357508; iteration: 3; error: [WinError 10061] No connection could be made because the target machine actively refused it
2025-03-18 17:07:06,435 - log_time: 2025-03-18 17:07:06.435305; iteration: 3; error: [WinError 10061] No connection could be made because the target machine actively refused it
2025-03-18 17:07:12,519 - log_time: 2025-03-18 17:07:12.519439; iteration: 3; error: [WinError 10061] No connection could be made because the target machine actively refused it
2025-03-18 17:07:18,581 - log_time: 2025-03-18 17:07:18.581975; iteration: 3; error: [WinError 10061] No connection could be made because the target machine actively refused it
2025-03-18 17:07:24,651 - log_time: 2025-03-18 17:07:24.650760; iteration: 3; error: [WinError 10061] No connection could be made because the target machine actively refused it
2025-03-18 17:07:30,780 - log_time: 2025-03-18 17:07:30.780585; iteration: 3; error: [WinError 10061] No connection could be made because the target machine actively refused it
2025-03-18 17:07:36,823 - log_time: 2025-03-18 17:07:36.823188; iteration: 3; error: [WinError 10061] No connection could be made because the target machine actively refused it
2025-03-18 17:07:47,506 - log_time: 17:07:44.941; iteration: 0; image: 0; image_size: 751504; connection_time: 4776399520300; time_start_ns: 1742314064941802000; processing_time_ns: 2505785700; time_end_ns: 1742314067505934600; signal_val: None; RSSI_val: None; data: Class ID: 0, Confidence: 0.69, BBox: (219, 170, 284, 310)
Class ID: 2, Confidence: 0.69, BBox: (282, 192, 438, 253)
Class ID: 1, Confidence: 0.54, BBox: (133, 227, 296, 345)
2025-03-18 17:07:47,677 - log_time: 17:07:47.506; iteration: 0; image: 0; image_size: 751504; connection_time: 4776399520300; time_start_ns: 1742314067506928500; processing_time_ns: 110238100; time_end_ns: 1742314067677829300; signal_val: None; RSSI_val: None; data: Class ID: 0, Confidence: 0.69, BBox: (219, 170, 284, 310)
Class ID: 2, Confidence: 0.69, BBox: (282, 192, 438, 253)
Class ID: 1, Confidence: 0.54, BBox: (133, 227, 296, 345)
2025-03-18 17:07:47,817 - log_time: 17:07:47.677; iteration: 0; image: 0; image_size: 751504; connection_time: 4776399520300; time_start_ns: 1742314067677829300; processing_time_ns: 82754900; time_end_ns: 1742314067817055300; signal_val: None; RSSI_val: None; data: Class ID: 0, Confidence: 0.69, BBox: (219, 170, 284, 310)
Class ID: 2, Confidence: 0.69, BBox: (282, 192, 438, 253)
Class ID: 1, Confidence: 0.54, BBox: (133, 227, 296, 345)
2025-03-18 17:07:47,958 - log_time: 17:07:47.817; iteration: 0; image: 0; image_size: 751504; connection_time: 4776399520300; time_start_ns: 1742314067817055300; processing_time_ns: 85318700; time_end_ns: 1742314067958897500; signal_val: None; RSSI_val: None; data: Class ID: 0, Confidence: 0.69, BBox: (219, 170, 284, 310)
Class ID: 2, Confidence: 0.69, BBox: (282, 192, 438, 253)
Class ID: 1, Confidence: 0.54, BBox: (133, 227, 296, 345)
2025-03-18 17:07:48,101 - log_time: 17:07:47.958; iteration: 0; image: 0; image_size: 751504; connection_time: 4776399520300; time_start_ns: 1742314067959898200; processing_time_ns: 90574300; time_end_ns: 1742314068101196500; signal_val: None; RSSI_val: None; data: Class ID: 0, Confidence: 0.69, BBox: (219, 170, 284, 310)
Class ID: 2, Confidence: 0.69, BBox: (282, 192, 438, 253)
Class ID: 1, Confidence: 0.54, BBox: (133, 227, 296, 345)
2025-03-18 17:07:48,240 - log_time: 17:07:48.101; iteration: 0; image: 0; image_size: 751504; connection_time: 4776399520300; time_start_ns: 1742314068101196500; processing_time_ns: 80670100; time_end_ns: 1742314068240520900; signal_val: None; RSSI_val: None; data: Class ID: 0, Confidence: 0.69, BBox: (219, 170, 284, 310)
Class ID: 2, Confidence: 0.69, BBox: (282, 192, 438, 253)
Class ID: 1, Confidence: 0.54, BBox: (133, 227, 296, 345)
2025-03-18 17:07:48,369 - log_time: 17:07:48.240; iteration: 0; image: 0; image_size: 751504; connection_time: 4776399520300; time_start_ns: 1742314068240520900; processing_time_ns: 77245900; time_end_ns: 1742314068369919900; signal_val: None; RSSI_val: None; data: Class ID: 0, Confidence: 0.69, BBox: (219, 170, 284, 310)
Class ID: 2, Confidence: 0.69, BBox: (282, 192, 438, 253)
Class ID: 1, Confidence: 0.54, BBox: (133, 227, 296, 345)
2025-03-18 17:07:48,491 - log_time: 17:07:48.369; iteration: 0; image: 0; image_size: 751504; connection_time: 4776399520300; time_start_ns: 1742314068369919900; processing_time_ns: 68683500; time_end_ns: 1742314068490728000; signal_val: None; RSSI_val: None; data: Class ID: 0, Confidence: 0.69, BBox: (219, 170, 284, 310)
Class ID: 2, Confidence: 0.69, BBox: (282, 192, 438, 253)
Class ID: 1, Confidence: 0.54, BBox: (133, 227, 296, 345)
2025-03-18 17:07:48,617 - log_time: 17:07:48.491; iteration: 0; image: 0; image_size: 751504; connection_time: 4776399520300; time_start_ns: 1742314068491728900; processing_time_ns: 70082900; time_end_ns: 1742314068617080500; signal_val: None; RSSI_val: None; data: Class ID: 0, Confidence: 0.69, BBox: (219, 170, 284, 310)
Class ID: 2, Confidence: 0.69, BBox: (282, 192, 438, 253)
Class ID: 1, Confidence: 0.54, BBox: (133, 227, 296, 345)
2025-03-18 17:07:48,732 - log_time: 17:07:48.618; iteration: 0; image: 0; image_size: 751504; connection_time: 4776399520300; time_start_ns: 1742314068618080100; processing_time_ns: 63007400; time_end_ns: 1742314068732102400; signal_val: None; RSSI_val: None; data: Class ID: 0, Confidence: 0.69, BBox: (219, 170, 284, 310)
Class ID: 2, Confidence: 0.69, BBox: (282, 192, 438, 253)
Class ID: 1, Confidence: 0.54, BBox: (133, 227, 296, 345)
2025-03-18 17:07:48,851 - log_time: 17:07:48.733; iteration: 0; image: 0; image_size: 751504; connection_time: 4776399520300; time_start_ns: 1742314068733612200; processing_time_ns: 69059500; time_end_ns: 1742314068851866800; signal_val: None; RSSI_val: None; data: Class ID: 0, Confidence: 0.69, BBox: (219, 170, 284, 310)
Class ID: 2, Confidence: 0.69, BBox: (282, 192, 438, 253)
Class ID: 1, Confidence: 0.54, BBox: (133, 227, 296, 345)
2025-03-18 17:07:48,970 - log_time: 17:07:48.851; iteration: 0; image: 0; image_size: 751504; connection_time: 4776399520300; time_start_ns: 1742314068851866800; processing_time_ns: 69476300; time_end_ns: 1742314068970820200; signal_val: None; RSSI_val: None; data: Class ID: 0, Confidence: 0.69, BBox: (219, 170, 284, 310)
Class ID: 2, Confidence: 0.69, BBox: (282, 192, 438, 253)
Class ID: 1, Confidence: 0.54, BBox: (133, 227, 296, 345)
2025-03-18 17:07:49,091 - log_time: 17:07:48.970; iteration: 0; image: 0; image_size: 751504; connection_time: 4776399520300; time_start_ns: 1742314068970820200; processing_time_ns: 67792900; time_end_ns: 1742314069091759400; signal_val: None; RSSI_val: None; data: Class ID: 0, Confidence: 0.69, BBox: (219, 170, 284, 310)
Class ID: 2, Confidence: 0.69, BBox: (282, 192, 438, 253)
Class ID: 1, Confidence: 0.54, BBox: (133, 227, 296, 345)
2025-03-18 17:07:49,202 - log_time: 17:07:49.091; iteration: 0; image: 0; image_size: 751504; connection_time: 4776399520300; time_start_ns: 1742314069091759400; processing_time_ns: 64697000; time_end_ns: 1742314069202003900; signal_val: None; RSSI_val: None; data: Class ID: 0, Confidence: 0.69, BBox: (219, 170, 284, 310)
Class ID: 2, Confidence: 0.69, BBox: (282, 192, 438, 253)
Class ID: 1, Confidence: 0.54, BBox: (133, 227, 296, 345)
2025-03-18 17:07:49,323 - log_time: 17:07:49.202; iteration: 0; image: 0; image_size: 751504; connection_time: 4776399520300; time_start_ns: 1742314069202003900; processing_time_ns: 72633200; time_end_ns: 1742314069323459800; signal_val: None; RSSI_val: None; data: Class ID: 0, Confidence: 0.69, BBox: (219, 170, 284, 310)
Class ID: 2, Confidence: 0.69, BBox: (282, 192, 438, 253)
Class ID: 1, Confidence: 0.54, BBox: (133, 227, 296, 345)
2025-03-18 17:07:49,439 - log_time: 17:07:49.324; iteration: 0; image: 0; image_size: 751504; connection_time: 4776399520300; time_start_ns: 1742314069324460300; processing_time_ns: 65965200; time_end_ns: 1742314069439762900; signal_val: None; RSSI_val: None; data: Class ID: 0, Confidence: 0.69, BBox: (219, 170, 284, 310)
Class ID: 2, Confidence: 0.69, BBox: (282, 192, 438, 253)
Class ID: 1, Confidence: 0.54, BBox: (133, 227, 296, 345)
2025-03-18 17:07:49,561 - log_time: 17:07:49.439; iteration: 0; image: 0; image_size: 751504; connection_time: 4776399520300; time_start_ns: 1742314069439762900; processing_time_ns: 69843700; time_end_ns: 1742314069560735500; signal_val: None; RSSI_val: None; data: Class ID: 0, Confidence: 0.69, BBox: (219, 170, 284, 310)
Class ID: 2, Confidence: 0.69, BBox: (282, 192, 438, 253)
Class ID: 1, Confidence: 0.54, BBox: (133, 227, 296, 345)
2025-03-18 17:07:49,680 - log_time: 17:07:49.561; iteration: 0; image: 0; image_size: 751504; connection_time: 4776399520300; time_start_ns: 1742314069561734000; processing_time_ns: 68831600; time_end_ns: 1742314069680441400; signal_val: None; RSSI_val: None; data: Class ID: 0, Confidence: 0.69, BBox: (219, 170, 284, 310)
Class ID: 2, Confidence: 0.69, BBox: (282, 192, 438, 253)
Class ID: 1, Confidence: 0.54, BBox: (133, 227, 296, 345)
2025-03-18 17:07:49,798 - log_time: 17:07:49.680; iteration: 0; image: 0; image_size: 751504; connection_time: 4776399520300; time_start_ns: 1742314069680890200; processing_time_ns: 68775000; time_end_ns: 1742314069798619900; signal_val: None; RSSI_val: None; data: Class ID: 0, Confidence: 0.69, BBox: (219, 170, 284, 310)
Class ID: 2, Confidence: 0.69, BBox: (282, 192, 438, 253)
Class ID: 1, Confidence: 0.54, BBox: (133, 227, 296, 345)
2025-03-18 17:07:49,907 - log_time: 17:07:49.798; iteration: 0; image: 0; image_size: 751504; connection_time: 4776399520300; time_start_ns: 1742314069798619900; processing_time_ns: 62252000; time_end_ns: 1742314069907191000; signal_val: None; RSSI_val: None; data: Class ID: 0, Confidence: 0.69, BBox: (219, 170, 284, 310)
Class ID: 2, Confidence: 0.69, BBox: (282, 192, 438, 253)
Class ID: 1, Confidence: 0.54, BBox: (133, 227, 296, 345)
2025-03-18 17:07:50,019 - log_time: 17:07:49.907; iteration: 0; image: 0; image_size: 751504; connection_time: 4776399520300; time_start_ns: 1742314069907191000; processing_time_ns: 64930900; time_end_ns: 1742314070019152200; signal_val: None; RSSI_val: None; data: Class ID: 0, Confidence: 0.69, BBox: (219, 170, 284, 310)
Class ID: 2, Confidence: 0.69, BBox: (282, 192, 438, 253)
Class ID: 1, Confidence: 0.54, BBox: (133, 227, 296, 345)
2025-03-18 17:07:50,133 - log_time: 17:07:50.019; iteration: 0; image: 0; image_size: 751504; connection_time: 4776399520300; time_start_ns: 1742314070019152200; processing_time_ns: 62681400; time_end_ns: 1742314070133478700; signal_val: None; RSSI_val: None; data: Class ID: 0, Confidence: 0.69, BBox: (219, 170, 284, 310)
Class ID: 2, Confidence: 0.69, BBox: (282, 192, 438, 253)
Class ID: 1, Confidence: 0.54, BBox: (133, 227, 296, 345)
2025-03-18 17:07:50,247 - log_time: 17:07:50.133; iteration: 0; image: 0; image_size: 751504; connection_time: 4776399520300; time_start_ns: 1742314070133478700; processing_time_ns: 62663400; time_end_ns: 1742314070247635000; signal_val: None; RSSI_val: None; data: Class ID: 0, Confidence: 0.69, BBox: (219, 170, 284, 310)
Class ID: 2, Confidence: 0.69, BBox: (282, 192, 438, 253)
Class ID: 1, Confidence: 0.54, BBox: (133, 227, 296, 345)
2025-03-18 17:07:50,356 - log_time: 17:07:50.247; iteration: 0; image: 0; image_size: 751504; connection_time: 4776399520300; time_start_ns: 1742314070247635000; processing_time_ns: 62025600; time_end_ns: 1742314070356478700; signal_val: None; RSSI_val: None; data: Class ID: 0, Confidence: 0.69, BBox: (219, 170, 284, 310)
Class ID: 2, Confidence: 0.69, BBox: (282, 192, 438, 253)
Class ID: 1, Confidence: 0.54, BBox: (133, 227, 296, 345)
2025-03-18 17:07:50,470 - log_time: 17:07:50.356; iteration: 0; image: 0; image_size: 751504; connection_time: 4776399520300; time_start_ns: 1742314070356478700; processing_time_ns: 63327100; time_end_ns: 1742314070470347400; signal_val: None; RSSI_val: None; data: Class ID: 0, Confidence: 0.69, BBox: (219, 170, 284, 310)
Class ID: 2, Confidence: 0.69, BBox: (282, 192, 438, 253)
Class ID: 1, Confidence: 0.54, BBox: (133, 227, 296, 345)
2025-03-18 17:07:50,585 - log_time: 17:07:50.470; iteration: 0; image: 0; image_size: 751504; connection_time: 4776399520300; time_start_ns: 1742314070470347400; processing_time_ns: 65171800; time_end_ns: 1742314070585037600; signal_val: None; RSSI_val: None; data: Class ID: 0, Confidence: 0.69, BBox: (219, 170, 284, 310)
Class ID: 2, Confidence: 0.69, BBox: (282, 192, 438, 253)
Class ID: 1, Confidence: 0.54, BBox: (133, 227, 296, 345)
2025-03-18 17:07:50,756 - log_time: 17:07:50.585; iteration: 0; image: 0; image_size: 751504; connection_time: 4776399520300; time_start_ns: 1742314070585037600; processing_time_ns: 115860800; time_end_ns: 1742314070756514000; signal_val: None; RSSI_val: None; data: Class ID: 0, Confidence: 0.69, BBox: (219, 170, 284, 310)
Class ID: 2, Confidence: 0.69, BBox: (282, 192, 438, 253)
Class ID: 1, Confidence: 0.54, BBox: (133, 227, 296, 345)
2025-03-18 17:07:50,865 - log_time: 17:07:50.757; iteration: 0; image: 0; image_size: 751504; connection_time: 4776399520300; time_start_ns: 1742314070757511400; processing_time_ns: 59491500; time_end_ns: 1742314070865334700; signal_val: None; RSSI_val: None; data: Class ID: 0, Confidence: 0.69, BBox: (219, 170, 284, 310)
Class ID: 2, Confidence: 0.69, BBox: (282, 192, 438, 253)
Class ID: 1, Confidence: 0.54, BBox: (133, 227, 296, 345)
2025-03-18 17:07:50,977 - log_time: 17:07:50.865; iteration: 0; image: 0; image_size: 751504; connection_time: 4776399520300; time_start_ns: 1742314070865334700; processing_time_ns: 62452500; time_end_ns: 1742314070977617500; signal_val: None; RSSI_val: None; data: Class ID: 0, Confidence: 0.69, BBox: (219, 170, 284, 310)
Class ID: 2, Confidence: 0.69, BBox: (282, 192, 438, 253)
Class ID: 1, Confidence: 0.54, BBox: (133, 227, 296, 345)
2025-03-18 17:07:51,085 - log_time: 17:07:50.977; iteration: 0; image: 0; image_size: 751504; connection_time: 4776399520300; time_start_ns: 1742314070977617500; processing_time_ns: 64098300; time_end_ns: 1742314071085943900; signal_val: None; RSSI_val: None; data: Class ID: 0, Confidence: 0.69, BBox: (219, 170, 284, 310)
Class ID: 2, Confidence: 0.69, BBox: (282, 192, 438, 253)
Class ID: 1, Confidence: 0.54, BBox: (133, 227, 296, 345)
2025-03-18 17:07:51,191 - log_time: 17:07:51.085; iteration: 0; image: 0; image_size: 751504; connection_time: 4776399520300; time_start_ns: 1742314071085943900; processing_time_ns: 57850500; time_end_ns: 1742314071191758300; signal_val: None; RSSI_val: None; data: Class ID: 0, Confidence: 0.69, BBox: (219, 170, 284, 310)
Class ID: 2, Confidence: 0.69, BBox: (282, 192, 438, 253)
Class ID: 1, Confidence: 0.54, BBox: (133, 227, 296, 345)
2025-03-18 17:07:51,302 - log_time: 17:07:51.191; iteration: 0; image: 0; image_size: 751504; connection_time: 4776399520300; time_start_ns: 1742314071191758300; processing_time_ns: 63650500; time_end_ns: 1742314071302294300; signal_val: None; RSSI_val: None; data: Class ID: 0, Confidence: 0.69, BBox: (219, 170, 284, 310)
Class ID: 2, Confidence: 0.69, BBox: (282, 192, 438, 253)
Class ID: 1, Confidence: 0.54, BBox: (133, 227, 296, 345)
2025-03-18 17:07:51,409 - log_time: 17:07:51.302; iteration: 0; image: 0; image_size: 751504; connection_time: 4776399520300; time_start_ns: 1742314071302294300; processing_time_ns: 57945200; time_end_ns: 1742314071409332300; signal_val: None; RSSI_val: None; data: Class ID: 0, Confidence: 0.69, BBox: (219, 170, 284, 310)
Class ID: 2, Confidence: 0.69, BBox: (282, 192, 438, 253)
Class ID: 1, Confidence: 0.54, BBox: (133, 227, 296, 345)
2025-03-18 17:07:51,519 - log_time: 17:07:51.409; iteration: 0; image: 0; image_size: 751504; connection_time: 4776399520300; time_start_ns: 1742314071409332300; processing_time_ns: 62349500; time_end_ns: 1742314071519140500; signal_val: None; RSSI_val: None; data: Class ID: 0, Confidence: 0.69, BBox: (219, 170, 284, 310)
Class ID: 2, Confidence: 0.69, BBox: (282, 192, 438, 253)
Class ID: 1, Confidence: 0.54, BBox: (133, 227, 296, 345)
2025-03-18 17:07:51,627 - log_time: 17:07:51.519; iteration: 0; image: 0; image_size: 751504; connection_time: 4776399520300; time_start_ns: 1742314071519140500; processing_time_ns: 59676500; time_end_ns: 1742314071627946500; signal_val: None; RSSI_val: None; data: Class ID: 0, Confidence: 0.69, BBox: (219, 170, 284, 310)
Class ID: 2, Confidence: 0.69, BBox: (282, 192, 438, 253)
Class ID: 1, Confidence: 0.54, BBox: (133, 227, 296, 345)
2025-03-18 17:07:51,741 - log_time: 17:07:51.627; iteration: 0; image: 0; image_size: 751504; connection_time: 4776399520300; time_start_ns: 1742314071627946500; processing_time_ns: 69816500; time_end_ns: 1742314071741959700; signal_val: None; RSSI_val: None; data: Class ID: 0, Confidence: 0.69, BBox: (219, 170, 284, 310)
Class ID: 2, Confidence: 0.69, BBox: (282, 192, 438, 253)
Class ID: 1, Confidence: 0.54, BBox: (133, 227, 296, 345)
2025-03-18 17:07:51,849 - log_time: 17:07:51.741; iteration: 0; image: 0; image_size: 751504; connection_time: 4776399520300; time_start_ns: 1742314071741959700; processing_time_ns: 58714500; time_end_ns: 1742314071849341000; signal_val: None; RSSI_val: None; data: Class ID: 0, Confidence: 0.69, BBox: (219, 170, 284, 310)
Class ID: 2, Confidence: 0.69, BBox: (282, 192, 438, 253)
Class ID: 1, Confidence: 0.54, BBox: (133, 227, 296, 345)
2025-03-18 17:07:51,968 - log_time: 17:07:51.849; iteration: 0; image: 0; image_size: 751504; connection_time: 4776399520300; time_start_ns: 1742314071849341000; processing_time_ns: 63531100; time_end_ns: 1742314071968241300; signal_val: None; RSSI_val: None; data: Class ID: 0, Confidence: 0.69, BBox: (219, 170, 284, 310)
Class ID: 2, Confidence: 0.69, BBox: (282, 192, 438, 253)
Class ID: 1, Confidence: 0.54, BBox: (133, 227, 296, 345)
2025-03-18 17:07:52,073 - log_time: 17:07:51.968; iteration: 0; image: 0; image_size: 751504; connection_time: 4776399520300; time_start_ns: 1742314071968241300; processing_time_ns: 62066900; time_end_ns: 1742314072073936600; signal_val: None; RSSI_val: None; data: Class ID: 0, Confidence: 0.69, BBox: (219, 170, 284, 310)
Class ID: 2, Confidence: 0.69, BBox: (282, 192, 438, 253)
Class ID: 1, Confidence: 0.54, BBox: (133, 227, 296, 345)
2025-03-18 17:07:52,181 - log_time: 17:07:52.073; iteration: 0; image: 0; image_size: 751504; connection_time: 4776399520300; time_start_ns: 1742314072073936600; processing_time_ns: 59245900; time_end_ns: 1742314072181650400; signal_val: None; RSSI_val: None; data: Class ID: 0, Confidence: 0.69, BBox: (219, 170, 284, 310)
Class ID: 2, Confidence: 0.69, BBox: (282, 192, 438, 253)
Class ID: 1, Confidence: 0.54, BBox: (133, 227, 296, 345)
2025-03-18 17:07:52,289 - log_time: 17:07:52.182; iteration: 0; image: 0; image_size: 751504; connection_time: 4776399520300; time_start_ns: 1742314072182044800; processing_time_ns: 58802100; time_end_ns: 1742314072289453900; signal_val: None; RSSI_val: None; data: Class ID: 0, Confidence: 0.69, BBox: (219, 170, 284, 310)
Class ID: 2, Confidence: 0.69, BBox: (282, 192, 438, 253)
Class ID: 1, Confidence: 0.54, BBox: (133, 227, 296, 345)
2025-03-18 17:07:52,402 - log_time: 17:07:52.289; iteration: 0; image: 0; image_size: 751504; connection_time: 4776399520300; time_start_ns: 1742314072289453900; processing_time_ns: 64395000; time_end_ns: 1742314072402482900; signal_val: None; RSSI_val: None; data: Class ID: 0, Confidence: 0.69, BBox: (219, 170, 284, 310)
Class ID: 2, Confidence: 0.69, BBox: (282, 192, 438, 253)
Class ID: 1, Confidence: 0.54, BBox: (133, 227, 296, 345)
2025-03-18 17:07:52,507 - log_time: 17:07:52.402; iteration: 0; image: 0; image_size: 751504; connection_time: 4776399520300; time_start_ns: 1742314072402482900; processing_time_ns: 58053300; time_end_ns: 1742314072507936300; signal_val: None; RSSI_val: None; data: Class ID: 0, Confidence: 0.69, BBox: (219, 170, 284, 310)
Class ID: 2, Confidence: 0.69, BBox: (282, 192, 438, 253)
Class ID: 1, Confidence: 0.54, BBox: (133, 227, 296, 345)
2025-03-18 17:07:52,619 - log_time: 17:07:52.507; iteration: 0; image: 0; image_size: 751504; connection_time: 4776399520300; time_start_ns: 1742314072507936300; processing_time_ns: 65006700; time_end_ns: 1742314072619681300; signal_val: None; RSSI_val: None; data: Class ID: 0, Confidence: 0.69, BBox: (219, 170, 284, 310)
Class ID: 2, Confidence: 0.69, BBox: (282, 192, 438, 253)
Class ID: 1, Confidence: 0.54, BBox: (133, 227, 296, 345)
2025-03-18 17:07:52,744 - log_time: 17:07:52.619; iteration: 0; image: 0; image_size: 751504; connection_time: 4776399520300; time_start_ns: 1742314072619681300; processing_time_ns: 74195800; time_end_ns: 1742314072744613300; signal_val: None; RSSI_val: None; data: Class ID: 0, Confidence: 0.69, BBox: (219, 170, 284, 310)
Class ID: 2, Confidence: 0.69, BBox: (282, 192, 438, 253)
Class ID: 1, Confidence: 0.54, BBox: (133, 227, 296, 345)
2025-03-18 17:07:52,847 - log_time: 17:07:52.744; iteration: 0; image: 0; image_size: 751504; connection_time: 4776399520300; time_start_ns: 1742314072744613300; processing_time_ns: 53577200; time_end_ns: 1742314072847959800; signal_val: None; RSSI_val: None; data: Class ID: 0, Confidence: 0.69, BBox: (219, 170, 284, 310)
Class ID: 2, Confidence: 0.69, BBox: (282, 192, 438, 253)
Class ID: 1, Confidence: 0.54, BBox: (133, 227, 296, 345)
2025-03-18 17:07:52,966 - log_time: 17:07:52.847; iteration: 0; image: 0; image_size: 751504; connection_time: 4776399520300; time_start_ns: 1742314072847959800; processing_time_ns: 60829000; time_end_ns: 1742314072966578400; signal_val: None; RSSI_val: None; data: Class ID: 0, Confidence: 0.69, BBox: (219, 170, 284, 310)
Class ID: 2, Confidence: 0.69, BBox: (282, 192, 438, 253)
Class ID: 1, Confidence: 0.54, BBox: (133, 227, 296, 345)
2025-03-18 17:07:53,075 - log_time: 17:07:52.966; iteration: 0; image: 0; image_size: 751504; connection_time: 4776399520300; time_start_ns: 1742314072966578400; processing_time_ns: 61001500; time_end_ns: 1742314073075890700; signal_val: None; RSSI_val: None; data: Class ID: 0, Confidence: 0.69, BBox: (219, 170, 284, 310)
Class ID: 2, Confidence: 0.69, BBox: (282, 192, 438, 253)
Class ID: 1, Confidence: 0.54, BBox: (133, 227, 296, 345)
2025-03-18 17:07:53,183 - log_time: 17:07:53.075; iteration: 0; image: 0; image_size: 751504; connection_time: 4776399520300; time_start_ns: 1742314073075890700; processing_time_ns: 60909300; time_end_ns: 1742314073183279000; signal_val: None; RSSI_val: None; data: Class ID: 0, Confidence: 0.69, BBox: (219, 170, 284, 310)
Class ID: 2, Confidence: 0.69, BBox: (282, 192, 438, 253)
Class ID: 1, Confidence: 0.54, BBox: (133, 227, 296, 345)
2025-03-18 17:07:53,294 - log_time: 17:07:53.183; iteration: 0; image: 0; image_size: 751504; connection_time: 4776399520300; time_start_ns: 1742314073183279000; processing_time_ns: 59097200; time_end_ns: 1742314073294872300; signal_val: None; RSSI_val: None; data: Class ID: 0, Confidence: 0.69, BBox: (219, 170, 284, 310)
Class ID: 2, Confidence: 0.69, BBox: (282, 192, 438, 253)
Class ID: 1, Confidence: 0.54, BBox: (133, 227, 296, 345)
2025-03-18 17:07:53,401 - log_time: 17:07:53.294; iteration: 0; image: 0; image_size: 751504; connection_time: 4776399520300; time_start_ns: 1742314073294872300; processing_time_ns: 61843000; time_end_ns: 1742314073401705800; signal_val: None; RSSI_val: None; data: Class ID: 0, Confidence: 0.69, BBox: (219, 170, 284, 310)
Class ID: 2, Confidence: 0.69, BBox: (282, 192, 438, 253)
Class ID: 1, Confidence: 0.54, BBox: (133, 227, 296, 345)
2025-03-18 17:07:53,509 - log_time: 17:07:53.401; iteration: 0; image: 0; image_size: 751504; connection_time: 4776399520300; time_start_ns: 1742314073401705800; processing_time_ns: 60155800; time_end_ns: 1742314073509876800; signal_val: None; RSSI_val: None; data: Class ID: 0, Confidence: 0.69, BBox: (219, 170, 284, 310)
Class ID: 2, Confidence: 0.69, BBox: (282, 192, 438, 253)
Class ID: 1, Confidence: 0.54, BBox: (133, 227, 296, 345)
2025-03-18 17:07:53,617 - log_time: 17:07:53.509; iteration: 0; image: 0; image_size: 751504; connection_time: 4776399520300; time_start_ns: 1742314073509876800; processing_time_ns: 62012200; time_end_ns: 1742314073617581200; signal_val: None; RSSI_val: None; data: Class ID: 0, Confidence: 0.69, BBox: (219, 170, 284, 310)
Class ID: 2, Confidence: 0.69, BBox: (282, 192, 438, 253)
Class ID: 1, Confidence: 0.54, BBox: (133, 227, 296, 345)
2025-03-18 17:07:53,726 - log_time: 17:07:53.619; iteration: 0; image: 0; image_size: 751504; connection_time: 4776399520300; time_start_ns: 1742314073619087500; processing_time_ns: 61007800; time_end_ns: 1742314073726671900; signal_val: None; RSSI_val: None; data: Class ID: 0, Confidence: 0.69, BBox: (219, 170, 284, 310)
Class ID: 2, Confidence: 0.69, BBox: (282, 192, 438, 253)
Class ID: 1, Confidence: 0.54, BBox: (133, 227, 296, 345)
2025-03-18 17:07:53,837 - log_time: 17:07:53.726; iteration: 0; image: 0; image_size: 751504; connection_time: 4776399520300; time_start_ns: 1742314073726671900; processing_time_ns: 63834000; time_end_ns: 1742314073837502900; signal_val: None; RSSI_val: None; data: Class ID: 0, Confidence: 0.69, BBox: (219, 170, 284, 310)
Class ID: 2, Confidence: 0.69, BBox: (282, 192, 438, 253)
Class ID: 1, Confidence: 0.54, BBox: (133, 227, 296, 345)
2025-03-18 17:07:53,948 - log_time: 17:07:53.837; iteration: 0; image: 0; image_size: 751504; connection_time: 4776399520300; time_start_ns: 1742314073837502900; processing_time_ns: 63139700; time_end_ns: 1742314073948925000; signal_val: None; RSSI_val: None; data: Class ID: 0, Confidence: 0.69, BBox: (219, 170, 284, 310)
Class ID: 2, Confidence: 0.69, BBox: (282, 192, 438, 253)
Class ID: 1, Confidence: 0.54, BBox: (133, 227, 296, 345)
2025-03-18 17:07:54,055 - log_time: 17:07:53.948; iteration: 0; image: 0; image_size: 751504; connection_time: 4776399520300; time_start_ns: 1742314073948925000; processing_time_ns: 59365500; time_end_ns: 1742314074055864700; signal_val: None; RSSI_val: None; data: Class ID: 0, Confidence: 0.69, BBox: (219, 170, 284, 310)
Class ID: 2, Confidence: 0.69, BBox: (282, 192, 438, 253)
Class ID: 1, Confidence: 0.54, BBox: (133, 227, 296, 345)
2025-03-18 17:07:54,167 - log_time: 17:07:54.055; iteration: 0; image: 0; image_size: 751504; connection_time: 4776399520300; time_start_ns: 1742314074055864700; processing_time_ns: 63667300; time_end_ns: 1742314074167840400; signal_val: None; RSSI_val: None; data: Class ID: 0, Confidence: 0.69, BBox: (219, 170, 284, 310)
Class ID: 2, Confidence: 0.69, BBox: (282, 192, 438, 253)
Class ID: 1, Confidence: 0.54, BBox: (133, 227, 296, 345)
2025-03-18 17:07:54,273 - log_time: 17:07:54.168; iteration: 0; image: 0; image_size: 751504; connection_time: 4776399520300; time_start_ns: 1742314074168842200; processing_time_ns: 56605500; time_end_ns: 1742314074273679700; signal_val: None; RSSI_val: None; data: Class ID: 0, Confidence: 0.69, BBox: (219, 170, 284, 310)
Class ID: 2, Confidence: 0.69, BBox: (282, 192, 438, 253)
Class ID: 1, Confidence: 0.54, BBox: (133, 227, 296, 345)
2025-03-18 17:07:54,383 - log_time: 17:07:54.273; iteration: 0; image: 0; image_size: 751504; connection_time: 4776399520300; time_start_ns: 1742314074273679700; processing_time_ns: 60843700; time_end_ns: 1742314074383894800; signal_val: None; RSSI_val: None; data: Class ID: 0, Confidence: 0.69, BBox: (219, 170, 284, 310)
Class ID: 2, Confidence: 0.69, BBox: (282, 192, 438, 253)
Class ID: 1, Confidence: 0.54, BBox: (133, 227, 296, 345)
2025-03-18 17:07:54,490 - log_time: 17:07:54.383; iteration: 0; image: 0; image_size: 751504; connection_time: 4776399520300; time_start_ns: 1742314074383894800; processing_time_ns: 59970800; time_end_ns: 1742314074490328800; signal_val: None; RSSI_val: None; data: Class ID: 0, Confidence: 0.69, BBox: (219, 170, 284, 310)
Class ID: 2, Confidence: 0.69, BBox: (282, 192, 438, 253)
Class ID: 1, Confidence: 0.54, BBox: (133, 227, 296, 345)
2025-03-18 17:07:54,603 - log_time: 17:07:54.490; iteration: 0; image: 0; image_size: 751504; connection_time: 4776399520300; time_start_ns: 1742314074490328800; processing_time_ns: 65544700; time_end_ns: 1742314074603019000; signal_val: None; RSSI_val: None; data: Class ID: 0, Confidence: 0.69, BBox: (219, 170, 284, 310)
Class ID: 2, Confidence: 0.69, BBox: (282, 192, 438, 253)
Class ID: 1, Confidence: 0.54, BBox: (133, 227, 296, 345)
2025-03-18 17:07:54,710 - log_time: 17:07:54.603; iteration: 0; image: 0; image_size: 751504; connection_time: 4776399520300; time_start_ns: 1742314074603019000; processing_time_ns: 60265900; time_end_ns: 1742314074710150000; signal_val: None; RSSI_val: None; data: Class ID: 0, Confidence: 0.69, BBox: (219, 170, 284, 310)
Class ID: 2, Confidence: 0.69, BBox: (282, 192, 438, 253)
Class ID: 1, Confidence: 0.54, BBox: (133, 227, 296, 345)
2025-03-18 17:07:54,831 - log_time: 17:07:54.710; iteration: 0; image: 0; image_size: 751504; connection_time: 4776399520300; time_start_ns: 1742314074710150000; processing_time_ns: 74624400; time_end_ns: 1742314074831868800; signal_val: None; RSSI_val: None; data: Class ID: 0, Confidence: 0.69, BBox: (219, 170, 284, 310)
Class ID: 2, Confidence: 0.69, BBox: (282, 192, 438, 253)
Class ID: 1, Confidence: 0.54, BBox: (133, 227, 296, 345)
2025-03-18 17:07:54,941 - log_time: 17:07:54.832; iteration: 0; image: 0; image_size: 751504; connection_time: 4776399520300; time_start_ns: 1742314074832385000; processing_time_ns: 58147800; time_end_ns: 1742314074941063800; signal_val: None; RSSI_val: None; data: Class ID: 0, Confidence: 0.69, BBox: (219, 170, 284, 310)
Class ID: 2, Confidence: 0.69, BBox: (282, 192, 438, 253)
Class ID: 1, Confidence: 0.54, BBox: (133, 227, 296, 345)
2025-03-18 17:07:55,050 - log_time: 17:07:54.941; iteration: 0; image: 0; image_size: 751504; connection_time: 4776399520300; time_start_ns: 1742314074941063800; processing_time_ns: 63536500; time_end_ns: 1742314075050341100; signal_val: None; RSSI_val: None; data: Class ID: 0, Confidence: 0.69, BBox: (219, 170, 284, 310)
Class ID: 2, Confidence: 0.69, BBox: (282, 192, 438, 253)
Class ID: 1, Confidence: 0.54, BBox: (133, 227, 296, 345)
2025-03-18 17:07:55,156 - log_time: 17:07:55.050; iteration: 0; image: 0; image_size: 751504; connection_time: 4776399520300; time_start_ns: 1742314075050341100; processing_time_ns: 59109400; time_end_ns: 1742314075156051500; signal_val: None; RSSI_val: None; data: Class ID: 0, Confidence: 0.69, BBox: (219, 170, 284, 310)
Class ID: 2, Confidence: 0.69, BBox: (282, 192, 438, 253)
Class ID: 1, Confidence: 0.54, BBox: (133, 227, 296, 345)
2025-03-18 17:07:55,268 - log_time: 17:07:55.156; iteration: 0; image: 0; image_size: 751504; connection_time: 4776399520300; time_start_ns: 1742314075156051500; processing_time_ns: 64795600; time_end_ns: 1742314075268828000; signal_val: None; RSSI_val: None; data: Class ID: 0, Confidence: 0.69, BBox: (219, 170, 284, 310)
Class ID: 2, Confidence: 0.69, BBox: (282, 192, 438, 253)
Class ID: 1, Confidence: 0.54, BBox: (133, 227, 296, 345)
2025-03-18 17:07:55,377 - log_time: 17:07:55.268; iteration: 0; image: 0; image_size: 751504; connection_time: 4776399520300; time_start_ns: 1742314075268828000; processing_time_ns: 61671100; time_end_ns: 1742314075377756600; signal_val: None; RSSI_val: None; data: Class ID: 0, Confidence: 0.69, BBox: (219, 170, 284, 310)
Class ID: 2, Confidence: 0.69, BBox: (282, 192, 438, 253)
Class ID: 1, Confidence: 0.54, BBox: (133, 227, 296, 345)
2025-03-18 17:07:55,486 - log_time: 17:07:55.380; iteration: 0; image: 0; image_size: 751504; connection_time: 4776399520300; time_start_ns: 1742314075380207500; processing_time_ns: 62616700; time_end_ns: 1742314075486716200; signal_val: None; RSSI_val: None; data: Class ID: 0, Confidence: 0.69, BBox: (219, 170, 284, 310)
Class ID: 2, Confidence: 0.69, BBox: (282, 192, 438, 253)
Class ID: 1, Confidence: 0.54, BBox: (133, 227, 296, 345)
2025-03-18 17:07:55,600 - log_time: 17:07:55.486; iteration: 0; image: 0; image_size: 751504; connection_time: 4776399520300; time_start_ns: 1742314075486716200; processing_time_ns: 62878100; time_end_ns: 1742314075600453200; signal_val: None; RSSI_val: None; data: Class ID: 0, Confidence: 0.69, BBox: (219, 170, 284, 310)
Class ID: 2, Confidence: 0.69, BBox: (282, 192, 438, 253)
Class ID: 1, Confidence: 0.54, BBox: (133, 227, 296, 345)
2025-03-18 17:07:55,713 - log_time: 17:07:55.600; iteration: 0; image: 0; image_size: 751504; connection_time: 4776399520300; time_start_ns: 1742314075600453200; processing_time_ns: 53983700; time_end_ns: 1742314075713507100; signal_val: None; RSSI_val: None; data: Class ID: 0, Confidence: 0.69, BBox: (219, 170, 284, 310)
Class ID: 2, Confidence: 0.69, BBox: (282, 192, 438, 253)
Class ID: 1, Confidence: 0.54, BBox: (133, 227, 296, 345)
2025-03-18 17:07:55,850 - log_time: 17:07:55.713; iteration: 0; image: 0; image_size: 751504; connection_time: 4776399520300; time_start_ns: 1742314075713507100; processing_time_ns: 80951000; time_end_ns: 1742314075850105600; signal_val: None; RSSI_val: None; data: Class ID: 0, Confidence: 0.69, BBox: (219, 170, 284, 310)
Class ID: 2, Confidence: 0.69, BBox: (282, 192, 438, 253)
Class ID: 1, Confidence: 0.54, BBox: (133, 227, 296, 345)
2025-03-18 17:07:55,958 - log_time: 17:07:55.850; iteration: 0; image: 0; image_size: 751504; connection_time: 4776399520300; time_start_ns: 1742314075850105600; processing_time_ns: 61591400; time_end_ns: 1742314075958426300; signal_val: None; RSSI_val: None; data: Class ID: 0, Confidence: 0.69, BBox: (219, 170, 284, 310)
Class ID: 2, Confidence: 0.69, BBox: (282, 192, 438, 253)
Class ID: 1, Confidence: 0.54, BBox: (133, 227, 296, 345)
2025-03-18 17:07:56,068 - log_time: 17:07:55.958; iteration: 0; image: 0; image_size: 751504; connection_time: 4776399520300; time_start_ns: 1742314075958426300; processing_time_ns: 61411700; time_end_ns: 1742314076067574700; signal_val: None; RSSI_val: None; data: Class ID: 0, Confidence: 0.69, BBox: (219, 170, 284, 310)
Class ID: 2, Confidence: 0.69, BBox: (282, 192, 438, 253)
Class ID: 1, Confidence: 0.54, BBox: (133, 227, 296, 345)
2025-03-18 17:07:56,175 - log_time: 17:07:56.068; iteration: 0; image: 0; image_size: 751504; connection_time: 4776399520300; time_start_ns: 1742314076068574200; processing_time_ns: 61004100; time_end_ns: 1742314076175795300; signal_val: None; RSSI_val: None; data: Class ID: 0, Confidence: 0.69, BBox: (219, 170, 284, 310)
Class ID: 2, Confidence: 0.69, BBox: (282, 192, 438, 253)
Class ID: 1, Confidence: 0.54, BBox: (133, 227, 296, 345)
2025-03-18 17:07:56,284 - log_time: 17:07:56.175; iteration: 0; image: 0; image_size: 751504; connection_time: 4776399520300; time_start_ns: 1742314076175795300; processing_time_ns: 60854900; time_end_ns: 1742314076284675600; signal_val: None; RSSI_val: None; data: Class ID: 0, Confidence: 0.69, BBox: (219, 170, 284, 310)
Class ID: 2, Confidence: 0.69, BBox: (282, 192, 438, 253)
Class ID: 1, Confidence: 0.54, BBox: (133, 227, 296, 345)
2025-03-18 17:07:56,396 - log_time: 17:07:56.284; iteration: 0; image: 0; image_size: 751504; connection_time: 4776399520300; time_start_ns: 1742314076284675600; processing_time_ns: 62778500; time_end_ns: 1742314076396723000; signal_val: None; RSSI_val: None; data: Class ID: 0, Confidence: 0.69, BBox: (219, 170, 284, 310)
Class ID: 2, Confidence: 0.69, BBox: (282, 192, 438, 253)
Class ID: 1, Confidence: 0.54, BBox: (133, 227, 296, 345)
2025-03-18 17:07:56,508 - log_time: 17:07:56.397; iteration: 0; image: 0; image_size: 751504; connection_time: 4776399520300; time_start_ns: 1742314076397731000; processing_time_ns: 57985700; time_end_ns: 1742314076508105600; signal_val: None; RSSI_val: None; data: Class ID: 0, Confidence: 0.69, BBox: (219, 170, 284, 310)
Class ID: 2, Confidence: 0.69, BBox: (282, 192, 438, 253)
Class ID: 1, Confidence: 0.54, BBox: (133, 227, 296, 345)
2025-03-18 17:07:56,629 - log_time: 17:07:56.508; iteration: 0; image: 0; image_size: 751504; connection_time: 4776399520300; time_start_ns: 1742314076508105600; processing_time_ns: 76126400; time_end_ns: 1742314076629594200; signal_val: None; RSSI_val: None; data: Class ID: 0, Confidence: 0.69, BBox: (219, 170, 284, 310)
Class ID: 2, Confidence: 0.69, BBox: (282, 192, 438, 253)
Class ID: 1, Confidence: 0.54, BBox: (133, 227, 296, 345)
2025-03-18 17:07:56,738 - log_time: 17:07:56.630; iteration: 0; image: 0; image_size: 751504; connection_time: 4776399520300; time_start_ns: 1742314076630048500; processing_time_ns: 63233200; time_end_ns: 1742314076738491800; signal_val: None; RSSI_val: None; data: Class ID: 0, Confidence: 0.69, BBox: (219, 170, 284, 310)
Class ID: 2, Confidence: 0.69, BBox: (282, 192, 438, 253)
Class ID: 1, Confidence: 0.54, BBox: (133, 227, 296, 345)
2025-03-18 17:07:56,851 - log_time: 17:07:56.738; iteration: 0; image: 0; image_size: 751504; connection_time: 4776399520300; time_start_ns: 1742314076738491800; processing_time_ns: 62341900; time_end_ns: 1742314076851806100; signal_val: None; RSSI_val: None; data: Class ID: 0, Confidence: 0.69, BBox: (219, 170, 284, 310)
Class ID: 2, Confidence: 0.69, BBox: (282, 192, 438, 253)
Class ID: 1, Confidence: 0.54, BBox: (133, 227, 296, 345)
2025-03-18 17:07:56,970 - log_time: 17:07:56.851; iteration: 0; image: 0; image_size: 751504; connection_time: 4776399520300; time_start_ns: 1742314076851806100; processing_time_ns: 69784700; time_end_ns: 1742314076970880700; signal_val: None; RSSI_val: None; data: Class ID: 0, Confidence: 0.69, BBox: (219, 170, 284, 310)
Class ID: 2, Confidence: 0.69, BBox: (282, 192, 438, 253)
Class ID: 1, Confidence: 0.54, BBox: (133, 227, 296, 345)
2025-03-18 17:07:57,076 - log_time: 17:07:56.970; iteration: 0; image: 0; image_size: 751504; connection_time: 4776399520300; time_start_ns: 1742314076970880700; processing_time_ns: 58676700; time_end_ns: 1742314077076406200; signal_val: None; RSSI_val: None; data: Class ID: 0, Confidence: 0.69, BBox: (219, 170, 284, 310)
Class ID: 2, Confidence: 0.69, BBox: (282, 192, 438, 253)
Class ID: 1, Confidence: 0.54, BBox: (133, 227, 296, 345)
2025-03-18 17:07:57,184 - log_time: 17:07:57.076; iteration: 0; image: 0; image_size: 751504; connection_time: 4776399520300; time_start_ns: 1742314077076406200; processing_time_ns: 61827600; time_end_ns: 1742314077184512900; signal_val: None; RSSI_val: None; data: Class ID: 0, Confidence: 0.69, BBox: (219, 170, 284, 310)
Class ID: 2, Confidence: 0.69, BBox: (282, 192, 438, 253)
Class ID: 1, Confidence: 0.54, BBox: (133, 227, 296, 345)
2025-03-18 17:07:57,296 - log_time: 17:07:57.184; iteration: 0; image: 0; image_size: 751504; connection_time: 4776399520300; time_start_ns: 1742314077184512900; processing_time_ns: 60557000; time_end_ns: 1742314077294954500; signal_val: None; RSSI_val: None; data: Class ID: 0, Confidence: 0.69, BBox: (219, 170, 284, 310)
Class ID: 2, Confidence: 0.69, BBox: (282, 192, 438, 253)
Class ID: 1, Confidence: 0.54, BBox: (133, 227, 296, 345)
2025-03-18 17:07:57,401 - log_time: 17:07:57.296; iteration: 0; image: 0; image_size: 751504; connection_time: 4776399520300; time_start_ns: 1742314077296647100; processing_time_ns: 60091500; time_end_ns: 1742314077401726500; signal_val: None; RSSI_val: None; data: Class ID: 0, Confidence: 0.69, BBox: (219, 170, 284, 310)
Class ID: 2, Confidence: 0.69, BBox: (282, 192, 438, 253)
Class ID: 1, Confidence: 0.54, BBox: (133, 227, 296, 345)
2025-03-18 17:07:57,509 - log_time: 17:07:57.401; iteration: 0; image: 0; image_size: 751504; connection_time: 4776399520300; time_start_ns: 1742314077401726500; processing_time_ns: 59622500; time_end_ns: 1742314077509335200; signal_val: None; RSSI_val: None; data: Class ID: 0, Confidence: 0.69, BBox: (219, 170, 284, 310)
Class ID: 2, Confidence: 0.69, BBox: (282, 192, 438, 253)
Class ID: 1, Confidence: 0.54, BBox: (133, 227, 296, 345)
2025-03-18 17:07:57,618 - log_time: 17:07:57.509; iteration: 0; image: 0; image_size: 751504; connection_time: 4776399520300; time_start_ns: 1742314077509335200; processing_time_ns: 61246700; time_end_ns: 1742314077618424200; signal_val: None; RSSI_val: None; data: Class ID: 0, Confidence: 0.69, BBox: (219, 170, 284, 310)
Class ID: 2, Confidence: 0.69, BBox: (282, 192, 438, 253)
Class ID: 1, Confidence: 0.54, BBox: (133, 227, 296, 345)
2025-03-18 17:07:57,724 - log_time: 17:07:57.618; iteration: 0; image: 0; image_size: 751504; connection_time: 4776399520300; time_start_ns: 1742314077618424200; processing_time_ns: 59581700; time_end_ns: 1742314077724865900; signal_val: None; RSSI_val: None; data: Class ID: 0, Confidence: 0.69, BBox: (219, 170, 284, 310)
Class ID: 2, Confidence: 0.69, BBox: (282, 192, 438, 253)
Class ID: 1, Confidence: 0.54, BBox: (133, 227, 296, 345)
2025-03-18 17:07:57,836 - log_time: 17:07:57.724; iteration: 0; image: 0; image_size: 751504; connection_time: 4776399520300; time_start_ns: 1742314077724865900; processing_time_ns: 62930800; time_end_ns: 1742314077836280000; signal_val: None; RSSI_val: None; data: Class ID: 0, Confidence: 0.69, BBox: (219, 170, 284, 310)
Class ID: 2, Confidence: 0.69, BBox: (282, 192, 438, 253)
Class ID: 1, Confidence: 0.54, BBox: (133, 227, 296, 345)
2025-03-18 17:07:57,947 - log_time: 17:07:57.836; iteration: 0; image: 0; image_size: 751504; connection_time: 4776399520300; time_start_ns: 1742314077836280000; processing_time_ns: 62777600; time_end_ns: 1742314077947631500; signal_val: None; RSSI_val: None; data: Class ID: 0, Confidence: 0.69, BBox: (219, 170, 284, 310)
Class ID: 2, Confidence: 0.69, BBox: (282, 192, 438, 253)
Class ID: 1, Confidence: 0.54, BBox: (133, 227, 296, 345)
2025-03-18 17:07:58,053 - log_time: 17:07:57.947; iteration: 0; image: 0; image_size: 751504; connection_time: 4776399520300; time_start_ns: 1742314077947631500; processing_time_ns: 61733200; time_end_ns: 1742314078053478600; signal_val: None; RSSI_val: None; data: Class ID: 0, Confidence: 0.69, BBox: (219, 170, 284, 310)
Class ID: 2, Confidence: 0.69, BBox: (282, 192, 438, 253)
Class ID: 1, Confidence: 0.54, BBox: (133, 227, 296, 345)
2025-03-18 17:07:58,166 - log_time: 17:07:58.053; iteration: 0; image: 0; image_size: 751504; connection_time: 4776399520300; time_start_ns: 1742314078053478600; processing_time_ns: 62904900; time_end_ns: 1742314078166317400; signal_val: None; RSSI_val: None; data: Class ID: 0, Confidence: 0.69, BBox: (219, 170, 284, 310)
Class ID: 2, Confidence: 0.69, BBox: (282, 192, 438, 253)
Class ID: 1, Confidence: 0.54, BBox: (133, 227, 296, 345)
2025-03-18 17:07:58,273 - log_time: 17:07:58.166; iteration: 0; image: 0; image_size: 751504; connection_time: 4776399520300; time_start_ns: 1742314078166317400; processing_time_ns: 60007800; time_end_ns: 1742314078273233300; signal_val: None; RSSI_val: None; data: Class ID: 0, Confidence: 0.69, BBox: (219, 170, 284, 310)
Class ID: 2, Confidence: 0.69, BBox: (282, 192, 438, 253)
Class ID: 1, Confidence: 0.54, BBox: (133, 227, 296, 345)
2025-03-18 17:07:58,380 - log_time: 17:07:58.273; iteration: 0; image: 0; image_size: 751504; connection_time: 4776399520300; time_start_ns: 1742314078273233300; processing_time_ns: 59914700; time_end_ns: 1742314078380878500; signal_val: None; RSSI_val: None; data: Class ID: 0, Confidence: 0.69, BBox: (219, 170, 284, 310)
Class ID: 2, Confidence: 0.69, BBox: (282, 192, 438, 253)
Class ID: 1, Confidence: 0.54, BBox: (133, 227, 296, 345)
2025-03-18 17:07:58,486 - log_time: 17:07:58.381; iteration: 0; image: 0; image_size: 751504; connection_time: 4776399520300; time_start_ns: 1742314078381187400; processing_time_ns: 61377900; time_end_ns: 1742314078486731800; signal_val: None; RSSI_val: None; data: Class ID: 0, Confidence: 0.69, BBox: (219, 170, 284, 310)
Class ID: 2, Confidence: 0.69, BBox: (282, 192, 438, 253)
Class ID: 1, Confidence: 0.54, BBox: (133, 227, 296, 345)
2025-03-18 17:07:58,601 - log_time: 17:07:58.486; iteration: 0; image: 0; image_size: 751504; connection_time: 4776399520300; time_start_ns: 1742314078486731800; processing_time_ns: 64619300; time_end_ns: 1742314078601581100; signal_val: None; RSSI_val: None; data: Class ID: 0, Confidence: 0.69, BBox: (219, 170, 284, 310)
Class ID: 2, Confidence: 0.69, BBox: (282, 192, 438, 253)
Class ID: 1, Confidence: 0.54, BBox: (133, 227, 296, 345)
2025-03-18 17:07:58,707 - log_time: 17:07:58.602; iteration: 0; image: 0; image_size: 751504; connection_time: 4776399520300; time_start_ns: 1742314078602581200; processing_time_ns: 57492900; time_end_ns: 1742314078707855600; signal_val: None; RSSI_val: None; data: Class ID: 0, Confidence: 0.69, BBox: (219, 170, 284, 310)
Class ID: 2, Confidence: 0.69, BBox: (282, 192, 438, 253)
Class ID: 1, Confidence: 0.54, BBox: (133, 227, 296, 345)
2025-03-18 17:07:58,817 - log_time: 17:07:58.707; iteration: 0; image: 0; image_size: 751504; connection_time: 4776399520300; time_start_ns: 1742314078707855600; processing_time_ns: 63548200; time_end_ns: 1742314078817291600; signal_val: None; RSSI_val: None; data: Class ID: 0, Confidence: 0.69, BBox: (219, 170, 284, 310)
Class ID: 2, Confidence: 0.69, BBox: (282, 192, 438, 253)
Class ID: 1, Confidence: 0.54, BBox: (133, 227, 296, 345)
2025-03-18 17:07:58,929 - log_time: 17:07:58.817; iteration: 0; image: 0; image_size: 751504; connection_time: 4776399520300; time_start_ns: 1742314078817291600; processing_time_ns: 59324300; time_end_ns: 1742314078929738700; signal_val: None; RSSI_val: None; data: Class ID: 0, Confidence: 0.69, BBox: (219, 170, 284, 310)
Class ID: 2, Confidence: 0.69, BBox: (282, 192, 438, 253)
Class ID: 1, Confidence: 0.54, BBox: (133, 227, 296, 345)
2025-03-18 17:07:59,052 - log_time: 17:07:58.929; iteration: 0; image: 0; image_size: 751504; connection_time: 4776399520300; time_start_ns: 1742314078929738700; processing_time_ns: 82884400; time_end_ns: 1742314079052811100; signal_val: None; RSSI_val: None; data: Class ID: 0, Confidence: 0.69, BBox: (219, 170, 284, 310)
Class ID: 2, Confidence: 0.69, BBox: (282, 192, 438, 253)
Class ID: 1, Confidence: 0.54, BBox: (133, 227, 296, 345)
2025-03-18 17:07:59,151 - log_time: 17:07:59.053; iteration: 0; image: 0; image_size: 751504; connection_time: 4776399520300; time_start_ns: 1742314079053332900; processing_time_ns: 49148500; time_end_ns: 1742314079151280600; signal_val: None; RSSI_val: None; data: Class ID: 0, Confidence: 0.69, BBox: (219, 170, 284, 310)
Class ID: 2, Confidence: 0.69, BBox: (282, 192, 438, 253)
Class ID: 1, Confidence: 0.54, BBox: (133, 227, 296, 345)
2025-03-18 17:07:59,270 - log_time: 17:07:59.163; iteration: 0; image: 0; image_size: 751504; connection_time: 4776399520300; time_start_ns: 1742314079163057300; processing_time_ns: 61739100; time_end_ns: 1742314079270582500; signal_val: None; RSSI_val: None; data: Class ID: 0, Confidence: 0.69, BBox: (219, 170, 284, 310)
Class ID: 2, Confidence: 0.69, BBox: (282, 192, 438, 253)
Class ID: 1, Confidence: 0.54, BBox: (133, 227, 296, 345)
2025-03-18 17:07:59,380 - log_time: 17:07:59.270; iteration: 0; image: 0; image_size: 751504; connection_time: 4776399520300; time_start_ns: 1742314079270582500; processing_time_ns: 60342300; time_end_ns: 1742314079380754900; signal_val: None; RSSI_val: None; data: Class ID: 0, Confidence: 0.69, BBox: (219, 170, 284, 310)
Class ID: 2, Confidence: 0.69, BBox: (282, 192, 438, 253)
Class ID: 1, Confidence: 0.54, BBox: (133, 227, 296, 345)
2025-03-18 17:07:59,491 - log_time: 17:07:59.380; iteration: 0; image: 0; image_size: 751504; connection_time: 4776399520300; time_start_ns: 1742314079380754900; processing_time_ns: 64332300; time_end_ns: 1742314079491534500; signal_val: None; RSSI_val: None; data: Class ID: 0, Confidence: 0.69, BBox: (219, 170, 284, 310)
Class ID: 2, Confidence: 0.69, BBox: (282, 192, 438, 253)
Class ID: 1, Confidence: 0.54, BBox: (133, 227, 296, 345)
2025-03-18 17:07:59,597 - log_time: 17:07:59.491; iteration: 0; image: 0; image_size: 751504; connection_time: 4776399520300; time_start_ns: 1742314079491534500; processing_time_ns: 59386700; time_end_ns: 1742314079597417900; signal_val: None; RSSI_val: None; data: Class ID: 0, Confidence: 0.69, BBox: (219, 170, 284, 310)
Class ID: 2, Confidence: 0.69, BBox: (282, 192, 438, 253)
Class ID: 1, Confidence: 0.54, BBox: (133, 227, 296, 345)
2025-03-18 17:07:59,707 - log_time: 17:07:59.597; iteration: 0; image: 0; image_size: 751504; connection_time: 4776399520300; time_start_ns: 1742314079597417900; processing_time_ns: 61540300; time_end_ns: 1742314079707786200; signal_val: None; RSSI_val: None; data: Class ID: 0, Confidence: 0.69, BBox: (219, 170, 284, 310)
Class ID: 2, Confidence: 0.69, BBox: (282, 192, 438, 253)
Class ID: 1, Confidence: 0.54, BBox: (133, 227, 296, 345)
2025-03-18 17:07:59,816 - log_time: 17:07:59.707; iteration: 0; image: 0; image_size: 751504; connection_time: 4776399520300; time_start_ns: 1742314079707786200; processing_time_ns: 59455100; time_end_ns: 1742314079814060300; signal_val: None; RSSI_val: None; data: Class ID: 0, Confidence: 0.69, BBox: (219, 170, 284, 310)
Class ID: 2, Confidence: 0.69, BBox: (282, 192, 438, 253)
Class ID: 1, Confidence: 0.54, BBox: (133, 227, 296, 345)
2025-03-18 17:07:59,923 - log_time: 17:07:59.816; iteration: 0; image: 0; image_size: 751504; connection_time: 4776399520300; time_start_ns: 1742314079816294700; processing_time_ns: 60639800; time_end_ns: 1742314079923613600; signal_val: None; RSSI_val: None; data: Class ID: 0, Confidence: 0.69, BBox: (219, 170, 284, 310)
Class ID: 2, Confidence: 0.69, BBox: (282, 192, 438, 253)
Class ID: 1, Confidence: 0.54, BBox: (133, 227, 296, 345)
2025-03-18 17:08:00,038 - log_time: 17:07:59.923; iteration: 0; image: 0; image_size: 751504; connection_time: 4776399520300; time_start_ns: 1742314079923613600; processing_time_ns: 68375300; time_end_ns: 1742314080038535800; signal_val: None; RSSI_val: None; data: Class ID: 0, Confidence: 0.69, BBox: (219, 170, 284, 310)
Class ID: 2, Confidence: 0.69, BBox: (282, 192, 438, 253)
Class ID: 1, Confidence: 0.54, BBox: (133, 227, 296, 345)
2025-03-18 17:08:00,147 - log_time: 17:08:00.038; iteration: 0; image: 0; image_size: 751504; connection_time: 4776399520300; time_start_ns: 1742314080038535800; processing_time_ns: 61590200; time_end_ns: 1742314080147348600; signal_val: None; RSSI_val: None; data: Class ID: 0, Confidence: 0.69, BBox: (219, 170, 284, 310)
Class ID: 2, Confidence: 0.69, BBox: (282, 192, 438, 253)
Class ID: 1, Confidence: 0.54, BBox: (133, 227, 296, 345)
2025-03-18 17:08:00,255 - log_time: 17:08:00.147; iteration: 0; image: 0; image_size: 751504; connection_time: 4776399520300; time_start_ns: 1742314080147348600; processing_time_ns: 58953200; time_end_ns: 1742314080255262400; signal_val: None; RSSI_val: None; data: Class ID: 0, Confidence: 0.69, BBox: (219, 170, 284, 310)
Class ID: 2, Confidence: 0.69, BBox: (282, 192, 438, 253)
Class ID: 1, Confidence: 0.54, BBox: (133, 227, 296, 345)
2025-03-18 17:08:00,406 - log_time: 17:08:00.255; iteration: 0; image: 0; image_size: 751504; connection_time: 4776399520300; time_start_ns: 1742314080255262400; processing_time_ns: 103217500; time_end_ns: 1742314080406980700; signal_val: None; RSSI_val: None; data: Class ID: 0, Confidence: 0.69, BBox: (219, 170, 284, 310)
Class ID: 2, Confidence: 0.69, BBox: (282, 192, 438, 253)
Class ID: 1, Confidence: 0.54, BBox: (133, 227, 296, 345)
2025-03-18 17:08:00,519 - log_time: 17:08:00.406; iteration: 0; image: 0; image_size: 751504; connection_time: 4776399520300; time_start_ns: 1742314080406980700; processing_time_ns: 62376500; time_end_ns: 1742314080519148800; signal_val: None; RSSI_val: None; data: Class ID: 0, Confidence: 0.69, BBox: (219, 170, 284, 310)
Class ID: 2, Confidence: 0.69, BBox: (282, 192, 438, 253)
Class ID: 1, Confidence: 0.54, BBox: (133, 227, 296, 345)
2025-03-18 17:08:00,625 - log_time: 17:08:00.519; iteration: 0; image: 0; image_size: 751504; connection_time: 4776399520300; time_start_ns: 1742314080519148800; processing_time_ns: 59641300; time_end_ns: 1742314080625970900; signal_val: None; RSSI_val: None; data: Class ID: 0, Confidence: 0.69, BBox: (219, 170, 284, 310)
Class ID: 2, Confidence: 0.69, BBox: (282, 192, 438, 253)
Class ID: 1, Confidence: 0.54, BBox: (133, 227, 296, 345)
2025-03-18 17:08:00,733 - log_time: 17:08:00.625; iteration: 0; image: 0; image_size: 751504; connection_time: 4776399520300; time_start_ns: 1742314080625970900; processing_time_ns: 61946400; time_end_ns: 1742314080733178200; signal_val: None; RSSI_val: None; data: Class ID: 0, Confidence: 0.69, BBox: (219, 170, 284, 310)
Class ID: 2, Confidence: 0.69, BBox: (282, 192, 438, 253)
Class ID: 1, Confidence: 0.54, BBox: (133, 227, 296, 345)
2025-03-18 17:08:00,840 - log_time: 17:08:00.733; iteration: 0; image: 0; image_size: 751504; connection_time: 4776399520300; time_start_ns: 1742314080733178200; processing_time_ns: 57536500; time_end_ns: 1742314080840921600; signal_val: None; RSSI_val: None; data: Class ID: 0, Confidence: 0.69, BBox: (219, 170, 284, 310)
Class ID: 2, Confidence: 0.69, BBox: (282, 192, 438, 253)
Class ID: 1, Confidence: 0.54, BBox: (133, 227, 296, 345)
2025-03-18 17:08:00,947 - log_time: 17:08:00.840; iteration: 0; image: 0; image_size: 751504; connection_time: 4776399520300; time_start_ns: 1742314080840921600; processing_time_ns: 59976000; time_end_ns: 1742314080947279400; signal_val: None; RSSI_val: None; data: Class ID: 0, Confidence: 0.69, BBox: (219, 170, 284, 310)
Class ID: 2, Confidence: 0.69, BBox: (282, 192, 438, 253)
Class ID: 1, Confidence: 0.54, BBox: (133, 227, 296, 345)
2025-03-18 17:08:01,058 - log_time: 17:08:00.947; iteration: 0; image: 0; image_size: 751504; connection_time: 4776399520300; time_start_ns: 1742314080947279400; processing_time_ns: 60104900; time_end_ns: 1742314081058117700; signal_val: None; RSSI_val: None; data: Class ID: 0, Confidence: 0.69, BBox: (219, 170, 284, 310)
Class ID: 2, Confidence: 0.69, BBox: (282, 192, 438, 253)
Class ID: 1, Confidence: 0.54, BBox: (133, 227, 296, 345)
2025-03-18 17:08:01,183 - log_time: 17:08:01.058; iteration: 0; image: 0; image_size: 751504; connection_time: 4776399520300; time_start_ns: 1742314081058117700; processing_time_ns: 70585500; time_end_ns: 1742314081182570300; signal_val: None; RSSI_val: None; data: Class ID: 0, Confidence: 0.69, BBox: (219, 170, 284, 310)
Class ID: 2, Confidence: 0.69, BBox: (282, 192, 438, 253)
Class ID: 1, Confidence: 0.54, BBox: (133, 227, 296, 345)
2025-03-18 17:08:01,291 - log_time: 17:08:01.183; iteration: 0; image: 0; image_size: 751504; connection_time: 4776399520300; time_start_ns: 1742314081183569200; processing_time_ns: 58725200; time_end_ns: 1742314081291814200; signal_val: None; RSSI_val: None; data: Class ID: 0, Confidence: 0.69, BBox: (219, 170, 284, 310)
Class ID: 2, Confidence: 0.69, BBox: (282, 192, 438, 253)
Class ID: 1, Confidence: 0.54, BBox: (133, 227, 296, 345)
2025-03-18 17:08:01,401 - log_time: 17:08:01.291; iteration: 0; image: 0; image_size: 751504; connection_time: 4776399520300; time_start_ns: 1742314081291814200; processing_time_ns: 62707800; time_end_ns: 1742314081401982700; signal_val: None; RSSI_val: None; data: Class ID: 0, Confidence: 0.69, BBox: (219, 170, 284, 310)
Class ID: 2, Confidence: 0.69, BBox: (282, 192, 438, 253)
Class ID: 1, Confidence: 0.54, BBox: (133, 227, 296, 345)
2025-03-18 17:08:01,512 - log_time: 17:08:01.401; iteration: 0; image: 0; image_size: 751504; connection_time: 4776399520300; time_start_ns: 1742314081401982700; processing_time_ns: 60482800; time_end_ns: 1742314081512736600; signal_val: None; RSSI_val: None; data: Class ID: 0, Confidence: 0.69, BBox: (219, 170, 284, 310)
Class ID: 2, Confidence: 0.69, BBox: (282, 192, 438, 253)
Class ID: 1, Confidence: 0.54, BBox: (133, 227, 296, 345)
2025-03-18 17:08:01,622 - log_time: 17:08:01.512; iteration: 0; image: 0; image_size: 751504; connection_time: 4776399520300; time_start_ns: 1742314081513744800; processing_time_ns: 62115000; time_end_ns: 1742314081622538100; signal_val: None; RSSI_val: None; data: Class ID: 0, Confidence: 0.69, BBox: (219, 170, 284, 310)
Class ID: 2, Confidence: 0.69, BBox: (282, 192, 438, 253)
Class ID: 1, Confidence: 0.54, BBox: (133, 227, 296, 345)
2025-03-18 17:08:01,734 - log_time: 17:08:01.622; iteration: 0; image: 0; image_size: 751504; connection_time: 4776399520300; time_start_ns: 1742314081622538100; processing_time_ns: 64288900; time_end_ns: 1742314081734479200; signal_val: None; RSSI_val: None; data: Class ID: 0, Confidence: 0.69, BBox: (219, 170, 284, 310)
Class ID: 2, Confidence: 0.69, BBox: (282, 192, 438, 253)
Class ID: 1, Confidence: 0.54, BBox: (133, 227, 296, 345)
2025-03-18 17:08:01,841 - log_time: 17:08:01.735; iteration: 0; image: 0; image_size: 751504; connection_time: 4776399520300; time_start_ns: 1742314081735478200; processing_time_ns: 59666200; time_end_ns: 1742314081841860300; signal_val: None; RSSI_val: None; data: Class ID: 0, Confidence: 0.69, BBox: (219, 170, 284, 310)
Class ID: 2, Confidence: 0.69, BBox: (282, 192, 438, 253)
Class ID: 1, Confidence: 0.54, BBox: (133, 227, 296, 345)
2025-03-18 17:08:01,949 - log_time: 17:08:01.841; iteration: 0; image: 0; image_size: 751504; connection_time: 4776399520300; time_start_ns: 1742314081841860300; processing_time_ns: 62110600; time_end_ns: 1742314081949991100; signal_val: None; RSSI_val: None; data: Class ID: 0, Confidence: 0.69, BBox: (219, 170, 284, 310)
Class ID: 2, Confidence: 0.69, BBox: (282, 192, 438, 253)
Class ID: 1, Confidence: 0.54, BBox: (133, 227, 296, 345)
2025-03-18 17:08:02,063 - log_time: 17:08:01.949; iteration: 0; image: 0; image_size: 751504; connection_time: 4776399520300; time_start_ns: 1742314081949991100; processing_time_ns: 60350500; time_end_ns: 1742314082063781200; signal_val: None; RSSI_val: None; data: Class ID: 0, Confidence: 0.69, BBox: (219, 170, 284, 310)
Class ID: 2, Confidence: 0.69, BBox: (282, 192, 438, 253)
Class ID: 1, Confidence: 0.54, BBox: (133, 227, 296, 345)
2025-03-18 17:08:02,174 - log_time: 17:08:02.063; iteration: 0; image: 0; image_size: 751504; connection_time: 4776399520300; time_start_ns: 1742314082063781200; processing_time_ns: 59903000; time_end_ns: 1742314082174440800; signal_val: None; RSSI_val: None; data: Class ID: 0, Confidence: 0.69, BBox: (219, 170, 284, 310)
Class ID: 2, Confidence: 0.69, BBox: (282, 192, 438, 253)
Class ID: 1, Confidence: 0.54, BBox: (133, 227, 296, 345)
2025-03-18 17:08:02,285 - log_time: 17:08:02.174; iteration: 0; image: 0; image_size: 751504; connection_time: 4776399520300; time_start_ns: 1742314082174440800; processing_time_ns: 65718800; time_end_ns: 1742314082285560400; signal_val: None; RSSI_val: None; data: Class ID: 0, Confidence: 0.69, BBox: (219, 170, 284, 310)
Class ID: 2, Confidence: 0.69, BBox: (282, 192, 438, 253)
Class ID: 1, Confidence: 0.54, BBox: (133, 227, 296, 345)
2025-03-18 17:08:02,395 - log_time: 17:08:02.285; iteration: 0; image: 0; image_size: 751504; connection_time: 4776399520300; time_start_ns: 1742314082285560400; processing_time_ns: 58686300; time_end_ns: 1742314082395969900; signal_val: None; RSSI_val: None; data: Class ID: 0, Confidence: 0.69, BBox: (219, 170, 284, 310)
Class ID: 2, Confidence: 0.69, BBox: (282, 192, 438, 253)
Class ID: 1, Confidence: 0.54, BBox: (133, 227, 296, 345)
2025-03-18 17:08:02,505 - log_time: 17:08:02.395; iteration: 0; image: 0; image_size: 751504; connection_time: 4776399520300; time_start_ns: 1742314082395969900; processing_time_ns: 61412000; time_end_ns: 1742314082505886000; signal_val: None; RSSI_val: None; data: Class ID: 0, Confidence: 0.69, BBox: (219, 170, 284, 310)
Class ID: 2, Confidence: 0.69, BBox: (282, 192, 438, 253)
Class ID: 1, Confidence: 0.54, BBox: (133, 227, 296, 345)
2025-03-18 17:08:02,618 - log_time: 17:08:02.505; iteration: 0; image: 0; image_size: 751504; connection_time: 4776399520300; time_start_ns: 1742314082505886000; processing_time_ns: 62664600; time_end_ns: 1742314082618396700; signal_val: None; RSSI_val: None; data: Class ID: 0, Confidence: 0.69, BBox: (219, 170, 284, 310)
Class ID: 2, Confidence: 0.69, BBox: (282, 192, 438, 253)
Class ID: 1, Confidence: 0.54, BBox: (133, 227, 296, 345)
2025-03-18 17:08:02,730 - log_time: 17:08:02.618; iteration: 0; image: 0; image_size: 751504; connection_time: 4776399520300; time_start_ns: 1742314082618396700; processing_time_ns: 60467900; time_end_ns: 1742314082730476600; signal_val: None; RSSI_val: None; data: Class ID: 0, Confidence: 0.69, BBox: (219, 170, 284, 310)
Class ID: 2, Confidence: 0.69, BBox: (282, 192, 438, 253)
Class ID: 1, Confidence: 0.54, BBox: (133, 227, 296, 345)
2025-03-18 17:08:02,843 - log_time: 17:08:02.730; iteration: 0; image: 0; image_size: 751504; connection_time: 4776399520300; time_start_ns: 1742314082730476600; processing_time_ns: 60169900; time_end_ns: 1742314082843384400; signal_val: None; RSSI_val: None; data: Class ID: 0, Confidence: 0.69, BBox: (219, 170, 284, 310)
Class ID: 2, Confidence: 0.69, BBox: (282, 192, 438, 253)
Class ID: 1, Confidence: 0.54, BBox: (133, 227, 296, 345)
2025-03-18 17:08:02,950 - log_time: 17:08:02.843; iteration: 0; image: 0; image_size: 751504; connection_time: 4776399520300; time_start_ns: 1742314082843384400; processing_time_ns: 59115900; time_end_ns: 1742314082950125600; signal_val: None; RSSI_val: None; data: Class ID: 0, Confidence: 0.69, BBox: (219, 170, 284, 310)
Class ID: 2, Confidence: 0.69, BBox: (282, 192, 438, 253)
Class ID: 1, Confidence: 0.54, BBox: (133, 227, 296, 345)
2025-03-18 17:08:03,063 - log_time: 17:08:02.950; iteration: 0; image: 0; image_size: 751504; connection_time: 4776399520300; time_start_ns: 1742314082950125600; processing_time_ns: 60306900; time_end_ns: 1742314083063643900; signal_val: None; RSSI_val: None; data: Class ID: 0, Confidence: 0.69, BBox: (219, 170, 284, 310)
Class ID: 2, Confidence: 0.69, BBox: (282, 192, 438, 253)
Class ID: 1, Confidence: 0.54, BBox: (133, 227, 296, 345)
2025-03-18 17:08:03,176 - log_time: 17:08:03.063; iteration: 0; image: 0; image_size: 751504; connection_time: 4776399520300; time_start_ns: 1742314083063643900; processing_time_ns: 60513800; time_end_ns: 1742314083176999500; signal_val: None; RSSI_val: None; data: Class ID: 0, Confidence: 0.69, BBox: (219, 170, 284, 310)
Class ID: 2, Confidence: 0.69, BBox: (282, 192, 438, 253)
Class ID: 1, Confidence: 0.54, BBox: (133, 227, 296, 345)
2025-03-18 17:08:03,301 - log_time: 17:08:03.176; iteration: 0; image: 0; image_size: 751504; connection_time: 4776399520300; time_start_ns: 1742314083176999500; processing_time_ns: 63688300; time_end_ns: 1742314083301898000; signal_val: None; RSSI_val: None; data: Class ID: 0, Confidence: 0.69, BBox: (219, 170, 284, 310)
Class ID: 2, Confidence: 0.69, BBox: (282, 192, 438, 253)
Class ID: 1, Confidence: 0.54, BBox: (133, 227, 296, 345)
2025-03-18 17:08:03,413 - log_time: 17:08:03.302; iteration: 0; image: 0; image_size: 751504; connection_time: 4776399520300; time_start_ns: 1742314083302422800; processing_time_ns: 60305200; time_end_ns: 1742314083413560100; signal_val: None; RSSI_val: None; data: Class ID: 0, Confidence: 0.69, BBox: (219, 170, 284, 310)
Class ID: 2, Confidence: 0.69, BBox: (282, 192, 438, 253)
Class ID: 1, Confidence: 0.54, BBox: (133, 227, 296, 345)
2025-03-18 17:08:03,523 - log_time: 17:08:03.413; iteration: 0; image: 0; image_size: 751504; connection_time: 4776399520300; time_start_ns: 1742314083413560100; processing_time_ns: 58633600; time_end_ns: 1742314083523379100; signal_val: None; RSSI_val: None; data: Class ID: 0, Confidence: 0.69, BBox: (219, 170, 284, 310)
Class ID: 2, Confidence: 0.69, BBox: (282, 192, 438, 253)
Class ID: 1, Confidence: 0.54, BBox: (133, 227, 296, 345)
2025-03-18 17:08:03,636 - log_time: 17:08:03.523; iteration: 0; image: 0; image_size: 751504; connection_time: 4776399520300; time_start_ns: 1742314083523379100; processing_time_ns: 65896100; time_end_ns: 1742314083636881600; signal_val: None; RSSI_val: None; data: Class ID: 0, Confidence: 0.69, BBox: (219, 170, 284, 310)
Class ID: 2, Confidence: 0.69, BBox: (282, 192, 438, 253)
Class ID: 1, Confidence: 0.54, BBox: (133, 227, 296, 345)
2025-03-18 17:08:03,749 - log_time: 17:08:03.636; iteration: 0; image: 0; image_size: 751504; connection_time: 4776399520300; time_start_ns: 1742314083636881600; processing_time_ns: 62813600; time_end_ns: 1742314083749354500; signal_val: None; RSSI_val: None; data: Class ID: 0, Confidence: 0.69, BBox: (219, 170, 284, 310)
Class ID: 2, Confidence: 0.69, BBox: (282, 192, 438, 253)
Class ID: 1, Confidence: 0.54, BBox: (133, 227, 296, 345)
2025-03-18 17:08:03,862 - log_time: 17:08:03.749; iteration: 0; image: 0; image_size: 751504; connection_time: 4776399520300; time_start_ns: 1742314083749354500; processing_time_ns: 63610800; time_end_ns: 1742314083862433500; signal_val: None; RSSI_val: None; data: Class ID: 0, Confidence: 0.69, BBox: (219, 170, 284, 310)
Class ID: 2, Confidence: 0.69, BBox: (282, 192, 438, 253)
Class ID: 1, Confidence: 0.54, BBox: (133, 227, 296, 345)
2025-03-18 17:08:03,966 - log_time: 17:08:03.863; iteration: 0; image: 0; image_size: 751504; connection_time: 4776399520300; time_start_ns: 1742314083863440600; processing_time_ns: 54587400; time_end_ns: 1742314083966844600; signal_val: None; RSSI_val: None; data: Class ID: 0, Confidence: 0.69, BBox: (219, 170, 284, 310)
Class ID: 2, Confidence: 0.69, BBox: (282, 192, 438, 253)
Class ID: 1, Confidence: 0.54, BBox: (133, 227, 296, 345)
2025-03-18 17:08:04,084 - log_time: 17:08:03.966; iteration: 0; image: 0; image_size: 751504; connection_time: 4776399520300; time_start_ns: 1742314083966844600; processing_time_ns: 64710800; time_end_ns: 1742314084084574600; signal_val: None; RSSI_val: None; data: Class ID: 0, Confidence: 0.69, BBox: (219, 170, 284, 310)
Class ID: 2, Confidence: 0.69, BBox: (282, 192, 438, 253)
Class ID: 1, Confidence: 0.54, BBox: (133, 227, 296, 345)
2025-03-18 17:08:04,195 - log_time: 17:08:04.084; iteration: 0; image: 0; image_size: 751504; connection_time: 4776399520300; time_start_ns: 1742314084084574600; processing_time_ns: 60360700; time_end_ns: 1742314084195733300; signal_val: None; RSSI_val: None; data: Class ID: 0, Confidence: 0.69, BBox: (219, 170, 284, 310)
Class ID: 2, Confidence: 0.69, BBox: (282, 192, 438, 253)
Class ID: 1, Confidence: 0.54, BBox: (133, 227, 296, 345)
2025-03-18 17:08:04,307 - log_time: 17:08:04.197; iteration: 0; image: 0; image_size: 751504; connection_time: 4776399520300; time_start_ns: 1742314084197099300; processing_time_ns: 59197700; time_end_ns: 1742314084307899200; signal_val: None; RSSI_val: None; data: Class ID: 0, Confidence: 0.69, BBox: (219, 170, 284, 310)
Class ID: 2, Confidence: 0.69, BBox: (282, 192, 438, 253)
Class ID: 1, Confidence: 0.54, BBox: (133, 227, 296, 345)
2025-03-18 17:08:04,419 - log_time: 17:08:04.307; iteration: 0; image: 0; image_size: 751504; connection_time: 4776399520300; time_start_ns: 1742314084307899200; processing_time_ns: 60624600; time_end_ns: 1742314084419210000; signal_val: None; RSSI_val: None; data: Class ID: 0, Confidence: 0.69, BBox: (219, 170, 284, 310)
Class ID: 2, Confidence: 0.69, BBox: (282, 192, 438, 253)
Class ID: 1, Confidence: 0.54, BBox: (133, 227, 296, 345)
2025-03-18 17:08:04,532 - log_time: 17:08:04.419; iteration: 0; image: 0; image_size: 751504; connection_time: 4776399520300; time_start_ns: 1742314084419210000; processing_time_ns: 63146100; time_end_ns: 1742314084532090500; signal_val: None; RSSI_val: None; data: Class ID: 0, Confidence: 0.69, BBox: (219, 170, 284, 310)
Class ID: 2, Confidence: 0.69, BBox: (282, 192, 438, 253)
Class ID: 1, Confidence: 0.54, BBox: (133, 227, 296, 345)
2025-03-18 17:08:04,641 - log_time: 17:08:04.532; iteration: 0; image: 0; image_size: 751504; connection_time: 4776399520300; time_start_ns: 1742314084532090500; processing_time_ns: 58647400; time_end_ns: 1742314084641625300; signal_val: None; RSSI_val: None; data: Class ID: 0, Confidence: 0.69, BBox: (219, 170, 284, 310)
Class ID: 2, Confidence: 0.69, BBox: (282, 192, 438, 253)
Class ID: 1, Confidence: 0.54, BBox: (133, 227, 296, 345)
2025-03-18 17:08:04,752 - log_time: 17:08:04.641; iteration: 0; image: 0; image_size: 751504; connection_time: 4776399520300; time_start_ns: 1742314084641625300; processing_time_ns: 61396600; time_end_ns: 1742314084752759100; signal_val: None; RSSI_val: None; data: Class ID: 0, Confidence: 0.69, BBox: (219, 170, 284, 310)
Class ID: 2, Confidence: 0.69, BBox: (282, 192, 438, 253)
Class ID: 1, Confidence: 0.54, BBox: (133, 227, 296, 345)
2025-03-18 17:08:04,863 - log_time: 17:08:04.752; iteration: 0; image: 0; image_size: 751504; connection_time: 4776399520300; time_start_ns: 1742314084752759100; processing_time_ns: 60255000; time_end_ns: 1742314084863349700; signal_val: None; RSSI_val: None; data: Class ID: 0, Confidence: 0.69, BBox: (219, 170, 284, 310)
Class ID: 2, Confidence: 0.69, BBox: (282, 192, 438, 253)
Class ID: 1, Confidence: 0.54, BBox: (133, 227, 296, 345)
2025-03-18 17:08:04,974 - log_time: 17:08:04.863; iteration: 0; image: 0; image_size: 751504; connection_time: 4776399520300; time_start_ns: 1742314084863349700; processing_time_ns: 58353200; time_end_ns: 1742314084974174700; signal_val: None; RSSI_val: None; data: Class ID: 0, Confidence: 0.69, BBox: (219, 170, 284, 310)
Class ID: 2, Confidence: 0.69, BBox: (282, 192, 438, 253)
Class ID: 1, Confidence: 0.54, BBox: (133, 227, 296, 345)
2025-03-18 17:08:05,113 - log_time: 17:08:04.974; iteration: 0; image: 0; image_size: 751504; connection_time: 4776399520300; time_start_ns: 1742314084974174700; processing_time_ns: 58470300; time_end_ns: 1742314085113891000; signal_val: None; RSSI_val: None; data: Class ID: 0, Confidence: 0.69, BBox: (219, 170, 284, 310)
Class ID: 2, Confidence: 0.69, BBox: (282, 192, 438, 253)
Class ID: 1, Confidence: 0.54, BBox: (133, 227, 296, 345)
2025-03-18 17:08:05,228 - log_time: 17:08:05.113; iteration: 0; image: 0; image_size: 751504; connection_time: 4776399520300; time_start_ns: 1742314085113891000; processing_time_ns: 61255300; time_end_ns: 1742314085228924800; signal_val: None; RSSI_val: None; data: Class ID: 0, Confidence: 0.69, BBox: (219, 170, 284, 310)
Class ID: 2, Confidence: 0.69, BBox: (282, 192, 438, 253)
Class ID: 1, Confidence: 0.54, BBox: (133, 227, 296, 345)
2025-03-18 17:08:05,354 - log_time: 17:08:05.229; iteration: 0; image: 0; image_size: 751504; connection_time: 4776399520300; time_start_ns: 1742314085229936200; processing_time_ns: 74730600; time_end_ns: 1742314085354270400; signal_val: None; RSSI_val: None; data: Class ID: 0, Confidence: 0.69, BBox: (219, 170, 284, 310)
Class ID: 2, Confidence: 0.69, BBox: (282, 192, 438, 253)
Class ID: 1, Confidence: 0.54, BBox: (133, 227, 296, 345)
2025-03-18 17:08:05,469 - log_time: 17:08:05.354; iteration: 0; image: 0; image_size: 751504; connection_time: 4776399520300; time_start_ns: 1742314085354270400; processing_time_ns: 70265100; time_end_ns: 1742314085469897200; signal_val: None; RSSI_val: None; data: Class ID: 0, Confidence: 0.69, BBox: (219, 170, 284, 310)
Class ID: 2, Confidence: 0.69, BBox: (282, 192, 438, 253)
Class ID: 1, Confidence: 0.54, BBox: (133, 227, 296, 345)
2025-03-18 17:08:05,584 - log_time: 17:08:05.469; iteration: 0; image: 0; image_size: 751504; connection_time: 4776399520300; time_start_ns: 1742314085469897200; processing_time_ns: 64382900; time_end_ns: 1742314085584543000; signal_val: None; RSSI_val: None; data: Class ID: 0, Confidence: 0.69, BBox: (219, 170, 284, 310)
Class ID: 2, Confidence: 0.69, BBox: (282, 192, 438, 253)
Class ID: 1, Confidence: 0.54, BBox: (133, 227, 296, 345)
2025-03-18 17:08:05,698 - log_time: 17:08:05.584; iteration: 0; image: 0; image_size: 751504; connection_time: 4776399520300; time_start_ns: 1742314085584543000; processing_time_ns: 61526900; time_end_ns: 1742314085698807000; signal_val: None; RSSI_val: None; data: Class ID: 0, Confidence: 0.69, BBox: (219, 170, 284, 310)
Class ID: 2, Confidence: 0.69, BBox: (282, 192, 438, 253)
Class ID: 1, Confidence: 0.54, BBox: (133, 227, 296, 345)
2025-03-18 17:08:05,807 - log_time: 17:08:05.698; iteration: 0; image: 0; image_size: 751504; connection_time: 4776399520300; time_start_ns: 1742314085698807000; processing_time_ns: 58618200; time_end_ns: 1742314085807764000; signal_val: None; RSSI_val: None; data: Class ID: 0, Confidence: 0.69, BBox: (219, 170, 284, 310)
Class ID: 2, Confidence: 0.69, BBox: (282, 192, 438, 253)
Class ID: 1, Confidence: 0.54, BBox: (133, 227, 296, 345)
2025-03-18 17:08:05,918 - log_time: 17:08:05.807; iteration: 0; image: 0; image_size: 751504; connection_time: 4776399520300; time_start_ns: 1742314085807764000; processing_time_ns: 62117000; time_end_ns: 1742314085918082200; signal_val: None; RSSI_val: None; data: Class ID: 0, Confidence: 0.69, BBox: (219, 170, 284, 310)
Class ID: 2, Confidence: 0.69, BBox: (282, 192, 438, 253)
Class ID: 1, Confidence: 0.54, BBox: (133, 227, 296, 345)
2025-03-18 17:08:06,033 - log_time: 17:08:05.918; iteration: 0; image: 0; image_size: 751504; connection_time: 4776399520300; time_start_ns: 1742314085918082200; processing_time_ns: 62266000; time_end_ns: 1742314086033189300; signal_val: None; RSSI_val: None; data: Class ID: 0, Confidence: 0.69, BBox: (219, 170, 284, 310)
Class ID: 2, Confidence: 0.69, BBox: (282, 192, 438, 253)
Class ID: 1, Confidence: 0.54, BBox: (133, 227, 296, 345)
2025-03-18 17:08:06,146 - log_time: 17:08:06.033; iteration: 0; image: 0; image_size: 751504; connection_time: 4776399520300; time_start_ns: 1742314086033189300; processing_time_ns: 60929300; time_end_ns: 1742314086146900000; signal_val: None; RSSI_val: None; data: Class ID: 0, Confidence: 0.69, BBox: (219, 170, 284, 310)
Class ID: 2, Confidence: 0.69, BBox: (282, 192, 438, 253)
Class ID: 1, Confidence: 0.54, BBox: (133, 227, 296, 345)
2025-03-18 17:08:06,255 - log_time: 17:08:06.146; iteration: 0; image: 0; image_size: 751504; connection_time: 4776399520300; time_start_ns: 1742314086146900000; processing_time_ns: 53735300; time_end_ns: 1742314086255046000; signal_val: None; RSSI_val: None; data: Class ID: 0, Confidence: 0.69, BBox: (219, 170, 284, 310)
Class ID: 2, Confidence: 0.69, BBox: (282, 192, 438, 253)
Class ID: 1, Confidence: 0.54, BBox: (133, 227, 296, 345)
2025-03-18 17:08:06,372 - log_time: 17:08:06.255; iteration: 0; image: 0; image_size: 751504; connection_time: 4776399520300; time_start_ns: 1742314086255046000; processing_time_ns: 75199000; time_end_ns: 1742314086372275600; signal_val: None; RSSI_val: None; data: Class ID: 0, Confidence: 0.69, BBox: (219, 170, 284, 310)
Class ID: 2, Confidence: 0.69, BBox: (282, 192, 438, 253)
Class ID: 1, Confidence: 0.54, BBox: (133, 227, 296, 345)
2025-03-18 17:08:06,484 - log_time: 17:08:06.372; iteration: 0; image: 0; image_size: 751504; connection_time: 4776399520300; time_start_ns: 1742314086372275600; processing_time_ns: 60995900; time_end_ns: 1742314086484625900; signal_val: None; RSSI_val: None; data: Class ID: 0, Confidence: 0.69, BBox: (219, 170, 284, 310)
Class ID: 2, Confidence: 0.69, BBox: (282, 192, 438, 253)
Class ID: 1, Confidence: 0.54, BBox: (133, 227, 296, 345)
2025-03-18 17:08:06,600 - log_time: 17:08:06.484; iteration: 0; image: 0; image_size: 751504; connection_time: 4776399520300; time_start_ns: 1742314086484625900; processing_time_ns: 63947900; time_end_ns: 1742314086600124900; signal_val: None; RSSI_val: None; data: Class ID: 0, Confidence: 0.69, BBox: (219, 170, 284, 310)
Class ID: 2, Confidence: 0.69, BBox: (282, 192, 438, 253)
Class ID: 1, Confidence: 0.54, BBox: (133, 227, 296, 345)
2025-03-18 17:08:06,712 - log_time: 17:08:06.600; iteration: 0; image: 0; image_size: 751504; connection_time: 4776399520300; time_start_ns: 1742314086600124900; processing_time_ns: 60253100; time_end_ns: 1742314086712076600; signal_val: None; RSSI_val: None; data: Class ID: 0, Confidence: 0.69, BBox: (219, 170, 284, 310)
Class ID: 2, Confidence: 0.69, BBox: (282, 192, 438, 253)
Class ID: 1, Confidence: 0.54, BBox: (133, 227, 296, 345)
2025-03-18 17:08:06,824 - log_time: 17:08:06.712; iteration: 0; image: 0; image_size: 751504; connection_time: 4776399520300; time_start_ns: 1742314086713086000; processing_time_ns: 60085100; time_end_ns: 1742314086824027400; signal_val: None; RSSI_val: None; data: Class ID: 0, Confidence: 0.69, BBox: (219, 170, 284, 310)
Class ID: 2, Confidence: 0.69, BBox: (282, 192, 438, 253)
Class ID: 1, Confidence: 0.54, BBox: (133, 227, 296, 345)
2025-03-18 17:08:06,937 - log_time: 17:08:06.824; iteration: 0; image: 0; image_size: 751504; connection_time: 4776399520300; time_start_ns: 1742314086824027400; processing_time_ns: 66936400; time_end_ns: 1742314086937362300; signal_val: None; RSSI_val: None; data: Class ID: 0, Confidence: 0.69, BBox: (219, 170, 284, 310)
Class ID: 2, Confidence: 0.69, BBox: (282, 192, 438, 253)
Class ID: 1, Confidence: 0.54, BBox: (133, 227, 296, 345)
2025-03-18 17:08:07,049 - log_time: 17:08:06.938; iteration: 0; image: 0; image_size: 751504; connection_time: 4776399520300; time_start_ns: 1742314086938361900; processing_time_ns: 61473700; time_end_ns: 1742314087049768900; signal_val: None; RSSI_val: None; data: Class ID: 0, Confidence: 0.69, BBox: (219, 170, 284, 310)
Class ID: 2, Confidence: 0.69, BBox: (282, 192, 438, 253)
Class ID: 1, Confidence: 0.54, BBox: (133, 227, 296, 345)
2025-03-18 17:08:07,162 - log_time: 17:08:07.049; iteration: 0; image: 0; image_size: 751504; connection_time: 4776399520300; time_start_ns: 1742314087049768900; processing_time_ns: 60163200; time_end_ns: 1742314087162005200; signal_val: None; RSSI_val: None; data: Class ID: 0, Confidence: 0.69, BBox: (219, 170, 284, 310)
Class ID: 2, Confidence: 0.69, BBox: (282, 192, 438, 253)
Class ID: 1, Confidence: 0.54, BBox: (133, 227, 296, 345)
2025-03-18 17:08:07,279 - log_time: 17:08:07.163; iteration: 0; image: 0; image_size: 751504; connection_time: 4776399520300; time_start_ns: 1742314087163014800; processing_time_ns: 63061500; time_end_ns: 1742314087279957600; signal_val: None; RSSI_val: None; data: Class ID: 0, Confidence: 0.69, BBox: (219, 170, 284, 310)
Class ID: 2, Confidence: 0.69, BBox: (282, 192, 438, 253)
Class ID: 1, Confidence: 0.54, BBox: (133, 227, 296, 345)
2025-03-18 17:08:07,399 - log_time: 17:08:07.279; iteration: 0; image: 0; image_size: 751504; connection_time: 4776399520300; time_start_ns: 1742314087279957600; processing_time_ns: 63964400; time_end_ns: 1742314087399258400; signal_val: None; RSSI_val: None; data: Class ID: 0, Confidence: 0.69, BBox: (219, 170, 284, 310)
Class ID: 2, Confidence: 0.69, BBox: (282, 192, 438, 253)
Class ID: 1, Confidence: 0.54, BBox: (133, 227, 296, 345)
2025-03-18 17:08:07,522 - log_time: 17:08:07.399; iteration: 0; image: 0; image_size: 751504; connection_time: 4776399520300; time_start_ns: 1742314087399258400; processing_time_ns: 63450700; time_end_ns: 1742314087522501400; signal_val: None; RSSI_val: None; data: Class ID: 0, Confidence: 0.69, BBox: (219, 170, 284, 310)
Class ID: 2, Confidence: 0.69, BBox: (282, 192, 438, 253)
Class ID: 1, Confidence: 0.54, BBox: (133, 227, 296, 345)
2025-03-18 17:08:07,638 - log_time: 17:08:07.522; iteration: 0; image: 0; image_size: 751504; connection_time: 4776399520300; time_start_ns: 1742314087522501400; processing_time_ns: 62485700; time_end_ns: 1742314087638384100; signal_val: None; RSSI_val: None; data: Class ID: 0, Confidence: 0.69, BBox: (219, 170, 284, 310)
Class ID: 2, Confidence: 0.69, BBox: (282, 192, 438, 253)
Class ID: 1, Confidence: 0.54, BBox: (133, 227, 296, 345)
2025-03-18 17:08:07,752 - log_time: 17:08:07.638; iteration: 0; image: 0; image_size: 751504; connection_time: 4776399520300; time_start_ns: 1742314087638384100; processing_time_ns: 61811600; time_end_ns: 1742314087752183600; signal_val: None; RSSI_val: None; data: Class ID: 0, Confidence: 0.69, BBox: (219, 170, 284, 310)
Class ID: 2, Confidence: 0.69, BBox: (282, 192, 438, 253)
Class ID: 1, Confidence: 0.54, BBox: (133, 227, 296, 345)
2025-03-18 17:08:07,873 - log_time: 17:08:07.752; iteration: 0; image: 0; image_size: 751504; connection_time: 4776399520300; time_start_ns: 1742314087752183600; processing_time_ns: 71010300; time_end_ns: 1742314087873857100; signal_val: None; RSSI_val: None; data: Class ID: 0, Confidence: 0.69, BBox: (219, 170, 284, 310)
Class ID: 2, Confidence: 0.69, BBox: (282, 192, 438, 253)
Class ID: 1, Confidence: 0.54, BBox: (133, 227, 296, 345)
2025-03-18 17:08:07,988 - log_time: 17:08:07.873; iteration: 0; image: 0; image_size: 751504; connection_time: 4776399520300; time_start_ns: 1742314087873857100; processing_time_ns: 65566200; time_end_ns: 1742314087988365600; signal_val: None; RSSI_val: None; data: Class ID: 0, Confidence: 0.69, BBox: (219, 170, 284, 310)
Class ID: 2, Confidence: 0.69, BBox: (282, 192, 438, 253)
Class ID: 1, Confidence: 0.54, BBox: (133, 227, 296, 345)
2025-03-18 17:08:08,102 - log_time: 17:08:07.988; iteration: 0; image: 0; image_size: 751504; connection_time: 4776399520300; time_start_ns: 1742314087988365600; processing_time_ns: 66243200; time_end_ns: 1742314088102232100; signal_val: None; RSSI_val: None; data: Class ID: 0, Confidence: 0.69, BBox: (219, 170, 284, 310)
Class ID: 2, Confidence: 0.69, BBox: (282, 192, 438, 253)
Class ID: 1, Confidence: 0.54, BBox: (133, 227, 296, 345)
2025-03-18 17:08:08,219 - log_time: 17:08:08.102; iteration: 0; image: 0; image_size: 751504; connection_time: 4776399520300; time_start_ns: 1742314088102232100; processing_time_ns: 66183900; time_end_ns: 1742314088219953000; signal_val: None; RSSI_val: None; data: Class ID: 0, Confidence: 0.69, BBox: (219, 170, 284, 310)
Class ID: 2, Confidence: 0.69, BBox: (282, 192, 438, 253)
Class ID: 1, Confidence: 0.54, BBox: (133, 227, 296, 345)
2025-03-18 17:08:08,220 - log_time: 17:08:08.219; iteration: 0; error: [WinError 10054] An existing connection was forcibly closed by the remote host
2025-03-18 17:08:13,294 - log_time: 17:08:13.226; iteration: 0; error: [WinError 10054] An existing connection was forcibly closed by the remote host
2025-03-18 17:23:57,709 - log_time: 2025-03-18 17:23:57.708845; iteration: 0; error: [WinError 10049] The requested address is not valid in its context
2025-03-18 17:24:02,732 - log_time: 2025-03-18 17:24:02.732399; iteration: 0; error: [WinError 10049] The requested address is not valid in its context
2025-03-18 17:24:07,768 - log_time: 2025-03-18 17:24:07.768788; iteration: 0; error: [WinError 10049] The requested address is not valid in its context
2025-03-18 17:24:55,741 - log_time: 2025-03-18 17:24:55.739603; iteration: 0; error: [WinError 10049] The requested address is not valid in its context
2025-03-18 17:26:36,160 - log_time: 2025-03-18 17:26:36.160041; iteration: 0; error: [WinError 10049] The requested address is not valid in its context
2025-03-18 17:26:41,191 - log_time: 2025-03-18 17:26:41.191964; iteration: 0; error: [WinError 10049] The requested address is not valid in its context
2025-03-18 17:28:37,495 - log_time: 2025-03-18 17:28:37.490667; iteration: 0; error: [WinError 10049] The requested address is not valid in its context
2025-03-18 17:28:42,517 - log_time: 2025-03-18 17:28:42.517785; iteration: 0; error: [WinError 10049] The requested address is not valid in its context
2025-03-18 17:28:47,538 - log_time: 2025-03-18 17:28:47.538605; iteration: 0; error: [WinError 10049] The requested address is not valid in its context
2025-03-18 17:28:52,563 - log_time: 2025-03-18 17:28:52.563891; iteration: 0; error: [WinError 10049] The requested address is not valid in its context
2025-03-18 17:28:57,581 - log_time: 2025-03-18 17:28:57.581979; iteration: 0; error: [WinError 10049] The requested address is not valid in its context
2025-03-18 17:29:02,597 - log_time: 2025-03-18 17:29:02.597385; iteration: 0; error: [WinError 10049] The requested address is not valid in its context
2025-03-18 17:29:07,628 - log_time: 2025-03-18 17:29:07.628677; iteration: 0; error: [WinError 10049] The requested address is not valid in its context
2025-03-18 17:29:12,644 - log_time: 2025-03-18 17:29:12.644312; iteration: 0; error: [WinError 10049] The requested address is not valid in its context
2025-03-18 17:29:17,662 - log_time: 2025-03-18 17:29:17.662086; iteration: 0; error: [WinError 10049] The requested address is not valid in its context
2025-03-18 17:29:22,678 - log_time: 2025-03-18 17:29:22.678491; iteration: 0; error: [WinError 10049] The requested address is not valid in its context
2025-03-18 17:29:27,694 - log_time: 2025-03-18 17:29:27.694784; iteration: 0; error: [WinError 10049] The requested address is not valid in its context
2025-03-18 17:29:32,710 - log_time: 2025-03-18 17:29:32.710650; iteration: 0; error: [WinError 10049] The requested address is not valid in its context
2025-03-18 17:29:37,741 - log_time: 2025-03-18 17:29:37.741375; iteration: 0; error: [WinError 10049] The requested address is not valid in its context
2025-03-18 17:29:42,768 - log_time: 2025-03-18 17:29:42.768444; iteration: 0; error: [WinError 10049] The requested address is not valid in its context
2025-03-18 17:29:47,774 - log_time: 2025-03-18 17:29:47.774178; iteration: 0; error: [WinError 10049] The requested address is not valid in its context
2025-03-18 17:29:52,805 - log_time: 2025-03-18 17:29:52.805654; iteration: 0; error: [WinError 10049] The requested address is not valid in its context
2025-03-18 17:29:57,835 - log_time: 2025-03-18 17:29:57.835452; iteration: 0; error: [WinError 10049] The requested address is not valid in its context
2025-03-18 17:30:02,854 - log_time: 2025-03-18 17:30:02.854067; iteration: 0; error: [WinError 10049] The requested address is not valid in its context
2025-03-18 17:30:07,858 - log_time: 2025-03-18 17:30:07.858418; iteration: 0; error: [WinError 10049] The requested address is not valid in its context
2025-03-18 17:30:12,872 - log_time: 2025-03-18 17:30:12.872146; iteration: 0; error: [WinError 10049] The requested address is not valid in its context
2025-03-18 17:30:17,888 - log_time: 2025-03-18 17:30:17.887377; iteration: 0; error: [WinError 10049] The requested address is not valid in its context
2025-03-18 17:30:22,898 - log_time: 2025-03-18 17:30:22.897198; iteration: 0; error: [WinError 10049] The requested address is not valid in its context
2025-03-18 17:30:27,920 - log_time: 2025-03-18 17:30:27.920670; iteration: 0; error: [WinError 10049] The requested address is not valid in its context
2025-03-18 17:30:32,938 - log_time: 2025-03-18 17:30:32.938379; iteration: 0; error: [WinError 10049] The requested address is not valid in its context
2025-03-18 17:30:37,968 - log_time: 2025-03-18 17:30:37.968521; iteration: 0; error: [WinError 10049] The requested address is not valid in its context
2025-03-18 17:30:43,001 - log_time: 2025-03-18 17:30:43.001313; iteration: 0; error: [WinError 10049] The requested address is not valid in its context
2025-03-18 17:30:48,018 - log_time: 2025-03-18 17:30:48.018031; iteration: 0; error: [WinError 10049] The requested address is not valid in its context
2025-03-18 17:30:53,044 - log_time: 2025-03-18 17:30:53.044396; iteration: 0; error: [WinError 10049] The requested address is not valid in its context
2025-03-18 17:30:58,063 - log_time: 2025-03-18 17:30:58.063473; iteration: 0; error: [WinError 10049] The requested address is not valid in its context
2025-03-18 17:31:03,080 - log_time: 2025-03-18 17:31:03.080545; iteration: 0; error: [WinError 10049] The requested address is not valid in its context
2025-03-18 17:31:08,082 - log_time: 2025-03-18 17:31:08.082619; iteration: 0; error: [WinError 10049] The requested address is not valid in its context
2025-03-18 17:31:13,104 - log_time: 2025-03-18 17:31:13.104047; iteration: 0; error: [WinError 10049] The requested address is not valid in its context
2025-03-18 17:31:18,114 - log_time: 2025-03-18 17:31:18.113974; iteration: 0; error: [WinError 10049] The requested address is not valid in its context
2025-03-18 17:31:23,131 - log_time: 2025-03-18 17:31:23.131915; iteration: 0; error: [WinError 10049] The requested address is not valid in its context
2025-03-18 17:31:28,146 - log_time: 2025-03-18 17:31:28.146534; iteration: 0; error: [WinError 10049] The requested address is not valid in its context
2025-03-18 17:31:33,174 - log_time: 2025-03-18 17:31:33.174659; iteration: 0; error: [WinError 10049] The requested address is not valid in its context
2025-03-18 17:31:38,194 - log_time: 2025-03-18 17:31:38.194324; iteration: 0; error: [WinError 10049] The requested address is not valid in its context
2025-03-18 17:31:43,195 - log_time: 2025-03-18 17:31:43.195318; iteration: 0; error: [WinError 10049] The requested address is not valid in its context
2025-03-18 17:31:48,211 - log_time: 2025-03-18 17:31:48.211197; iteration: 0; error: [WinError 10049] The requested address is not valid in its context
2025-03-18 17:31:53,241 - log_time: 2025-03-18 17:31:53.241484; iteration: 0; error: [WinError 10049] The requested address is not valid in its context
2025-03-18 17:31:58,255 - log_time: 2025-03-18 17:31:58.255061; iteration: 0; error: [WinError 10049] The requested address is not valid in its context
2025-03-18 17:32:03,256 - log_time: 2025-03-18 17:32:03.256146; iteration: 0; error: [WinError 10049] The requested address is not valid in its context
2025-03-18 17:32:08,258 - log_time: 2025-03-18 17:32:08.258260; iteration: 0; error: [WinError 10049] The requested address is not valid in its context
2025-03-18 17:32:13,282 - log_time: 2025-03-18 17:32:13.282411; iteration: 0; error: [WinError 10049] The requested address is not valid in its context
2025-03-18 17:32:18,300 - log_time: 2025-03-18 17:32:18.300010; iteration: 0; error: [WinError 10049] The requested address is not valid in its context
2025-03-18 17:32:23,320 - log_time: 2025-03-18 17:32:23.320899; iteration: 0; error: [WinError 10049] The requested address is not valid in its context
2025-03-18 17:32:28,349 - log_time: 2025-03-18 17:32:28.349925; iteration: 0; error: [WinError 10049] The requested address is not valid in its context
2025-03-18 17:32:33,372 - log_time: 2025-03-18 17:32:33.372426; iteration: 0; error: [WinError 10049] The requested address is not valid in its context
2025-03-18 17:32:38,399 - log_time: 2025-03-18 17:32:38.399599; iteration: 0; error: [WinError 10049] The requested address is not valid in its context
2025-03-18 17:32:43,418 - log_time: 2025-03-18 17:32:43.418713; iteration: 0; error: [WinError 10049] The requested address is not valid in its context
2025-03-18 17:32:48,438 - log_time: 2025-03-18 17:32:48.438860; iteration: 0; error: [WinError 10049] The requested address is not valid in its context
2025-03-18 17:32:53,439 - log_time: 2025-03-18 17:32:53.439052; iteration: 0; error: [WinError 10049] The requested address is not valid in its context
2025-03-18 17:32:58,456 - log_time: 2025-03-18 17:32:58.456651; iteration: 0; error: [WinError 10049] The requested address is not valid in its context
2025-03-18 17:33:05,359 - log_time: 2025-03-18 17:33:05.359767; iteration: 0; error: [WinError 10049] The requested address is not valid in its context
2025-03-18 17:33:10,378 - log_time: 2025-03-18 17:33:10.378895; iteration: 0; error: [WinError 10049] The requested address is not valid in its context
2025-03-18 17:33:15,397 - log_time: 2025-03-18 17:33:15.397749; iteration: 0; error: [WinError 10049] The requested address is not valid in its context
2025-03-18 17:33:20,414 - log_time: 2025-03-18 17:33:20.414133; iteration: 0; error: [WinError 10049] The requested address is not valid in its context
2025-03-18 17:33:25,424 - log_time: 2025-03-18 17:33:25.424785; iteration: 0; error: [WinError 10049] The requested address is not valid in its context
2025-03-18 17:33:30,446 - log_time: 2025-03-18 17:33:30.446889; iteration: 0; error: [WinError 10049] The requested address is not valid in its context
2025-03-18 17:33:35,469 - log_time: 2025-03-18 17:33:35.469583; iteration: 0; error: [WinError 10049] The requested address is not valid in its context
2025-03-18 17:34:51,079 - log_time: 2025-03-18 17:34:51.079092; iteration: 0; error: [WinError 10049] The requested address is not valid in its context
2025-03-18 17:34:56,085 - log_time: 2025-03-18 17:34:56.085328; iteration: 0; error: [WinError 10049] The requested address is not valid in its context
2025-03-18 17:35:01,113 - log_time: 2025-03-18 17:35:01.113421; iteration: 0; error: [WinError 10049] The requested address is not valid in its context
2025-03-18 17:35:06,134 - log_time: 2025-03-18 17:35:06.134147; iteration: 0; error: [WinError 10049] The requested address is not valid in its context
2025-03-18 17:35:11,166 - log_time: 2025-03-18 17:35:11.166388; iteration: 0; error: [WinError 10049] The requested address is not valid in its context
2025-03-18 17:39:03,700 - log_time: 2025-03-18 17:39:03.699857; iteration: 0; error: [WinError 10049] The requested address is not valid in its context
2025-03-18 17:39:08,728 - log_time: 2025-03-18 17:39:08.728131; iteration: 0; error: [WinError 10049] The requested address is not valid in its context
2025-03-18 17:39:46,840 - log_time: 2025-03-18 17:39:46.840402; iteration: 0; error: [WinError 10049] The requested address is not valid in its context
2025-03-18 17:39:51,860 - log_time: 2025-03-18 17:39:51.860053; iteration: 0; error: [WinError 10049] The requested address is not valid in its context
2025-03-18 17:39:56,888 - log_time: 2025-03-18 17:39:56.888919; iteration: 0; error: [WinError 10049] The requested address is not valid in its context
2025-03-18 17:40:01,908 - log_time: 2025-03-18 17:40:01.908706; iteration: 0; error: [WinError 10049] The requested address is not valid in its context
2025-03-18 17:40:06,911 - log_time: 2025-03-18 17:40:06.911484; iteration: 0; error: [WinError 10049] The requested address is not valid in its context
2025-03-18 17:40:11,927 - log_time: 2025-03-18 17:40:11.927322; iteration: 0; error: [WinError 10049] The requested address is not valid in its context
2025-03-18 17:40:16,940 - log_time: 2025-03-18 17:40:16.940531; iteration: 0; error: [WinError 10049] The requested address is not valid in its context
2025-03-18 17:40:21,958 - log_time: 2025-03-18 17:40:21.958103; iteration: 0; error: [WinError 10049] The requested address is not valid in its context
2025-03-18 17:40:26,960 - log_time: 2025-03-18 17:40:26.960005; iteration: 0; error: [WinError 10049] The requested address is not valid in its context
2025-03-18 17:40:31,986 - log_time: 2025-03-18 17:40:31.986870; iteration: 0; error: [WinError 10049] The requested address is not valid in its context
2025-03-18 17:40:37,018 - log_time: 2025-03-18 17:40:37.018423; iteration: 0; error: [WinError 10049] The requested address is not valid in its context
2025-03-18 17:40:42,035 - log_time: 2025-03-18 17:40:42.035850; iteration: 0; error: [WinError 10049] The requested address is not valid in its context
2025-03-18 17:40:47,064 - log_time: 2025-03-18 17:40:47.064877; iteration: 0; error: [WinError 10049] The requested address is not valid in its context
2025-03-18 17:40:52,080 - log_time: 2025-03-18 17:40:52.080436; iteration: 0; error: [WinError 10049] The requested address is not valid in its context
2025-03-18 17:40:57,103 - log_time: 2025-03-18 17:40:57.103084; iteration: 0; error: [WinError 10049] The requested address is not valid in its context
2025-03-18 17:41:02,117 - log_time: 2025-03-18 17:41:02.117561; iteration: 0; error: [WinError 10049] The requested address is not valid in its context
2025-03-18 17:41:07,136 - log_time: 2025-03-18 17:41:07.136249; iteration: 0; error: [WinError 10049] The requested address is not valid in its context
2025-03-18 17:41:12,152 - log_time: 2025-03-18 17:41:12.152362; iteration: 0; error: [WinError 10049] The requested address is not valid in its context
2025-03-18 17:41:17,168 - log_time: 2025-03-18 17:41:17.168995; iteration: 0; error: [WinError 10049] The requested address is not valid in its context
2025-03-18 17:41:22,184 - log_time: 2025-03-18 17:41:22.184504; iteration: 0; error: [WinError 10049] The requested address is not valid in its context
2025-03-18 17:42:15,352 - log_time: 2025-03-18 17:42:15.352865; iteration: 0; error: [WinError 10049] The requested address is not valid in its context
2025-03-18 17:42:20,384 - log_time: 2025-03-18 17:42:20.384637; iteration: 0; error: [WinError 10049] The requested address is not valid in its context
2025-03-18 17:48:20,340 - log_time: 2025-03-18 17:48:20.340517; iteration: 0; error: [WinError 10049] The requested address is not valid in its context
2025-03-18 17:48:25,363 - log_time: 2025-03-18 17:48:25.363687; iteration: 0; error: [WinError 10049] The requested address is not valid in its context
2025-03-18 17:48:30,380 - log_time: 2025-03-18 17:48:30.380381; iteration: 0; error: [WinError 10049] The requested address is not valid in its context
2025-03-18 17:48:35,410 - log_time: 2025-03-18 17:48:35.410029; iteration: 0; error: [WinError 10049] The requested address is not valid in its context
2025-03-18 17:48:59,802 - log_time: 17:48:57.640; iteration: 0; image: 0; image_size: 751504; connection_time: 7249105951500; time_start_ns: 1742316537640096100; processing_time_ns: 2089334300; time_end_ns: 1742316539802068100; signal_val: None; RSSI_val: None; data: Class ID: 0, Confidence: 0.69, BBox: (219, 170, 284, 310)
Class ID: 2, Confidence: 0.69, BBox: (282, 192, 438, 253)
Class ID: 1, Confidence: 0.54, BBox: (133, 227, 296, 345)
2025-03-18 17:48:59,926 - log_time: 17:48:59.804; iteration: 0; image: 0; image_size: 751504; connection_time: 7249105951500; time_start_ns: 1742316539804304800; processing_time_ns: 69271600; time_end_ns: 1742316539926498300; signal_val: None; RSSI_val: None; data: Class ID: 0, Confidence: 0.69, BBox: (219, 170, 284, 310)
Class ID: 2, Confidence: 0.69, BBox: (282, 192, 438, 253)
Class ID: 1, Confidence: 0.54, BBox: (133, 227, 296, 345)
2025-03-18 17:49:00,081 - log_time: 17:48:59.926; iteration: 0; image: 0; image_size: 751504; connection_time: 7249105951500; time_start_ns: 1742316539926498300; processing_time_ns: 103383200; time_end_ns: 1742316540081842700; signal_val: None; RSSI_val: None; data: Class ID: 0, Confidence: 0.69, BBox: (219, 170, 284, 310)
Class ID: 2, Confidence: 0.69, BBox: (282, 192, 438, 253)
Class ID: 1, Confidence: 0.54, BBox: (133, 227, 296, 345)
2025-03-18 17:49:00,211 - log_time: 17:49:00.081; iteration: 0; image: 0; image_size: 751504; connection_time: 7249105951500; time_start_ns: 1742316540081842700; processing_time_ns: 77742700; time_end_ns: 1742316540211495400; signal_val: None; RSSI_val: None; data: Class ID: 0, Confidence: 0.69, BBox: (219, 170, 284, 310)
Class ID: 2, Confidence: 0.69, BBox: (282, 192, 438, 253)
Class ID: 1, Confidence: 0.54, BBox: (133, 227, 296, 345)
2025-03-18 17:49:00,346 - log_time: 17:49:00.211; iteration: 0; image: 0; image_size: 751504; connection_time: 7249105951500; time_start_ns: 1742316540211495400; processing_time_ns: 79864500; time_end_ns: 1742316540346145700; signal_val: None; RSSI_val: None; data: Class ID: 0, Confidence: 0.69, BBox: (219, 170, 284, 310)
Class ID: 2, Confidence: 0.69, BBox: (282, 192, 438, 253)
Class ID: 1, Confidence: 0.54, BBox: (133, 227, 296, 345)
2025-03-18 17:49:00,470 - log_time: 17:49:00.346; iteration: 0; image: 0; image_size: 751504; connection_time: 7249105951500; time_start_ns: 1742316540346145700; processing_time_ns: 66875500; time_end_ns: 1742316540470047900; signal_val: None; RSSI_val: None; data: Class ID: 0, Confidence: 0.69, BBox: (219, 170, 284, 310)
Class ID: 2, Confidence: 0.69, BBox: (282, 192, 438, 253)
Class ID: 1, Confidence: 0.54, BBox: (133, 227, 296, 345)
2025-03-18 17:49:00,586 - log_time: 17:49:00.470; iteration: 0; image: 0; image_size: 751504; connection_time: 7249105951500; time_start_ns: 1742316540470047900; processing_time_ns: 66994700; time_end_ns: 1742316540586341000; signal_val: None; RSSI_val: None; data: Class ID: 0, Confidence: 0.69, BBox: (219, 170, 284, 310)
Class ID: 2, Confidence: 0.69, BBox: (282, 192, 438, 253)
Class ID: 1, Confidence: 0.54, BBox: (133, 227, 296, 345)
2025-03-18 17:49:00,703 - log_time: 17:49:00.586; iteration: 0; image: 0; image_size: 751504; connection_time: 7249105951500; time_start_ns: 1742316540586341000; processing_time_ns: 66569900; time_end_ns: 1742316540703582100; signal_val: None; RSSI_val: None; data: Class ID: 0, Confidence: 0.69, BBox: (219, 170, 284, 310)
Class ID: 2, Confidence: 0.69, BBox: (282, 192, 438, 253)
Class ID: 1, Confidence: 0.54, BBox: (133, 227, 296, 345)
2025-03-18 17:49:00,822 - log_time: 17:49:00.703; iteration: 0; image: 0; image_size: 751504; connection_time: 7249105951500; time_start_ns: 1742316540703582100; processing_time_ns: 70623400; time_end_ns: 1742316540822378700; signal_val: None; RSSI_val: None; data: Class ID: 0, Confidence: 0.69, BBox: (219, 170, 284, 310)
Class ID: 2, Confidence: 0.69, BBox: (282, 192, 438, 253)
Class ID: 1, Confidence: 0.54, BBox: (133, 227, 296, 345)
2025-03-18 17:49:00,946 - log_time: 17:49:00.824; iteration: 0; image: 0; image_size: 751504; connection_time: 7249105951500; time_start_ns: 1742316540824334600; processing_time_ns: 74764500; time_end_ns: 1742316540946985400; signal_val: None; RSSI_val: None; data: Class ID: 0, Confidence: 0.69, BBox: (219, 170, 284, 310)
Class ID: 2, Confidence: 0.69, BBox: (282, 192, 438, 253)
Class ID: 1, Confidence: 0.54, BBox: (133, 227, 296, 345)
2025-03-18 17:49:01,068 - log_time: 17:49:00.946; iteration: 0; image: 0; image_size: 751504; connection_time: 7249105951500; time_start_ns: 1742316540946985400; processing_time_ns: 64986900; time_end_ns: 1742316541068586900; signal_val: None; RSSI_val: None; data: Class ID: 0, Confidence: 0.69, BBox: (219, 170, 284, 310)
Class ID: 2, Confidence: 0.69, BBox: (282, 192, 438, 253)
Class ID: 1, Confidence: 0.54, BBox: (133, 227, 296, 345)
2025-03-18 17:49:01,179 - log_time: 17:49:01.068; iteration: 0; image: 0; image_size: 751504; connection_time: 7249105951500; time_start_ns: 1742316541068586900; processing_time_ns: 65462600; time_end_ns: 1742316541179267600; signal_val: None; RSSI_val: None; data: Class ID: 0, Confidence: 0.69, BBox: (219, 170, 284, 310)
Class ID: 2, Confidence: 0.69, BBox: (282, 192, 438, 253)
Class ID: 1, Confidence: 0.54, BBox: (133, 227, 296, 345)
2025-03-18 17:49:01,288 - log_time: 17:49:01.179; iteration: 0; image: 0; image_size: 751504; connection_time: 7249105951500; time_start_ns: 1742316541181272900; processing_time_ns: 61244700; time_end_ns: 1742316541288346500; signal_val: None; RSSI_val: None; data: Class ID: 0, Confidence: 0.69, BBox: (219, 170, 284, 310)
Class ID: 2, Confidence: 0.69, BBox: (282, 192, 438, 253)
Class ID: 1, Confidence: 0.54, BBox: (133, 227, 296, 345)
2025-03-18 17:49:01,402 - log_time: 17:49:01.288; iteration: 0; image: 0; image_size: 751504; connection_time: 7249105951500; time_start_ns: 1742316541288346500; processing_time_ns: 68315700; time_end_ns: 1742316541402423200; signal_val: None; RSSI_val: None; data: Class ID: 0, Confidence: 0.69, BBox: (219, 170, 284, 310)
Class ID: 2, Confidence: 0.69, BBox: (282, 192, 438, 253)
Class ID: 1, Confidence: 0.54, BBox: (133, 227, 296, 345)
2025-03-18 17:49:01,530 - log_time: 17:49:01.402; iteration: 0; image: 0; image_size: 751504; connection_time: 7249105951500; time_start_ns: 1742316541402423200; processing_time_ns: 76927400; time_end_ns: 1742316541530671300; signal_val: None; RSSI_val: None; data: Class ID: 0, Confidence: 0.69, BBox: (219, 170, 284, 310)
Class ID: 2, Confidence: 0.69, BBox: (282, 192, 438, 253)
Class ID: 1, Confidence: 0.54, BBox: (133, 227, 296, 345)
2025-03-18 17:49:01,761 - log_time: 17:49:01.531; iteration: 0; image: 0; image_size: 751504; connection_time: 7249105951500; time_start_ns: 1742316541531671200; processing_time_ns: 137495100; time_end_ns: 1742316541761086200; signal_val: None; RSSI_val: None; data: Class ID: 0, Confidence: 0.69, BBox: (219, 170, 284, 310)
Class ID: 2, Confidence: 0.69, BBox: (282, 192, 438, 253)
Class ID: 1, Confidence: 0.54, BBox: (133, 227, 296, 345)
2025-03-18 17:49:01,929 - log_time: 17:49:01.761; iteration: 0; image: 0; image_size: 751504; connection_time: 7249105951500; time_start_ns: 1742316541761086200; processing_time_ns: 103883900; time_end_ns: 1742316541929308900; signal_val: None; RSSI_val: None; data: Class ID: 0, Confidence: 0.69, BBox: (219, 170, 284, 310)
Class ID: 2, Confidence: 0.69, BBox: (282, 192, 438, 253)
Class ID: 1, Confidence: 0.54, BBox: (133, 227, 296, 345)
2025-03-18 17:49:02,153 - log_time: 17:49:01.930; iteration: 0; image: 0; image_size: 751504; connection_time: 7249105951500; time_start_ns: 1742316541930309600; processing_time_ns: 157889000; time_end_ns: 1742316542153832100; signal_val: None; RSSI_val: None; data: Class ID: 0, Confidence: 0.69, BBox: (219, 170, 284, 310)
Class ID: 2, Confidence: 0.69, BBox: (282, 192, 438, 253)
Class ID: 1, Confidence: 0.54, BBox: (133, 227, 296, 345)
2025-03-18 17:49:02,285 - log_time: 17:49:02.153; iteration: 0; image: 0; image_size: 751504; connection_time: 7249105951500; time_start_ns: 1742316542153832100; processing_time_ns: 69015200; time_end_ns: 1742316542285269600; signal_val: None; RSSI_val: None; data: Class ID: 0, Confidence: 0.69, BBox: (219, 170, 284, 310)
Class ID: 2, Confidence: 0.69, BBox: (282, 192, 438, 253)
Class ID: 1, Confidence: 0.54, BBox: (133, 227, 296, 345)
2025-03-18 17:49:02,403 - log_time: 17:49:02.285; iteration: 0; image: 0; image_size: 751504; connection_time: 7249105951500; time_start_ns: 1742316542285269600; processing_time_ns: 68453500; time_end_ns: 1742316542403525000; signal_val: None; RSSI_val: None; data: Class ID: 0, Confidence: 0.69, BBox: (219, 170, 284, 310)
Class ID: 2, Confidence: 0.69, BBox: (282, 192, 438, 253)
Class ID: 1, Confidence: 0.54, BBox: (133, 227, 296, 345)
2025-03-18 17:49:02,523 - log_time: 17:49:02.403; iteration: 0; image: 0; image_size: 751504; connection_time: 7249105951500; time_start_ns: 1742316542403525000; processing_time_ns: 68779000; time_end_ns: 1742316542521146200; signal_val: None; RSSI_val: None; data: Class ID: 0, Confidence: 0.69, BBox: (219, 170, 284, 310)
Class ID: 2, Confidence: 0.69, BBox: (282, 192, 438, 253)
Class ID: 1, Confidence: 0.54, BBox: (133, 227, 296, 345)
2025-03-18 17:49:02,647 - log_time: 17:49:02.523; iteration: 0; image: 0; image_size: 751504; connection_time: 7249105951500; time_start_ns: 1742316542523218200; processing_time_ns: 68892900; time_end_ns: 1742316542646012800; signal_val: None; RSSI_val: None; data: Class ID: 0, Confidence: 0.69, BBox: (219, 170, 284, 310)
Class ID: 2, Confidence: 0.69, BBox: (282, 192, 438, 253)
Class ID: 1, Confidence: 0.54, BBox: (133, 227, 296, 345)
2025-03-18 17:49:02,770 - log_time: 17:49:02.647; iteration: 0; image: 0; image_size: 751504; connection_time: 7249105951500; time_start_ns: 1742316542647011200; processing_time_ns: 72460800; time_end_ns: 1742316542770148300; signal_val: None; RSSI_val: None; data: Class ID: 0, Confidence: 0.69, BBox: (219, 170, 284, 310)
Class ID: 2, Confidence: 0.69, BBox: (282, 192, 438, 253)
Class ID: 1, Confidence: 0.54, BBox: (133, 227, 296, 345)
2025-03-18 17:49:02,909 - log_time: 17:49:02.770; iteration: 0; image: 0; image_size: 751504; connection_time: 7249105951500; time_start_ns: 1742316542772155000; processing_time_ns: 84797400; time_end_ns: 1742316542909093100; signal_val: None; RSSI_val: None; data: Class ID: 0, Confidence: 0.69, BBox: (219, 170, 284, 310)
Class ID: 2, Confidence: 0.69, BBox: (282, 192, 438, 253)
Class ID: 1, Confidence: 0.54, BBox: (133, 227, 296, 345)
2025-03-18 17:49:03,034 - log_time: 17:49:02.909; iteration: 0; image: 0; image_size: 751504; connection_time: 7249105951500; time_start_ns: 1742316542909093100; processing_time_ns: 69322400; time_end_ns: 1742316543034142100; signal_val: None; RSSI_val: None; data: Class ID: 0, Confidence: 0.69, BBox: (219, 170, 284, 310)
Class ID: 2, Confidence: 0.69, BBox: (282, 192, 438, 253)
Class ID: 1, Confidence: 0.54, BBox: (133, 227, 296, 345)
2025-03-18 17:49:03,149 - log_time: 17:49:03.034; iteration: 0; image: 0; image_size: 751504; connection_time: 7249105951500; time_start_ns: 1742316543034142100; processing_time_ns: 61816500; time_end_ns: 1742316543147293500; signal_val: None; RSSI_val: None; data: Class ID: 0, Confidence: 0.69, BBox: (219, 170, 284, 310)
Class ID: 2, Confidence: 0.69, BBox: (282, 192, 438, 253)
Class ID: 1, Confidence: 0.54, BBox: (133, 227, 296, 345)
2025-03-18 17:49:03,257 - log_time: 17:49:03.149; iteration: 0; image: 0; image_size: 751504; connection_time: 7249105951500; time_start_ns: 1742316543149299900; processing_time_ns: 61329100; time_end_ns: 1742316543257364100; signal_val: None; RSSI_val: None; data: Class ID: 0, Confidence: 0.69, BBox: (219, 170, 284, 310)
Class ID: 2, Confidence: 0.69, BBox: (282, 192, 438, 253)
Class ID: 1, Confidence: 0.54, BBox: (133, 227, 296, 345)
2025-03-18 17:49:03,367 - log_time: 17:49:03.257; iteration: 0; image: 0; image_size: 751504; connection_time: 7249105951500; time_start_ns: 1742316543257364100; processing_time_ns: 61554300; time_end_ns: 1742316543367621100; signal_val: None; RSSI_val: None; data: Class ID: 0, Confidence: 0.69, BBox: (219, 170, 284, 310)
Class ID: 2, Confidence: 0.69, BBox: (282, 192, 438, 253)
Class ID: 1, Confidence: 0.54, BBox: (133, 227, 296, 345)
2025-03-18 17:49:03,479 - log_time: 17:49:03.367; iteration: 0; image: 0; image_size: 751504; connection_time: 7249105951500; time_start_ns: 1742316543367621100; processing_time_ns: 62784700; time_end_ns: 1742316543479162600; signal_val: None; RSSI_val: None; data: Class ID: 0, Confidence: 0.69, BBox: (219, 170, 284, 310)
Class ID: 2, Confidence: 0.69, BBox: (282, 192, 438, 253)
Class ID: 1, Confidence: 0.54, BBox: (133, 227, 296, 345)
2025-03-18 17:49:03,588 - log_time: 17:49:03.479; iteration: 0; image: 0; image_size: 751504; connection_time: 7249105951500; time_start_ns: 1742316543479162600; processing_time_ns: 59308300; time_end_ns: 1742316543586340600; signal_val: None; RSSI_val: None; data: Class ID: 0, Confidence: 0.69, BBox: (219, 170, 284, 310)
Class ID: 2, Confidence: 0.69, BBox: (282, 192, 438, 253)
Class ID: 1, Confidence: 0.54, BBox: (133, 227, 296, 345)
2025-03-18 17:49:03,702 - log_time: 17:49:03.588; iteration: 0; image: 0; image_size: 751504; connection_time: 7249105951500; time_start_ns: 1742316543588347400; processing_time_ns: 65514500; time_end_ns: 1742316543702170600; signal_val: None; RSSI_val: None; data: Class ID: 0, Confidence: 0.69, BBox: (219, 170, 284, 310)
Class ID: 2, Confidence: 0.69, BBox: (282, 192, 438, 253)
Class ID: 1, Confidence: 0.54, BBox: (133, 227, 296, 345)
2025-03-18 17:49:03,702 - log_time: 17:49:03.702; iteration: 0; error: [WinError 10053] An established connection was aborted by the software in your host machine
2025-03-18 18:33:03,495 - log_time: 18:33:01.239; iteration: 0; image: 0; image_size: 751504; connection_time: 9892704411100; time_start_ns: 1742319181239961600; processing_time_ns: 2188356700; time_end_ns: 1742319183493694400; signal_val: None; RSSI_val: None; data: Class ID: 0, Confidence: 0.69, BBox: (219, 170, 284, 310)
Class ID: 2, Confidence: 0.69, BBox: (282, 192, 438, 253)
Class ID: 1, Confidence: 0.54, BBox: (133, 227, 296, 345)
2025-03-18 18:33:03,635 - log_time: 18:33:03.495; iteration: 0; image: 0; image_size: 751504; connection_time: 9892704411100; time_start_ns: 1742319183495744500; processing_time_ns: 71912300; time_end_ns: 1742319183635860100; signal_val: None; RSSI_val: None; data: Class ID: 0, Confidence: 0.69, BBox: (219, 170, 284, 310)
Class ID: 2, Confidence: 0.69, BBox: (282, 192, 438, 253)
Class ID: 1, Confidence: 0.54, BBox: (133, 227, 296, 345)
2025-03-18 18:33:03,766 - log_time: 18:33:03.635; iteration: 0; image: 0; image_size: 751504; connection_time: 9892704411100; time_start_ns: 1742319183635860100; processing_time_ns: 75238200; time_end_ns: 1742319183766442500; signal_val: None; RSSI_val: None; data: Class ID: 0, Confidence: 0.69, BBox: (219, 170, 284, 310)
Class ID: 2, Confidence: 0.69, BBox: (282, 192, 438, 253)
Class ID: 1, Confidence: 0.54, BBox: (133, 227, 296, 345)
2025-03-18 18:33:03,886 - log_time: 18:33:03.766; iteration: 0; image: 0; image_size: 751504; connection_time: 9892704411100; time_start_ns: 1742319183766442500; processing_time_ns: 70026400; time_end_ns: 1742319183886649200; signal_val: None; RSSI_val: None; data: Class ID: 0, Confidence: 0.69, BBox: (219, 170, 284, 310)
Class ID: 2, Confidence: 0.69, BBox: (282, 192, 438, 253)
Class ID: 1, Confidence: 0.54, BBox: (133, 227, 296, 345)
2025-03-18 18:33:04,002 - log_time: 18:33:03.886; iteration: 0; image: 0; image_size: 751504; connection_time: 9892704411100; time_start_ns: 1742319183887649500; processing_time_ns: 63728800; time_end_ns: 1742319184002008700; signal_val: None; RSSI_val: None; data: Class ID: 0, Confidence: 0.69, BBox: (219, 170, 284, 310)
Class ID: 2, Confidence: 0.69, BBox: (282, 192, 438, 253)
Class ID: 1, Confidence: 0.54, BBox: (133, 227, 296, 345)
2025-03-18 18:33:04,120 - log_time: 18:33:04.003; iteration: 0; image: 0; image_size: 751504; connection_time: 9892704411100; time_start_ns: 1742319184003009300; processing_time_ns: 63322800; time_end_ns: 1742319184120310400; signal_val: None; RSSI_val: None; data: Class ID: 0, Confidence: 0.69, BBox: (219, 170, 284, 310)
Class ID: 2, Confidence: 0.69, BBox: (282, 192, 438, 253)
Class ID: 1, Confidence: 0.54, BBox: (133, 227, 296, 345)
2025-03-18 18:33:04,258 - log_time: 18:33:04.120; iteration: 0; image: 0; image_size: 751504; connection_time: 9892704411100; time_start_ns: 1742319184120310400; processing_time_ns: 85738800; time_end_ns: 1742319184258494100; signal_val: None; RSSI_val: None; data: Class ID: 0, Confidence: 0.69, BBox: (219, 170, 284, 310)
Class ID: 2, Confidence: 0.69, BBox: (282, 192, 438, 253)
Class ID: 1, Confidence: 0.54, BBox: (133, 227, 296, 345)
2025-03-18 18:33:04,378 - log_time: 18:33:04.259; iteration: 0; image: 0; image_size: 751504; connection_time: 9892704411100; time_start_ns: 1742319184259011400; processing_time_ns: 66858700; time_end_ns: 1742319184378896200; signal_val: None; RSSI_val: None; data: Class ID: 0, Confidence: 0.69, BBox: (219, 170, 284, 310)
Class ID: 2, Confidence: 0.69, BBox: (282, 192, 438, 253)
Class ID: 1, Confidence: 0.54, BBox: (133, 227, 296, 345)
2025-03-18 18:33:04,491 - log_time: 18:33:04.378; iteration: 0; image: 0; image_size: 751504; connection_time: 9892704411100; time_start_ns: 1742319184378896200; processing_time_ns: 66229400; time_end_ns: 1742319184491741600; signal_val: None; RSSI_val: None; data: Class ID: 0, Confidence: 0.69, BBox: (219, 170, 284, 310)
Class ID: 2, Confidence: 0.69, BBox: (282, 192, 438, 253)
Class ID: 1, Confidence: 0.54, BBox: (133, 227, 296, 345)
2025-03-18 18:33:04,610 - log_time: 18:33:04.491; iteration: 0; image: 0; image_size: 751504; connection_time: 9892704411100; time_start_ns: 1742319184491741600; processing_time_ns: 66500300; time_end_ns: 1742319184610122400; signal_val: None; RSSI_val: None; data: Class ID: 0, Confidence: 0.69, BBox: (219, 170, 284, 310)
Class ID: 2, Confidence: 0.69, BBox: (282, 192, 438, 253)
Class ID: 1, Confidence: 0.54, BBox: (133, 227, 296, 345)
2025-03-18 18:33:04,723 - log_time: 18:33:04.610; iteration: 0; image: 0; image_size: 751504; connection_time: 9892704411100; time_start_ns: 1742319184610122400; processing_time_ns: 65580400; time_end_ns: 1742319184723516100; signal_val: None; RSSI_val: None; data: Class ID: 0, Confidence: 0.69, BBox: (219, 170, 284, 310)
Class ID: 2, Confidence: 0.69, BBox: (282, 192, 438, 253)
Class ID: 1, Confidence: 0.54, BBox: (133, 227, 296, 345)
2025-03-18 18:33:04,843 - log_time: 18:33:04.723; iteration: 0; image: 0; image_size: 751504; connection_time: 9892704411100; time_start_ns: 1742319184723516100; processing_time_ns: 68045900; time_end_ns: 1742319184842426800; signal_val: None; RSSI_val: None; data: Class ID: 0, Confidence: 0.69, BBox: (219, 170, 284, 310)
Class ID: 2, Confidence: 0.69, BBox: (282, 192, 438, 253)
Class ID: 1, Confidence: 0.54, BBox: (133, 227, 296, 345)
2025-03-18 18:33:04,959 - log_time: 18:33:04.843; iteration: 0; image: 0; image_size: 751504; connection_time: 9892704411100; time_start_ns: 1742319184843425200; processing_time_ns: 65504400; time_end_ns: 1742319184959665200; signal_val: None; RSSI_val: None; data: Class ID: 0, Confidence: 0.69, BBox: (219, 170, 284, 310)
Class ID: 2, Confidence: 0.69, BBox: (282, 192, 438, 253)
Class ID: 1, Confidence: 0.54, BBox: (133, 227, 296, 345)
2025-03-18 18:33:05,095 - log_time: 18:33:04.961; iteration: 0; image: 0; image_size: 751504; connection_time: 9892704411100; time_start_ns: 1742319184961670800; processing_time_ns: 67126000; time_end_ns: 1742319185095284700; signal_val: None; RSSI_val: None; data: Class ID: 0, Confidence: 0.69, BBox: (219, 170, 284, 310)
Class ID: 2, Confidence: 0.69, BBox: (282, 192, 438, 253)
Class ID: 1, Confidence: 0.54, BBox: (133, 227, 296, 345)
2025-03-18 18:33:05,211 - log_time: 18:33:05.096; iteration: 0; image: 0; image_size: 751504; connection_time: 9892704411100; time_start_ns: 1742319185096284300; processing_time_ns: 68307200; time_end_ns: 1742319185211286300; signal_val: None; RSSI_val: None; data: Class ID: 0, Confidence: 0.69, BBox: (219, 170, 284, 310)
Class ID: 2, Confidence: 0.69, BBox: (282, 192, 438, 253)
Class ID: 1, Confidence: 0.54, BBox: (133, 227, 296, 345)
2025-03-18 18:33:05,326 - log_time: 18:33:05.211; iteration: 0; image: 0; image_size: 751504; connection_time: 9892704411100; time_start_ns: 1742319185211286300; processing_time_ns: 66281600; time_end_ns: 1742319185326682600; signal_val: None; RSSI_val: None; data: Class ID: 0, Confidence: 0.69, BBox: (219, 170, 284, 310)
Class ID: 2, Confidence: 0.69, BBox: (282, 192, 438, 253)
Class ID: 1, Confidence: 0.54, BBox: (133, 227, 296, 345)
2025-03-18 18:33:05,441 - log_time: 18:33:05.326; iteration: 0; image: 0; image_size: 751504; connection_time: 9892704411100; time_start_ns: 1742319185326682600; processing_time_ns: 65059400; time_end_ns: 1742319185441681800; signal_val: None; RSSI_val: None; data: Class ID: 0, Confidence: 0.69, BBox: (219, 170, 284, 310)
Class ID: 2, Confidence: 0.69, BBox: (282, 192, 438, 253)
Class ID: 1, Confidence: 0.54, BBox: (133, 227, 296, 345)
2025-03-18 18:33:05,561 - log_time: 18:33:05.441; iteration: 0; image: 0; image_size: 751504; connection_time: 9892704411100; time_start_ns: 1742319185441681800; processing_time_ns: 68159600; time_end_ns: 1742319185561849500; signal_val: None; RSSI_val: None; data: Class ID: 0, Confidence: 0.69, BBox: (219, 170, 284, 310)
Class ID: 2, Confidence: 0.69, BBox: (282, 192, 438, 253)
Class ID: 1, Confidence: 0.54, BBox: (133, 227, 296, 345)
2025-03-18 18:33:05,672 - log_time: 18:33:05.561; iteration: 0; image: 0; image_size: 751504; connection_time: 9892704411100; time_start_ns: 1742319185561849500; processing_time_ns: 64012100; time_end_ns: 1742319185672182600; signal_val: None; RSSI_val: None; data: Class ID: 0, Confidence: 0.69, BBox: (219, 170, 284, 310)
Class ID: 2, Confidence: 0.69, BBox: (282, 192, 438, 253)
Class ID: 1, Confidence: 0.54, BBox: (133, 227, 296, 345)
2025-03-18 18:33:05,788 - log_time: 18:33:05.673; iteration: 0; image: 0; image_size: 751504; connection_time: 9892704411100; time_start_ns: 1742319185673181600; processing_time_ns: 64865700; time_end_ns: 1742319185788319400; signal_val: None; RSSI_val: None; data: Class ID: 0, Confidence: 0.69, BBox: (219, 170, 284, 310)
Class ID: 2, Confidence: 0.69, BBox: (282, 192, 438, 253)
Class ID: 1, Confidence: 0.54, BBox: (133, 227, 296, 345)
2025-03-18 18:33:05,900 - log_time: 18:33:05.788; iteration: 0; image: 0; image_size: 751504; connection_time: 9892704411100; time_start_ns: 1742319185788319400; processing_time_ns: 65933800; time_end_ns: 1742319185900968000; signal_val: None; RSSI_val: None; data: Class ID: 0, Confidence: 0.69, BBox: (219, 170, 284, 310)
Class ID: 2, Confidence: 0.69, BBox: (282, 192, 438, 253)
Class ID: 1, Confidence: 0.54, BBox: (133, 227, 296, 345)
2025-03-18 18:33:06,014 - log_time: 18:33:05.901; iteration: 0; image: 0; image_size: 751504; connection_time: 9892704411100; time_start_ns: 1742319185901967700; processing_time_ns: 64036400; time_end_ns: 1742319186014738600; signal_val: None; RSSI_val: None; data: Class ID: 0, Confidence: 0.69, BBox: (219, 170, 284, 310)
Class ID: 2, Confidence: 0.69, BBox: (282, 192, 438, 253)
Class ID: 1, Confidence: 0.54, BBox: (133, 227, 296, 345)
2025-03-18 18:33:06,129 - log_time: 18:33:06.015; iteration: 0; image: 0; image_size: 751504; connection_time: 9892704411100; time_start_ns: 1742319186015369500; processing_time_ns: 65726700; time_end_ns: 1742319186129572300; signal_val: None; RSSI_val: None; data: Class ID: 0, Confidence: 0.69, BBox: (219, 170, 284, 310)
Class ID: 2, Confidence: 0.69, BBox: (282, 192, 438, 253)
Class ID: 1, Confidence: 0.54, BBox: (133, 227, 296, 345)
2025-03-18 18:33:06,246 - log_time: 18:33:06.129; iteration: 0; image: 0; image_size: 751504; connection_time: 9892704411100; time_start_ns: 1742319186129572300; processing_time_ns: 68273900; time_end_ns: 1742319186246549100; signal_val: None; RSSI_val: None; data: Class ID: 0, Confidence: 0.69, BBox: (219, 170, 284, 310)
Class ID: 2, Confidence: 0.69, BBox: (282, 192, 438, 253)
Class ID: 1, Confidence: 0.54, BBox: (133, 227, 296, 345)
2025-03-18 18:33:06,379 - log_time: 18:33:06.246; iteration: 0; image: 0; image_size: 751504; connection_time: 9892704411100; time_start_ns: 1742319186246549100; processing_time_ns: 79253400; time_end_ns: 1742319186379530900; signal_val: None; RSSI_val: None; data: Class ID: 0, Confidence: 0.69, BBox: (219, 170, 284, 310)
Class ID: 2, Confidence: 0.69, BBox: (282, 192, 438, 253)
Class ID: 1, Confidence: 0.54, BBox: (133, 227, 296, 345)
2025-03-18 18:33:06,494 - log_time: 18:33:06.379; iteration: 0; image: 0; image_size: 751504; connection_time: 9892704411100; time_start_ns: 1742319186379530900; processing_time_ns: 66665000; time_end_ns: 1742319186494229700; signal_val: None; RSSI_val: None; data: Class ID: 0, Confidence: 0.69, BBox: (219, 170, 284, 310)
Class ID: 2, Confidence: 0.69, BBox: (282, 192, 438, 253)
Class ID: 1, Confidence: 0.54, BBox: (133, 227, 296, 345)
2025-03-18 18:33:06,614 - log_time: 18:33:06.496; iteration: 0; image: 0; image_size: 751504; connection_time: 9892704411100; time_start_ns: 1742319186496958300; processing_time_ns: 66061000; time_end_ns: 1742319186611526000; signal_val: None; RSSI_val: None; data: Class ID: 0, Confidence: 0.69, BBox: (219, 170, 284, 310)
Class ID: 2, Confidence: 0.69, BBox: (282, 192, 438, 253)
Class ID: 1, Confidence: 0.54, BBox: (133, 227, 296, 345)
2025-03-18 18:33:06,727 - log_time: 18:33:06.614; iteration: 0; image: 0; image_size: 751504; connection_time: 9892704411100; time_start_ns: 1742319186614433200; processing_time_ns: 63755400; time_end_ns: 1742319186727589700; signal_val: None; RSSI_val: None; data: Class ID: 0, Confidence: 0.69, BBox: (219, 170, 284, 310)
Class ID: 2, Confidence: 0.69, BBox: (282, 192, 438, 253)
Class ID: 1, Confidence: 0.54, BBox: (133, 227, 296, 345)
2025-03-18 18:33:06,859 - log_time: 18:33:06.727; iteration: 0; image: 0; image_size: 751504; connection_time: 9892704411100; time_start_ns: 1742319186727589700; processing_time_ns: 82691000; time_end_ns: 1742319186859972200; signal_val: None; RSSI_val: None; data: Class ID: 0, Confidence: 0.69, BBox: (219, 170, 284, 310)
Class ID: 2, Confidence: 0.69, BBox: (282, 192, 438, 253)
Class ID: 1, Confidence: 0.54, BBox: (133, 227, 296, 345)
2025-03-18 18:33:06,981 - log_time: 18:33:06.859; iteration: 0; image: 0; image_size: 751504; connection_time: 9892704411100; time_start_ns: 1742319186859972200; processing_time_ns: 69400900; time_end_ns: 1742319186981090900; signal_val: None; RSSI_val: None; data: Class ID: 0, Confidence: 0.69, BBox: (219, 170, 284, 310)
Class ID: 2, Confidence: 0.69, BBox: (282, 192, 438, 253)
Class ID: 1, Confidence: 0.54, BBox: (133, 227, 296, 345)
2025-03-18 18:33:07,098 - log_time: 18:33:06.981; iteration: 0; image: 0; image_size: 751504; connection_time: 9892704411100; time_start_ns: 1742319186981868700; processing_time_ns: 65009000; time_end_ns: 1742319187098135100; signal_val: None; RSSI_val: None; data: Class ID: 0, Confidence: 0.69, BBox: (219, 170, 284, 310)
Class ID: 2, Confidence: 0.69, BBox: (282, 192, 438, 253)
Class ID: 1, Confidence: 0.54, BBox: (133, 227, 296, 345)
2025-03-18 18:33:07,259 - log_time: 18:33:07.098; iteration: 0; image: 0; image_size: 751504; connection_time: 9892704411100; time_start_ns: 1742319187098518000; processing_time_ns: 113436700; time_end_ns: 1742319187259945800; signal_val: None; RSSI_val: None; data: Class ID: 0, Confidence: 0.69, BBox: (219, 170, 284, 310)
Class ID: 2, Confidence: 0.69, BBox: (282, 192, 438, 253)
Class ID: 1, Confidence: 0.54, BBox: (133, 227, 296, 345)
2025-03-18 18:33:07,377 - log_time: 18:33:07.259; iteration: 0; image: 0; image_size: 751504; connection_time: 9892704411100; time_start_ns: 1742319187259945800; processing_time_ns: 67800600; time_end_ns: 1742319187377252900; signal_val: None; RSSI_val: None; data: Class ID: 0, Confidence: 0.69, BBox: (219, 170, 284, 310)
Class ID: 2, Confidence: 0.69, BBox: (282, 192, 438, 253)
Class ID: 1, Confidence: 0.54, BBox: (133, 227, 296, 345)
2025-03-18 18:33:07,493 - log_time: 18:33:07.378; iteration: 0; image: 0; image_size: 751504; connection_time: 9892704411100; time_start_ns: 1742319187378250100; processing_time_ns: 69937600; time_end_ns: 1742319187493737300; signal_val: None; RSSI_val: None; data: Class ID: 0, Confidence: 0.69, BBox: (219, 170, 284, 310)
Class ID: 2, Confidence: 0.69, BBox: (282, 192, 438, 253)
Class ID: 1, Confidence: 0.54, BBox: (133, 227, 296, 345)
2025-03-18 18:33:07,614 - log_time: 18:33:07.493; iteration: 0; image: 0; image_size: 751504; connection_time: 9892704411100; time_start_ns: 1742319187493737300; processing_time_ns: 66893000; time_end_ns: 1742319187612223800; signal_val: None; RSSI_val: None; data: Class ID: 0, Confidence: 0.69, BBox: (219, 170, 284, 310)
Class ID: 2, Confidence: 0.69, BBox: (282, 192, 438, 253)
Class ID: 1, Confidence: 0.54, BBox: (133, 227, 296, 345)
2025-03-18 18:33:07,722 - log_time: 18:33:07.614; iteration: 0; image: 0; image_size: 751504; connection_time: 9892704411100; time_start_ns: 1742319187614254600; processing_time_ns: 63001900; time_end_ns: 1742319187722566200; signal_val: None; RSSI_val: None; data: Class ID: 0, Confidence: 0.69, BBox: (219, 170, 284, 310)
Class ID: 2, Confidence: 0.69, BBox: (282, 192, 438, 253)
Class ID: 1, Confidence: 0.54, BBox: (133, 227, 296, 345)
2025-03-18 18:33:07,842 - log_time: 18:33:07.722; iteration: 0; image: 0; image_size: 751504; connection_time: 9892704411100; time_start_ns: 1742319187722566200; processing_time_ns: 69027000; time_end_ns: 1742319187842304700; signal_val: None; RSSI_val: None; data: Class ID: 0, Confidence: 0.69, BBox: (219, 170, 284, 310)
Class ID: 2, Confidence: 0.69, BBox: (282, 192, 438, 253)
Class ID: 1, Confidence: 0.54, BBox: (133, 227, 296, 345)
2025-03-18 18:33:07,956 - log_time: 18:33:07.842; iteration: 0; image: 0; image_size: 751504; connection_time: 9892704411100; time_start_ns: 1742319187842304700; processing_time_ns: 62599300; time_end_ns: 1742319187956634000; signal_val: None; RSSI_val: None; data: Class ID: 0, Confidence: 0.69, BBox: (219, 170, 284, 310)
Class ID: 2, Confidence: 0.69, BBox: (282, 192, 438, 253)
Class ID: 1, Confidence: 0.54, BBox: (133, 227, 296, 345)
2025-03-18 18:33:08,062 - log_time: 18:33:07.956; iteration: 0; image: 0; image_size: 751504; connection_time: 9892704411100; time_start_ns: 1742319187956634000; processing_time_ns: 60663700; time_end_ns: 1742319188062263200; signal_val: None; RSSI_val: None; data: Class ID: 0, Confidence: 0.69, BBox: (219, 170, 284, 310)
Class ID: 2, Confidence: 0.69, BBox: (282, 192, 438, 253)
Class ID: 1, Confidence: 0.54, BBox: (133, 227, 296, 345)
2025-03-18 18:33:08,173 - log_time: 18:33:08.064; iteration: 0; image: 0; image_size: 751504; connection_time: 9892704411100; time_start_ns: 1742319188064284400; processing_time_ns: 62980700; time_end_ns: 1742319188173995000; signal_val: None; RSSI_val: None; data: Class ID: 0, Confidence: 0.69, BBox: (219, 170, 284, 310)
Class ID: 2, Confidence: 0.69, BBox: (282, 192, 438, 253)
Class ID: 1, Confidence: 0.54, BBox: (133, 227, 296, 345)
2025-03-18 18:33:08,287 - log_time: 18:33:08.173; iteration: 0; image: 0; image_size: 751504; connection_time: 9892704411100; time_start_ns: 1742319188176960000; processing_time_ns: 61601300; time_end_ns: 1742319188287458300; signal_val: None; RSSI_val: None; data: Class ID: 0, Confidence: 0.69, BBox: (219, 170, 284, 310)
Class ID: 2, Confidence: 0.69, BBox: (282, 192, 438, 253)
Class ID: 1, Confidence: 0.54, BBox: (133, 227, 296, 345)
2025-03-18 18:33:08,404 - log_time: 18:33:08.288; iteration: 0; image: 0; image_size: 751504; connection_time: 9892704411100; time_start_ns: 1742319188288457200; processing_time_ns: 67207400; time_end_ns: 1742319188404986000; signal_val: None; RSSI_val: None; data: Class ID: 0, Confidence: 0.69, BBox: (219, 170, 284, 310)
Class ID: 2, Confidence: 0.69, BBox: (282, 192, 438, 253)
Class ID: 1, Confidence: 0.54, BBox: (133, 227, 296, 345)
2025-03-18 18:33:08,527 - log_time: 18:33:08.405; iteration: 0; image: 0; image_size: 751504; connection_time: 9892704411100; time_start_ns: 1742319188405987100; processing_time_ns: 66674400; time_end_ns: 1742319188527611200; signal_val: None; RSSI_val: None; data: Class ID: 0, Confidence: 0.69, BBox: (219, 170, 284, 310)
Class ID: 2, Confidence: 0.69, BBox: (282, 192, 438, 253)
Class ID: 1, Confidence: 0.54, BBox: (133, 227, 296, 345)
2025-03-18 18:33:08,646 - log_time: 18:33:08.527; iteration: 0; image: 0; image_size: 751504; connection_time: 9892704411100; time_start_ns: 1742319188527611200; processing_time_ns: 65850900; time_end_ns: 1742319188646192800; signal_val: None; RSSI_val: None; data: Class ID: 0, Confidence: 0.69, BBox: (219, 170, 284, 310)
Class ID: 2, Confidence: 0.69, BBox: (282, 192, 438, 253)
Class ID: 1, Confidence: 0.54, BBox: (133, 227, 296, 345)
2025-03-18 18:33:08,768 - log_time: 18:33:08.646; iteration: 0; image: 0; image_size: 751504; connection_time: 9892704411100; time_start_ns: 1742319188646712900; processing_time_ns: 70018200; time_end_ns: 1742319188768428500; signal_val: None; RSSI_val: None; data: Class ID: 0, Confidence: 0.69, BBox: (219, 170, 284, 310)
Class ID: 2, Confidence: 0.69, BBox: (282, 192, 438, 253)
Class ID: 1, Confidence: 0.54, BBox: (133, 227, 296, 345)
2025-03-18 18:33:08,900 - log_time: 18:33:08.768; iteration: 0; image: 0; image_size: 751504; connection_time: 9892704411100; time_start_ns: 1742319188768954700; processing_time_ns: 72353900; time_end_ns: 1742319188900766800; signal_val: None; RSSI_val: None; data: Class ID: 0, Confidence: 0.69, BBox: (219, 170, 284, 310)
Class ID: 2, Confidence: 0.69, BBox: (282, 192, 438, 253)
Class ID: 1, Confidence: 0.54, BBox: (133, 227, 296, 345)
2025-03-18 18:33:09,026 - log_time: 18:33:08.900; iteration: 0; image: 0; image_size: 751504; connection_time: 9892704411100; time_start_ns: 1742319188900766800; processing_time_ns: 69104300; time_end_ns: 1742319189026277700; signal_val: None; RSSI_val: None; data: Class ID: 0, Confidence: 0.69, BBox: (219, 170, 284, 310)
Class ID: 2, Confidence: 0.69, BBox: (282, 192, 438, 253)
Class ID: 1, Confidence: 0.54, BBox: (133, 227, 296, 345)
2025-03-18 18:33:09,157 - log_time: 18:33:09.026; iteration: 0; image: 0; image_size: 751504; connection_time: 9892704411100; time_start_ns: 1742319189026799500; processing_time_ns: 70625000; time_end_ns: 1742319189156723800; signal_val: None; RSSI_val: None; data: Class ID: 0, Confidence: 0.69, BBox: (219, 170, 284, 310)
Class ID: 2, Confidence: 0.69, BBox: (282, 192, 438, 253)
Class ID: 1, Confidence: 0.54, BBox: (133, 227, 296, 345)
2025-03-18 18:33:09,283 - log_time: 18:33:09.157; iteration: 0; image: 0; image_size: 751504; connection_time: 9892704411100; time_start_ns: 1742319189157255700; processing_time_ns: 69482100; time_end_ns: 1742319189283040100; signal_val: None; RSSI_val: None; data: Class ID: 0, Confidence: 0.69, BBox: (219, 170, 284, 310)
Class ID: 2, Confidence: 0.69, BBox: (282, 192, 438, 253)
Class ID: 1, Confidence: 0.54, BBox: (133, 227, 296, 345)
2025-03-18 18:33:09,412 - log_time: 18:33:09.283; iteration: 0; image: 0; image_size: 751504; connection_time: 9892704411100; time_start_ns: 1742319189283592200; processing_time_ns: 68879900; time_end_ns: 1742319189412261600; signal_val: None; RSSI_val: None; data: Class ID: 0, Confidence: 0.69, BBox: (219, 170, 284, 310)
Class ID: 2, Confidence: 0.69, BBox: (282, 192, 438, 253)
Class ID: 1, Confidence: 0.54, BBox: (133, 227, 296, 345)
2025-03-18 18:33:09,537 - log_time: 18:33:09.412; iteration: 0; image: 0; image_size: 751504; connection_time: 9892704411100; time_start_ns: 1742319189412783200; processing_time_ns: 66530000; time_end_ns: 1742319189537627800; signal_val: None; RSSI_val: None; data: Class ID: 0, Confidence: 0.69, BBox: (219, 170, 284, 310)
Class ID: 2, Confidence: 0.69, BBox: (282, 192, 438, 253)
Class ID: 1, Confidence: 0.54, BBox: (133, 227, 296, 345)
2025-03-18 18:33:09,668 - log_time: 18:33:09.538; iteration: 0; image: 0; image_size: 751504; connection_time: 9892704411100; time_start_ns: 1742319189538635500; processing_time_ns: 67117700; time_end_ns: 1742319189668080700; signal_val: None; RSSI_val: None; data: Class ID: 0, Confidence: 0.69, BBox: (219, 170, 284, 310)
Class ID: 2, Confidence: 0.69, BBox: (282, 192, 438, 253)
Class ID: 1, Confidence: 0.54, BBox: (133, 227, 296, 345)
2025-03-18 18:33:09,798 - log_time: 18:33:09.668; iteration: 0; image: 0; image_size: 751504; connection_time: 9892704411100; time_start_ns: 1742319189668692100; processing_time_ns: 71287200; time_end_ns: 1742319189798292000; signal_val: None; RSSI_val: None; data: Class ID: 0, Confidence: 0.69, BBox: (219, 170, 284, 310)
Class ID: 2, Confidence: 0.69, BBox: (282, 192, 438, 253)
Class ID: 1, Confidence: 0.54, BBox: (133, 227, 296, 345)
2025-03-18 18:33:09,926 - log_time: 18:33:09.798; iteration: 0; image: 0; image_size: 751504; connection_time: 9892704411100; time_start_ns: 1742319189799029300; processing_time_ns: 67347500; time_end_ns: 1742319189925847000; signal_val: None; RSSI_val: None; data: Class ID: 0, Confidence: 0.69, BBox: (219, 170, 284, 310)
Class ID: 2, Confidence: 0.69, BBox: (282, 192, 438, 253)
Class ID: 1, Confidence: 0.54, BBox: (133, 227, 296, 345)
2025-03-18 18:33:10,051 - log_time: 18:33:09.926; iteration: 0; image: 0; image_size: 751504; connection_time: 9892704411100; time_start_ns: 1742319189926910500; processing_time_ns: 69119300; time_end_ns: 1742319190050519700; signal_val: None; RSSI_val: None; data: Class ID: 0, Confidence: 0.69, BBox: (219, 170, 284, 310)
Class ID: 2, Confidence: 0.69, BBox: (282, 192, 438, 253)
Class ID: 1, Confidence: 0.54, BBox: (133, 227, 296, 345)
2025-03-18 18:33:10,178 - log_time: 18:33:10.051; iteration: 0; image: 0; image_size: 751504; connection_time: 9892704411100; time_start_ns: 1742319190051572200; processing_time_ns: 66840500; time_end_ns: 1742319190178091200; signal_val: None; RSSI_val: None; data: Class ID: 0, Confidence: 0.69, BBox: (219, 170, 284, 310)
Class ID: 2, Confidence: 0.69, BBox: (282, 192, 438, 253)
Class ID: 1, Confidence: 0.54, BBox: (133, 227, 296, 345)
2025-03-18 18:33:10,302 - log_time: 18:33:10.178; iteration: 0; image: 0; image_size: 751504; connection_time: 9892704411100; time_start_ns: 1742319190178091200; processing_time_ns: 68036000; time_end_ns: 1742319190302426300; signal_val: None; RSSI_val: None; data: Class ID: 0, Confidence: 0.69, BBox: (219, 170, 284, 310)
Class ID: 2, Confidence: 0.69, BBox: (282, 192, 438, 253)
Class ID: 1, Confidence: 0.54, BBox: (133, 227, 296, 345)
2025-03-18 18:33:10,461 - log_time: 18:33:10.302; iteration: 0; image: 0; image_size: 751504; connection_time: 9892704411100; time_start_ns: 1742319190302955600; processing_time_ns: 69280000; time_end_ns: 1742319190461089100; signal_val: None; RSSI_val: None; data: Class ID: 0, Confidence: 0.69, BBox: (219, 170, 284, 310)
Class ID: 2, Confidence: 0.69, BBox: (282, 192, 438, 253)
Class ID: 1, Confidence: 0.54, BBox: (133, 227, 296, 345)
2025-03-18 18:33:10,609 - log_time: 18:33:10.462; iteration: 0; image: 0; image_size: 751504; connection_time: 9892704411100; time_start_ns: 1742319190462149400; processing_time_ns: 85824100; time_end_ns: 1742319190609805900; signal_val: None; RSSI_val: None; data: Class ID: 0, Confidence: 0.69, BBox: (219, 170, 284, 310)
Class ID: 2, Confidence: 0.69, BBox: (282, 192, 438, 253)
Class ID: 1, Confidence: 0.54, BBox: (133, 227, 296, 345)
2025-03-18 18:33:10,739 - log_time: 18:33:10.610; iteration: 0; image: 0; image_size: 751504; connection_time: 9892704411100; time_start_ns: 1742319190610328500; processing_time_ns: 71418100; time_end_ns: 1742319190739235000; signal_val: None; RSSI_val: None; data: Class ID: 0, Confidence: 0.69, BBox: (219, 170, 284, 310)
Class ID: 2, Confidence: 0.69, BBox: (282, 192, 438, 253)
Class ID: 1, Confidence: 0.54, BBox: (133, 227, 296, 345)
2025-03-18 18:33:10,867 - log_time: 18:33:10.739; iteration: 0; image: 0; image_size: 751504; connection_time: 9892704411100; time_start_ns: 1742319190739764300; processing_time_ns: 68827800; time_end_ns: 1742319190867918700; signal_val: None; RSSI_val: None; data: Class ID: 0, Confidence: 0.69, BBox: (219, 170, 284, 310)
Class ID: 2, Confidence: 0.69, BBox: (282, 192, 438, 253)
Class ID: 1, Confidence: 0.54, BBox: (133, 227, 296, 345)
2025-03-18 18:33:10,992 - log_time: 18:33:10.868; iteration: 0; image: 0; image_size: 751504; connection_time: 9892704411100; time_start_ns: 1742319190868442400; processing_time_ns: 66784800; time_end_ns: 1742319190992914100; signal_val: None; RSSI_val: None; data: Class ID: 0, Confidence: 0.69, BBox: (219, 170, 284, 310)
Class ID: 2, Confidence: 0.69, BBox: (282, 192, 438, 253)
Class ID: 1, Confidence: 0.54, BBox: (133, 227, 296, 345)
2025-03-18 18:33:11,119 - log_time: 18:33:10.994; iteration: 0; image: 0; image_size: 751504; connection_time: 9892704411100; time_start_ns: 1742319190994783300; processing_time_ns: 66288300; time_end_ns: 1742319191119241500; signal_val: None; RSSI_val: None; data: Class ID: 0, Confidence: 0.69, BBox: (219, 170, 284, 310)
Class ID: 2, Confidence: 0.69, BBox: (282, 192, 438, 253)
Class ID: 1, Confidence: 0.54, BBox: (133, 227, 296, 345)
2025-03-18 18:33:11,244 - log_time: 18:33:11.119; iteration: 0; image: 0; image_size: 751504; connection_time: 9892704411100; time_start_ns: 1742319191119241500; processing_time_ns: 68302700; time_end_ns: 1742319191244583200; signal_val: None; RSSI_val: None; data: Class ID: 0, Confidence: 0.69, BBox: (219, 170, 284, 310)
Class ID: 2, Confidence: 0.69, BBox: (282, 192, 438, 253)
Class ID: 1, Confidence: 0.54, BBox: (133, 227, 296, 345)
2025-03-18 18:33:11,371 - log_time: 18:33:11.245; iteration: 0; image: 0; image_size: 751504; connection_time: 9892704411100; time_start_ns: 1742319191245130300; processing_time_ns: 69137800; time_end_ns: 1742319191371747500; signal_val: None; RSSI_val: None; data: Class ID: 0, Confidence: 0.69, BBox: (219, 170, 284, 310)
Class ID: 2, Confidence: 0.69, BBox: (282, 192, 438, 253)
Class ID: 1, Confidence: 0.54, BBox: (133, 227, 296, 345)
2025-03-18 18:33:11,504 - log_time: 18:33:11.372; iteration: 0; image: 0; image_size: 751504; connection_time: 9892704411100; time_start_ns: 1742319191372276600; processing_time_ns: 70826300; time_end_ns: 1742319191503756200; signal_val: None; RSSI_val: None; data: Class ID: 0, Confidence: 0.69, BBox: (219, 170, 284, 310)
Class ID: 2, Confidence: 0.69, BBox: (282, 192, 438, 253)
Class ID: 1, Confidence: 0.54, BBox: (133, 227, 296, 345)
2025-03-18 18:33:11,620 - log_time: 18:33:11.504; iteration: 0; image: 0; image_size: 751504; connection_time: 9892704411100; time_start_ns: 1742319191504280200; processing_time_ns: 60225100; time_end_ns: 1742319191620171000; signal_val: None; RSSI_val: None; data: Class ID: 0, Confidence: 0.69, BBox: (219, 170, 284, 310)
Class ID: 2, Confidence: 0.69, BBox: (282, 192, 438, 253)
Class ID: 1, Confidence: 0.54, BBox: (133, 227, 296, 345)
2025-03-18 18:33:11,736 - log_time: 18:33:11.620; iteration: 0; image: 0; image_size: 751504; connection_time: 9892704411100; time_start_ns: 1742319191620171000; processing_time_ns: 63948000; time_end_ns: 1742319191736504900; signal_val: None; RSSI_val: None; data: Class ID: 0, Confidence: 0.69, BBox: (219, 170, 284, 310)
Class ID: 2, Confidence: 0.69, BBox: (282, 192, 438, 253)
Class ID: 1, Confidence: 0.54, BBox: (133, 227, 296, 345)
2025-03-18 18:33:11,849 - log_time: 18:33:11.737; iteration: 0; image: 0; image_size: 751504; connection_time: 9892704411100; time_start_ns: 1742319191737505200; processing_time_ns: 61569000; time_end_ns: 1742319191849536900; signal_val: None; RSSI_val: None; data: Class ID: 0, Confidence: 0.69, BBox: (219, 170, 284, 310)
Class ID: 2, Confidence: 0.69, BBox: (282, 192, 438, 253)
Class ID: 1, Confidence: 0.54, BBox: (133, 227, 296, 345)
2025-03-18 18:33:11,964 - log_time: 18:33:11.849; iteration: 0; image: 0; image_size: 751504; connection_time: 9892704411100; time_start_ns: 1742319191849536900; processing_time_ns: 60799600; time_end_ns: 1742319191964645500; signal_val: None; RSSI_val: None; data: Class ID: 0, Confidence: 0.69, BBox: (219, 170, 284, 310)
Class ID: 2, Confidence: 0.69, BBox: (282, 192, 438, 253)
Class ID: 1, Confidence: 0.54, BBox: (133, 227, 296, 345)
2025-03-18 18:33:12,075 - log_time: 18:33:11.964; iteration: 0; image: 0; image_size: 751504; connection_time: 9892704411100; time_start_ns: 1742319191964645500; processing_time_ns: 61177100; time_end_ns: 1742319192075406500; signal_val: None; RSSI_val: None; data: Class ID: 0, Confidence: 0.69, BBox: (219, 170, 284, 310)
Class ID: 2, Confidence: 0.69, BBox: (282, 192, 438, 253)
Class ID: 1, Confidence: 0.54, BBox: (133, 227, 296, 345)
2025-03-18 18:33:12,190 - log_time: 18:33:12.075; iteration: 0; image: 0; image_size: 751504; connection_time: 9892704411100; time_start_ns: 1742319192075406500; processing_time_ns: 63471400; time_end_ns: 1742319192190944500; signal_val: None; RSSI_val: None; data: Class ID: 0, Confidence: 0.69, BBox: (219, 170, 284, 310)
Class ID: 2, Confidence: 0.69, BBox: (282, 192, 438, 253)
Class ID: 1, Confidence: 0.54, BBox: (133, 227, 296, 345)
2025-03-18 18:33:12,305 - log_time: 18:33:12.190; iteration: 0; image: 0; image_size: 751504; connection_time: 9892704411100; time_start_ns: 1742319192190944500; processing_time_ns: 62129000; time_end_ns: 1742319192305029100; signal_val: None; RSSI_val: None; data: Class ID: 0, Confidence: 0.69, BBox: (219, 170, 284, 310)
Class ID: 2, Confidence: 0.69, BBox: (282, 192, 438, 253)
Class ID: 1, Confidence: 0.54, BBox: (133, 227, 296, 345)
2025-03-18 18:33:12,425 - log_time: 18:33:12.305; iteration: 0; image: 0; image_size: 751504; connection_time: 9892704411100; time_start_ns: 1742319192305029100; processing_time_ns: 64268300; time_end_ns: 1742319192425139500; signal_val: None; RSSI_val: None; data: Class ID: 0, Confidence: 0.69, BBox: (219, 170, 284, 310)
Class ID: 2, Confidence: 0.69, BBox: (282, 192, 438, 253)
Class ID: 1, Confidence: 0.54, BBox: (133, 227, 296, 345)
2025-03-18 18:33:12,542 - log_time: 18:33:12.425; iteration: 0; image: 0; image_size: 751504; connection_time: 9892704411100; time_start_ns: 1742319192425139500; processing_time_ns: 63808200; time_end_ns: 1742319192542105500; signal_val: None; RSSI_val: None; data: Class ID: 0, Confidence: 0.69, BBox: (219, 170, 284, 310)
Class ID: 2, Confidence: 0.69, BBox: (282, 192, 438, 253)
Class ID: 1, Confidence: 0.54, BBox: (133, 227, 296, 345)
2025-03-18 18:33:12,728 - log_time: 18:33:12.542; iteration: 0; image: 0; image_size: 751504; connection_time: 9892704411100; time_start_ns: 1742319192542105500; processing_time_ns: 120927700; time_end_ns: 1742319192728686700; signal_val: None; RSSI_val: None; data: Class ID: 0, Confidence: 0.69, BBox: (219, 170, 284, 310)
Class ID: 2, Confidence: 0.69, BBox: (282, 192, 438, 253)
Class ID: 1, Confidence: 0.54, BBox: (133, 227, 296, 345)
2025-03-18 18:33:12,857 - log_time: 18:33:12.728; iteration: 0; image: 0; image_size: 751504; connection_time: 9892704411100; time_start_ns: 1742319192728686700; processing_time_ns: 64636000; time_end_ns: 1742319192857247500; signal_val: None; RSSI_val: None; data: Class ID: 0, Confidence: 0.69, BBox: (219, 170, 284, 310)
Class ID: 2, Confidence: 0.69, BBox: (282, 192, 438, 253)
Class ID: 1, Confidence: 0.54, BBox: (133, 227, 296, 345)
2025-03-18 18:33:12,973 - log_time: 18:33:12.857; iteration: 0; image: 0; image_size: 751504; connection_time: 9892704411100; time_start_ns: 1742319192857247500; processing_time_ns: 62638800; time_end_ns: 1742319192973296300; signal_val: None; RSSI_val: None; data: Class ID: 0, Confidence: 0.69, BBox: (219, 170, 284, 310)
Class ID: 2, Confidence: 0.69, BBox: (282, 192, 438, 253)
Class ID: 1, Confidence: 0.54, BBox: (133, 227, 296, 345)
2025-03-18 18:33:13,089 - log_time: 18:33:12.973; iteration: 0; image: 0; image_size: 751504; connection_time: 9892704411100; time_start_ns: 1742319192973296300; processing_time_ns: 63263300; time_end_ns: 1742319193089389700; signal_val: None; RSSI_val: None; data: Class ID: 0, Confidence: 0.69, BBox: (219, 170, 284, 310)
Class ID: 2, Confidence: 0.69, BBox: (282, 192, 438, 253)
Class ID: 1, Confidence: 0.54, BBox: (133, 227, 296, 345)
2025-03-18 18:33:13,205 - log_time: 18:33:13.089; iteration: 0; image: 0; image_size: 751504; connection_time: 9892704411100; time_start_ns: 1742319193089389700; processing_time_ns: 62243200; time_end_ns: 1742319193205375300; signal_val: None; RSSI_val: None; data: Class ID: 0, Confidence: 0.69, BBox: (219, 170, 284, 310)
Class ID: 2, Confidence: 0.69, BBox: (282, 192, 438, 253)
Class ID: 1, Confidence: 0.54, BBox: (133, 227, 296, 345)
2025-03-18 18:33:13,320 - log_time: 18:33:13.206; iteration: 0; image: 0; image_size: 751504; connection_time: 9892704411100; time_start_ns: 1742319193206373200; processing_time_ns: 63381000; time_end_ns: 1742319193320545900; signal_val: None; RSSI_val: None; data: Class ID: 0, Confidence: 0.69, BBox: (219, 170, 284, 310)
Class ID: 2, Confidence: 0.69, BBox: (282, 192, 438, 253)
Class ID: 1, Confidence: 0.54, BBox: (133, 227, 296, 345)
2025-03-18 18:33:13,467 - log_time: 18:33:13.320; iteration: 0; image: 0; image_size: 751504; connection_time: 9892704411100; time_start_ns: 1742319193320545900; processing_time_ns: 68707200; time_end_ns: 1742319193467528700; signal_val: None; RSSI_val: None; data: Class ID: 0, Confidence: 0.69, BBox: (219, 170, 284, 310)
Class ID: 2, Confidence: 0.69, BBox: (282, 192, 438, 253)
Class ID: 1, Confidence: 0.54, BBox: (133, 227, 296, 345)
2025-03-18 18:33:13,588 - log_time: 18:33:13.468; iteration: 0; image: 0; image_size: 751504; connection_time: 9892704411100; time_start_ns: 1742319193468530700; processing_time_ns: 65244500; time_end_ns: 1742319193587259600; signal_val: None; RSSI_val: None; data: Class ID: 0, Confidence: 0.69, BBox: (219, 170, 284, 310)
Class ID: 2, Confidence: 0.69, BBox: (282, 192, 438, 253)
Class ID: 1, Confidence: 0.54, BBox: (133, 227, 296, 345)
2025-03-18 18:33:13,705 - log_time: 18:33:13.588; iteration: 0; image: 0; image_size: 751504; connection_time: 9892704411100; time_start_ns: 1742319193588260300; processing_time_ns: 64718300; time_end_ns: 1742319193705834100; signal_val: None; RSSI_val: None; data: Class ID: 0, Confidence: 0.69, BBox: (219, 170, 284, 310)
Class ID: 2, Confidence: 0.69, BBox: (282, 192, 438, 253)
Class ID: 1, Confidence: 0.54, BBox: (133, 227, 296, 345)
2025-03-18 18:33:13,823 - log_time: 18:33:13.705; iteration: 0; image: 0; image_size: 751504; connection_time: 9892704411100; time_start_ns: 1742319193705834100; processing_time_ns: 62312000; time_end_ns: 1742319193823606800; signal_val: None; RSSI_val: None; data: Class ID: 0, Confidence: 0.69, BBox: (219, 170, 284, 310)
Class ID: 2, Confidence: 0.69, BBox: (282, 192, 438, 253)
Class ID: 1, Confidence: 0.54, BBox: (133, 227, 296, 345)
2025-03-18 18:33:13,960 - log_time: 18:33:13.823; iteration: 0; image: 0; image_size: 751504; connection_time: 9892704411100; time_start_ns: 1742319193824151100; processing_time_ns: 74683800; time_end_ns: 1742319193959952100; signal_val: None; RSSI_val: None; data: Class ID: 0, Confidence: 0.69, BBox: (219, 170, 284, 310)
Class ID: 2, Confidence: 0.69, BBox: (282, 192, 438, 253)
Class ID: 1, Confidence: 0.54, BBox: (133, 227, 296, 345)
2025-03-18 18:33:14,076 - log_time: 18:33:13.960; iteration: 0; image: 0; image_size: 751504; connection_time: 9892704411100; time_start_ns: 1742319193960951400; processing_time_ns: 61998300; time_end_ns: 1742319194076477600; signal_val: None; RSSI_val: None; data: Class ID: 0, Confidence: 0.69, BBox: (219, 170, 284, 310)
Class ID: 2, Confidence: 0.69, BBox: (282, 192, 438, 253)
Class ID: 1, Confidence: 0.54, BBox: (133, 227, 296, 345)
2025-03-18 18:33:14,190 - log_time: 18:33:14.076; iteration: 0; image: 0; image_size: 751504; connection_time: 9892704411100; time_start_ns: 1742319194076477600; processing_time_ns: 63241000; time_end_ns: 1742319194190558400; signal_val: None; RSSI_val: None; data: Class ID: 0, Confidence: 0.69, BBox: (219, 170, 284, 310)
Class ID: 2, Confidence: 0.69, BBox: (282, 192, 438, 253)
Class ID: 1, Confidence: 0.54, BBox: (133, 227, 296, 345)
2025-03-18 18:33:14,315 - log_time: 18:33:14.190; iteration: 0; image: 0; image_size: 751504; connection_time: 9892704411100; time_start_ns: 1742319194190558400; processing_time_ns: 71477800; time_end_ns: 1742319194315323100; signal_val: None; RSSI_val: None; data: Class ID: 0, Confidence: 0.69, BBox: (219, 170, 284, 310)
Class ID: 2, Confidence: 0.69, BBox: (282, 192, 438, 253)
Class ID: 1, Confidence: 0.54, BBox: (133, 227, 296, 345)
2025-03-18 18:33:14,436 - log_time: 18:33:14.316; iteration: 0; image: 0; image_size: 751504; connection_time: 9892704411100; time_start_ns: 1742319194316322200; processing_time_ns: 69824700; time_end_ns: 1742319194436122100; signal_val: None; RSSI_val: None; data: Class ID: 0, Confidence: 0.69, BBox: (219, 170, 284, 310)
Class ID: 2, Confidence: 0.69, BBox: (282, 192, 438, 253)
Class ID: 1, Confidence: 0.54, BBox: (133, 227, 296, 345)
2025-03-18 18:33:14,550 - log_time: 18:33:14.436; iteration: 0; image: 0; image_size: 751504; connection_time: 9892704411100; time_start_ns: 1742319194436122100; processing_time_ns: 61555800; time_end_ns: 1742319194550312500; signal_val: None; RSSI_val: None; data: Class ID: 0, Confidence: 0.69, BBox: (219, 170, 284, 310)
Class ID: 2, Confidence: 0.69, BBox: (282, 192, 438, 253)
Class ID: 1, Confidence: 0.54, BBox: (133, 227, 296, 345)
2025-03-18 18:33:14,666 - log_time: 18:33:14.550; iteration: 0; image: 0; image_size: 751504; connection_time: 9892704411100; time_start_ns: 1742319194550312500; processing_time_ns: 60721500; time_end_ns: 1742319194666267100; signal_val: None; RSSI_val: None; data: Class ID: 0, Confidence: 0.69, BBox: (219, 170, 284, 310)
Class ID: 2, Confidence: 0.69, BBox: (282, 192, 438, 253)
Class ID: 1, Confidence: 0.54, BBox: (133, 227, 296, 345)
2025-03-18 18:33:14,791 - log_time: 18:33:14.666; iteration: 0; image: 0; image_size: 751504; connection_time: 9892704411100; time_start_ns: 1742319194666267100; processing_time_ns: 73500900; time_end_ns: 1742319194791644400; signal_val: None; RSSI_val: None; data: Class ID: 0, Confidence: 0.69, BBox: (219, 170, 284, 310)
Class ID: 2, Confidence: 0.69, BBox: (282, 192, 438, 253)
Class ID: 1, Confidence: 0.54, BBox: (133, 227, 296, 345)
2025-03-18 18:33:14,914 - log_time: 18:33:14.792; iteration: 0; image: 0; image_size: 751504; connection_time: 9892704411100; time_start_ns: 1742319194792168600; processing_time_ns: 64811100; time_end_ns: 1742319194914871000; signal_val: None; RSSI_val: None; data: Class ID: 0, Confidence: 0.69, BBox: (219, 170, 284, 310)
Class ID: 2, Confidence: 0.69, BBox: (282, 192, 438, 253)
Class ID: 1, Confidence: 0.54, BBox: (133, 227, 296, 345)
2025-03-18 18:33:15,028 - log_time: 18:33:14.916; iteration: 0; image: 0; image_size: 751504; connection_time: 9892704411100; time_start_ns: 1742319194916876700; processing_time_ns: 59708300; time_end_ns: 1742319195028880200; signal_val: None; RSSI_val: None; data: Class ID: 0, Confidence: 0.69, BBox: (219, 170, 284, 310)
Class ID: 2, Confidence: 0.69, BBox: (282, 192, 438, 253)
Class ID: 1, Confidence: 0.54, BBox: (133, 227, 296, 345)
2025-03-18 18:33:15,142 - log_time: 18:33:15.030; iteration: 0; image: 0; image_size: 751504; connection_time: 9892704411100; time_start_ns: 1742319195030879100; processing_time_ns: 60297900; time_end_ns: 1742319195142642800; signal_val: None; RSSI_val: None; data: Class ID: 0, Confidence: 0.69, BBox: (219, 170, 284, 310)
Class ID: 2, Confidence: 0.69, BBox: (282, 192, 438, 253)
Class ID: 1, Confidence: 0.54, BBox: (133, 227, 296, 345)
2025-03-18 18:33:15,259 - log_time: 18:33:15.142; iteration: 0; image: 0; image_size: 751504; connection_time: 9892704411100; time_start_ns: 1742319195142642800; processing_time_ns: 61828700; time_end_ns: 1742319195259332100; signal_val: None; RSSI_val: None; data: Class ID: 0, Confidence: 0.69, BBox: (219, 170, 284, 310)
Class ID: 2, Confidence: 0.69, BBox: (282, 192, 438, 253)
Class ID: 1, Confidence: 0.54, BBox: (133, 227, 296, 345)
2025-03-18 18:33:15,417 - log_time: 18:33:15.259; iteration: 0; image: 0; image_size: 751504; connection_time: 9892704411100; time_start_ns: 1742319195259332100; processing_time_ns: 93782600; time_end_ns: 1742319195417167100; signal_val: None; RSSI_val: None; data: Class ID: 0, Confidence: 0.69, BBox: (219, 170, 284, 310)
Class ID: 2, Confidence: 0.69, BBox: (282, 192, 438, 253)
Class ID: 1, Confidence: 0.54, BBox: (133, 227, 296, 345)
2025-03-18 18:33:15,555 - log_time: 18:33:15.417; iteration: 0; image: 0; image_size: 751504; connection_time: 9892704411100; time_start_ns: 1742319195418174400; processing_time_ns: 66117600; time_end_ns: 1742319195555849800; signal_val: None; RSSI_val: None; data: Class ID: 0, Confidence: 0.69, BBox: (219, 170, 284, 310)
Class ID: 2, Confidence: 0.69, BBox: (282, 192, 438, 253)
Class ID: 1, Confidence: 0.54, BBox: (133, 227, 296, 345)
2025-03-18 18:33:15,673 - log_time: 18:33:15.555; iteration: 0; image: 0; image_size: 751504; connection_time: 9892704411100; time_start_ns: 1742319195555849800; processing_time_ns: 63578100; time_end_ns: 1742319195673937900; signal_val: None; RSSI_val: None; data: Class ID: 0, Confidence: 0.69, BBox: (219, 170, 284, 310)
Class ID: 2, Confidence: 0.69, BBox: (282, 192, 438, 253)
Class ID: 1, Confidence: 0.54, BBox: (133, 227, 296, 345)
2025-03-18 18:33:15,795 - log_time: 18:33:15.673; iteration: 0; image: 0; image_size: 751504; connection_time: 9892704411100; time_start_ns: 1742319195673937900; processing_time_ns: 64045500; time_end_ns: 1742319195795859000; signal_val: None; RSSI_val: None; data: Class ID: 0, Confidence: 0.69, BBox: (219, 170, 284, 310)
Class ID: 2, Confidence: 0.69, BBox: (282, 192, 438, 253)
Class ID: 1, Confidence: 0.54, BBox: (133, 227, 296, 345)
2025-03-18 18:33:15,915 - log_time: 18:33:15.796; iteration: 0; image: 0; image_size: 751504; connection_time: 9892704411100; time_start_ns: 1742319195796858600; processing_time_ns: 63676900; time_end_ns: 1742319195915109400; signal_val: None; RSSI_val: None; data: Class ID: 0, Confidence: 0.69, BBox: (219, 170, 284, 310)
Class ID: 2, Confidence: 0.69, BBox: (282, 192, 438, 253)
Class ID: 1, Confidence: 0.54, BBox: (133, 227, 296, 345)
2025-03-18 18:33:16,030 - log_time: 18:33:15.915; iteration: 0; image: 0; image_size: 751504; connection_time: 9892704411100; time_start_ns: 1742319195915109400; processing_time_ns: 61141500; time_end_ns: 1742319196030718600; signal_val: None; RSSI_val: None; data: Class ID: 0, Confidence: 0.69, BBox: (219, 170, 284, 310)
Class ID: 2, Confidence: 0.69, BBox: (282, 192, 438, 253)
Class ID: 1, Confidence: 0.54, BBox: (133, 227, 296, 345)
2025-03-18 18:33:16,142 - log_time: 18:33:16.030; iteration: 0; image: 0; image_size: 751504; connection_time: 9892704411100; time_start_ns: 1742319196030718600; processing_time_ns: 59407600; time_end_ns: 1742319196142627600; signal_val: None; RSSI_val: None; data: Class ID: 0, Confidence: 0.69, BBox: (219, 170, 284, 310)
Class ID: 2, Confidence: 0.69, BBox: (282, 192, 438, 253)
Class ID: 1, Confidence: 0.54, BBox: (133, 227, 296, 345)
2025-03-18 18:33:16,263 - log_time: 18:33:16.142; iteration: 0; image: 0; image_size: 751504; connection_time: 9892704411100; time_start_ns: 1742319196142627600; processing_time_ns: 61057000; time_end_ns: 1742319196263432300; signal_val: None; RSSI_val: None; data: Class ID: 0, Confidence: 0.69, BBox: (219, 170, 284, 310)
Class ID: 2, Confidence: 0.69, BBox: (282, 192, 438, 253)
Class ID: 1, Confidence: 0.54, BBox: (133, 227, 296, 345)
2025-03-18 18:33:16,416 - log_time: 18:33:16.264; iteration: 0; image: 0; image_size: 751504; connection_time: 9892704411100; time_start_ns: 1742319196264085000; processing_time_ns: 97233200; time_end_ns: 1742319196416336500; signal_val: None; RSSI_val: None; data: Class ID: 0, Confidence: 0.69, BBox: (219, 170, 284, 310)
Class ID: 2, Confidence: 0.69, BBox: (282, 192, 438, 253)
Class ID: 1, Confidence: 0.54, BBox: (133, 227, 296, 345)
2025-03-18 18:33:16,534 - log_time: 18:33:16.417; iteration: 0; image: 0; image_size: 751504; connection_time: 9892704411100; time_start_ns: 1742319196417338200; processing_time_ns: 61360300; time_end_ns: 1742319196533722700; signal_val: None; RSSI_val: None; data: Class ID: 0, Confidence: 0.69, BBox: (219, 170, 284, 310)
Class ID: 2, Confidence: 0.69, BBox: (282, 192, 438, 253)
Class ID: 1, Confidence: 0.54, BBox: (133, 227, 296, 345)
2025-03-18 18:33:16,655 - log_time: 18:33:16.534; iteration: 0; image: 0; image_size: 751504; connection_time: 9892704411100; time_start_ns: 1742319196534721900; processing_time_ns: 63530200; time_end_ns: 1742319196655354600; signal_val: None; RSSI_val: None; data: Class ID: 0, Confidence: 0.69, BBox: (219, 170, 284, 310)
Class ID: 2, Confidence: 0.69, BBox: (282, 192, 438, 253)
Class ID: 1, Confidence: 0.54, BBox: (133, 227, 296, 345)
2025-03-18 18:33:16,771 - log_time: 18:33:16.655; iteration: 0; image: 0; image_size: 751504; connection_time: 9892704411100; time_start_ns: 1742319196655354600; processing_time_ns: 63530000; time_end_ns: 1742319196771856600; signal_val: None; RSSI_val: None; data: Class ID: 0, Confidence: 0.69, BBox: (219, 170, 284, 310)
Class ID: 2, Confidence: 0.69, BBox: (282, 192, 438, 253)
Class ID: 1, Confidence: 0.54, BBox: (133, 227, 296, 345)
2025-03-18 18:33:16,905 - log_time: 18:33:16.771; iteration: 0; image: 0; image_size: 751504; connection_time: 9892704411100; time_start_ns: 1742319196771856600; processing_time_ns: 78122600; time_end_ns: 1742319196904852100; signal_val: None; RSSI_val: None; data: Class ID: 0, Confidence: 0.69, BBox: (219, 170, 284, 310)
Class ID: 2, Confidence: 0.69, BBox: (282, 192, 438, 253)
Class ID: 1, Confidence: 0.54, BBox: (133, 227, 296, 345)
2025-03-18 18:33:17,026 - log_time: 18:33:16.905; iteration: 0; image: 0; image_size: 751504; connection_time: 9892704411100; time_start_ns: 1742319196905903100; processing_time_ns: 65610200; time_end_ns: 1742319197026467000; signal_val: None; RSSI_val: None; data: Class ID: 0, Confidence: 0.69, BBox: (219, 170, 284, 310)
Class ID: 2, Confidence: 0.69, BBox: (282, 192, 438, 253)
Class ID: 1, Confidence: 0.54, BBox: (133, 227, 296, 345)
2025-03-18 18:33:17,147 - log_time: 18:33:17.026; iteration: 0; image: 0; image_size: 751504; connection_time: 9892704411100; time_start_ns: 1742319197026467000; processing_time_ns: 62336200; time_end_ns: 1742319197147240200; signal_val: None; RSSI_val: None; data: Class ID: 0, Confidence: 0.69, BBox: (219, 170, 284, 310)
Class ID: 2, Confidence: 0.69, BBox: (282, 192, 438, 253)
Class ID: 1, Confidence: 0.54, BBox: (133, 227, 296, 345)
2025-03-18 18:33:17,264 - log_time: 18:33:17.147; iteration: 0; image: 0; image_size: 751504; connection_time: 9892704411100; time_start_ns: 1742319197147240200; processing_time_ns: 63686000; time_end_ns: 1742319197264923000; signal_val: None; RSSI_val: None; data: Class ID: 0, Confidence: 0.69, BBox: (219, 170, 284, 310)
Class ID: 2, Confidence: 0.69, BBox: (282, 192, 438, 253)
Class ID: 1, Confidence: 0.54, BBox: (133, 227, 296, 345)
2025-03-18 18:33:17,379 - log_time: 18:33:17.264; iteration: 0; image: 0; image_size: 751504; connection_time: 9892704411100; time_start_ns: 1742319197264923000; processing_time_ns: 60906400; time_end_ns: 1742319197379785500; signal_val: None; RSSI_val: None; data: Class ID: 0, Confidence: 0.69, BBox: (219, 170, 284, 310)
Class ID: 2, Confidence: 0.69, BBox: (282, 192, 438, 253)
Class ID: 1, Confidence: 0.54, BBox: (133, 227, 296, 345)
2025-03-18 18:33:17,497 - log_time: 18:33:17.380; iteration: 0; image: 0; image_size: 751504; connection_time: 9892704411100; time_start_ns: 1742319197380574100; processing_time_ns: 62612200; time_end_ns: 1742319197497904800; signal_val: None; RSSI_val: None; data: Class ID: 0, Confidence: 0.69, BBox: (219, 170, 284, 310)
Class ID: 2, Confidence: 0.69, BBox: (282, 192, 438, 253)
Class ID: 1, Confidence: 0.54, BBox: (133, 227, 296, 345)
2025-03-18 18:33:17,617 - log_time: 18:33:17.497; iteration: 0; image: 0; image_size: 751504; connection_time: 9892704411100; time_start_ns: 1742319197497904800; processing_time_ns: 64034100; time_end_ns: 1742319197617531700; signal_val: None; RSSI_val: None; data: Class ID: 0, Confidence: 0.69, BBox: (219, 170, 284, 310)
Class ID: 2, Confidence: 0.69, BBox: (282, 192, 438, 253)
Class ID: 1, Confidence: 0.54, BBox: (133, 227, 296, 345)
2025-03-18 18:33:17,733 - log_time: 18:33:17.617; iteration: 0; image: 0; image_size: 751504; connection_time: 9892704411100; time_start_ns: 1742319197617531700; processing_time_ns: 62612500; time_end_ns: 1742319197733237500; signal_val: None; RSSI_val: None; data: Class ID: 0, Confidence: 0.69, BBox: (219, 170, 284, 310)
Class ID: 2, Confidence: 0.69, BBox: (282, 192, 438, 253)
Class ID: 1, Confidence: 0.54, BBox: (133, 227, 296, 345)
2025-03-18 18:33:17,853 - log_time: 18:33:17.733; iteration: 0; image: 0; image_size: 751504; connection_time: 9892704411100; time_start_ns: 1742319197733237500; processing_time_ns: 63663400; time_end_ns: 1742319197853138900; signal_val: None; RSSI_val: None; data: Class ID: 0, Confidence: 0.69, BBox: (219, 170, 284, 310)
Class ID: 2, Confidence: 0.69, BBox: (282, 192, 438, 253)
Class ID: 1, Confidence: 0.54, BBox: (133, 227, 296, 345)
2025-03-18 18:33:17,969 - log_time: 18:33:17.853; iteration: 0; image: 0; image_size: 751504; connection_time: 9892704411100; time_start_ns: 1742319197853138900; processing_time_ns: 61570100; time_end_ns: 1742319197969701700; signal_val: None; RSSI_val: None; data: Class ID: 0, Confidence: 0.69, BBox: (219, 170, 284, 310)
Class ID: 2, Confidence: 0.69, BBox: (282, 192, 438, 253)
Class ID: 1, Confidence: 0.54, BBox: (133, 227, 296, 345)
2025-03-18 18:33:18,088 - log_time: 18:33:17.972; iteration: 0; image: 0; image_size: 751504; connection_time: 9892704411100; time_start_ns: 1742319197972826300; processing_time_ns: 61237000; time_end_ns: 1742319198088280000; signal_val: None; RSSI_val: None; data: Class ID: 0, Confidence: 0.69, BBox: (219, 170, 284, 310)
Class ID: 2, Confidence: 0.69, BBox: (282, 192, 438, 253)
Class ID: 1, Confidence: 0.54, BBox: (133, 227, 296, 345)
2025-03-18 18:33:18,209 - log_time: 18:33:18.088; iteration: 0; image: 0; image_size: 751504; connection_time: 9892704411100; time_start_ns: 1742319198088280000; processing_time_ns: 63556500; time_end_ns: 1742319198209087600; signal_val: None; RSSI_val: None; data: Class ID: 0, Confidence: 0.69, BBox: (219, 170, 284, 310)
Class ID: 2, Confidence: 0.69, BBox: (282, 192, 438, 253)
Class ID: 1, Confidence: 0.54, BBox: (133, 227, 296, 345)
2025-03-18 18:33:18,325 - log_time: 18:33:18.209; iteration: 0; image: 0; image_size: 751504; connection_time: 9892704411100; time_start_ns: 1742319198209087600; processing_time_ns: 61571200; time_end_ns: 1742319198325344500; signal_val: None; RSSI_val: None; data: Class ID: 0, Confidence: 0.69, BBox: (219, 170, 284, 310)
Class ID: 2, Confidence: 0.69, BBox: (282, 192, 438, 253)
Class ID: 1, Confidence: 0.54, BBox: (133, 227, 296, 345)
2025-03-18 18:33:18,443 - log_time: 18:33:18.327; iteration: 0; image: 0; image_size: 751504; connection_time: 9892704411100; time_start_ns: 1742319198327986600; processing_time_ns: 62079200; time_end_ns: 1742319198443147900; signal_val: None; RSSI_val: None; data: Class ID: 0, Confidence: 0.69, BBox: (219, 170, 284, 310)
Class ID: 2, Confidence: 0.69, BBox: (282, 192, 438, 253)
Class ID: 1, Confidence: 0.54, BBox: (133, 227, 296, 345)
2025-03-18 18:33:18,566 - log_time: 18:33:18.443; iteration: 0; image: 0; image_size: 751504; connection_time: 9892704411100; time_start_ns: 1742319198443147900; processing_time_ns: 65593500; time_end_ns: 1742319198566757800; signal_val: None; RSSI_val: None; data: Class ID: 0, Confidence: 0.69, BBox: (219, 170, 284, 310)
Class ID: 2, Confidence: 0.69, BBox: (282, 192, 438, 253)
Class ID: 1, Confidence: 0.54, BBox: (133, 227, 296, 345)
2025-03-18 18:33:18,679 - log_time: 18:33:18.566; iteration: 0; image: 0; image_size: 751504; connection_time: 9892704411100; time_start_ns: 1742319198566757800; processing_time_ns: 59922600; time_end_ns: 1742319198679422100; signal_val: None; RSSI_val: None; data: Class ID: 0, Confidence: 0.69, BBox: (219, 170, 284, 310)
Class ID: 2, Confidence: 0.69, BBox: (282, 192, 438, 253)
Class ID: 1, Confidence: 0.54, BBox: (133, 227, 296, 345)
2025-03-18 18:33:18,800 - log_time: 18:33:18.680; iteration: 0; image: 0; image_size: 751504; connection_time: 9892704411100; time_start_ns: 1742319198680394200; processing_time_ns: 63560000; time_end_ns: 1742319198799093500; signal_val: None; RSSI_val: None; data: Class ID: 0, Confidence: 0.69, BBox: (219, 170, 284, 310)
Class ID: 2, Confidence: 0.69, BBox: (282, 192, 438, 253)
Class ID: 1, Confidence: 0.54, BBox: (133, 227, 296, 345)
2025-03-18 18:33:18,924 - log_time: 18:33:18.800; iteration: 0; image: 0; image_size: 751504; connection_time: 9892704411100; time_start_ns: 1742319198800096700; processing_time_ns: 69235200; time_end_ns: 1742319198923730500; signal_val: None; RSSI_val: None; data: Class ID: 0, Confidence: 0.69, BBox: (219, 170, 284, 310)
Class ID: 2, Confidence: 0.69, BBox: (282, 192, 438, 253)
Class ID: 1, Confidence: 0.54, BBox: (133, 227, 296, 345)
2025-03-18 18:33:19,075 - log_time: 18:33:18.924; iteration: 0; image: 0; image_size: 751504; connection_time: 9892704411100; time_start_ns: 1742319198924728500; processing_time_ns: 80994100; time_end_ns: 1742319199075994200; signal_val: None; RSSI_val: None; data: Class ID: 0, Confidence: 0.69, BBox: (219, 170, 284, 310)
Class ID: 2, Confidence: 0.69, BBox: (282, 192, 438, 253)
Class ID: 1, Confidence: 0.54, BBox: (133, 227, 296, 345)
2025-03-18 18:33:19,195 - log_time: 18:33:19.075; iteration: 0; image: 0; image_size: 751504; connection_time: 9892704411100; time_start_ns: 1742319199075994200; processing_time_ns: 60725300; time_end_ns: 1742319199195089700; signal_val: None; RSSI_val: None; data: Class ID: 0, Confidence: 0.69, BBox: (219, 170, 284, 310)
Class ID: 2, Confidence: 0.69, BBox: (282, 192, 438, 253)
Class ID: 1, Confidence: 0.54, BBox: (133, 227, 296, 345)
2025-03-18 18:33:19,351 - log_time: 18:33:19.195; iteration: 0; image: 0; image_size: 751504; connection_time: 9892704411100; time_start_ns: 1742319199195089700; processing_time_ns: 64714500; time_end_ns: 1742319199351915000; signal_val: None; RSSI_val: None; data: Class ID: 0, Confidence: 0.69, BBox: (219, 170, 284, 310)
Class ID: 2, Confidence: 0.69, BBox: (282, 192, 438, 253)
Class ID: 1, Confidence: 0.54, BBox: (133, 227, 296, 345)
2025-03-18 18:33:19,470 - log_time: 18:33:19.351; iteration: 0; image: 0; image_size: 751504; connection_time: 9892704411100; time_start_ns: 1742319199351915000; processing_time_ns: 63130600; time_end_ns: 1742319199470572700; signal_val: None; RSSI_val: None; data: Class ID: 0, Confidence: 0.69, BBox: (219, 170, 284, 310)
Class ID: 2, Confidence: 0.69, BBox: (282, 192, 438, 253)
Class ID: 1, Confidence: 0.54, BBox: (133, 227, 296, 345)
2025-03-18 18:33:19,594 - log_time: 18:33:19.472; iteration: 0; image: 0; image_size: 751504; connection_time: 9892704411100; time_start_ns: 1742319199472853400; processing_time_ns: 65605700; time_end_ns: 1742319199594226600; signal_val: None; RSSI_val: None; data: Class ID: 0, Confidence: 0.69, BBox: (219, 170, 284, 310)
Class ID: 2, Confidence: 0.69, BBox: (282, 192, 438, 253)
Class ID: 1, Confidence: 0.54, BBox: (133, 227, 296, 345)
2025-03-18 18:33:19,709 - log_time: 18:33:19.594; iteration: 0; image: 0; image_size: 751504; connection_time: 9892704411100; time_start_ns: 1742319199594226600; processing_time_ns: 59672500; time_end_ns: 1742319199709365900; signal_val: None; RSSI_val: None; data: Class ID: 0, Confidence: 0.69, BBox: (219, 170, 284, 310)
Class ID: 2, Confidence: 0.69, BBox: (282, 192, 438, 253)
Class ID: 1, Confidence: 0.54, BBox: (133, 227, 296, 345)
2025-03-18 18:33:19,831 - log_time: 18:33:19.709; iteration: 0; image: 0; image_size: 751504; connection_time: 9892704411100; time_start_ns: 1742319199709365900; processing_time_ns: 65297400; time_end_ns: 1742319199831538000; signal_val: None; RSSI_val: None; data: Class ID: 0, Confidence: 0.69, BBox: (219, 170, 284, 310)
Class ID: 2, Confidence: 0.69, BBox: (282, 192, 438, 253)
Class ID: 1, Confidence: 0.54, BBox: (133, 227, 296, 345)
2025-03-18 18:33:19,955 - log_time: 18:33:19.832; iteration: 0; image: 0; image_size: 751504; connection_time: 9892704411100; time_start_ns: 1742319199832536000; processing_time_ns: 66049500; time_end_ns: 1742319199955730400; signal_val: None; RSSI_val: None; data: Class ID: 0, Confidence: 0.69, BBox: (219, 170, 284, 310)
Class ID: 2, Confidence: 0.69, BBox: (282, 192, 438, 253)
Class ID: 1, Confidence: 0.54, BBox: (133, 227, 296, 345)
2025-03-18 18:33:20,077 - log_time: 18:33:19.955; iteration: 0; image: 0; image_size: 751504; connection_time: 9892704411100; time_start_ns: 1742319199955730400; processing_time_ns: 63943300; time_end_ns: 1742319200077464100; signal_val: None; RSSI_val: None; data: Class ID: 0, Confidence: 0.69, BBox: (219, 170, 284, 310)
Class ID: 2, Confidence: 0.69, BBox: (282, 192, 438, 253)
Class ID: 1, Confidence: 0.54, BBox: (133, 227, 296, 345)
2025-03-18 18:33:20,193 - log_time: 18:33:20.077; iteration: 0; image: 0; image_size: 751504; connection_time: 9892704411100; time_start_ns: 1742319200077464100; processing_time_ns: 59284800; time_end_ns: 1742319200193821300; signal_val: None; RSSI_val: None; data: Class ID: 0, Confidence: 0.69, BBox: (219, 170, 284, 310)
Class ID: 2, Confidence: 0.69, BBox: (282, 192, 438, 253)
Class ID: 1, Confidence: 0.54, BBox: (133, 227, 296, 345)
2025-03-18 18:33:20,315 - log_time: 18:33:20.193; iteration: 0; image: 0; image_size: 751504; connection_time: 9892704411100; time_start_ns: 1742319200193821300; processing_time_ns: 63740300; time_end_ns: 1742319200315056000; signal_val: None; RSSI_val: None; data: Class ID: 0, Confidence: 0.69, BBox: (219, 170, 284, 310)
Class ID: 2, Confidence: 0.69, BBox: (282, 192, 438, 253)
Class ID: 1, Confidence: 0.54, BBox: (133, 227, 296, 345)
2025-03-18 18:33:20,432 - log_time: 18:33:20.315; iteration: 0; image: 0; image_size: 751504; connection_time: 9892704411100; time_start_ns: 1742319200315056000; processing_time_ns: 63257900; time_end_ns: 1742319200432820700; signal_val: None; RSSI_val: None; data: Class ID: 0, Confidence: 0.69, BBox: (219, 170, 284, 310)
Class ID: 2, Confidence: 0.69, BBox: (282, 192, 438, 253)
Class ID: 1, Confidence: 0.54, BBox: (133, 227, 296, 345)
2025-03-18 18:33:20,555 - log_time: 18:33:20.433; iteration: 0; image: 0; image_size: 751504; connection_time: 9892704411100; time_start_ns: 1742319200433818100; processing_time_ns: 66746100; time_end_ns: 1742319200555545300; signal_val: None; RSSI_val: None; data: Class ID: 0, Confidence: 0.69, BBox: (219, 170, 284, 310)
Class ID: 2, Confidence: 0.69, BBox: (282, 192, 438, 253)
Class ID: 1, Confidence: 0.54, BBox: (133, 227, 296, 345)
2025-03-18 18:33:20,686 - log_time: 18:33:20.558; iteration: 0; image: 0; image_size: 751504; connection_time: 9892704411100; time_start_ns: 1742319200558509800; processing_time_ns: 68873200; time_end_ns: 1742319200686191500; signal_val: None; RSSI_val: None; data: Class ID: 0, Confidence: 0.69, BBox: (219, 170, 284, 310)
Class ID: 2, Confidence: 0.69, BBox: (282, 192, 438, 253)
Class ID: 1, Confidence: 0.54, BBox: (133, 227, 296, 345)
2025-03-18 18:33:20,807 - log_time: 18:33:20.686; iteration: 0; image: 0; image_size: 751504; connection_time: 9892704411100; time_start_ns: 1742319200686191500; processing_time_ns: 62698600; time_end_ns: 1742319200807614200; signal_val: None; RSSI_val: None; data: Class ID: 0, Confidence: 0.69, BBox: (219, 170, 284, 310)
Class ID: 2, Confidence: 0.69, BBox: (282, 192, 438, 253)
Class ID: 1, Confidence: 0.54, BBox: (133, 227, 296, 345)
2025-03-18 18:33:20,929 - log_time: 18:33:20.807; iteration: 0; image: 0; image_size: 751504; connection_time: 9892704411100; time_start_ns: 1742319200807614200; processing_time_ns: 63961700; time_end_ns: 1742319200929422200; signal_val: None; RSSI_val: None; data: Class ID: 0, Confidence: 0.69, BBox: (219, 170, 284, 310)
Class ID: 2, Confidence: 0.69, BBox: (282, 192, 438, 253)
Class ID: 1, Confidence: 0.54, BBox: (133, 227, 296, 345)
2025-03-18 18:33:21,049 - log_time: 18:33:20.930; iteration: 0; image: 0; image_size: 751504; connection_time: 9892704411100; time_start_ns: 1742319200930101800; processing_time_ns: 63480500; time_end_ns: 1742319201049810700; signal_val: None; RSSI_val: None; data: Class ID: 0, Confidence: 0.69, BBox: (219, 170, 284, 310)
Class ID: 2, Confidence: 0.69, BBox: (282, 192, 438, 253)
Class ID: 1, Confidence: 0.54, BBox: (133, 227, 296, 345)
2025-03-18 18:33:21,180 - log_time: 18:33:21.049; iteration: 0; image: 0; image_size: 751504; connection_time: 9892704411100; time_start_ns: 1742319201049810700; processing_time_ns: 68347200; time_end_ns: 1742319201180039000; signal_val: None; RSSI_val: None; data: Class ID: 0, Confidence: 0.69, BBox: (219, 170, 284, 310)
Class ID: 2, Confidence: 0.69, BBox: (282, 192, 438, 253)
Class ID: 1, Confidence: 0.54, BBox: (133, 227, 296, 345)
2025-03-18 18:33:21,301 - log_time: 18:33:21.180; iteration: 0; image: 0; image_size: 751504; connection_time: 9892704411100; time_start_ns: 1742319201180776200; processing_time_ns: 62570800; time_end_ns: 1742319201301753300; signal_val: None; RSSI_val: None; data: Class ID: 0, Confidence: 0.69, BBox: (219, 170, 284, 310)
Class ID: 2, Confidence: 0.69, BBox: (282, 192, 438, 253)
Class ID: 1, Confidence: 0.54, BBox: (133, 227, 296, 345)
2025-03-18 18:33:21,419 - log_time: 18:33:21.301; iteration: 0; image: 0; image_size: 751504; connection_time: 9892704411100; time_start_ns: 1742319201301753300; processing_time_ns: 61814400; time_end_ns: 1742319201419300000; signal_val: None; RSSI_val: None; data: Class ID: 0, Confidence: 0.69, BBox: (219, 170, 284, 310)
Class ID: 2, Confidence: 0.69, BBox: (282, 192, 438, 253)
Class ID: 1, Confidence: 0.54, BBox: (133, 227, 296, 345)
2025-03-18 18:33:21,539 - log_time: 18:33:21.419; iteration: 0; image: 0; image_size: 751504; connection_time: 9892704411100; time_start_ns: 1742319201419300000; processing_time_ns: 63403200; time_end_ns: 1742319201539938700; signal_val: None; RSSI_val: None; data: Class ID: 0, Confidence: 0.69, BBox: (219, 170, 284, 310)
Class ID: 2, Confidence: 0.69, BBox: (282, 192, 438, 253)
Class ID: 1, Confidence: 0.54, BBox: (133, 227, 296, 345)
2025-03-18 18:33:21,662 - log_time: 18:33:21.539; iteration: 0; image: 0; image_size: 751504; connection_time: 9892704411100; time_start_ns: 1742319201539938700; processing_time_ns: 60511800; time_end_ns: 1742319201662572200; signal_val: None; RSSI_val: None; data: Class ID: 0, Confidence: 0.69, BBox: (219, 170, 284, 310)
Class ID: 2, Confidence: 0.69, BBox: (282, 192, 438, 253)
Class ID: 1, Confidence: 0.54, BBox: (133, 227, 296, 345)
2025-03-18 18:33:21,777 - log_time: 18:33:21.662; iteration: 0; image: 0; image_size: 751504; connection_time: 9892704411100; time_start_ns: 1742319201663333600; processing_time_ns: 61259500; time_end_ns: 1742319201777267100; signal_val: None; RSSI_val: None; data: Class ID: 0, Confidence: 0.69, BBox: (219, 170, 284, 310)
Class ID: 2, Confidence: 0.69, BBox: (282, 192, 438, 253)
Class ID: 1, Confidence: 0.54, BBox: (133, 227, 296, 345)
2025-03-18 18:33:21,901 - log_time: 18:33:21.779; iteration: 0; image: 0; image_size: 751504; connection_time: 9892704411100; time_start_ns: 1742319201779976000; processing_time_ns: 62625500; time_end_ns: 1742319201901530400; signal_val: None; RSSI_val: None; data: Class ID: 0, Confidence: 0.69, BBox: (219, 170, 284, 310)
Class ID: 2, Confidence: 0.69, BBox: (282, 192, 438, 253)
Class ID: 1, Confidence: 0.54, BBox: (133, 227, 296, 345)
2025-03-18 18:33:22,026 - log_time: 18:33:21.901; iteration: 0; image: 0; image_size: 751504; connection_time: 9892704411100; time_start_ns: 1742319201901530400; processing_time_ns: 63851300; time_end_ns: 1742319202026321500; signal_val: None; RSSI_val: None; data: Class ID: 0, Confidence: 0.69, BBox: (219, 170, 284, 310)
Class ID: 2, Confidence: 0.69, BBox: (282, 192, 438, 253)
Class ID: 1, Confidence: 0.54, BBox: (133, 227, 296, 345)
2025-03-18 18:33:22,143 - log_time: 18:33:22.026; iteration: 0; image: 0; image_size: 751504; connection_time: 9892704411100; time_start_ns: 1742319202026321500; processing_time_ns: 60473300; time_end_ns: 1742319202143894000; signal_val: None; RSSI_val: None; data: Class ID: 0, Confidence: 0.69, BBox: (219, 170, 284, 310)
Class ID: 2, Confidence: 0.69, BBox: (282, 192, 438, 253)
Class ID: 1, Confidence: 0.54, BBox: (133, 227, 296, 345)
2025-03-18 18:33:22,300 - log_time: 18:33:22.146; iteration: 0; image: 0; image_size: 751504; connection_time: 9892704411100; time_start_ns: 1742319202146614600; processing_time_ns: 66395700; time_end_ns: 1742319202300168600; signal_val: None; RSSI_val: None; data: Class ID: 0, Confidence: 0.69, BBox: (219, 170, 284, 310)
Class ID: 2, Confidence: 0.69, BBox: (282, 192, 438, 253)
Class ID: 1, Confidence: 0.54, BBox: (133, 227, 296, 345)
2025-03-18 18:33:22,418 - log_time: 18:33:22.300; iteration: 0; image: 0; image_size: 751504; connection_time: 9892704411100; time_start_ns: 1742319202300168600; processing_time_ns: 63001700; time_end_ns: 1742319202418908200; signal_val: None; RSSI_val: None; data: Class ID: 0, Confidence: 0.69, BBox: (219, 170, 284, 310)
Class ID: 2, Confidence: 0.69, BBox: (282, 192, 438, 253)
Class ID: 1, Confidence: 0.54, BBox: (133, 227, 296, 345)
2025-03-18 18:33:22,538 - log_time: 18:33:22.418; iteration: 0; image: 0; image_size: 751504; connection_time: 9892704411100; time_start_ns: 1742319202418908200; processing_time_ns: 64542100; time_end_ns: 1742319202538764500; signal_val: None; RSSI_val: None; data: Class ID: 0, Confidence: 0.69, BBox: (219, 170, 284, 310)
Class ID: 2, Confidence: 0.69, BBox: (282, 192, 438, 253)
Class ID: 1, Confidence: 0.54, BBox: (133, 227, 296, 345)
2025-03-18 18:33:22,705 - log_time: 18:33:22.540; iteration: 0; image: 0; image_size: 751504; connection_time: 9892704411100; time_start_ns: 1742319202540773200; processing_time_ns: 100267700; time_end_ns: 1742319202705698700; signal_val: None; RSSI_val: None; data: Class ID: 0, Confidence: 0.69, BBox: (219, 170, 284, 310)
Class ID: 2, Confidence: 0.69, BBox: (282, 192, 438, 253)
Class ID: 1, Confidence: 0.54, BBox: (133, 227, 296, 345)
2025-03-18 18:33:22,839 - log_time: 18:33:22.705; iteration: 0; image: 0; image_size: 751504; connection_time: 9892704411100; time_start_ns: 1742319202705698700; processing_time_ns: 64418100; time_end_ns: 1742319202837458400; signal_val: None; RSSI_val: None; data: Class ID: 0, Confidence: 0.69, BBox: (219, 170, 284, 310)
Class ID: 2, Confidence: 0.69, BBox: (282, 192, 438, 253)
Class ID: 1, Confidence: 0.54, BBox: (133, 227, 296, 345)
2025-03-18 18:33:22,958 - log_time: 18:33:22.839; iteration: 0; image: 0; image_size: 751504; connection_time: 9892704411100; time_start_ns: 1742319202839466400; processing_time_ns: 62864600; time_end_ns: 1742319202958567000; signal_val: None; RSSI_val: None; data: Class ID: 0, Confidence: 0.69, BBox: (219, 170, 284, 310)
Class ID: 2, Confidence: 0.69, BBox: (282, 192, 438, 253)
Class ID: 1, Confidence: 0.54, BBox: (133, 227, 296, 345)
2025-03-18 18:33:23,081 - log_time: 18:33:22.960; iteration: 0; image: 0; image_size: 751504; connection_time: 9892704411100; time_start_ns: 1742319202960574500; processing_time_ns: 63511300; time_end_ns: 1742319203081871700; signal_val: None; RSSI_val: None; data: Class ID: 0, Confidence: 0.69, BBox: (219, 170, 284, 310)
Class ID: 2, Confidence: 0.69, BBox: (282, 192, 438, 253)
Class ID: 1, Confidence: 0.54, BBox: (133, 227, 296, 345)
2025-03-18 18:33:23,214 - log_time: 18:33:23.081; iteration: 0; image: 0; image_size: 751504; connection_time: 9892704411100; time_start_ns: 1742319203081871700; processing_time_ns: 77241300; time_end_ns: 1742319203214156200; signal_val: None; RSSI_val: None; data: Class ID: 0, Confidence: 0.69, BBox: (219, 170, 284, 310)
Class ID: 2, Confidence: 0.69, BBox: (282, 192, 438, 253)
Class ID: 1, Confidence: 0.54, BBox: (133, 227, 296, 345)
2025-03-18 18:33:23,338 - log_time: 18:33:23.214; iteration: 0; image: 0; image_size: 751504; connection_time: 9892704411100; time_start_ns: 1742319203214705500; processing_time_ns: 64404200; time_end_ns: 1742319203338437200; signal_val: None; RSSI_val: None; data: Class ID: 0, Confidence: 0.69, BBox: (219, 170, 284, 310)
Class ID: 2, Confidence: 0.69, BBox: (282, 192, 438, 253)
Class ID: 1, Confidence: 0.54, BBox: (133, 227, 296, 345)
2025-03-18 18:33:23,459 - log_time: 18:33:23.341; iteration: 0; image: 0; image_size: 751504; connection_time: 9892704411100; time_start_ns: 1742319203341351300; processing_time_ns: 62243400; time_end_ns: 1742319203459336000; signal_val: None; RSSI_val: None; data: Class ID: 0, Confidence: 0.69, BBox: (219, 170, 284, 310)
Class ID: 2, Confidence: 0.69, BBox: (282, 192, 438, 253)
Class ID: 1, Confidence: 0.54, BBox: (133, 227, 296, 345)
2025-03-18 18:33:23,584 - log_time: 18:33:23.459; iteration: 0; image: 0; image_size: 751504; connection_time: 9892704411100; time_start_ns: 1742319203459336000; processing_time_ns: 66618800; time_end_ns: 1742319203584826400; signal_val: None; RSSI_val: None; data: Class ID: 0, Confidence: 0.69, BBox: (219, 170, 284, 310)
Class ID: 2, Confidence: 0.69, BBox: (282, 192, 438, 253)
Class ID: 1, Confidence: 0.54, BBox: (133, 227, 296, 345)
2025-03-18 18:33:23,700 - log_time: 18:33:23.584; iteration: 0; image: 0; image_size: 751504; connection_time: 9892704411100; time_start_ns: 1742319203584826400; processing_time_ns: 63317400; time_end_ns: 1742319203700758000; signal_val: None; RSSI_val: None; data: Class ID: 0, Confidence: 0.69, BBox: (219, 170, 284, 310)
Class ID: 2, Confidence: 0.69, BBox: (282, 192, 438, 253)
Class ID: 1, Confidence: 0.54, BBox: (133, 227, 296, 345)
2025-03-18 18:33:23,826 - log_time: 18:33:23.700; iteration: 0; image: 0; image_size: 751504; connection_time: 9892704411100; time_start_ns: 1742319203700758000; processing_time_ns: 67562300; time_end_ns: 1742319203826802900; signal_val: None; RSSI_val: None; data: Class ID: 0, Confidence: 0.69, BBox: (219, 170, 284, 310)
Class ID: 2, Confidence: 0.69, BBox: (282, 192, 438, 253)
Class ID: 1, Confidence: 0.54, BBox: (133, 227, 296, 345)
2025-03-18 18:33:23,947 - log_time: 18:33:23.827; iteration: 0; image: 0; image_size: 751504; connection_time: 9892704411100; time_start_ns: 1742319203827341700; processing_time_ns: 61377100; time_end_ns: 1742319203947428900; signal_val: None; RSSI_val: None; data: Class ID: 0, Confidence: 0.69, BBox: (219, 170, 284, 310)
Class ID: 2, Confidence: 0.69, BBox: (282, 192, 438, 253)
Class ID: 1, Confidence: 0.54, BBox: (133, 227, 296, 345)
2025-03-18 18:33:24,072 - log_time: 18:33:23.947; iteration: 0; image: 0; image_size: 751504; connection_time: 9892704411100; time_start_ns: 1742319203947428900; processing_time_ns: 68242400; time_end_ns: 1742319204072086300; signal_val: None; RSSI_val: None; data: Class ID: 0, Confidence: 0.69, BBox: (219, 170, 284, 310)
Class ID: 2, Confidence: 0.69, BBox: (282, 192, 438, 253)
Class ID: 1, Confidence: 0.54, BBox: (133, 227, 296, 345)
2025-03-18 18:33:24,192 - log_time: 18:33:24.072; iteration: 0; image: 0; image_size: 751504; connection_time: 9892704411100; time_start_ns: 1742319204072086300; processing_time_ns: 65952100; time_end_ns: 1742319204192222800; signal_val: None; RSSI_val: None; data: Class ID: 0, Confidence: 0.69, BBox: (219, 170, 284, 310)
Class ID: 2, Confidence: 0.69, BBox: (282, 192, 438, 253)
Class ID: 1, Confidence: 0.54, BBox: (133, 227, 296, 345)
2025-03-18 18:33:24,318 - log_time: 18:33:24.192; iteration: 0; image: 0; image_size: 751504; connection_time: 9892704411100; time_start_ns: 1742319204192222800; processing_time_ns: 66682700; time_end_ns: 1742319204318025600; signal_val: None; RSSI_val: None; data: Class ID: 0, Confidence: 0.69, BBox: (219, 170, 284, 310)
Class ID: 2, Confidence: 0.69, BBox: (282, 192, 438, 253)
Class ID: 1, Confidence: 0.54, BBox: (133, 227, 296, 345)
2025-03-18 18:33:24,436 - log_time: 18:33:24.318; iteration: 0; image: 0; image_size: 751504; connection_time: 9892704411100; time_start_ns: 1742319204318025600; processing_time_ns: 62403800; time_end_ns: 1742319204436262700; signal_val: None; RSSI_val: None; data: Class ID: 0, Confidence: 0.69, BBox: (219, 170, 284, 310)
Class ID: 2, Confidence: 0.69, BBox: (282, 192, 438, 253)
Class ID: 1, Confidence: 0.54, BBox: (133, 227, 296, 345)
2025-03-18 18:33:24,558 - log_time: 18:33:24.438; iteration: 0; image: 0; image_size: 751504; connection_time: 9892704411100; time_start_ns: 1742319204438269500; processing_time_ns: 65621800; time_end_ns: 1742319204558206500; signal_val: None; RSSI_val: None; data: Class ID: 0, Confidence: 0.69, BBox: (219, 170, 284, 310)
Class ID: 2, Confidence: 0.69, BBox: (282, 192, 438, 253)
Class ID: 1, Confidence: 0.54, BBox: (133, 227, 296, 345)
2025-03-18 18:33:24,676 - log_time: 18:33:24.560; iteration: 0; image: 0; image_size: 751504; connection_time: 9892704411100; time_start_ns: 1742319204560213600; processing_time_ns: 61059400; time_end_ns: 1742319204676984000; signal_val: None; RSSI_val: None; data: Class ID: 0, Confidence: 0.69, BBox: (219, 170, 284, 310)
Class ID: 2, Confidence: 0.69, BBox: (282, 192, 438, 253)
Class ID: 1, Confidence: 0.54, BBox: (133, 227, 296, 345)
2025-03-18 18:33:24,798 - log_time: 18:33:24.676; iteration: 0; image: 0; image_size: 751504; connection_time: 9892704411100; time_start_ns: 1742319204678992200; processing_time_ns: 64378200; time_end_ns: 1742319204798323100; signal_val: None; RSSI_val: None; data: Class ID: 0, Confidence: 0.69, BBox: (219, 170, 284, 310)
Class ID: 2, Confidence: 0.69, BBox: (282, 192, 438, 253)
Class ID: 1, Confidence: 0.54, BBox: (133, 227, 296, 345)
2025-03-18 18:33:24,923 - log_time: 18:33:24.798; iteration: 0; image: 0; image_size: 751504; connection_time: 9892704411100; time_start_ns: 1742319204798323100; processing_time_ns: 67051300; time_end_ns: 1742319204923558100; signal_val: None; RSSI_val: None; data: Class ID: 0, Confidence: 0.69, BBox: (219, 170, 284, 310)
Class ID: 2, Confidence: 0.69, BBox: (282, 192, 438, 253)
Class ID: 1, Confidence: 0.54, BBox: (133, 227, 296, 345)
2025-03-18 18:33:25,047 - log_time: 18:33:24.923; iteration: 0; image: 0; image_size: 751504; connection_time: 9892704411100; time_start_ns: 1742319204923558100; processing_time_ns: 64197800; time_end_ns: 1742319205046237200; signal_val: None; RSSI_val: None; data: Class ID: 0, Confidence: 0.69, BBox: (219, 170, 284, 310)
Class ID: 2, Confidence: 0.69, BBox: (282, 192, 438, 253)
Class ID: 1, Confidence: 0.54, BBox: (133, 227, 296, 345)
2025-03-18 18:33:25,165 - log_time: 18:33:25.047; iteration: 0; image: 0; image_size: 751504; connection_time: 9892704411100; time_start_ns: 1742319205047244100; processing_time_ns: 62849000; time_end_ns: 1742319205165661100; signal_val: None; RSSI_val: None; data: Class ID: 0, Confidence: 0.69, BBox: (219, 170, 284, 310)
Class ID: 2, Confidence: 0.69, BBox: (282, 192, 438, 253)
Class ID: 1, Confidence: 0.54, BBox: (133, 227, 296, 345)
2025-03-18 18:33:25,350 - log_time: 18:33:25.165; iteration: 0; image: 0; image_size: 751504; connection_time: 9892704411100; time_start_ns: 1742319205165661100; processing_time_ns: 128364100; time_end_ns: 1742319205350931900; signal_val: None; RSSI_val: None; data: Class ID: 0, Confidence: 0.69, BBox: (219, 170, 284, 310)
Class ID: 2, Confidence: 0.69, BBox: (282, 192, 438, 253)
Class ID: 1, Confidence: 0.54, BBox: (133, 227, 296, 345)
2025-03-18 18:33:25,479 - log_time: 18:33:25.352; iteration: 0; image: 0; image_size: 751504; connection_time: 9892704411100; time_start_ns: 1742319205352940500; processing_time_ns: 64606600; time_end_ns: 1742319205478459300; signal_val: None; RSSI_val: None; data: Class ID: 0, Confidence: 0.69, BBox: (219, 170, 284, 310)
Class ID: 2, Confidence: 0.69, BBox: (282, 192, 438, 253)
Class ID: 1, Confidence: 0.54, BBox: (133, 227, 296, 345)
2025-03-18 18:33:25,601 - log_time: 18:33:25.480; iteration: 0; image: 0; image_size: 751504; connection_time: 9892704411100; time_start_ns: 1742319205480091000; processing_time_ns: 66018300; time_end_ns: 1742319205601186500; signal_val: None; RSSI_val: None; data: Class ID: 0, Confidence: 0.69, BBox: (219, 170, 284, 310)
Class ID: 2, Confidence: 0.69, BBox: (282, 192, 438, 253)
Class ID: 1, Confidence: 0.54, BBox: (133, 227, 296, 345)
2025-03-18 18:33:25,726 - log_time: 18:33:25.603; iteration: 0; image: 0; image_size: 751504; connection_time: 9892704411100; time_start_ns: 1742319205603195300; processing_time_ns: 64169300; time_end_ns: 1742319205724845900; signal_val: None; RSSI_val: None; data: Class ID: 0, Confidence: 0.69, BBox: (219, 170, 284, 310)
Class ID: 2, Confidence: 0.69, BBox: (282, 192, 438, 253)
Class ID: 1, Confidence: 0.54, BBox: (133, 227, 296, 345)
2025-03-18 18:33:25,849 - log_time: 18:33:25.726; iteration: 0; image: 0; image_size: 751504; connection_time: 9892704411100; time_start_ns: 1742319205726855100; processing_time_ns: 63891600; time_end_ns: 1742319205849230400; signal_val: None; RSSI_val: None; data: Class ID: 0, Confidence: 0.69, BBox: (219, 170, 284, 310)
Class ID: 2, Confidence: 0.69, BBox: (282, 192, 438, 253)
Class ID: 1, Confidence: 0.54, BBox: (133, 227, 296, 345)
2025-03-18 18:33:25,968 - log_time: 18:33:25.850; iteration: 0; image: 0; image_size: 751504; connection_time: 9892704411100; time_start_ns: 1742319205850228000; processing_time_ns: 63417800; time_end_ns: 1742319205967932400; signal_val: None; RSSI_val: None; data: Class ID: 0, Confidence: 0.69, BBox: (219, 170, 284, 310)
Class ID: 2, Confidence: 0.69, BBox: (282, 192, 438, 253)
Class ID: 1, Confidence: 0.54, BBox: (133, 227, 296, 345)
2025-03-18 18:33:26,085 - log_time: 18:33:25.968; iteration: 0; image: 0; image_size: 751504; connection_time: 9892704411100; time_start_ns: 1742319205968933200; processing_time_ns: 63705500; time_end_ns: 1742319206085697300; signal_val: None; RSSI_val: None; data: Class ID: 0, Confidence: 0.69, BBox: (219, 170, 284, 310)
Class ID: 2, Confidence: 0.69, BBox: (282, 192, 438, 253)
Class ID: 1, Confidence: 0.54, BBox: (133, 227, 296, 345)
2025-03-18 18:33:26,209 - log_time: 18:33:26.087; iteration: 0; image: 0; image_size: 751504; connection_time: 9892704411100; time_start_ns: 1742319206087706700; processing_time_ns: 65364200; time_end_ns: 1742319206209969900; signal_val: None; RSSI_val: None; data: Class ID: 0, Confidence: 0.69, BBox: (219, 170, 284, 310)
Class ID: 2, Confidence: 0.69, BBox: (282, 192, 438, 253)
Class ID: 1, Confidence: 0.54, BBox: (133, 227, 296, 345)
2025-03-18 18:33:26,334 - log_time: 18:33:26.209; iteration: 0; image: 0; image_size: 751504; connection_time: 9892704411100; time_start_ns: 1742319206209969900; processing_time_ns: 64998000; time_end_ns: 1742319206334281300; signal_val: None; RSSI_val: None; data: Class ID: 0, Confidence: 0.69, BBox: (219, 170, 284, 310)
Class ID: 2, Confidence: 0.69, BBox: (282, 192, 438, 253)
Class ID: 1, Confidence: 0.54, BBox: (133, 227, 296, 345)
2025-03-18 18:33:26,456 - log_time: 18:33:26.334; iteration: 0; image: 0; image_size: 751504; connection_time: 9892704411100; time_start_ns: 1742319206334281300; processing_time_ns: 66402600; time_end_ns: 1742319206456839300; signal_val: None; RSSI_val: None; data: Class ID: 0, Confidence: 0.69, BBox: (219, 170, 284, 310)
Class ID: 2, Confidence: 0.69, BBox: (282, 192, 438, 253)
Class ID: 1, Confidence: 0.54, BBox: (133, 227, 296, 345)
2025-03-18 18:33:26,581 - log_time: 18:33:26.456; iteration: 0; image: 0; image_size: 751504; connection_time: 9892704411100; time_start_ns: 1742319206456839300; processing_time_ns: 65745300; time_end_ns: 1742319206581415500; signal_val: None; RSSI_val: None; data: Class ID: 0, Confidence: 0.69, BBox: (219, 170, 284, 310)
Class ID: 2, Confidence: 0.69, BBox: (282, 192, 438, 253)
Class ID: 1, Confidence: 0.54, BBox: (133, 227, 296, 345)
2025-03-18 18:33:26,702 - log_time: 18:33:26.582; iteration: 0; image: 0; image_size: 751504; connection_time: 9892704411100; time_start_ns: 1742319206582415600; processing_time_ns: 65603200; time_end_ns: 1742319206702073000; signal_val: None; RSSI_val: None; data: Class ID: 0, Confidence: 0.69, BBox: (219, 170, 284, 310)
Class ID: 2, Confidence: 0.69, BBox: (282, 192, 438, 253)
Class ID: 1, Confidence: 0.54, BBox: (133, 227, 296, 345)
2025-03-18 18:33:26,829 - log_time: 18:33:26.702; iteration: 0; image: 0; image_size: 751504; connection_time: 9892704411100; time_start_ns: 1742319206702073000; processing_time_ns: 59345000; time_end_ns: 1742319206829440700; signal_val: None; RSSI_val: None; data: Class ID: 0, Confidence: 0.69, BBox: (219, 170, 284, 310)
Class ID: 2, Confidence: 0.69, BBox: (282, 192, 438, 253)
Class ID: 1, Confidence: 0.54, BBox: (133, 227, 296, 345)
2025-03-18 18:33:26,955 - log_time: 18:33:26.829; iteration: 0; image: 0; image_size: 751504; connection_time: 9892704411100; time_start_ns: 1742319206829799400; processing_time_ns: 64701600; time_end_ns: 1742319206955987800; signal_val: None; RSSI_val: None; data: Class ID: 0, Confidence: 0.69, BBox: (219, 170, 284, 310)
Class ID: 2, Confidence: 0.69, BBox: (282, 192, 438, 253)
Class ID: 1, Confidence: 0.54, BBox: (133, 227, 296, 345)
2025-03-18 18:33:27,076 - log_time: 18:33:26.955; iteration: 0; image: 0; image_size: 751504; connection_time: 9892704411100; time_start_ns: 1742319206955987800; processing_time_ns: 65476600; time_end_ns: 1742319207076266500; signal_val: None; RSSI_val: None; data: Class ID: 0, Confidence: 0.69, BBox: (219, 170, 284, 310)
Class ID: 2, Confidence: 0.69, BBox: (282, 192, 438, 253)
Class ID: 1, Confidence: 0.54, BBox: (133, 227, 296, 345)
2025-03-18 18:33:27,198 - log_time: 18:33:27.076; iteration: 0; image: 0; image_size: 751504; connection_time: 9892704411100; time_start_ns: 1742319207076266500; processing_time_ns: 65345900; time_end_ns: 1742319207197996700; signal_val: None; RSSI_val: None; data: Class ID: 0, Confidence: 0.69, BBox: (219, 170, 284, 310)
Class ID: 2, Confidence: 0.69, BBox: (282, 192, 438, 253)
Class ID: 1, Confidence: 0.54, BBox: (133, 227, 296, 345)
2025-03-18 18:33:27,319 - log_time: 18:33:27.198; iteration: 0; image: 0; image_size: 751504; connection_time: 9892704411100; time_start_ns: 1742319207198996700; processing_time_ns: 62395600; time_end_ns: 1742319207319407100; signal_val: None; RSSI_val: None; data: Class ID: 0, Confidence: 0.69, BBox: (219, 170, 284, 310)
Class ID: 2, Confidence: 0.69, BBox: (282, 192, 438, 253)
Class ID: 1, Confidence: 0.54, BBox: (133, 227, 296, 345)
2025-03-18 18:33:27,453 - log_time: 18:33:27.319; iteration: 0; image: 0; image_size: 751504; connection_time: 9892704411100; time_start_ns: 1742319207319407100; processing_time_ns: 79208200; time_end_ns: 1742319207453462300; signal_val: None; RSSI_val: None; data: Class ID: 0, Confidence: 0.69, BBox: (219, 170, 284, 310)
Class ID: 2, Confidence: 0.69, BBox: (282, 192, 438, 253)
Class ID: 1, Confidence: 0.54, BBox: (133, 227, 296, 345)
2025-03-18 18:33:27,583 - log_time: 18:33:27.454; iteration: 0; image: 0; image_size: 751504; connection_time: 9892704411100; time_start_ns: 1742319207454004600; processing_time_ns: 65225900; time_end_ns: 1742319207583284300; signal_val: None; RSSI_val: None; data: Class ID: 0, Confidence: 0.69, BBox: (219, 170, 284, 310)
Class ID: 2, Confidence: 0.69, BBox: (282, 192, 438, 253)
Class ID: 1, Confidence: 0.54, BBox: (133, 227, 296, 345)
2025-03-18 18:33:27,704 - log_time: 18:33:27.584; iteration: 0; image: 0; image_size: 751504; connection_time: 9892704411100; time_start_ns: 1742319207584283100; processing_time_ns: 65686800; time_end_ns: 1742319207704248900; signal_val: None; RSSI_val: None; data: Class ID: 0, Confidence: 0.69, BBox: (219, 170, 284, 310)
Class ID: 2, Confidence: 0.69, BBox: (282, 192, 438, 253)
Class ID: 1, Confidence: 0.54, BBox: (133, 227, 296, 345)
2025-03-18 18:33:27,833 - log_time: 18:33:27.704; iteration: 0; image: 0; image_size: 751504; connection_time: 9892704411100; time_start_ns: 1742319207704248900; processing_time_ns: 68751000; time_end_ns: 1742319207833263800; signal_val: None; RSSI_val: None; data: Class ID: 0, Confidence: 0.69, BBox: (219, 170, 284, 310)
Class ID: 2, Confidence: 0.69, BBox: (282, 192, 438, 253)
Class ID: 1, Confidence: 0.54, BBox: (133, 227, 296, 345)
2025-03-18 18:33:27,953 - log_time: 18:33:27.833; iteration: 0; image: 0; image_size: 751504; connection_time: 9892704411100; time_start_ns: 1742319207834265700; processing_time_ns: 65331300; time_end_ns: 1742319207953856500; signal_val: None; RSSI_val: None; data: Class ID: 0, Confidence: 0.69, BBox: (219, 170, 284, 310)
Class ID: 2, Confidence: 0.69, BBox: (282, 192, 438, 253)
Class ID: 1, Confidence: 0.54, BBox: (133, 227, 296, 345)
2025-03-18 18:33:28,076 - log_time: 18:33:27.953; iteration: 0; image: 0; image_size: 751504; connection_time: 9892704411100; time_start_ns: 1742319207953856500; processing_time_ns: 67178100; time_end_ns: 1742319208076050500; signal_val: None; RSSI_val: None; data: Class ID: 0, Confidence: 0.69, BBox: (219, 170, 284, 310)
Class ID: 2, Confidence: 0.69, BBox: (282, 192, 438, 253)
Class ID: 1, Confidence: 0.54, BBox: (133, 227, 296, 345)
2025-03-18 18:33:28,197 - log_time: 18:33:28.076; iteration: 0; image: 0; image_size: 751504; connection_time: 9892704411100; time_start_ns: 1742319208076050500; processing_time_ns: 64405400; time_end_ns: 1742319208197873500; signal_val: None; RSSI_val: None; data: Class ID: 0, Confidence: 0.69, BBox: (219, 170, 284, 310)
Class ID: 2, Confidence: 0.69, BBox: (282, 192, 438, 253)
Class ID: 1, Confidence: 0.54, BBox: (133, 227, 296, 345)
2025-03-18 18:33:28,369 - log_time: 18:33:28.198; iteration: 0; image: 0; image_size: 751504; connection_time: 9892704411100; time_start_ns: 1742319208198872700; processing_time_ns: 110840400; time_end_ns: 1742319208369047800; signal_val: None; RSSI_val: None; data: Class ID: 0, Confidence: 0.69, BBox: (219, 170, 284, 310)
Class ID: 2, Confidence: 0.69, BBox: (282, 192, 438, 253)
Class ID: 1, Confidence: 0.54, BBox: (133, 227, 296, 345)
2025-03-18 18:33:28,488 - log_time: 18:33:28.369; iteration: 0; image: 0; image_size: 751504; connection_time: 9892704411100; time_start_ns: 1742319208369047800; processing_time_ns: 64050100; time_end_ns: 1742319208488918500; signal_val: None; RSSI_val: None; data: Class ID: 0, Confidence: 0.69, BBox: (219, 170, 284, 310)
Class ID: 2, Confidence: 0.69, BBox: (282, 192, 438, 253)
Class ID: 1, Confidence: 0.54, BBox: (133, 227, 296, 345)
2025-03-18 18:33:28,616 - log_time: 18:33:28.488; iteration: 0; image: 0; image_size: 751504; connection_time: 9892704411100; time_start_ns: 1742319208488918500; processing_time_ns: 66443500; time_end_ns: 1742319208616874800; signal_val: None; RSSI_val: None; data: Class ID: 0, Confidence: 0.69, BBox: (219, 170, 284, 310)
Class ID: 2, Confidence: 0.69, BBox: (282, 192, 438, 253)
Class ID: 1, Confidence: 0.54, BBox: (133, 227, 296, 345)
2025-03-18 18:33:28,739 - log_time: 18:33:28.616; iteration: 0; image: 0; image_size: 751504; connection_time: 9892704411100; time_start_ns: 1742319208616874800; processing_time_ns: 64896700; time_end_ns: 1742319208739696200; signal_val: None; RSSI_val: None; data: Class ID: 0, Confidence: 0.69, BBox: (219, 170, 284, 310)
Class ID: 2, Confidence: 0.69, BBox: (282, 192, 438, 253)
Class ID: 1, Confidence: 0.54, BBox: (133, 227, 296, 345)
2025-03-18 18:33:28,876 - log_time: 18:33:28.739; iteration: 0; image: 0; image_size: 751504; connection_time: 9892704411100; time_start_ns: 1742319208739696200; processing_time_ns: 74628900; time_end_ns: 1742319208875003300; signal_val: None; RSSI_val: None; data: Class ID: 0, Confidence: 0.69, BBox: (219, 170, 284, 310)
Class ID: 2, Confidence: 0.69, BBox: (282, 192, 438, 253)
Class ID: 1, Confidence: 0.54, BBox: (133, 227, 296, 345)
2025-03-18 18:33:29,001 - log_time: 18:33:28.876; iteration: 0; image: 0; image_size: 751504; connection_time: 9892704411100; time_start_ns: 1742319208876002100; processing_time_ns: 63387500; time_end_ns: 1742319209001494500; signal_val: None; RSSI_val: None; data: Class ID: 0, Confidence: 0.69, BBox: (219, 170, 284, 310)
Class ID: 2, Confidence: 0.69, BBox: (282, 192, 438, 253)
Class ID: 1, Confidence: 0.54, BBox: (133, 227, 296, 345)
2025-03-18 18:33:29,132 - log_time: 18:33:29.001; iteration: 0; image: 0; image_size: 751504; connection_time: 9892704411100; time_start_ns: 1742319209001494500; processing_time_ns: 66699800; time_end_ns: 1742319209132051200; signal_val: None; RSSI_val: None; data: Class ID: 0, Confidence: 0.69, BBox: (219, 170, 284, 310)
Class ID: 2, Confidence: 0.69, BBox: (282, 192, 438, 253)
Class ID: 1, Confidence: 0.54, BBox: (133, 227, 296, 345)
2025-03-18 18:33:29,252 - log_time: 18:33:29.132; iteration: 0; image: 0; image_size: 751504; connection_time: 9892704411100; time_start_ns: 1742319209132051200; processing_time_ns: 65847500; time_end_ns: 1742319209252496000; signal_val: None; RSSI_val: None; data: Class ID: 0, Confidence: 0.69, BBox: (219, 170, 284, 310)
Class ID: 2, Confidence: 0.69, BBox: (282, 192, 438, 253)
Class ID: 1, Confidence: 0.54, BBox: (133, 227, 296, 345)
2025-03-18 18:33:29,376 - log_time: 18:33:29.252; iteration: 0; image: 0; image_size: 751504; connection_time: 9892704411100; time_start_ns: 1742319209252496000; processing_time_ns: 67110200; time_end_ns: 1742319209376305700; signal_val: None; RSSI_val: None; data: Class ID: 0, Confidence: 0.69, BBox: (219, 170, 284, 310)
Class ID: 2, Confidence: 0.69, BBox: (282, 192, 438, 253)
Class ID: 1, Confidence: 0.54, BBox: (133, 227, 296, 345)
2025-03-18 18:33:29,498 - log_time: 18:33:29.378; iteration: 0; image: 0; image_size: 751504; connection_time: 9892704411100; time_start_ns: 1742319209378311700; processing_time_ns: 63484700; time_end_ns: 1742319209498319500; signal_val: None; RSSI_val: None; data: Class ID: 0, Confidence: 0.69, BBox: (219, 170, 284, 310)
Class ID: 2, Confidence: 0.69, BBox: (282, 192, 438, 253)
Class ID: 1, Confidence: 0.54, BBox: (133, 227, 296, 345)
2025-03-18 18:33:29,651 - log_time: 18:33:29.500; iteration: 0; image: 0; image_size: 751504; connection_time: 9892704411100; time_start_ns: 1742319209500328300; processing_time_ns: 80132200; time_end_ns: 1742319209651766300; signal_val: None; RSSI_val: None; data: Class ID: 0, Confidence: 0.69, BBox: (219, 170, 284, 310)
Class ID: 2, Confidence: 0.69, BBox: (282, 192, 438, 253)
Class ID: 1, Confidence: 0.54, BBox: (133, 227, 296, 345)
2025-03-18 18:33:29,782 - log_time: 18:33:29.652; iteration: 0; image: 0; image_size: 751504; connection_time: 9892704411100; time_start_ns: 1742319209652768700; processing_time_ns: 67198600; time_end_ns: 1742319209781033300; signal_val: None; RSSI_val: None; data: Class ID: 0, Confidence: 0.69, BBox: (219, 170, 284, 310)
Class ID: 2, Confidence: 0.69, BBox: (282, 192, 438, 253)
Class ID: 1, Confidence: 0.54, BBox: (133, 227, 296, 345)
2025-03-18 18:33:29,902 - log_time: 18:33:29.782; iteration: 0; image: 0; image_size: 751504; connection_time: 9892704411100; time_start_ns: 1742319209782014200; processing_time_ns: 65353700; time_end_ns: 1742319209902242500; signal_val: None; RSSI_val: None; data: Class ID: 0, Confidence: 0.69, BBox: (219, 170, 284, 310)
Class ID: 2, Confidence: 0.69, BBox: (282, 192, 438, 253)
Class ID: 1, Confidence: 0.54, BBox: (133, 227, 296, 345)
2025-03-18 18:33:30,026 - log_time: 18:33:29.902; iteration: 0; image: 0; image_size: 751504; connection_time: 9892704411100; time_start_ns: 1742319209904249600; processing_time_ns: 63955000; time_end_ns: 1742319210026211600; signal_val: None; RSSI_val: None; data: Class ID: 0, Confidence: 0.69, BBox: (219, 170, 284, 310)
Class ID: 2, Confidence: 0.69, BBox: (282, 192, 438, 253)
Class ID: 1, Confidence: 0.54, BBox: (133, 227, 296, 345)
2025-03-18 18:33:30,157 - log_time: 18:33:30.026; iteration: 0; image: 0; image_size: 751504; connection_time: 9892704411100; time_start_ns: 1742319210026211600; processing_time_ns: 72064200; time_end_ns: 1742319210157612700; signal_val: None; RSSI_val: None; data: Class ID: 0, Confidence: 0.69, BBox: (219, 170, 284, 310)
Class ID: 2, Confidence: 0.69, BBox: (282, 192, 438, 253)
Class ID: 1, Confidence: 0.54, BBox: (133, 227, 296, 345)
2025-03-18 18:33:30,286 - log_time: 18:33:30.157; iteration: 0; image: 0; image_size: 751504; connection_time: 9892704411100; time_start_ns: 1742319210157612700; processing_time_ns: 65915900; time_end_ns: 1742319210286919200; signal_val: None; RSSI_val: None; data: Class ID: 0, Confidence: 0.69, BBox: (219, 170, 284, 310)
Class ID: 2, Confidence: 0.69, BBox: (282, 192, 438, 253)
Class ID: 1, Confidence: 0.54, BBox: (133, 227, 296, 345)
2025-03-18 18:33:30,413 - log_time: 18:33:30.286; iteration: 0; image: 0; image_size: 751504; connection_time: 9892704411100; time_start_ns: 1742319210287922200; processing_time_ns: 66234500; time_end_ns: 1742319210413276600; signal_val: None; RSSI_val: None; data: Class ID: 0, Confidence: 0.69, BBox: (219, 170, 284, 310)
Class ID: 2, Confidence: 0.69, BBox: (282, 192, 438, 253)
Class ID: 1, Confidence: 0.54, BBox: (133, 227, 296, 345)
2025-03-18 18:33:30,538 - log_time: 18:33:30.413; iteration: 0; image: 0; image_size: 751504; connection_time: 9892704411100; time_start_ns: 1742319210413705400; processing_time_ns: 65072900; time_end_ns: 1742319210538720200; signal_val: None; RSSI_val: None; data: Class ID: 0, Confidence: 0.69, BBox: (219, 170, 284, 310)
Class ID: 2, Confidence: 0.69, BBox: (282, 192, 438, 253)
Class ID: 1, Confidence: 0.54, BBox: (133, 227, 296, 345)
2025-03-18 18:33:30,684 - log_time: 18:33:30.538; iteration: 0; image: 0; image_size: 751504; connection_time: 9892704411100; time_start_ns: 1742319210538720200; processing_time_ns: 78948700; time_end_ns: 1742319210684464700; signal_val: None; RSSI_val: None; data: Class ID: 0, Confidence: 0.69, BBox: (219, 170, 284, 310)
Class ID: 2, Confidence: 0.69, BBox: (282, 192, 438, 253)
Class ID: 1, Confidence: 0.54, BBox: (133, 227, 296, 345)
2025-03-18 18:33:30,830 - log_time: 18:33:30.685; iteration: 0; image: 0; image_size: 751504; connection_time: 9892704411100; time_start_ns: 1742319210685463500; processing_time_ns: 80710800; time_end_ns: 1742319210830861900; signal_val: None; RSSI_val: None; data: Class ID: 0, Confidence: 0.69, BBox: (219, 170, 284, 310)
Class ID: 2, Confidence: 0.69, BBox: (282, 192, 438, 253)
Class ID: 1, Confidence: 0.54, BBox: (133, 227, 296, 345)
2025-03-18 18:33:30,979 - log_time: 18:33:30.831; iteration: 0; image: 0; image_size: 751504; connection_time: 9892704411100; time_start_ns: 1742319210831860200; processing_time_ns: 86105000; time_end_ns: 1742319210979116100; signal_val: None; RSSI_val: None; data: Class ID: 0, Confidence: 0.69, BBox: (219, 170, 284, 310)
Class ID: 2, Confidence: 0.69, BBox: (282, 192, 438, 253)
Class ID: 1, Confidence: 0.54, BBox: (133, 227, 296, 345)
2025-03-18 18:33:31,142 - log_time: 18:33:30.979; iteration: 0; image: 0; image_size: 751504; connection_time: 9892704411100; time_start_ns: 1742319210979116100; processing_time_ns: 96236800; time_end_ns: 1742319211141803100; signal_val: None; RSSI_val: None; data: Class ID: 0, Confidence: 0.69, BBox: (219, 170, 284, 310)
Class ID: 2, Confidence: 0.69, BBox: (282, 192, 438, 253)
Class ID: 1, Confidence: 0.54, BBox: (133, 227, 296, 345)
2025-03-18 18:33:31,304 - log_time: 18:33:31.142; iteration: 0; image: 0; image_size: 751504; connection_time: 9892704411100; time_start_ns: 1742319211142803500; processing_time_ns: 88188300; time_end_ns: 1742319211304356500; signal_val: None; RSSI_val: None; data: Class ID: 0, Confidence: 0.69, BBox: (219, 170, 284, 310)
Class ID: 2, Confidence: 0.69, BBox: (282, 192, 438, 253)
Class ID: 1, Confidence: 0.54, BBox: (133, 227, 296, 345)
2025-03-18 18:33:31,473 - log_time: 18:33:31.304; iteration: 0; image: 0; image_size: 751504; connection_time: 9892704411100; time_start_ns: 1742319211304356500; processing_time_ns: 92622600; time_end_ns: 1742319211473265800; signal_val: None; RSSI_val: None; data: Class ID: 0, Confidence: 0.69, BBox: (219, 170, 284, 310)
Class ID: 2, Confidence: 0.69, BBox: (282, 192, 438, 253)
Class ID: 1, Confidence: 0.54, BBox: (133, 227, 296, 345)
2025-03-18 18:33:31,622 - log_time: 18:33:31.474; iteration: 0; image: 0; image_size: 751504; connection_time: 9892704411100; time_start_ns: 1742319211474270700; processing_time_ns: 77990000; time_end_ns: 1742319211622109500; signal_val: None; RSSI_val: None; data: Class ID: 0, Confidence: 0.69, BBox: (219, 170, 284, 310)
Class ID: 2, Confidence: 0.69, BBox: (282, 192, 438, 253)
Class ID: 1, Confidence: 0.54, BBox: (133, 227, 296, 345)
2025-03-18 18:33:31,836 - log_time: 18:33:31.622; iteration: 0; image: 0; image_size: 751504; connection_time: 9892704411100; time_start_ns: 1742319211622109500; processing_time_ns: 137982300; time_end_ns: 1742319211835677300; signal_val: None; RSSI_val: None; data: Class ID: 0, Confidence: 0.69, BBox: (219, 170, 284, 310)
Class ID: 2, Confidence: 0.69, BBox: (282, 192, 438, 253)
Class ID: 1, Confidence: 0.54, BBox: (133, 227, 296, 345)
2025-03-18 18:33:31,995 - log_time: 18:33:31.836; iteration: 0; image: 0; image_size: 751504; connection_time: 9892704411100; time_start_ns: 1742319211836011400; processing_time_ns: 90670100; time_end_ns: 1742319211995371400; signal_val: None; RSSI_val: None; data: Class ID: 0, Confidence: 0.69, BBox: (219, 170, 284, 310)
Class ID: 2, Confidence: 0.69, BBox: (282, 192, 438, 253)
Class ID: 1, Confidence: 0.54, BBox: (133, 227, 296, 345)
2025-03-18 18:33:32,152 - log_time: 18:33:31.996; iteration: 0; image: 0; image_size: 751504; connection_time: 9892704411100; time_start_ns: 1742319211996401600; processing_time_ns: 86343100; time_end_ns: 1742319212152473400; signal_val: None; RSSI_val: None; data: Class ID: 0, Confidence: 0.69, BBox: (219, 170, 284, 310)
Class ID: 2, Confidence: 0.69, BBox: (282, 192, 438, 253)
Class ID: 1, Confidence: 0.54, BBox: (133, 227, 296, 345)
2025-03-18 18:33:32,306 - log_time: 18:33:32.152; iteration: 0; image: 0; image_size: 751504; connection_time: 9892704411100; time_start_ns: 1742319212152473400; processing_time_ns: 82891600; time_end_ns: 1742319212306709300; signal_val: None; RSSI_val: None; data: Class ID: 0, Confidence: 0.69, BBox: (219, 170, 284, 310)
Class ID: 2, Confidence: 0.69, BBox: (282, 192, 438, 253)
Class ID: 1, Confidence: 0.54, BBox: (133, 227, 296, 345)
2025-03-18 18:33:32,449 - log_time: 18:33:32.306; iteration: 0; image: 0; image_size: 751504; connection_time: 9892704411100; time_start_ns: 1742319212307709500; processing_time_ns: 73082800; time_end_ns: 1742319212449628100; signal_val: None; RSSI_val: None; data: Class ID: 0, Confidence: 0.69, BBox: (219, 170, 284, 310)
Class ID: 2, Confidence: 0.69, BBox: (282, 192, 438, 253)
Class ID: 1, Confidence: 0.54, BBox: (133, 227, 296, 345)
2025-03-18 18:33:32,603 - log_time: 18:33:32.450; iteration: 0; image: 0; image_size: 751504; connection_time: 9892704411100; time_start_ns: 1742319212450628100; processing_time_ns: 88252400; time_end_ns: 1742319212603350500; signal_val: None; RSSI_val: None; data: Class ID: 0, Confidence: 0.69, BBox: (219, 170, 284, 310)
Class ID: 2, Confidence: 0.69, BBox: (282, 192, 438, 253)
Class ID: 1, Confidence: 0.54, BBox: (133, 227, 296, 345)
2025-03-18 18:33:32,799 - log_time: 18:33:32.603; iteration: 0; image: 0; image_size: 751504; connection_time: 9892704411100; time_start_ns: 1742319212603879800; processing_time_ns: 109958700; time_end_ns: 1742319212799138500; signal_val: None; RSSI_val: None; data: Class ID: 0, Confidence: 0.69, BBox: (219, 170, 284, 310)
Class ID: 2, Confidence: 0.69, BBox: (282, 192, 438, 253)
Class ID: 1, Confidence: 0.54, BBox: (133, 227, 296, 345)
2025-03-18 18:33:32,962 - log_time: 18:33:32.799; iteration: 0; image: 0; image_size: 751504; connection_time: 9892704411100; time_start_ns: 1742319212799138500; processing_time_ns: 92771200; time_end_ns: 1742319212962241900; signal_val: None; RSSI_val: None; data: Class ID: 0, Confidence: 0.69, BBox: (219, 170, 284, 310)
Class ID: 2, Confidence: 0.69, BBox: (282, 192, 438, 253)
Class ID: 1, Confidence: 0.54, BBox: (133, 227, 296, 345)
2025-03-18 18:33:33,119 - log_time: 18:33:32.962; iteration: 0; image: 0; image_size: 751504; connection_time: 9892704411100; time_start_ns: 1742319212962241900; processing_time_ns: 86250800; time_end_ns: 1742319213119341400; signal_val: None; RSSI_val: None; data: Class ID: 0, Confidence: 0.69, BBox: (219, 170, 284, 310)
Class ID: 2, Confidence: 0.69, BBox: (282, 192, 438, 253)
Class ID: 1, Confidence: 0.54, BBox: (133, 227, 296, 345)
2025-03-18 18:33:33,262 - log_time: 18:33:33.120; iteration: 0; image: 0; image_size: 751504; connection_time: 9892704411100; time_start_ns: 1742319213120342300; processing_time_ns: 76809700; time_end_ns: 1742319213262891900; signal_val: None; RSSI_val: None; data: Class ID: 0, Confidence: 0.69, BBox: (219, 170, 284, 310)
Class ID: 2, Confidence: 0.69, BBox: (282, 192, 438, 253)
Class ID: 1, Confidence: 0.54, BBox: (133, 227, 296, 345)
2025-03-18 18:33:33,424 - log_time: 18:33:33.264; iteration: 0; image: 0; image_size: 751504; connection_time: 9892704411100; time_start_ns: 1742319213264113700; processing_time_ns: 96536300; time_end_ns: 1742319213424224800; signal_val: None; RSSI_val: None; data: Class ID: 0, Confidence: 0.69, BBox: (219, 170, 284, 310)
Class ID: 2, Confidence: 0.69, BBox: (282, 192, 438, 253)
Class ID: 1, Confidence: 0.54, BBox: (133, 227, 296, 345)
2025-03-18 18:33:33,572 - log_time: 18:33:33.424; iteration: 0; image: 0; image_size: 751504; connection_time: 9892704411100; time_start_ns: 1742319213424224800; processing_time_ns: 78845400; time_end_ns: 1742319213572244100; signal_val: None; RSSI_val: None; data: Class ID: 0, Confidence: 0.69, BBox: (219, 170, 284, 310)
Class ID: 2, Confidence: 0.69, BBox: (282, 192, 438, 253)
Class ID: 1, Confidence: 0.54, BBox: (133, 227, 296, 345)
2025-03-18 18:33:33,711 - log_time: 18:33:33.572; iteration: 0; image: 0; image_size: 751504; connection_time: 9892704411100; time_start_ns: 1742319213572244100; processing_time_ns: 74148400; time_end_ns: 1742319213711125300; signal_val: None; RSSI_val: None; data: Class ID: 0, Confidence: 0.69, BBox: (219, 170, 284, 310)
Class ID: 2, Confidence: 0.69, BBox: (282, 192, 438, 253)
Class ID: 1, Confidence: 0.54, BBox: (133, 227, 296, 345)
2025-03-18 18:33:33,879 - log_time: 18:33:33.711; iteration: 0; image: 0; image_size: 751504; connection_time: 9892704411100; time_start_ns: 1742319213711125300; processing_time_ns: 103941100; time_end_ns: 1742319213879530500; signal_val: None; RSSI_val: None; data: Class ID: 0, Confidence: 0.69, BBox: (219, 170, 284, 310)
Class ID: 2, Confidence: 0.69, BBox: (282, 192, 438, 253)
Class ID: 1, Confidence: 0.54, BBox: (133, 227, 296, 345)
2025-03-18 18:33:34,029 - log_time: 18:33:33.879; iteration: 0; image: 0; image_size: 751504; connection_time: 9892704411100; time_start_ns: 1742319213879530500; processing_time_ns: 81940200; time_end_ns: 1742319214029128200; signal_val: None; RSSI_val: None; data: Class ID: 0, Confidence: 0.69, BBox: (219, 170, 284, 310)
Class ID: 2, Confidence: 0.69, BBox: (282, 192, 438, 253)
Class ID: 1, Confidence: 0.54, BBox: (133, 227, 296, 345)
2025-03-18 18:33:34,173 - log_time: 18:33:34.029; iteration: 0; image: 0; image_size: 751504; connection_time: 9892704411100; time_start_ns: 1742319214029128200; processing_time_ns: 78721900; time_end_ns: 1742319214173788000; signal_val: None; RSSI_val: None; data: Class ID: 0, Confidence: 0.69, BBox: (219, 170, 284, 310)
Class ID: 2, Confidence: 0.69, BBox: (282, 192, 438, 253)
Class ID: 1, Confidence: 0.54, BBox: (133, 227, 296, 345)
2025-03-18 18:33:34,319 - log_time: 18:33:34.173; iteration: 0; image: 0; image_size: 751504; connection_time: 9892704411100; time_start_ns: 1742319214173788000; processing_time_ns: 83443400; time_end_ns: 1742319214319763800; signal_val: None; RSSI_val: None; data: Class ID: 0, Confidence: 0.69, BBox: (219, 170, 284, 310)
Class ID: 2, Confidence: 0.69, BBox: (282, 192, 438, 253)
Class ID: 1, Confidence: 0.54, BBox: (133, 227, 296, 345)
2025-03-18 18:33:34,458 - log_time: 18:33:34.320; iteration: 0; image: 0; image_size: 751504; connection_time: 9892704411100; time_start_ns: 1742319214320929700; processing_time_ns: 71315900; time_end_ns: 1742319214458180700; signal_val: None; RSSI_val: None; data: Class ID: 0, Confidence: 0.69, BBox: (219, 170, 284, 310)
Class ID: 2, Confidence: 0.69, BBox: (282, 192, 438, 253)
Class ID: 1, Confidence: 0.54, BBox: (133, 227, 296, 345)
2025-03-18 18:33:34,598 - log_time: 18:33:34.458; iteration: 0; image: 0; image_size: 751504; connection_time: 9892704411100; time_start_ns: 1742319214458180700; processing_time_ns: 75596100; time_end_ns: 1742319214598654400; signal_val: None; RSSI_val: None; data: Class ID: 0, Confidence: 0.69, BBox: (219, 170, 284, 310)
Class ID: 2, Confidence: 0.69, BBox: (282, 192, 438, 253)
Class ID: 1, Confidence: 0.54, BBox: (133, 227, 296, 345)
2025-03-18 18:33:34,762 - log_time: 18:33:34.599; iteration: 0; image: 0; image_size: 751504; connection_time: 9892704411100; time_start_ns: 1742319214599662900; processing_time_ns: 94366300; time_end_ns: 1742319214762362900; signal_val: None; RSSI_val: None; data: Class ID: 0, Confidence: 0.69, BBox: (219, 170, 284, 310)
Class ID: 2, Confidence: 0.69, BBox: (282, 192, 438, 253)
Class ID: 1, Confidence: 0.54, BBox: (133, 227, 296, 345)
2025-03-18 18:33:34,928 - log_time: 18:33:34.764; iteration: 0; image: 0; image_size: 751504; connection_time: 9892704411100; time_start_ns: 1742319214764437500; processing_time_ns: 91515300; time_end_ns: 1742319214928554300; signal_val: None; RSSI_val: None; data: Class ID: 0, Confidence: 0.69, BBox: (219, 170, 284, 310)
Class ID: 2, Confidence: 0.69, BBox: (282, 192, 438, 253)
Class ID: 1, Confidence: 0.54, BBox: (133, 227, 296, 345)
2025-03-18 18:33:35,073 - log_time: 18:33:34.929; iteration: 0; image: 0; image_size: 751504; connection_time: 9892704411100; time_start_ns: 1742319214929742000; processing_time_ns: 81079300; time_end_ns: 1742319215073684700; signal_val: None; RSSI_val: None; data: Class ID: 0, Confidence: 0.69, BBox: (219, 170, 284, 310)
Class ID: 2, Confidence: 0.69, BBox: (282, 192, 438, 253)
Class ID: 1, Confidence: 0.54, BBox: (133, 227, 296, 345)
2025-03-18 18:33:35,215 - log_time: 18:33:35.074; iteration: 0; image: 0; image_size: 751504; connection_time: 9892704411100; time_start_ns: 1742319215074845600; processing_time_ns: 78257600; time_end_ns: 1742319215215009700; signal_val: None; RSSI_val: None; data: Class ID: 0, Confidence: 0.69, BBox: (219, 170, 284, 310)
Class ID: 2, Confidence: 0.69, BBox: (282, 192, 438, 253)
Class ID: 1, Confidence: 0.54, BBox: (133, 227, 296, 345)
2025-03-18 18:33:35,336 - log_time: 18:33:35.215; iteration: 0; image: 0; image_size: 751504; connection_time: 9892704411100; time_start_ns: 1742319215215009700; processing_time_ns: 64086200; time_end_ns: 1742319215336529400; signal_val: None; RSSI_val: None; data: Class ID: 0, Confidence: 0.69, BBox: (219, 170, 284, 310)
Class ID: 2, Confidence: 0.69, BBox: (282, 192, 438, 253)
Class ID: 1, Confidence: 0.54, BBox: (133, 227, 296, 345)
2025-03-18 18:33:35,509 - log_time: 18:33:35.336; iteration: 0; image: 0; image_size: 751504; connection_time: 9892704411100; time_start_ns: 1742319215336529400; processing_time_ns: 73729400; time_end_ns: 1742319215509959900; signal_val: None; RSSI_val: None; data: Class ID: 0, Confidence: 0.69, BBox: (219, 170, 284, 310)
Class ID: 2, Confidence: 0.69, BBox: (282, 192, 438, 253)
Class ID: 1, Confidence: 0.54, BBox: (133, 227, 296, 345)
2025-03-18 18:33:35,634 - log_time: 18:33:35.510; iteration: 0; image: 0; image_size: 751504; connection_time: 9892704411100; time_start_ns: 1742319215510959000; processing_time_ns: 64028600; time_end_ns: 1742319215634262100; signal_val: None; RSSI_val: None; data: Class ID: 0, Confidence: 0.69, BBox: (219, 170, 284, 310)
Class ID: 2, Confidence: 0.69, BBox: (282, 192, 438, 253)
Class ID: 1, Confidence: 0.54, BBox: (133, 227, 296, 345)
2025-03-18 18:33:35,765 - log_time: 18:33:35.634; iteration: 0; image: 0; image_size: 751504; connection_time: 9892704411100; time_start_ns: 1742319215634262100; processing_time_ns: 70937500; time_end_ns: 1742319215765880900; signal_val: None; RSSI_val: None; data: Class ID: 0, Confidence: 0.69, BBox: (219, 170, 284, 310)
Class ID: 2, Confidence: 0.69, BBox: (282, 192, 438, 253)
Class ID: 1, Confidence: 0.54, BBox: (133, 227, 296, 345)
2025-03-18 18:33:35,911 - log_time: 18:33:35.765; iteration: 0; image: 0; image_size: 751504; connection_time: 9892704411100; time_start_ns: 1742319215765880900; processing_time_ns: 84243400; time_end_ns: 1742319215911761900; signal_val: None; RSSI_val: None; data: Class ID: 0, Confidence: 0.69, BBox: (219, 170, 284, 310)
Class ID: 2, Confidence: 0.69, BBox: (282, 192, 438, 253)
Class ID: 1, Confidence: 0.54, BBox: (133, 227, 296, 345)
2025-03-18 18:33:36,065 - log_time: 18:33:35.913; iteration: 0; image: 0; image_size: 751504; connection_time: 9892704411100; time_start_ns: 1742319215913223100; processing_time_ns: 78579900; time_end_ns: 1742319216065236200; signal_val: None; RSSI_val: None; data: Class ID: 0, Confidence: 0.69, BBox: (219, 170, 284, 310)
Class ID: 2, Confidence: 0.69, BBox: (282, 192, 438, 253)
Class ID: 1, Confidence: 0.54, BBox: (133, 227, 296, 345)
2025-03-18 18:33:36,205 - log_time: 18:33:36.066; iteration: 0; image: 0; image_size: 751504; connection_time: 9892704411100; time_start_ns: 1742319216066483200; processing_time_ns: 74138500; time_end_ns: 1742319216205332600; signal_val: None; RSSI_val: None; data: Class ID: 0, Confidence: 0.69, BBox: (219, 170, 284, 310)
Class ID: 2, Confidence: 0.69, BBox: (282, 192, 438, 253)
Class ID: 1, Confidence: 0.54, BBox: (133, 227, 296, 345)
2025-03-18 18:33:36,380 - log_time: 18:33:36.206; iteration: 0; image: 0; image_size: 751504; connection_time: 9892704411100; time_start_ns: 1742319216206333000; processing_time_ns: 98870900; time_end_ns: 1742319216380092100; signal_val: None; RSSI_val: None; data: Class ID: 0, Confidence: 0.69, BBox: (219, 170, 284, 310)
Class ID: 2, Confidence: 0.69, BBox: (282, 192, 438, 253)
Class ID: 1, Confidence: 0.54, BBox: (133, 227, 296, 345)
2025-03-18 18:33:36,540 - log_time: 18:33:36.380; iteration: 0; image: 0; image_size: 751504; connection_time: 9892704411100; time_start_ns: 1742319216380092100; processing_time_ns: 88796600; time_end_ns: 1742319216540048500; signal_val: None; RSSI_val: None; data: Class ID: 0, Confidence: 0.69, BBox: (219, 170, 284, 310)
Class ID: 2, Confidence: 0.69, BBox: (282, 192, 438, 253)
Class ID: 1, Confidence: 0.54, BBox: (133, 227, 296, 345)
2025-03-18 18:33:36,686 - log_time: 18:33:36.540; iteration: 0; image: 0; image_size: 751504; connection_time: 9892704411100; time_start_ns: 1742319216540048500; processing_time_ns: 78124300; time_end_ns: 1742319216686969200; signal_val: None; RSSI_val: None; data: Class ID: 0, Confidence: 0.69, BBox: (219, 170, 284, 310)
Class ID: 2, Confidence: 0.69, BBox: (282, 192, 438, 253)
Class ID: 1, Confidence: 0.54, BBox: (133, 227, 296, 345)
2025-03-18 18:33:36,851 - log_time: 18:33:36.687; iteration: 0; image: 0; image_size: 751504; connection_time: 9892704411100; time_start_ns: 1742319216687970200; processing_time_ns: 93476600; time_end_ns: 1742319216851236200; signal_val: None; RSSI_val: None; data: Class ID: 0, Confidence: 0.69, BBox: (219, 170, 284, 310)
Class ID: 2, Confidence: 0.69, BBox: (282, 192, 438, 253)
Class ID: 1, Confidence: 0.54, BBox: (133, 227, 296, 345)
2025-03-18 18:33:37,033 - log_time: 18:33:36.852; iteration: 0; image: 0; image_size: 751504; connection_time: 9892704411100; time_start_ns: 1742319216852237800; processing_time_ns: 108139300; time_end_ns: 1742319217033566000; signal_val: None; RSSI_val: None; data: Class ID: 0, Confidence: 0.69, BBox: (219, 170, 284, 310)
Class ID: 2, Confidence: 0.69, BBox: (282, 192, 438, 253)
Class ID: 1, Confidence: 0.54, BBox: (133, 227, 296, 345)
2025-03-18 18:33:37,182 - log_time: 18:33:37.033; iteration: 0; image: 0; image_size: 751504; connection_time: 9892704411100; time_start_ns: 1742319217033566000; processing_time_ns: 74640600; time_end_ns: 1742319217181157400; signal_val: None; RSSI_val: None; data: Class ID: 0, Confidence: 0.69, BBox: (219, 170, 284, 310)
Class ID: 2, Confidence: 0.69, BBox: (282, 192, 438, 253)
Class ID: 1, Confidence: 0.54, BBox: (133, 227, 296, 345)
2025-03-18 18:33:37,328 - log_time: 18:33:37.183; iteration: 0; image: 0; image_size: 751504; connection_time: 9892704411100; time_start_ns: 1742319217183165800; processing_time_ns: 79188700; time_end_ns: 1742319217328982500; signal_val: None; RSSI_val: None; data: Class ID: 0, Confidence: 0.69, BBox: (219, 170, 284, 310)
Class ID: 2, Confidence: 0.69, BBox: (282, 192, 438, 253)
Class ID: 1, Confidence: 0.54, BBox: (133, 227, 296, 345)
2025-03-18 18:33:37,458 - log_time: 18:33:37.328; iteration: 0; image: 0; image_size: 751504; connection_time: 9892704411100; time_start_ns: 1742319217328982500; processing_time_ns: 69531000; time_end_ns: 1742319217458704100; signal_val: None; RSSI_val: None; data: Class ID: 0, Confidence: 0.69, BBox: (219, 170, 284, 310)
Class ID: 2, Confidence: 0.69, BBox: (282, 192, 438, 253)
Class ID: 1, Confidence: 0.54, BBox: (133, 227, 296, 345)
2025-03-18 18:33:37,581 - log_time: 18:33:37.459; iteration: 0; image: 0; image_size: 751504; connection_time: 9892704411100; time_start_ns: 1742319217459701700; processing_time_ns: 65101500; time_end_ns: 1742319217581987600; signal_val: None; RSSI_val: None; data: Class ID: 0, Confidence: 0.69, BBox: (219, 170, 284, 310)
Class ID: 2, Confidence: 0.69, BBox: (282, 192, 438, 253)
Class ID: 1, Confidence: 0.54, BBox: (133, 227, 296, 345)
2025-03-18 18:33:37,713 - log_time: 18:33:37.582; iteration: 0; image: 0; image_size: 751504; connection_time: 9892704411100; time_start_ns: 1742319217582968600; processing_time_ns: 69526300; time_end_ns: 1742319217713609100; signal_val: None; RSSI_val: None; data: Class ID: 0, Confidence: 0.69, BBox: (219, 170, 284, 310)
Class ID: 2, Confidence: 0.69, BBox: (282, 192, 438, 253)
Class ID: 1, Confidence: 0.54, BBox: (133, 227, 296, 345)
2025-03-18 18:33:37,839 - log_time: 18:33:37.714; iteration: 0; image: 0; image_size: 751504; connection_time: 9892704411100; time_start_ns: 1742319217714602600; processing_time_ns: 69586100; time_end_ns: 1742319217839497600; signal_val: None; RSSI_val: None; data: Class ID: 0, Confidence: 0.69, BBox: (219, 170, 284, 310)
Class ID: 2, Confidence: 0.69, BBox: (282, 192, 438, 253)
Class ID: 1, Confidence: 0.54, BBox: (133, 227, 296, 345)
2025-03-18 18:33:37,967 - log_time: 18:33:37.839; iteration: 0; image: 0; image_size: 751504; connection_time: 9892704411100; time_start_ns: 1742319217839497600; processing_time_ns: 64677300; time_end_ns: 1742319217967347300; signal_val: None; RSSI_val: None; data: Class ID: 0, Confidence: 0.69, BBox: (219, 170, 284, 310)
Class ID: 2, Confidence: 0.69, BBox: (282, 192, 438, 253)
Class ID: 1, Confidence: 0.54, BBox: (133, 227, 296, 345)
2025-03-18 18:33:38,107 - log_time: 18:33:37.968; iteration: 0; image: 0; image_size: 751504; connection_time: 9892704411100; time_start_ns: 1742319217968346300; processing_time_ns: 76734200; time_end_ns: 1742319218107791200; signal_val: None; RSSI_val: None; data: Class ID: 0, Confidence: 0.69, BBox: (219, 170, 284, 310)
Class ID: 2, Confidence: 0.69, BBox: (282, 192, 438, 253)
Class ID: 1, Confidence: 0.54, BBox: (133, 227, 296, 345)
2025-03-18 18:33:38,239 - log_time: 18:33:38.108; iteration: 0; image: 0; image_size: 751504; connection_time: 9892704411100; time_start_ns: 1742319218108339300; processing_time_ns: 67910400; time_end_ns: 1742319218239913700; signal_val: None; RSSI_val: None; data: Class ID: 0, Confidence: 0.69, BBox: (219, 170, 284, 310)
Class ID: 2, Confidence: 0.69, BBox: (282, 192, 438, 253)
Class ID: 1, Confidence: 0.54, BBox: (133, 227, 296, 345)
2025-03-18 18:33:38,367 - log_time: 18:33:38.240; iteration: 0; image: 0; image_size: 751504; connection_time: 9892704411100; time_start_ns: 1742319218240912200; processing_time_ns: 65651100; time_end_ns: 1742319218367240700; signal_val: None; RSSI_val: None; data: Class ID: 0, Confidence: 0.69, BBox: (219, 170, 284, 310)
Class ID: 2, Confidence: 0.69, BBox: (282, 192, 438, 253)
Class ID: 1, Confidence: 0.54, BBox: (133, 227, 296, 345)
2025-03-18 18:33:38,494 - log_time: 18:33:38.368; iteration: 0; image: 0; image_size: 751504; connection_time: 9892704411100; time_start_ns: 1742319218368237800; processing_time_ns: 68759500; time_end_ns: 1742319218494456500; signal_val: None; RSSI_val: None; data: Class ID: 0, Confidence: 0.69, BBox: (219, 170, 284, 310)
Class ID: 2, Confidence: 0.69, BBox: (282, 192, 438, 253)
Class ID: 1, Confidence: 0.54, BBox: (133, 227, 296, 345)
2025-03-18 18:33:38,617 - log_time: 18:33:38.495; iteration: 0; image: 0; image_size: 751504; connection_time: 9892704411100; time_start_ns: 1742319218495200500; processing_time_ns: 66014300; time_end_ns: 1742319218617975700; signal_val: None; RSSI_val: None; data: Class ID: 0, Confidence: 0.69, BBox: (219, 170, 284, 310)
Class ID: 2, Confidence: 0.69, BBox: (282, 192, 438, 253)
Class ID: 1, Confidence: 0.54, BBox: (133, 227, 296, 345)
2025-03-18 18:33:38,750 - log_time: 18:33:38.617; iteration: 0; image: 0; image_size: 751504; connection_time: 9892704411100; time_start_ns: 1742319218617975700; processing_time_ns: 66404300; time_end_ns: 1742319218750264700; signal_val: None; RSSI_val: None; data: Class ID: 0, Confidence: 0.69, BBox: (219, 170, 284, 310)
Class ID: 2, Confidence: 0.69, BBox: (282, 192, 438, 253)
Class ID: 1, Confidence: 0.54, BBox: (133, 227, 296, 345)
2025-03-18 18:33:38,877 - log_time: 18:33:38.750; iteration: 0; image: 0; image_size: 751504; connection_time: 9892704411100; time_start_ns: 1742319218751266400; processing_time_ns: 69610400; time_end_ns: 1742319218876451300; signal_val: None; RSSI_val: None; data: Class ID: 0, Confidence: 0.69, BBox: (219, 170, 284, 310)
Class ID: 2, Confidence: 0.69, BBox: (282, 192, 438, 253)
Class ID: 1, Confidence: 0.54, BBox: (133, 227, 296, 345)
2025-03-18 18:33:39,000 - log_time: 18:33:38.877; iteration: 0; image: 0; image_size: 751504; connection_time: 9892704411100; time_start_ns: 1742319218877778400; processing_time_ns: 65836400; time_end_ns: 1742319219000537100; signal_val: None; RSSI_val: None; data: Class ID: 0, Confidence: 0.69, BBox: (219, 170, 284, 310)
Class ID: 2, Confidence: 0.69, BBox: (282, 192, 438, 253)
Class ID: 1, Confidence: 0.54, BBox: (133, 227, 296, 345)
2025-03-18 18:33:39,164 - log_time: 18:33:39.002; iteration: 0; image: 0; image_size: 751504; connection_time: 9892704411100; time_start_ns: 1742319219002544000; processing_time_ns: 70218200; time_end_ns: 1742319219164125900; signal_val: None; RSSI_val: None; data: Class ID: 0, Confidence: 0.69, BBox: (219, 170, 284, 310)
Class ID: 2, Confidence: 0.69, BBox: (282, 192, 438, 253)
Class ID: 1, Confidence: 0.54, BBox: (133, 227, 296, 345)
2025-03-18 18:33:39,287 - log_time: 18:33:39.164; iteration: 0; image: 0; image_size: 751504; connection_time: 9892704411100; time_start_ns: 1742319219164125900; processing_time_ns: 65986700; time_end_ns: 1742319219287710900; signal_val: None; RSSI_val: None; data: Class ID: 0, Confidence: 0.69, BBox: (219, 170, 284, 310)
Class ID: 2, Confidence: 0.69, BBox: (282, 192, 438, 253)
Class ID: 1, Confidence: 0.54, BBox: (133, 227, 296, 345)
2025-03-18 18:33:39,416 - log_time: 18:33:39.290; iteration: 0; image: 0; image_size: 751504; connection_time: 9892704411100; time_start_ns: 1742319219290266300; processing_time_ns: 65858600; time_end_ns: 1742319219416112700; signal_val: None; RSSI_val: None; data: Class ID: 0, Confidence: 0.69, BBox: (219, 170, 284, 310)
Class ID: 2, Confidence: 0.69, BBox: (282, 192, 438, 253)
Class ID: 1, Confidence: 0.54, BBox: (133, 227, 296, 345)
2025-03-18 18:33:39,540 - log_time: 18:33:39.416; iteration: 0; image: 0; image_size: 751504; connection_time: 9892704411100; time_start_ns: 1742319219416112700; processing_time_ns: 66991400; time_end_ns: 1742319219540090000; signal_val: None; RSSI_val: None; data: Class ID: 0, Confidence: 0.69, BBox: (219, 170, 284, 310)
Class ID: 2, Confidence: 0.69, BBox: (282, 192, 438, 253)
Class ID: 1, Confidence: 0.54, BBox: (133, 227, 296, 345)
2025-03-18 18:33:39,667 - log_time: 18:33:39.540; iteration: 0; image: 0; image_size: 751504; connection_time: 9892704411100; time_start_ns: 1742319219540090000; processing_time_ns: 66511000; time_end_ns: 1742319219666058500; signal_val: None; RSSI_val: None; data: Class ID: 0, Confidence: 0.69, BBox: (219, 170, 284, 310)
Class ID: 2, Confidence: 0.69, BBox: (282, 192, 438, 253)
Class ID: 1, Confidence: 0.54, BBox: (133, 227, 296, 345)
2025-03-18 18:33:39,789 - log_time: 18:33:39.667; iteration: 0; image: 0; image_size: 751504; connection_time: 9892704411100; time_start_ns: 1742319219667059100; processing_time_ns: 65487500; time_end_ns: 1742319219789692900; signal_val: None; RSSI_val: None; data: Class ID: 0, Confidence: 0.69, BBox: (219, 170, 284, 310)
Class ID: 2, Confidence: 0.69, BBox: (282, 192, 438, 253)
Class ID: 1, Confidence: 0.54, BBox: (133, 227, 296, 345)
2025-03-18 18:33:39,921 - log_time: 18:33:39.789; iteration: 0; image: 0; image_size: 751504; connection_time: 9892704411100; time_start_ns: 1742319219789692900; processing_time_ns: 67885900; time_end_ns: 1742319219921002400; signal_val: None; RSSI_val: None; data: Class ID: 0, Confidence: 0.69, BBox: (219, 170, 284, 310)
Class ID: 2, Confidence: 0.69, BBox: (282, 192, 438, 253)
Class ID: 1, Confidence: 0.54, BBox: (133, 227, 296, 345)
2025-03-18 18:33:40,047 - log_time: 18:33:39.921; iteration: 0; image: 0; image_size: 751504; connection_time: 9892704411100; time_start_ns: 1742319219921002400; processing_time_ns: 64531000; time_end_ns: 1742319220047370500; signal_val: None; RSSI_val: None; data: Class ID: 0, Confidence: 0.69, BBox: (219, 170, 284, 310)
Class ID: 2, Confidence: 0.69, BBox: (282, 192, 438, 253)
Class ID: 1, Confidence: 0.54, BBox: (133, 227, 296, 345)
2025-03-18 18:33:40,184 - log_time: 18:33:40.048; iteration: 0; image: 0; image_size: 751504; connection_time: 9892704411100; time_start_ns: 1742319220048370600; processing_time_ns: 78017300; time_end_ns: 1742319220184140400; signal_val: None; RSSI_val: None; data: Class ID: 0, Confidence: 0.69, BBox: (219, 170, 284, 310)
Class ID: 2, Confidence: 0.69, BBox: (282, 192, 438, 253)
Class ID: 1, Confidence: 0.54, BBox: (133, 227, 296, 345)
2025-03-18 18:33:40,319 - log_time: 18:33:40.185; iteration: 0; image: 0; image_size: 751504; connection_time: 9892704411100; time_start_ns: 1742319220185264800; processing_time_ns: 68969100; time_end_ns: 1742319220319766600; signal_val: None; RSSI_val: None; data: Class ID: 0, Confidence: 0.69, BBox: (219, 170, 284, 310)
Class ID: 2, Confidence: 0.69, BBox: (282, 192, 438, 253)
Class ID: 1, Confidence: 0.54, BBox: (133, 227, 296, 345)
2025-03-18 18:33:40,446 - log_time: 18:33:40.319; iteration: 0; image: 0; image_size: 751504; connection_time: 9892704411100; time_start_ns: 1742319220319766600; processing_time_ns: 64657800; time_end_ns: 1742319220446549100; signal_val: None; RSSI_val: None; data: Class ID: 0, Confidence: 0.69, BBox: (219, 170, 284, 310)
Class ID: 2, Confidence: 0.69, BBox: (282, 192, 438, 253)
Class ID: 1, Confidence: 0.54, BBox: (133, 227, 296, 345)
2025-03-18 18:33:40,573 - log_time: 18:33:40.447; iteration: 0; image: 0; image_size: 751504; connection_time: 9892704411100; time_start_ns: 1742319220447549200; processing_time_ns: 68894100; time_end_ns: 1742319220572963500; signal_val: None; RSSI_val: None; data: Class ID: 0, Confidence: 0.69, BBox: (219, 170, 284, 310)
Class ID: 2, Confidence: 0.69, BBox: (282, 192, 438, 253)
Class ID: 1, Confidence: 0.54, BBox: (133, 227, 296, 345)
2025-03-18 18:33:40,699 - log_time: 18:33:40.573; iteration: 0; image: 0; image_size: 751504; connection_time: 9892704411100; time_start_ns: 1742319220573961200; processing_time_ns: 66202900; time_end_ns: 1742319220698591900; signal_val: None; RSSI_val: None; data: Class ID: 0, Confidence: 0.69, BBox: (219, 170, 284, 310)
Class ID: 2, Confidence: 0.69, BBox: (282, 192, 438, 253)
Class ID: 1, Confidence: 0.54, BBox: (133, 227, 296, 345)
2025-03-18 18:33:40,832 - log_time: 18:33:40.699; iteration: 0; image: 0; image_size: 751504; connection_time: 9892704411100; time_start_ns: 1742319220699591900; processing_time_ns: 70835500; time_end_ns: 1742319220832201400; signal_val: None; RSSI_val: None; data: Class ID: 0, Confidence: 0.69, BBox: (219, 170, 284, 310)
Class ID: 2, Confidence: 0.69, BBox: (282, 192, 438, 253)
Class ID: 1, Confidence: 0.54, BBox: (133, 227, 296, 345)
2025-03-18 18:33:40,961 - log_time: 18:33:40.832; iteration: 0; image: 0; image_size: 751504; connection_time: 9892704411100; time_start_ns: 1742319220832201400; processing_time_ns: 66630500; time_end_ns: 1742319220961841100; signal_val: None; RSSI_val: None; data: Class ID: 0, Confidence: 0.69, BBox: (219, 170, 284, 310)
Class ID: 2, Confidence: 0.69, BBox: (282, 192, 438, 253)
Class ID: 1, Confidence: 0.54, BBox: (133, 227, 296, 345)
2025-03-18 18:33:41,087 - log_time: 18:33:40.961; iteration: 0; image: 0; image_size: 751504; connection_time: 9892704411100; time_start_ns: 1742319220961841100; processing_time_ns: 66862300; time_end_ns: 1742319221087424400; signal_val: None; RSSI_val: None; data: Class ID: 0, Confidence: 0.69, BBox: (219, 170, 284, 310)
Class ID: 2, Confidence: 0.69, BBox: (282, 192, 438, 253)
Class ID: 1, Confidence: 0.54, BBox: (133, 227, 296, 345)
2025-03-18 18:33:41,213 - log_time: 18:33:41.088; iteration: 0; image: 0; image_size: 751504; connection_time: 9892704411100; time_start_ns: 1742319221088422700; processing_time_ns: 64981200; time_end_ns: 1742319221213841700; signal_val: None; RSSI_val: None; data: Class ID: 0, Confidence: 0.69, BBox: (219, 170, 284, 310)
Class ID: 2, Confidence: 0.69, BBox: (282, 192, 438, 253)
Class ID: 1, Confidence: 0.54, BBox: (133, 227, 296, 345)
2025-03-18 18:33:41,339 - log_time: 18:33:41.213; iteration: 0; image: 0; image_size: 751504; connection_time: 9892704411100; time_start_ns: 1742319221213841700; processing_time_ns: 67816600; time_end_ns: 1742319221339704200; signal_val: None; RSSI_val: None; data: Class ID: 0, Confidence: 0.69, BBox: (219, 170, 284, 310)
Class ID: 2, Confidence: 0.69, BBox: (282, 192, 438, 253)
Class ID: 1, Confidence: 0.54, BBox: (133, 227, 296, 345)
2025-03-18 18:33:41,466 - log_time: 18:33:41.341; iteration: 0; image: 0; image_size: 751504; connection_time: 9892704411100; time_start_ns: 1742319221341711700; processing_time_ns: 65996700; time_end_ns: 1742319221466854900; signal_val: None; RSSI_val: None; data: Class ID: 0, Confidence: 0.69, BBox: (219, 170, 284, 310)
Class ID: 2, Confidence: 0.69, BBox: (282, 192, 438, 253)
Class ID: 1, Confidence: 0.54, BBox: (133, 227, 296, 345)
2025-03-18 18:33:41,598 - log_time: 18:33:41.466; iteration: 0; image: 0; image_size: 751504; connection_time: 9892704411100; time_start_ns: 1742319221466854900; processing_time_ns: 68117200; time_end_ns: 1742319221598502600; signal_val: None; RSSI_val: None; data: Class ID: 0, Confidence: 0.69, BBox: (219, 170, 284, 310)
Class ID: 2, Confidence: 0.69, BBox: (282, 192, 438, 253)
Class ID: 1, Confidence: 0.54, BBox: (133, 227, 296, 345)
2025-03-18 18:33:41,723 - log_time: 18:33:41.598; iteration: 0; image: 0; image_size: 751504; connection_time: 9892704411100; time_start_ns: 1742319221598502600; processing_time_ns: 67127600; time_end_ns: 1742319221723748400; signal_val: None; RSSI_val: None; data: Class ID: 0, Confidence: 0.69, BBox: (219, 170, 284, 310)
Class ID: 2, Confidence: 0.69, BBox: (282, 192, 438, 253)
Class ID: 1, Confidence: 0.54, BBox: (133, 227, 296, 345)
2025-03-18 18:33:41,852 - log_time: 18:33:41.723; iteration: 0; image: 0; image_size: 751504; connection_time: 9892704411100; time_start_ns: 1742319221726555300; processing_time_ns: 67068600; time_end_ns: 1742319221852927800; signal_val: None; RSSI_val: None; data: Class ID: 0, Confidence: 0.69, BBox: (219, 170, 284, 310)
Class ID: 2, Confidence: 0.69, BBox: (282, 192, 438, 253)
Class ID: 1, Confidence: 0.54, BBox: (133, 227, 296, 345)
2025-03-18 18:33:41,979 - log_time: 18:33:41.852; iteration: 0; image: 0; image_size: 751504; connection_time: 9892704411100; time_start_ns: 1742319221852927800; processing_time_ns: 65713500; time_end_ns: 1742319221978388400; signal_val: None; RSSI_val: None; data: Class ID: 0, Confidence: 0.69, BBox: (219, 170, 284, 310)
Class ID: 2, Confidence: 0.69, BBox: (282, 192, 438, 253)
Class ID: 1, Confidence: 0.54, BBox: (133, 227, 296, 345)
2025-03-18 18:33:42,101 - log_time: 18:33:41.979; iteration: 0; image: 0; image_size: 751504; connection_time: 9892704411100; time_start_ns: 1742319221979386700; processing_time_ns: 65560200; time_end_ns: 1742319222101148100; signal_val: None; RSSI_val: None; data: Class ID: 0, Confidence: 0.69, BBox: (219, 170, 284, 310)
Class ID: 2, Confidence: 0.69, BBox: (282, 192, 438, 253)
Class ID: 1, Confidence: 0.54, BBox: (133, 227, 296, 345)
2025-03-18 18:33:42,292 - log_time: 18:33:42.102; iteration: 0; image: 0; image_size: 751504; connection_time: 9892704411100; time_start_ns: 1742319222102146500; processing_time_ns: 133390300; time_end_ns: 1742319222292673100; signal_val: None; RSSI_val: None; data: Class ID: 0, Confidence: 0.69, BBox: (219, 170, 284, 310)
Class ID: 2, Confidence: 0.69, BBox: (282, 192, 438, 253)
Class ID: 1, Confidence: 0.54, BBox: (133, 227, 296, 345)
2025-03-18 18:33:42,428 - log_time: 18:33:42.293; iteration: 0; image: 0; image_size: 751504; connection_time: 9892704411100; time_start_ns: 1742319222293204300; processing_time_ns: 66730400; time_end_ns: 1742319222428358000; signal_val: None; RSSI_val: None; data: Class ID: 0, Confidence: 0.69, BBox: (219, 170, 284, 310)
Class ID: 2, Confidence: 0.69, BBox: (282, 192, 438, 253)
Class ID: 1, Confidence: 0.54, BBox: (133, 227, 296, 345)
2025-03-18 18:33:42,552 - log_time: 18:33:42.429; iteration: 0; image: 0; image_size: 751504; connection_time: 9892704411100; time_start_ns: 1742319222429366400; processing_time_ns: 64618900; time_end_ns: 1742319222552342400; signal_val: None; RSSI_val: None; data: Class ID: 0, Confidence: 0.69, BBox: (219, 170, 284, 310)
Class ID: 2, Confidence: 0.69, BBox: (282, 192, 438, 253)
Class ID: 1, Confidence: 0.54, BBox: (133, 227, 296, 345)
2025-03-18 18:33:42,733 - log_time: 18:33:42.552; iteration: 0; image: 0; image_size: 751504; connection_time: 9892704411100; time_start_ns: 1742319222552342400; processing_time_ns: 109865300; time_end_ns: 1742319222733348800; signal_val: None; RSSI_val: None; data: Class ID: 0, Confidence: 0.69, BBox: (219, 170, 284, 310)
Class ID: 2, Confidence: 0.69, BBox: (282, 192, 438, 253)
Class ID: 1, Confidence: 0.54, BBox: (133, 227, 296, 345)
2025-03-18 18:33:42,877 - log_time: 18:33:42.733; iteration: 0; image: 0; image_size: 751504; connection_time: 9892704411100; time_start_ns: 1742319222733348800; processing_time_ns: 67182900; time_end_ns: 1742319222876620200; signal_val: None; RSSI_val: None; data: Class ID: 0, Confidence: 0.69, BBox: (219, 170, 284, 310)
Class ID: 2, Confidence: 0.69, BBox: (282, 192, 438, 253)
Class ID: 1, Confidence: 0.54, BBox: (133, 227, 296, 345)
2025-03-18 18:33:42,998 - log_time: 18:33:42.877; iteration: 0; image: 0; image_size: 751504; connection_time: 9892704411100; time_start_ns: 1742319222877262800; processing_time_ns: 64982200; time_end_ns: 1742319222998822400; signal_val: None; RSSI_val: None; data: Class ID: 0, Confidence: 0.69, BBox: (219, 170, 284, 310)
Class ID: 2, Confidence: 0.69, BBox: (282, 192, 438, 253)
Class ID: 1, Confidence: 0.54, BBox: (133, 227, 296, 345)
2025-03-18 18:33:43,128 - log_time: 18:33:42.998; iteration: 0; image: 0; image_size: 751504; connection_time: 9892704411100; time_start_ns: 1742319222998822400; processing_time_ns: 69431100; time_end_ns: 1742319223128216000; signal_val: None; RSSI_val: None; data: Class ID: 0, Confidence: 0.69, BBox: (219, 170, 284, 310)
Class ID: 2, Confidence: 0.69, BBox: (282, 192, 438, 253)
Class ID: 1, Confidence: 0.54, BBox: (133, 227, 296, 345)
2025-03-18 18:33:43,250 - log_time: 18:33:43.128; iteration: 0; image: 0; image_size: 751504; connection_time: 9892704411100; time_start_ns: 1742319223128216000; processing_time_ns: 66027900; time_end_ns: 1742319223250997800; signal_val: None; RSSI_val: None; data: Class ID: 0, Confidence: 0.69, BBox: (219, 170, 284, 310)
Class ID: 2, Confidence: 0.69, BBox: (282, 192, 438, 253)
Class ID: 1, Confidence: 0.54, BBox: (133, 227, 296, 345)
2025-03-18 18:33:43,377 - log_time: 18:33:43.251; iteration: 0; image: 0; image_size: 751504; connection_time: 9892704411100; time_start_ns: 1742319223251998600; processing_time_ns: 67416300; time_end_ns: 1742319223377175300; signal_val: None; RSSI_val: None; data: Class ID: 0, Confidence: 0.69, BBox: (219, 170, 284, 310)
Class ID: 2, Confidence: 0.69, BBox: (282, 192, 438, 253)
Class ID: 1, Confidence: 0.54, BBox: (133, 227, 296, 345)
2025-03-18 18:33:43,500 - log_time: 18:33:43.378; iteration: 0; image: 0; image_size: 751504; connection_time: 9892704411100; time_start_ns: 1742319223378184800; processing_time_ns: 64231500; time_end_ns: 1742319223500498200; signal_val: None; RSSI_val: None; data: Class ID: 0, Confidence: 0.69, BBox: (219, 170, 284, 310)
Class ID: 2, Confidence: 0.69, BBox: (282, 192, 438, 253)
Class ID: 1, Confidence: 0.54, BBox: (133, 227, 296, 345)
2025-03-18 18:33:43,628 - log_time: 18:33:43.500; iteration: 0; image: 0; image_size: 751504; connection_time: 9892704411100; time_start_ns: 1742319223500498200; processing_time_ns: 68589200; time_end_ns: 1742319223628602200; signal_val: None; RSSI_val: None; data: Class ID: 0, Confidence: 0.69, BBox: (219, 170, 284, 310)
Class ID: 2, Confidence: 0.69, BBox: (282, 192, 438, 253)
Class ID: 1, Confidence: 0.54, BBox: (133, 227, 296, 345)
2025-03-18 18:33:43,754 - log_time: 18:33:43.628; iteration: 0; image: 0; image_size: 751504; connection_time: 9892704411100; time_start_ns: 1742319223628602200; processing_time_ns: 67354700; time_end_ns: 1742319223754404400; signal_val: None; RSSI_val: None; data: Class ID: 0, Confidence: 0.69, BBox: (219, 170, 284, 310)
Class ID: 2, Confidence: 0.69, BBox: (282, 192, 438, 253)
Class ID: 1, Confidence: 0.54, BBox: (133, 227, 296, 345)
2025-03-18 18:33:43,886 - log_time: 18:33:43.755; iteration: 0; image: 0; image_size: 751504; connection_time: 9892704411100; time_start_ns: 1742319223755030000; processing_time_ns: 70978000; time_end_ns: 1742319223886178000; signal_val: None; RSSI_val: None; data: Class ID: 0, Confidence: 0.69, BBox: (219, 170, 284, 310)
Class ID: 2, Confidence: 0.69, BBox: (282, 192, 438, 253)
Class ID: 1, Confidence: 0.54, BBox: (133, 227, 296, 345)
2025-03-18 18:33:44,012 - log_time: 18:33:43.886; iteration: 0; image: 0; image_size: 751504; connection_time: 9892704411100; time_start_ns: 1742319223886178000; processing_time_ns: 64906400; time_end_ns: 1742319224012512600; signal_val: None; RSSI_val: None; data: Class ID: 0, Confidence: 0.69, BBox: (219, 170, 284, 310)
Class ID: 2, Confidence: 0.69, BBox: (282, 192, 438, 253)
Class ID: 1, Confidence: 0.54, BBox: (133, 227, 296, 345)
2025-03-18 18:33:44,134 - log_time: 18:33:44.012; iteration: 0; image: 0; image_size: 751504; connection_time: 9892704411100; time_start_ns: 1742319224013509800; processing_time_ns: 65630500; time_end_ns: 1742319224134901900; signal_val: None; RSSI_val: None; data: Class ID: 0, Confidence: 0.69, BBox: (219, 170, 284, 310)
Class ID: 2, Confidence: 0.69, BBox: (282, 192, 438, 253)
Class ID: 1, Confidence: 0.54, BBox: (133, 227, 296, 345)
2025-03-18 18:33:44,265 - log_time: 18:33:44.134; iteration: 0; image: 0; image_size: 751504; connection_time: 9892704411100; time_start_ns: 1742319224134901900; processing_time_ns: 66982300; time_end_ns: 1742319224265284100; signal_val: None; RSSI_val: None; data: Class ID: 0, Confidence: 0.69, BBox: (219, 170, 284, 310)
Class ID: 2, Confidence: 0.69, BBox: (282, 192, 438, 253)
Class ID: 1, Confidence: 0.54, BBox: (133, 227, 296, 345)
2025-03-18 18:33:44,408 - log_time: 18:33:44.265; iteration: 0; image: 0; image_size: 751504; connection_time: 9892704411100; time_start_ns: 1742319224265821300; processing_time_ns: 77438700; time_end_ns: 1742319224408913300; signal_val: None; RSSI_val: None; data: Class ID: 0, Confidence: 0.69, BBox: (219, 170, 284, 310)
Class ID: 2, Confidence: 0.69, BBox: (282, 192, 438, 253)
Class ID: 1, Confidence: 0.54, BBox: (133, 227, 296, 345)
2025-03-18 18:33:44,543 - log_time: 18:33:44.409; iteration: 0; image: 0; image_size: 751504; connection_time: 9892704411100; time_start_ns: 1742319224409464500; processing_time_ns: 74621000; time_end_ns: 1742319224543990900; signal_val: None; RSSI_val: None; data: Class ID: 0, Confidence: 0.69, BBox: (219, 170, 284, 310)
Class ID: 2, Confidence: 0.69, BBox: (282, 192, 438, 253)
Class ID: 1, Confidence: 0.54, BBox: (133, 227, 296, 345)
2025-03-18 18:33:44,668 - log_time: 18:33:44.545; iteration: 0; image: 0; image_size: 751504; connection_time: 9892704411100; time_start_ns: 1742319224545001100; processing_time_ns: 63815100; time_end_ns: 1742319224668707500; signal_val: None; RSSI_val: None; data: Class ID: 0, Confidence: 0.69, BBox: (219, 170, 284, 310)
Class ID: 2, Confidence: 0.69, BBox: (282, 192, 438, 253)
Class ID: 1, Confidence: 0.54, BBox: (133, 227, 296, 345)
2025-03-18 18:33:44,800 - log_time: 18:33:44.669; iteration: 0; image: 0; image_size: 751504; connection_time: 9892704411100; time_start_ns: 1742319224669708100; processing_time_ns: 68067700; time_end_ns: 1742319224800670500; signal_val: None; RSSI_val: None; data: Class ID: 0, Confidence: 0.69, BBox: (219, 170, 284, 310)
Class ID: 2, Confidence: 0.69, BBox: (282, 192, 438, 253)
Class ID: 1, Confidence: 0.54, BBox: (133, 227, 296, 345)
2025-03-18 18:33:44,930 - log_time: 18:33:44.800; iteration: 0; image: 0; image_size: 751504; connection_time: 9892704411100; time_start_ns: 1742319224800670500; processing_time_ns: 65999000; time_end_ns: 1742319224930284000; signal_val: None; RSSI_val: None; data: Class ID: 0, Confidence: 0.69, BBox: (219, 170, 284, 310)
Class ID: 2, Confidence: 0.69, BBox: (282, 192, 438, 253)
Class ID: 1, Confidence: 0.54, BBox: (133, 227, 296, 345)
2025-03-18 18:33:45,055 - log_time: 18:33:44.930; iteration: 0; image: 0; image_size: 751504; connection_time: 9892704411100; time_start_ns: 1742319224930284000; processing_time_ns: 67126500; time_end_ns: 1742319225055710500; signal_val: None; RSSI_val: None; data: Class ID: 0, Confidence: 0.69, BBox: (219, 170, 284, 310)
Class ID: 2, Confidence: 0.69, BBox: (282, 192, 438, 253)
Class ID: 1, Confidence: 0.54, BBox: (133, 227, 296, 345)
2025-03-18 18:33:45,182 - log_time: 18:33:45.055; iteration: 0; image: 0; image_size: 751504; connection_time: 9892704411100; time_start_ns: 1742319225055710500; processing_time_ns: 65784800; time_end_ns: 1742319225182034500; signal_val: None; RSSI_val: None; data: Class ID: 0, Confidence: 0.69, BBox: (219, 170, 284, 310)
Class ID: 2, Confidence: 0.69, BBox: (282, 192, 438, 253)
Class ID: 1, Confidence: 0.54, BBox: (133, 227, 296, 345)
2025-03-18 18:33:45,307 - log_time: 18:33:45.182; iteration: 0; image: 0; image_size: 751504; connection_time: 9892704411100; time_start_ns: 1742319225183034000; processing_time_ns: 66693000; time_end_ns: 1742319225307418300; signal_val: None; RSSI_val: None; data: Class ID: 0, Confidence: 0.69, BBox: (219, 170, 284, 310)
Class ID: 2, Confidence: 0.69, BBox: (282, 192, 438, 253)
Class ID: 1, Confidence: 0.54, BBox: (133, 227, 296, 345)
2025-03-18 18:33:45,435 - log_time: 18:33:45.308; iteration: 0; image: 0; image_size: 751504; connection_time: 9892704411100; time_start_ns: 1742319225308420000; processing_time_ns: 66530500; time_end_ns: 1742319225434017700; signal_val: None; RSSI_val: None; data: Class ID: 0, Confidence: 0.69, BBox: (219, 170, 284, 310)
Class ID: 2, Confidence: 0.69, BBox: (282, 192, 438, 253)
Class ID: 1, Confidence: 0.54, BBox: (133, 227, 296, 345)
2025-03-18 18:33:45,601 - log_time: 18:33:45.435; iteration: 0; image: 0; image_size: 751504; connection_time: 9892704411100; time_start_ns: 1742319225435019100; processing_time_ns: 98527000; time_end_ns: 1742319225601143200; signal_val: None; RSSI_val: None; data: Class ID: 0, Confidence: 0.69, BBox: (219, 170, 284, 310)
Class ID: 2, Confidence: 0.69, BBox: (282, 192, 438, 253)
Class ID: 1, Confidence: 0.54, BBox: (133, 227, 296, 345)
2025-03-18 18:33:45,728 - log_time: 18:33:45.602; iteration: 0; image: 0; image_size: 751504; connection_time: 9892704411100; time_start_ns: 1742319225602145400; processing_time_ns: 65277100; time_end_ns: 1742319225728464100; signal_val: None; RSSI_val: None; data: Class ID: 0, Confidence: 0.69, BBox: (219, 170, 284, 310)
Class ID: 2, Confidence: 0.69, BBox: (282, 192, 438, 253)
Class ID: 1, Confidence: 0.54, BBox: (133, 227, 296, 345)
2025-03-18 18:33:45,862 - log_time: 18:33:45.729; iteration: 0; image: 0; image_size: 751504; connection_time: 9892704411100; time_start_ns: 1742319225729472800; processing_time_ns: 70365600; time_end_ns: 1742319225862250500; signal_val: None; RSSI_val: None; data: Class ID: 0, Confidence: 0.69, BBox: (219, 170, 284, 310)
Class ID: 2, Confidence: 0.69, BBox: (282, 192, 438, 253)
Class ID: 1, Confidence: 0.54, BBox: (133, 227, 296, 345)
2025-03-18 18:33:45,985 - log_time: 18:33:45.862; iteration: 0; image: 0; image_size: 751504; connection_time: 9892704411100; time_start_ns: 1742319225862250500; processing_time_ns: 65970000; time_end_ns: 1742319225985024600; signal_val: None; RSSI_val: None; data: Class ID: 0, Confidence: 0.69, BBox: (219, 170, 284, 310)
Class ID: 2, Confidence: 0.69, BBox: (282, 192, 438, 253)
Class ID: 1, Confidence: 0.54, BBox: (133, 227, 296, 345)
2025-03-18 18:33:46,113 - log_time: 18:33:45.985; iteration: 0; image: 0; image_size: 751504; connection_time: 9892704411100; time_start_ns: 1742319225985024600; processing_time_ns: 67314500; time_end_ns: 1742319226113787800; signal_val: None; RSSI_val: None; data: Class ID: 0, Confidence: 0.69, BBox: (219, 170, 284, 310)
Class ID: 2, Confidence: 0.69, BBox: (282, 192, 438, 253)
Class ID: 1, Confidence: 0.54, BBox: (133, 227, 296, 345)
2025-03-18 18:33:46,242 - log_time: 18:33:46.114; iteration: 0; image: 0; image_size: 751504; connection_time: 9892704411100; time_start_ns: 1742319226114786500; processing_time_ns: 69194700; time_end_ns: 1742319226242808600; signal_val: None; RSSI_val: None; data: Class ID: 0, Confidence: 0.69, BBox: (219, 170, 284, 310)
Class ID: 2, Confidence: 0.69, BBox: (282, 192, 438, 253)
Class ID: 1, Confidence: 0.54, BBox: (133, 227, 296, 345)
2025-03-18 18:33:46,371 - log_time: 18:33:46.243; iteration: 0; image: 0; image_size: 751504; connection_time: 9892704411100; time_start_ns: 1742319226243473000; processing_time_ns: 67824500; time_end_ns: 1742319226371010800; signal_val: None; RSSI_val: None; data: Class ID: 0, Confidence: 0.69, BBox: (219, 170, 284, 310)
Class ID: 2, Confidence: 0.69, BBox: (282, 192, 438, 253)
Class ID: 1, Confidence: 0.54, BBox: (133, 227, 296, 345)
2025-03-18 18:33:46,506 - log_time: 18:33:46.373; iteration: 0; image: 0; image_size: 751504; connection_time: 9892704411100; time_start_ns: 1742319226373021300; processing_time_ns: 71537000; time_end_ns: 1742319226506477900; signal_val: None; RSSI_val: None; data: Class ID: 0, Confidence: 0.69, BBox: (219, 170, 284, 310)
Class ID: 2, Confidence: 0.69, BBox: (282, 192, 438, 253)
Class ID: 1, Confidence: 0.54, BBox: (133, 227, 296, 345)
2025-03-18 18:33:46,653 - log_time: 18:33:46.506; iteration: 0; image: 0; image_size: 751504; connection_time: 9892704411100; time_start_ns: 1742319226506477900; processing_time_ns: 75514700; time_end_ns: 1742319226652815800; signal_val: None; RSSI_val: None; data: Class ID: 0, Confidence: 0.69, BBox: (219, 170, 284, 310)
Class ID: 2, Confidence: 0.69, BBox: (282, 192, 438, 253)
Class ID: 1, Confidence: 0.54, BBox: (133, 227, 296, 345)
2025-03-18 18:33:46,782 - log_time: 18:33:46.653; iteration: 0; image: 0; image_size: 751504; connection_time: 9892704411100; time_start_ns: 1742319226653814000; processing_time_ns: 66646700; time_end_ns: 1742319226782106600; signal_val: None; RSSI_val: None; data: Class ID: 0, Confidence: 0.69, BBox: (219, 170, 284, 310)
Class ID: 2, Confidence: 0.69, BBox: (282, 192, 438, 253)
Class ID: 1, Confidence: 0.54, BBox: (133, 227, 296, 345)
2025-03-18 18:33:46,914 - log_time: 18:33:46.783; iteration: 0; image: 0; image_size: 751504; connection_time: 9892704411100; time_start_ns: 1742319226783104300; processing_time_ns: 75525600; time_end_ns: 1742319226914956100; signal_val: None; RSSI_val: None; data: Class ID: 0, Confidence: 0.69, BBox: (219, 170, 284, 310)
Class ID: 2, Confidence: 0.69, BBox: (282, 192, 438, 253)
Class ID: 1, Confidence: 0.54, BBox: (133, 227, 296, 345)
2025-03-18 18:33:47,045 - log_time: 18:33:46.916; iteration: 0; image: 0; image_size: 751504; connection_time: 9892704411100; time_start_ns: 1742319226916987000; processing_time_ns: 68743300; time_end_ns: 1742319227045408600; signal_val: None; RSSI_val: None; data: Class ID: 0, Confidence: 0.69, BBox: (219, 170, 284, 310)
Class ID: 2, Confidence: 0.69, BBox: (282, 192, 438, 253)
Class ID: 1, Confidence: 0.54, BBox: (133, 227, 296, 345)
2025-03-18 18:33:47,179 - log_time: 18:33:47.046; iteration: 0; image: 0; image_size: 751504; connection_time: 9892704411100; time_start_ns: 1742319227046407000; processing_time_ns: 70620800; time_end_ns: 1742319227179864000; signal_val: None; RSSI_val: None; data: Class ID: 0, Confidence: 0.69, BBox: (219, 170, 284, 310)
Class ID: 2, Confidence: 0.69, BBox: (282, 192, 438, 253)
Class ID: 1, Confidence: 0.54, BBox: (133, 227, 296, 345)
2025-03-18 18:33:47,309 - log_time: 18:33:47.179; iteration: 0; image: 0; image_size: 751504; connection_time: 9892704411100; time_start_ns: 1742319227179864000; processing_time_ns: 70818300; time_end_ns: 1742319227309048100; signal_val: None; RSSI_val: None; data: Class ID: 0, Confidence: 0.69, BBox: (219, 170, 284, 310)
Class ID: 2, Confidence: 0.69, BBox: (282, 192, 438, 253)
Class ID: 1, Confidence: 0.54, BBox: (133, 227, 296, 345)
2025-03-18 18:33:47,438 - log_time: 18:33:47.309; iteration: 0; image: 0; image_size: 751504; connection_time: 9892704411100; time_start_ns: 1742319227310020700; processing_time_ns: 66820300; time_end_ns: 1742319227438632100; signal_val: None; RSSI_val: None; data: Class ID: 0, Confidence: 0.69, BBox: (219, 170, 284, 310)
Class ID: 2, Confidence: 0.69, BBox: (282, 192, 438, 253)
Class ID: 1, Confidence: 0.54, BBox: (133, 227, 296, 345)
2025-03-18 18:33:47,568 - log_time: 18:33:47.438; iteration: 0; image: 0; image_size: 751504; connection_time: 9892704411100; time_start_ns: 1742319227438632100; processing_time_ns: 66473800; time_end_ns: 1742319227568451800; signal_val: None; RSSI_val: None; data: Class ID: 0, Confidence: 0.69, BBox: (219, 170, 284, 310)
Class ID: 2, Confidence: 0.69, BBox: (282, 192, 438, 253)
Class ID: 1, Confidence: 0.54, BBox: (133, 227, 296, 345)
2025-03-18 18:33:47,697 - log_time: 18:33:47.570; iteration: 0; image: 0; image_size: 751504; connection_time: 9892704411100; time_start_ns: 1742319227570457900; processing_time_ns: 66745800; time_end_ns: 1742319227697361600; signal_val: None; RSSI_val: None; data: Class ID: 0, Confidence: 0.69, BBox: (219, 170, 284, 310)
Class ID: 2, Confidence: 0.69, BBox: (282, 192, 438, 253)
Class ID: 1, Confidence: 0.54, BBox: (133, 227, 296, 345)
2025-03-18 18:33:47,821 - log_time: 18:33:47.697; iteration: 0; image: 0; image_size: 751504; connection_time: 9892704411100; time_start_ns: 1742319227697361600; processing_time_ns: 66342300; time_end_ns: 1742319227821946200; signal_val: None; RSSI_val: None; data: Class ID: 0, Confidence: 0.69, BBox: (219, 170, 284, 310)
Class ID: 2, Confidence: 0.69, BBox: (282, 192, 438, 253)
Class ID: 1, Confidence: 0.54, BBox: (133, 227, 296, 345)
2025-03-18 18:33:47,950 - log_time: 18:33:47.822; iteration: 0; image: 0; image_size: 751504; connection_time: 9892704411100; time_start_ns: 1742319227822472500; processing_time_ns: 67456500; time_end_ns: 1742319227950918200; signal_val: None; RSSI_val: None; data: Class ID: 0, Confidence: 0.69, BBox: (219, 170, 284, 310)
Class ID: 2, Confidence: 0.69, BBox: (282, 192, 438, 253)
Class ID: 1, Confidence: 0.54, BBox: (133, 227, 296, 345)
2025-03-18 18:33:48,076 - log_time: 18:33:47.950; iteration: 0; image: 0; image_size: 751504; connection_time: 9892704411100; time_start_ns: 1742319227950918200; processing_time_ns: 64998100; time_end_ns: 1742319228076539000; signal_val: None; RSSI_val: None; data: Class ID: 0, Confidence: 0.69, BBox: (219, 170, 284, 310)
Class ID: 2, Confidence: 0.69, BBox: (282, 192, 438, 253)
Class ID: 1, Confidence: 0.54, BBox: (133, 227, 296, 345)
2025-03-18 18:33:48,207 - log_time: 18:33:48.077; iteration: 0; image: 0; image_size: 751504; connection_time: 9892704411100; time_start_ns: 1742319228077547400; processing_time_ns: 68573400; time_end_ns: 1742319228207152400; signal_val: None; RSSI_val: None; data: Class ID: 0, Confidence: 0.69, BBox: (219, 170, 284, 310)
Class ID: 2, Confidence: 0.69, BBox: (282, 192, 438, 253)
Class ID: 1, Confidence: 0.54, BBox: (133, 227, 296, 345)
2025-03-18 18:33:48,337 - log_time: 18:33:48.207; iteration: 0; image: 0; image_size: 751504; connection_time: 9892704411100; time_start_ns: 1742319228207152400; processing_time_ns: 67614200; time_end_ns: 1742319228337441100; signal_val: None; RSSI_val: None; data: Class ID: 0, Confidence: 0.69, BBox: (219, 170, 284, 310)
Class ID: 2, Confidence: 0.69, BBox: (282, 192, 438, 253)
Class ID: 1, Confidence: 0.54, BBox: (133, 227, 296, 345)
2025-03-18 18:33:48,465 - log_time: 18:33:48.337; iteration: 0; image: 0; image_size: 751504; connection_time: 9892704411100; time_start_ns: 1742319228337441100; processing_time_ns: 65742700; time_end_ns: 1742319228465886200; signal_val: None; RSSI_val: None; data: Class ID: 0, Confidence: 0.69, BBox: (219, 170, 284, 310)
Class ID: 2, Confidence: 0.69, BBox: (282, 192, 438, 253)
Class ID: 1, Confidence: 0.54, BBox: (133, 227, 296, 345)
2025-03-18 18:33:48,598 - log_time: 18:33:48.465; iteration: 0; image: 0; image_size: 751504; connection_time: 9892704411100; time_start_ns: 1742319228465886200; processing_time_ns: 66811800; time_end_ns: 1742319228598226100; signal_val: None; RSSI_val: None; data: Class ID: 0, Confidence: 0.69, BBox: (219, 170, 284, 310)
Class ID: 2, Confidence: 0.69, BBox: (282, 192, 438, 253)
Class ID: 1, Confidence: 0.54, BBox: (133, 227, 296, 345)
2025-03-18 18:33:48,740 - log_time: 18:33:48.598; iteration: 0; image: 0; image_size: 751504; connection_time: 9892704411100; time_start_ns: 1742319228598226100; processing_time_ns: 72623000; time_end_ns: 1742319228740342900; signal_val: None; RSSI_val: None; data: Class ID: 0, Confidence: 0.69, BBox: (219, 170, 284, 310)
Class ID: 2, Confidence: 0.69, BBox: (282, 192, 438, 253)
Class ID: 1, Confidence: 0.54, BBox: (133, 227, 296, 345)
2025-03-18 18:33:48,872 - log_time: 18:33:48.741; iteration: 0; image: 0; image_size: 751504; connection_time: 9892704411100; time_start_ns: 1742319228741341400; processing_time_ns: 71836100; time_end_ns: 1742319228871952700; signal_val: None; RSSI_val: None; data: Class ID: 0, Confidence: 0.69, BBox: (219, 170, 284, 310)
Class ID: 2, Confidence: 0.69, BBox: (282, 192, 438, 253)
Class ID: 1, Confidence: 0.54, BBox: (133, 227, 296, 345)
2025-03-18 18:33:49,047 - log_time: 18:33:48.872; iteration: 0; image: 0; image_size: 751504; connection_time: 9892704411100; time_start_ns: 1742319228872953000; processing_time_ns: 111686300; time_end_ns: 1742319229047637600; signal_val: None; RSSI_val: None; data: Class ID: 0, Confidence: 0.69, BBox: (219, 170, 284, 310)
Class ID: 2, Confidence: 0.69, BBox: (282, 192, 438, 253)
Class ID: 1, Confidence: 0.54, BBox: (133, 227, 296, 345)
2025-03-18 18:33:49,182 - log_time: 18:33:49.047; iteration: 0; image: 0; image_size: 751504; connection_time: 9892704411100; time_start_ns: 1742319229047637600; processing_time_ns: 70736000; time_end_ns: 1742319229182473900; signal_val: None; RSSI_val: None; data: Class ID: 0, Confidence: 0.69, BBox: (219, 170, 284, 310)
Class ID: 2, Confidence: 0.69, BBox: (282, 192, 438, 253)
Class ID: 1, Confidence: 0.54, BBox: (133, 227, 296, 345)
2025-03-18 18:33:49,315 - log_time: 18:33:49.183; iteration: 0; image: 0; image_size: 751504; connection_time: 9892704411100; time_start_ns: 1742319229183471400; processing_time_ns: 71718900; time_end_ns: 1742319229315356100; signal_val: None; RSSI_val: None; data: Class ID: 0, Confidence: 0.69, BBox: (219, 170, 284, 310)
Class ID: 2, Confidence: 0.69, BBox: (282, 192, 438, 253)
Class ID: 1, Confidence: 0.54, BBox: (133, 227, 296, 345)
2025-03-18 18:33:49,457 - log_time: 18:33:49.315; iteration: 0; image: 0; image_size: 751504; connection_time: 9892704411100; time_start_ns: 1742319229315356100; processing_time_ns: 74764900; time_end_ns: 1742319229457516500; signal_val: None; RSSI_val: None; data: Class ID: 0, Confidence: 0.69, BBox: (219, 170, 284, 310)
Class ID: 2, Confidence: 0.69, BBox: (282, 192, 438, 253)
Class ID: 1, Confidence: 0.54, BBox: (133, 227, 296, 345)
2025-03-18 18:33:49,586 - log_time: 18:33:49.458; iteration: 0; image: 0; image_size: 751504; connection_time: 9892704411100; time_start_ns: 1742319229458049400; processing_time_ns: 67934700; time_end_ns: 1742319229585452700; signal_val: None; RSSI_val: None; data: Class ID: 0, Confidence: 0.69, BBox: (219, 170, 284, 310)
Class ID: 2, Confidence: 0.69, BBox: (282, 192, 438, 253)
Class ID: 1, Confidence: 0.54, BBox: (133, 227, 296, 345)
2025-03-18 18:33:49,717 - log_time: 18:33:49.586; iteration: 0; image: 0; image_size: 751504; connection_time: 9892704411100; time_start_ns: 1742319229586452800; processing_time_ns: 70225100; time_end_ns: 1742319229717756900; signal_val: None; RSSI_val: None; data: Class ID: 0, Confidence: 0.69, BBox: (219, 170, 284, 310)
Class ID: 2, Confidence: 0.69, BBox: (282, 192, 438, 253)
Class ID: 1, Confidence: 0.54, BBox: (133, 227, 296, 345)
2025-03-18 18:33:49,851 - log_time: 18:33:49.719; iteration: 0; image: 0; image_size: 751504; connection_time: 9892704411100; time_start_ns: 1742319229719764300; processing_time_ns: 67603800; time_end_ns: 1742319229851138300; signal_val: None; RSSI_val: None; data: Class ID: 0, Confidence: 0.69, BBox: (219, 170, 284, 310)
Class ID: 2, Confidence: 0.69, BBox: (282, 192, 438, 253)
Class ID: 1, Confidence: 0.54, BBox: (133, 227, 296, 345)
2025-03-18 18:33:49,983 - log_time: 18:33:49.851; iteration: 0; image: 0; image_size: 751504; connection_time: 9892704411100; time_start_ns: 1742319229851138300; processing_time_ns: 67936200; time_end_ns: 1742319229983009600; signal_val: None; RSSI_val: None; data: Class ID: 0, Confidence: 0.69, BBox: (219, 170, 284, 310)
Class ID: 2, Confidence: 0.69, BBox: (282, 192, 438, 253)
Class ID: 1, Confidence: 0.54, BBox: (133, 227, 296, 345)
2025-03-18 18:33:50,114 - log_time: 18:33:49.984; iteration: 0; image: 0; image_size: 751504; connection_time: 9892704411100; time_start_ns: 1742319229984013600; processing_time_ns: 69793800; time_end_ns: 1742319230114247500; signal_val: None; RSSI_val: None; data: Class ID: 0, Confidence: 0.69, BBox: (219, 170, 284, 310)
Class ID: 2, Confidence: 0.69, BBox: (282, 192, 438, 253)
Class ID: 1, Confidence: 0.54, BBox: (133, 227, 296, 345)
2025-03-18 18:33:50,251 - log_time: 18:33:50.114; iteration: 0; image: 0; image_size: 751504; connection_time: 9892704411100; time_start_ns: 1742319230115257000; processing_time_ns: 73764700; time_end_ns: 1742319230250052300; signal_val: None; RSSI_val: None; data: Class ID: 0, Confidence: 0.69, BBox: (219, 170, 284, 310)
Class ID: 2, Confidence: 0.69, BBox: (282, 192, 438, 253)
Class ID: 1, Confidence: 0.54, BBox: (133, 227, 296, 345)
2025-03-18 18:33:50,382 - log_time: 18:33:50.251; iteration: 0; image: 0; image_size: 751504; connection_time: 9892704411100; time_start_ns: 1742319230251051300; processing_time_ns: 70596500; time_end_ns: 1742319230382178400; signal_val: None; RSSI_val: None; data: Class ID: 0, Confidence: 0.69, BBox: (219, 170, 284, 310)
Class ID: 2, Confidence: 0.69, BBox: (282, 192, 438, 253)
Class ID: 1, Confidence: 0.54, BBox: (133, 227, 296, 345)
2025-03-18 18:33:50,516 - log_time: 18:33:50.383; iteration: 0; image: 0; image_size: 751504; connection_time: 9892704411100; time_start_ns: 1742319230383177500; processing_time_ns: 71926200; time_end_ns: 1742319230515830100; signal_val: None; RSSI_val: None; data: Class ID: 0, Confidence: 0.69, BBox: (219, 170, 284, 310)
Class ID: 2, Confidence: 0.69, BBox: (282, 192, 438, 253)
Class ID: 1, Confidence: 0.54, BBox: (133, 227, 296, 345)
2025-03-18 18:33:50,647 - log_time: 18:33:50.516; iteration: 0; image: 0; image_size: 751504; connection_time: 9892704411100; time_start_ns: 1742319230516828900; processing_time_ns: 68298400; time_end_ns: 1742319230647054600; signal_val: None; RSSI_val: None; data: Class ID: 0, Confidence: 0.69, BBox: (219, 170, 284, 310)
Class ID: 2, Confidence: 0.69, BBox: (282, 192, 438, 253)
Class ID: 1, Confidence: 0.54, BBox: (133, 227, 296, 345)
2025-03-18 18:33:50,803 - log_time: 18:33:50.647; iteration: 0; image: 0; image_size: 751504; connection_time: 9892704411100; time_start_ns: 1742319230647054600; processing_time_ns: 95926600; time_end_ns: 1742319230802513300; signal_val: None; RSSI_val: None; data: Class ID: 0, Confidence: 0.69, BBox: (219, 170, 284, 310)
Class ID: 2, Confidence: 0.69, BBox: (282, 192, 438, 253)
Class ID: 1, Confidence: 0.54, BBox: (133, 227, 296, 345)
2025-03-18 18:33:50,937 - log_time: 18:33:50.803; iteration: 0; image: 0; image_size: 751504; connection_time: 9892704411100; time_start_ns: 1742319230803584700; processing_time_ns: 69524500; time_end_ns: 1742319230937885800; signal_val: None; RSSI_val: None; data: Class ID: 0, Confidence: 0.69, BBox: (219, 170, 284, 310)
Class ID: 2, Confidence: 0.69, BBox: (282, 192, 438, 253)
Class ID: 1, Confidence: 0.54, BBox: (133, 227, 296, 345)
2025-03-18 18:33:51,067 - log_time: 18:33:50.938; iteration: 0; image: 0; image_size: 751504; connection_time: 9892704411100; time_start_ns: 1742319230938879000; processing_time_ns: 67840800; time_end_ns: 1742319231067926600; signal_val: None; RSSI_val: None; data: Class ID: 0, Confidence: 0.69, BBox: (219, 170, 284, 310)
Class ID: 2, Confidence: 0.69, BBox: (282, 192, 438, 253)
Class ID: 1, Confidence: 0.54, BBox: (133, 227, 296, 345)
2025-03-18 18:33:51,202 - log_time: 18:33:51.067; iteration: 0; image: 0; image_size: 751504; connection_time: 9892704411100; time_start_ns: 1742319231067926600; processing_time_ns: 69365200; time_end_ns: 1742319231202035800; signal_val: None; RSSI_val: None; data: Class ID: 0, Confidence: 0.69, BBox: (219, 170, 284, 310)
Class ID: 2, Confidence: 0.69, BBox: (282, 192, 438, 253)
Class ID: 1, Confidence: 0.54, BBox: (133, 227, 296, 345)
2025-03-18 18:33:51,333 - log_time: 18:33:51.202; iteration: 0; image: 0; image_size: 751504; connection_time: 9892704411100; time_start_ns: 1742319231202035800; processing_time_ns: 68979800; time_end_ns: 1742319231333133400; signal_val: None; RSSI_val: None; data: Class ID: 0, Confidence: 0.69, BBox: (219, 170, 284, 310)
Class ID: 2, Confidence: 0.69, BBox: (282, 192, 438, 253)
Class ID: 1, Confidence: 0.54, BBox: (133, 227, 296, 345)
2025-03-18 18:33:51,470 - log_time: 18:33:51.333; iteration: 0; image: 0; image_size: 751504; connection_time: 9892704411100; time_start_ns: 1742319231333133400; processing_time_ns: 70906700; time_end_ns: 1742319231470538600; signal_val: None; RSSI_val: None; data: Class ID: 0, Confidence: 0.69, BBox: (219, 170, 284, 310)
Class ID: 2, Confidence: 0.69, BBox: (282, 192, 438, 253)
Class ID: 1, Confidence: 0.54, BBox: (133, 227, 296, 345)
2025-03-18 18:33:51,603 - log_time: 18:33:51.471; iteration: 0; image: 0; image_size: 751504; connection_time: 9892704411100; time_start_ns: 1742319231471537000; processing_time_ns: 68023900; time_end_ns: 1742319231603047500; signal_val: None; RSSI_val: None; data: Class ID: 0, Confidence: 0.69, BBox: (219, 170, 284, 310)
Class ID: 2, Confidence: 0.69, BBox: (282, 192, 438, 253)
Class ID: 1, Confidence: 0.54, BBox: (133, 227, 296, 345)
2025-03-18 18:33:51,732 - log_time: 18:33:51.604; iteration: 0; image: 0; image_size: 751504; connection_time: 9892704411100; time_start_ns: 1742319231604052800; processing_time_ns: 66817300; time_end_ns: 1742319231732732300; signal_val: None; RSSI_val: None; data: Class ID: 0, Confidence: 0.69, BBox: (219, 170, 284, 310)
Class ID: 2, Confidence: 0.69, BBox: (282, 192, 438, 253)
Class ID: 1, Confidence: 0.54, BBox: (133, 227, 296, 345)
2025-03-18 18:33:51,861 - log_time: 18:33:51.732; iteration: 0; image: 0; image_size: 751504; connection_time: 9892704411100; time_start_ns: 1742319231733731000; processing_time_ns: 70063600; time_end_ns: 1742319231861844000; signal_val: None; RSSI_val: None; data: Class ID: 0, Confidence: 0.69, BBox: (219, 170, 284, 310)
Class ID: 2, Confidence: 0.69, BBox: (282, 192, 438, 253)
Class ID: 1, Confidence: 0.54, BBox: (133, 227, 296, 345)
2025-03-18 18:33:51,993 - log_time: 18:33:51.862; iteration: 0; image: 0; image_size: 751504; connection_time: 9892704411100; time_start_ns: 1742319231862842900; processing_time_ns: 69574800; time_end_ns: 1742319231992712400; signal_val: None; RSSI_val: None; data: Class ID: 0, Confidence: 0.69, BBox: (219, 170, 284, 310)
Class ID: 2, Confidence: 0.69, BBox: (282, 192, 438, 253)
Class ID: 1, Confidence: 0.54, BBox: (133, 227, 296, 345)
2025-03-18 18:33:52,121 - log_time: 18:33:51.993; iteration: 0; image: 0; image_size: 751504; connection_time: 9892704411100; time_start_ns: 1742319231993724200; processing_time_ns: 66548100; time_end_ns: 1742319232121490800; signal_val: None; RSSI_val: None; data: Class ID: 0, Confidence: 0.69, BBox: (219, 170, 284, 310)
Class ID: 2, Confidence: 0.69, BBox: (282, 192, 438, 253)
Class ID: 1, Confidence: 0.54, BBox: (133, 227, 296, 345)
2025-03-18 18:33:52,250 - log_time: 18:33:52.121; iteration: 0; image: 0; image_size: 751504; connection_time: 9892704411100; time_start_ns: 1742319232121490800; processing_time_ns: 68586600; time_end_ns: 1742319232250846300; signal_val: None; RSSI_val: None; data: Class ID: 0, Confidence: 0.69, BBox: (219, 170, 284, 310)
Class ID: 2, Confidence: 0.69, BBox: (282, 192, 438, 253)
Class ID: 1, Confidence: 0.54, BBox: (133, 227, 296, 345)
2025-03-18 18:33:52,384 - log_time: 18:33:52.251; iteration: 0; image: 0; image_size: 751504; connection_time: 9892704411100; time_start_ns: 1742319232251845100; processing_time_ns: 71381300; time_end_ns: 1742319232383685400; signal_val: None; RSSI_val: None; data: Class ID: 0, Confidence: 0.69, BBox: (219, 170, 284, 310)
Class ID: 2, Confidence: 0.69, BBox: (282, 192, 438, 253)
Class ID: 1, Confidence: 0.54, BBox: (133, 227, 296, 345)
2025-03-18 18:33:52,551 - log_time: 18:33:52.384; iteration: 0; image: 0; image_size: 751504; connection_time: 9892704411100; time_start_ns: 1742319232384683500; processing_time_ns: 75092700; time_end_ns: 1742319232551691300; signal_val: None; RSSI_val: None; data: Class ID: 0, Confidence: 0.69, BBox: (219, 170, 284, 310)
Class ID: 2, Confidence: 0.69, BBox: (282, 192, 438, 253)
Class ID: 1, Confidence: 0.54, BBox: (133, 227, 296, 345)
2025-03-18 18:33:52,733 - log_time: 18:33:52.551; iteration: 0; image: 0; image_size: 751504; connection_time: 9892704411100; time_start_ns: 1742319232551691300; processing_time_ns: 111810600; time_end_ns: 1742319232733874600; signal_val: None; RSSI_val: None; data: Class ID: 0, Confidence: 0.69, BBox: (219, 170, 284, 310)
Class ID: 2, Confidence: 0.69, BBox: (282, 192, 438, 253)
Class ID: 1, Confidence: 0.54, BBox: (133, 227, 296, 345)
2025-03-18 18:33:52,895 - log_time: 18:33:52.736; iteration: 0; image: 0; image_size: 751504; connection_time: 9892704411100; time_start_ns: 1742319232736390900; processing_time_ns: 84814800; time_end_ns: 1742319232895119700; signal_val: None; RSSI_val: None; data: Class ID: 0, Confidence: 0.69, BBox: (219, 170, 284, 310)
Class ID: 2, Confidence: 0.69, BBox: (282, 192, 438, 253)
Class ID: 1, Confidence: 0.54, BBox: (133, 227, 296, 345)
2025-03-18 18:33:53,036 - log_time: 18:33:52.895; iteration: 0; image: 0; image_size: 751504; connection_time: 9892704411100; time_start_ns: 1742319232895649400; processing_time_ns: 71120500; time_end_ns: 1742319233036066400; signal_val: None; RSSI_val: None; data: Class ID: 0, Confidence: 0.69, BBox: (219, 170, 284, 310)
Class ID: 2, Confidence: 0.69, BBox: (282, 192, 438, 253)
Class ID: 1, Confidence: 0.54, BBox: (133, 227, 296, 345)
2025-03-18 18:33:53,166 - log_time: 18:33:53.036; iteration: 0; image: 0; image_size: 751504; connection_time: 9892704411100; time_start_ns: 1742319233036066400; processing_time_ns: 66258000; time_end_ns: 1742319233166405400; signal_val: None; RSSI_val: None; data: Class ID: 0, Confidence: 0.69, BBox: (219, 170, 284, 310)
Class ID: 2, Confidence: 0.69, BBox: (282, 192, 438, 253)
Class ID: 1, Confidence: 0.54, BBox: (133, 227, 296, 345)
2025-03-18 18:33:53,298 - log_time: 18:33:53.166; iteration: 0; image: 0; image_size: 751504; connection_time: 9892704411100; time_start_ns: 1742319233166405400; processing_time_ns: 69931900; time_end_ns: 1742319233298619200; signal_val: None; RSSI_val: None; data: Class ID: 0, Confidence: 0.69, BBox: (219, 170, 284, 310)
Class ID: 2, Confidence: 0.69, BBox: (282, 192, 438, 253)
Class ID: 1, Confidence: 0.54, BBox: (133, 227, 296, 345)
2025-03-18 18:33:53,432 - log_time: 18:33:53.299; iteration: 0; image: 0; image_size: 751504; connection_time: 9892704411100; time_start_ns: 1742319233299620000; processing_time_ns: 69766100; time_end_ns: 1742319233432976200; signal_val: None; RSSI_val: None; data: Class ID: 0, Confidence: 0.69, BBox: (219, 170, 284, 310)
Class ID: 2, Confidence: 0.69, BBox: (282, 192, 438, 253)
Class ID: 1, Confidence: 0.54, BBox: (133, 227, 296, 345)
2025-03-18 18:33:53,563 - log_time: 18:33:53.432; iteration: 0; image: 0; image_size: 751504; connection_time: 9892704411100; time_start_ns: 1742319233432976200; processing_time_ns: 68915000; time_end_ns: 1742319233563386600; signal_val: None; RSSI_val: None; data: Class ID: 0, Confidence: 0.69, BBox: (219, 170, 284, 310)
Class ID: 2, Confidence: 0.69, BBox: (282, 192, 438, 253)
Class ID: 1, Confidence: 0.54, BBox: (133, 227, 296, 345)
2025-03-18 18:33:53,690 - log_time: 18:33:53.563; iteration: 0; image: 0; image_size: 751504; connection_time: 9892704411100; time_start_ns: 1742319233563386600; processing_time_ns: 68663100; time_end_ns: 1742319233690392400; signal_val: None; RSSI_val: None; data: Class ID: 0, Confidence: 0.69, BBox: (219, 170, 284, 310)
Class ID: 2, Confidence: 0.69, BBox: (282, 192, 438, 253)
Class ID: 1, Confidence: 0.54, BBox: (133, 227, 296, 345)
2025-03-18 18:33:53,826 - log_time: 18:33:53.690; iteration: 0; image: 0; image_size: 751504; connection_time: 9892704411100; time_start_ns: 1742319233690392400; processing_time_ns: 75816500; time_end_ns: 1742319233826648800; signal_val: None; RSSI_val: None; data: Class ID: 0, Confidence: 0.69, BBox: (219, 170, 284, 310)
Class ID: 2, Confidence: 0.69, BBox: (282, 192, 438, 253)
Class ID: 1, Confidence: 0.54, BBox: (133, 227, 296, 345)
2025-03-18 18:33:53,958 - log_time: 18:33:53.827; iteration: 0; image: 0; image_size: 751504; connection_time: 9892704411100; time_start_ns: 1742319233827217800; processing_time_ns: 68530400; time_end_ns: 1742319233958137100; signal_val: None; RSSI_val: None; data: Class ID: 0, Confidence: 0.69, BBox: (219, 170, 284, 310)
Class ID: 2, Confidence: 0.69, BBox: (282, 192, 438, 253)
Class ID: 1, Confidence: 0.54, BBox: (133, 227, 296, 345)
2025-03-18 18:33:54,093 - log_time: 18:33:53.958; iteration: 0; image: 0; image_size: 751504; connection_time: 9892704411100; time_start_ns: 1742319233958681500; processing_time_ns: 71767600; time_end_ns: 1742319234093854200; signal_val: None; RSSI_val: None; data: Class ID: 0, Confidence: 0.69, BBox: (219, 170, 284, 310)
Class ID: 2, Confidence: 0.69, BBox: (282, 192, 438, 253)
Class ID: 1, Confidence: 0.54, BBox: (133, 227, 296, 345)
2025-03-18 18:33:54,223 - log_time: 18:33:54.093; iteration: 0; image: 0; image_size: 751504; connection_time: 9892704411100; time_start_ns: 1742319234093854200; processing_time_ns: 67849100; time_end_ns: 1742319234223089300; signal_val: None; RSSI_val: None; data: Class ID: 0, Confidence: 0.69, BBox: (219, 170, 284, 310)
Class ID: 2, Confidence: 0.69, BBox: (282, 192, 438, 253)
Class ID: 1, Confidence: 0.54, BBox: (133, 227, 296, 345)
2025-03-18 18:33:54,362 - log_time: 18:33:54.223; iteration: 0; image: 0; image_size: 751504; connection_time: 9892704411100; time_start_ns: 1742319234223089300; processing_time_ns: 75801800; time_end_ns: 1742319234362489300; signal_val: None; RSSI_val: None; data: Class ID: 0, Confidence: 0.69, BBox: (219, 170, 284, 310)
Class ID: 2, Confidence: 0.69, BBox: (282, 192, 438, 253)
Class ID: 1, Confidence: 0.54, BBox: (133, 227, 296, 345)
2025-03-18 18:33:54,497 - log_time: 18:33:54.363; iteration: 0; image: 0; image_size: 751504; connection_time: 9892704411100; time_start_ns: 1742319234363490300; processing_time_ns: 68358000; time_end_ns: 1742319234497018800; signal_val: None; RSSI_val: None; data: Class ID: 0, Confidence: 0.69, BBox: (219, 170, 284, 310)
Class ID: 2, Confidence: 0.69, BBox: (282, 192, 438, 253)
Class ID: 1, Confidence: 0.54, BBox: (133, 227, 296, 345)
2025-03-18 18:33:54,625 - log_time: 18:33:54.498; iteration: 0; image: 0; image_size: 751504; connection_time: 9892704411100; time_start_ns: 1742319234498017400; processing_time_ns: 68541200; time_end_ns: 1742319234625133800; signal_val: None; RSSI_val: None; data: Class ID: 0, Confidence: 0.69, BBox: (219, 170, 284, 310)
Class ID: 2, Confidence: 0.69, BBox: (282, 192, 438, 253)
Class ID: 1, Confidence: 0.54, BBox: (133, 227, 296, 345)
2025-03-18 18:33:54,758 - log_time: 18:33:54.625; iteration: 0; image: 0; image_size: 751504; connection_time: 9892704411100; time_start_ns: 1742319234625989900; processing_time_ns: 71728300; time_end_ns: 1742319234757740000; signal_val: None; RSSI_val: None; data: Class ID: 0, Confidence: 0.69, BBox: (219, 170, 284, 310)
Class ID: 2, Confidence: 0.69, BBox: (282, 192, 438, 253)
Class ID: 1, Confidence: 0.54, BBox: (133, 227, 296, 345)
2025-03-18 18:33:54,887 - log_time: 18:33:54.759; iteration: 0; image: 0; image_size: 751504; connection_time: 9892704411100; time_start_ns: 1742319234759287500; processing_time_ns: 70461100; time_end_ns: 1742319234887756600; signal_val: None; RSSI_val: None; data: Class ID: 0, Confidence: 0.69, BBox: (219, 170, 284, 310)
Class ID: 2, Confidence: 0.69, BBox: (282, 192, 438, 253)
Class ID: 1, Confidence: 0.54, BBox: (133, 227, 296, 345)
2025-03-18 18:33:55,034 - log_time: 18:33:54.888; iteration: 0; image: 0; image_size: 751504; connection_time: 9892704411100; time_start_ns: 1742319234888759500; processing_time_ns: 83947400; time_end_ns: 1742319235032604500; signal_val: None; RSSI_val: None; data: Class ID: 0, Confidence: 0.69, BBox: (219, 170, 284, 310)
Class ID: 2, Confidence: 0.69, BBox: (282, 192, 438, 253)
Class ID: 1, Confidence: 0.54, BBox: (133, 227, 296, 345)
2025-03-18 18:33:55,169 - log_time: 18:33:55.034; iteration: 0; image: 0; image_size: 751504; connection_time: 9892704411100; time_start_ns: 1742319235034646400; processing_time_ns: 67101800; time_end_ns: 1742319235169667800; signal_val: None; RSSI_val: None; data: Class ID: 0, Confidence: 0.69, BBox: (219, 170, 284, 310)
Class ID: 2, Confidence: 0.69, BBox: (282, 192, 438, 253)
Class ID: 1, Confidence: 0.54, BBox: (133, 227, 296, 345)
2025-03-18 18:33:55,299 - log_time: 18:33:55.170; iteration: 0; image: 0; image_size: 751504; connection_time: 9892704411100; time_start_ns: 1742319235170672200; processing_time_ns: 68021900; time_end_ns: 1742319235299094300; signal_val: None; RSSI_val: None; data: Class ID: 0, Confidence: 0.69, BBox: (219, 170, 284, 310)
Class ID: 2, Confidence: 0.69, BBox: (282, 192, 438, 253)
Class ID: 1, Confidence: 0.54, BBox: (133, 227, 296, 345)
2025-03-18 18:33:55,441 - log_time: 18:33:55.299; iteration: 0; image: 0; image_size: 751504; connection_time: 9892704411100; time_start_ns: 1742319235299094300; processing_time_ns: 77131600; time_end_ns: 1742319235441627100; signal_val: None; RSSI_val: None; data: Class ID: 0, Confidence: 0.69, BBox: (219, 170, 284, 310)
Class ID: 2, Confidence: 0.69, BBox: (282, 192, 438, 253)
Class ID: 1, Confidence: 0.54, BBox: (133, 227, 296, 345)
2025-03-18 18:33:55,583 - log_time: 18:33:55.442; iteration: 0; image: 0; image_size: 751504; connection_time: 9892704411100; time_start_ns: 1742319235442317200; processing_time_ns: 77465800; time_end_ns: 1742319235583593900; signal_val: None; RSSI_val: None; data: Class ID: 0, Confidence: 0.69, BBox: (219, 170, 284, 310)
Class ID: 2, Confidence: 0.69, BBox: (282, 192, 438, 253)
Class ID: 1, Confidence: 0.54, BBox: (133, 227, 296, 345)
2025-03-18 18:33:55,710 - log_time: 18:33:55.583; iteration: 0; image: 0; image_size: 751504; connection_time: 9892704411100; time_start_ns: 1742319235583593900; processing_time_ns: 63953700; time_end_ns: 1742319235710658900; signal_val: None; RSSI_val: None; data: Class ID: 0, Confidence: 0.69, BBox: (219, 170, 284, 310)
Class ID: 2, Confidence: 0.69, BBox: (282, 192, 438, 253)
Class ID: 1, Confidence: 0.54, BBox: (133, 227, 296, 345)
2025-03-18 18:33:55,849 - log_time: 18:33:55.710; iteration: 0; image: 0; image_size: 751504; connection_time: 9892704411100; time_start_ns: 1742319235710658900; processing_time_ns: 74085900; time_end_ns: 1742319235849440500; signal_val: None; RSSI_val: None; data: Class ID: 0, Confidence: 0.69, BBox: (219, 170, 284, 310)
Class ID: 2, Confidence: 0.69, BBox: (282, 192, 438, 253)
Class ID: 1, Confidence: 0.54, BBox: (133, 227, 296, 345)
2025-03-18 18:33:55,981 - log_time: 18:33:55.850; iteration: 0; image: 0; image_size: 751504; connection_time: 9892704411100; time_start_ns: 1742319235850438000; processing_time_ns: 68203800; time_end_ns: 1742319235981641400; signal_val: None; RSSI_val: None; data: Class ID: 0, Confidence: 0.69, BBox: (219, 170, 284, 310)
Class ID: 2, Confidence: 0.69, BBox: (282, 192, 438, 253)
Class ID: 1, Confidence: 0.54, BBox: (133, 227, 296, 345)
2025-03-18 18:33:56,149 - log_time: 18:33:55.981; iteration: 0; image: 0; image_size: 751504; connection_time: 9892704411100; time_start_ns: 1742319235981641400; processing_time_ns: 74364600; time_end_ns: 1742319236149255800; signal_val: None; RSSI_val: None; data: Class ID: 0, Confidence: 0.69, BBox: (219, 170, 284, 310)
Class ID: 2, Confidence: 0.69, BBox: (282, 192, 438, 253)
Class ID: 1, Confidence: 0.54, BBox: (133, 227, 296, 345)
2025-03-18 18:33:56,278 - log_time: 18:33:56.150; iteration: 0; image: 0; image_size: 751504; connection_time: 9892704411100; time_start_ns: 1742319236150255200; processing_time_ns: 68971400; time_end_ns: 1742319236278292000; signal_val: None; RSSI_val: None; data: Class ID: 0, Confidence: 0.69, BBox: (219, 170, 284, 310)
Class ID: 2, Confidence: 0.69, BBox: (282, 192, 438, 253)
Class ID: 1, Confidence: 0.54, BBox: (133, 227, 296, 345)
2025-03-18 18:33:56,411 - log_time: 18:33:56.278; iteration: 0; image: 0; image_size: 751504; connection_time: 9892704411100; time_start_ns: 1742319236278292000; processing_time_ns: 73280100; time_end_ns: 1742319236410900100; signal_val: None; RSSI_val: None; data: Class ID: 0, Confidence: 0.69, BBox: (219, 170, 284, 310)
Class ID: 2, Confidence: 0.69, BBox: (282, 192, 438, 253)
Class ID: 1, Confidence: 0.54, BBox: (133, 227, 296, 345)
2025-03-18 18:33:56,539 - log_time: 18:33:56.411; iteration: 0; image: 0; image_size: 751504; connection_time: 9892704411100; time_start_ns: 1742319236411901200; processing_time_ns: 68103500; time_end_ns: 1742319236539481600; signal_val: None; RSSI_val: None; data: Class ID: 0, Confidence: 0.69, BBox: (219, 170, 284, 310)
Class ID: 2, Confidence: 0.69, BBox: (282, 192, 438, 253)
Class ID: 1, Confidence: 0.54, BBox: (133, 227, 296, 345)
2025-03-18 18:33:56,671 - log_time: 18:33:56.542; iteration: 0; image: 0; image_size: 751504; connection_time: 9892704411100; time_start_ns: 1742319236542145900; processing_time_ns: 70030900; time_end_ns: 1742319236670982400; signal_val: None; RSSI_val: None; data: Class ID: 0, Confidence: 0.69, BBox: (219, 170, 284, 310)
Class ID: 2, Confidence: 0.69, BBox: (282, 192, 438, 253)
Class ID: 1, Confidence: 0.54, BBox: (133, 227, 296, 345)
2025-03-18 18:33:56,801 - log_time: 18:33:56.671; iteration: 0; image: 0; image_size: 751504; connection_time: 9892704411100; time_start_ns: 1742319236671980600; processing_time_ns: 68034900; time_end_ns: 1742319236801817300; signal_val: None; RSSI_val: None; data: Class ID: 0, Confidence: 0.69, BBox: (219, 170, 284, 310)
Class ID: 2, Confidence: 0.69, BBox: (282, 192, 438, 253)
Class ID: 1, Confidence: 0.54, BBox: (133, 227, 296, 345)
2025-03-18 18:33:56,961 - log_time: 18:33:56.801; iteration: 0; image: 0; image_size: 751504; connection_time: 9892704411100; time_start_ns: 1742319236801817300; processing_time_ns: 93327000; time_end_ns: 1742319236961627200; signal_val: None; RSSI_val: None; data: Class ID: 0, Confidence: 0.69, BBox: (219, 170, 284, 310)
Class ID: 2, Confidence: 0.69, BBox: (282, 192, 438, 253)
Class ID: 1, Confidence: 0.54, BBox: (133, 227, 296, 345)
2025-03-18 18:33:57,141 - log_time: 18:33:56.961; iteration: 0; image: 0; image_size: 751504; connection_time: 9892704411100; time_start_ns: 1742319236961627200; processing_time_ns: 107198700; time_end_ns: 1742319237141507500; signal_val: None; RSSI_val: None; data: Class ID: 0, Confidence: 0.69, BBox: (219, 170, 284, 310)
Class ID: 2, Confidence: 0.69, BBox: (282, 192, 438, 253)
Class ID: 1, Confidence: 0.54, BBox: (133, 227, 296, 345)
2025-03-18 18:33:57,301 - log_time: 18:33:57.142; iteration: 0; image: 0; image_size: 751504; connection_time: 9892704411100; time_start_ns: 1742319237142062900; processing_time_ns: 82686100; time_end_ns: 1742319237301426400; signal_val: None; RSSI_val: None; data: Class ID: 0, Confidence: 0.69, BBox: (219, 170, 284, 310)
Class ID: 2, Confidence: 0.69, BBox: (282, 192, 438, 253)
Class ID: 1, Confidence: 0.54, BBox: (133, 227, 296, 345)
2025-03-18 18:33:57,450 - log_time: 18:33:57.301; iteration: 0; image: 0; image_size: 751504; connection_time: 9892704411100; time_start_ns: 1742319237302426300; processing_time_ns: 81229000; time_end_ns: 1742319237450168200; signal_val: None; RSSI_val: None; data: Class ID: 0, Confidence: 0.69, BBox: (219, 170, 284, 310)
Class ID: 2, Confidence: 0.69, BBox: (282, 192, 438, 253)
Class ID: 1, Confidence: 0.54, BBox: (133, 227, 296, 345)
2025-03-18 18:33:57,600 - log_time: 18:33:57.451; iteration: 0; image: 0; image_size: 751504; connection_time: 9892704411100; time_start_ns: 1742319237451165100; processing_time_ns: 83213000; time_end_ns: 1742319237600430900; signal_val: None; RSSI_val: None; data: Class ID: 0, Confidence: 0.69, BBox: (219, 170, 284, 310)
Class ID: 2, Confidence: 0.69, BBox: (282, 192, 438, 253)
Class ID: 1, Confidence: 0.54, BBox: (133, 227, 296, 345)
2025-03-18 18:33:57,751 - log_time: 18:33:57.601; iteration: 0; image: 0; image_size: 751504; connection_time: 9892704411100; time_start_ns: 1742319237601430100; processing_time_ns: 79921600; time_end_ns: 1742319237751871800; signal_val: None; RSSI_val: None; data: Class ID: 0, Confidence: 0.69, BBox: (219, 170, 284, 310)
Class ID: 2, Confidence: 0.69, BBox: (282, 192, 438, 253)
Class ID: 1, Confidence: 0.54, BBox: (133, 227, 296, 345)
2025-03-18 18:33:57,900 - log_time: 18:33:57.752; iteration: 0; image: 0; image_size: 751504; connection_time: 9892704411100; time_start_ns: 1742319237752870600; processing_time_ns: 84507500; time_end_ns: 1742319237900983900; signal_val: None; RSSI_val: None; data: Class ID: 0, Confidence: 0.69, BBox: (219, 170, 284, 310)
Class ID: 2, Confidence: 0.69, BBox: (282, 192, 438, 253)
Class ID: 1, Confidence: 0.54, BBox: (133, 227, 296, 345)
2025-03-18 18:33:58,055 - log_time: 18:33:57.901; iteration: 0; image: 0; image_size: 751504; connection_time: 9892704411100; time_start_ns: 1742319237901981100; processing_time_ns: 83732600; time_end_ns: 1742319238055335500; signal_val: None; RSSI_val: None; data: Class ID: 0, Confidence: 0.69, BBox: (219, 170, 284, 310)
Class ID: 2, Confidence: 0.69, BBox: (282, 192, 438, 253)
Class ID: 1, Confidence: 0.54, BBox: (133, 227, 296, 345)
2025-03-18 18:33:58,223 - log_time: 18:33:58.056; iteration: 0; image: 0; image_size: 751504; connection_time: 9892704411100; time_start_ns: 1742319238056329700; processing_time_ns: 96717300; time_end_ns: 1742319238223028900; signal_val: None; RSSI_val: None; data: Class ID: 0, Confidence: 0.69, BBox: (219, 170, 284, 310)
Class ID: 2, Confidence: 0.69, BBox: (282, 192, 438, 253)
Class ID: 1, Confidence: 0.54, BBox: (133, 227, 296, 345)
2025-03-18 18:33:58,374 - log_time: 18:33:58.224; iteration: 0; image: 0; image_size: 751504; connection_time: 9892704411100; time_start_ns: 1742319238224028300; processing_time_ns: 78889700; time_end_ns: 1742319238374613800; signal_val: None; RSSI_val: None; data: Class ID: 0, Confidence: 0.69, BBox: (219, 170, 284, 310)
Class ID: 2, Confidence: 0.69, BBox: (282, 192, 438, 253)
Class ID: 1, Confidence: 0.54, BBox: (133, 227, 296, 345)
2025-03-18 18:33:58,523 - log_time: 18:33:58.375; iteration: 0; image: 0; image_size: 751504; connection_time: 9892704411100; time_start_ns: 1742319238375513800; processing_time_ns: 81058900; time_end_ns: 1742319238523963300; signal_val: None; RSSI_val: None; data: Class ID: 0, Confidence: 0.69, BBox: (219, 170, 284, 310)
Class ID: 2, Confidence: 0.69, BBox: (282, 192, 438, 253)
Class ID: 1, Confidence: 0.54, BBox: (133, 227, 296, 345)
2025-03-18 18:33:58,687 - log_time: 18:33:58.523; iteration: 0; image: 0; image_size: 751504; connection_time: 9892704411100; time_start_ns: 1742319238523963300; processing_time_ns: 92872400; time_end_ns: 1742319238687582100; signal_val: None; RSSI_val: None; data: Class ID: 0, Confidence: 0.69, BBox: (219, 170, 284, 310)
Class ID: 2, Confidence: 0.69, BBox: (282, 192, 438, 253)
Class ID: 1, Confidence: 0.54, BBox: (133, 227, 296, 345)
2025-03-18 18:33:58,839 - log_time: 18:33:58.688; iteration: 0; image: 0; image_size: 751504; connection_time: 9892704411100; time_start_ns: 1742319238688583200; processing_time_ns: 83077600; time_end_ns: 1742319238839053700; signal_val: None; RSSI_val: None; data: Class ID: 0, Confidence: 0.69, BBox: (219, 170, 284, 310)
Class ID: 2, Confidence: 0.69, BBox: (282, 192, 438, 253)
Class ID: 1, Confidence: 0.54, BBox: (133, 227, 296, 345)
2025-03-18 18:33:58,988 - log_time: 18:33:58.840; iteration: 0; image: 0; image_size: 751504; connection_time: 9892704411100; time_start_ns: 1742319238840054700; processing_time_ns: 81278800; time_end_ns: 1742319238988669800; signal_val: None; RSSI_val: None; data: Class ID: 0, Confidence: 0.69, BBox: (219, 170, 284, 310)
Class ID: 2, Confidence: 0.69, BBox: (282, 192, 438, 253)
Class ID: 1, Confidence: 0.54, BBox: (133, 227, 296, 345)
2025-03-18 18:33:59,132 - log_time: 18:33:58.989; iteration: 0; image: 0; image_size: 751504; connection_time: 9892704411100; time_start_ns: 1742319238989667100; processing_time_ns: 77435500; time_end_ns: 1742319239132135700; signal_val: None; RSSI_val: None; data: Class ID: 0, Confidence: 0.69, BBox: (219, 170, 284, 310)
Class ID: 2, Confidence: 0.69, BBox: (282, 192, 438, 253)
Class ID: 1, Confidence: 0.54, BBox: (133, 227, 296, 345)
2025-03-18 18:33:59,288 - log_time: 18:33:59.132; iteration: 0; image: 0; image_size: 751504; connection_time: 9892704411100; time_start_ns: 1742319239132135700; processing_time_ns: 89122000; time_end_ns: 1742319239288235700; signal_val: None; RSSI_val: None; data: Class ID: 0, Confidence: 0.69, BBox: (219, 170, 284, 310)
Class ID: 2, Confidence: 0.69, BBox: (282, 192, 438, 253)
Class ID: 1, Confidence: 0.54, BBox: (133, 227, 296, 345)
2025-03-18 18:33:59,434 - log_time: 18:33:59.288; iteration: 0; image: 0; image_size: 751504; connection_time: 9892704411100; time_start_ns: 1742319239288775200; processing_time_ns: 78769500; time_end_ns: 1742319239434794400; signal_val: None; RSSI_val: None; data: Class ID: 0, Confidence: 0.69, BBox: (219, 170, 284, 310)
Class ID: 2, Confidence: 0.69, BBox: (282, 192, 438, 253)
Class ID: 1, Confidence: 0.54, BBox: (133, 227, 296, 345)
2025-03-18 18:33:59,579 - log_time: 18:33:59.434; iteration: 0; image: 0; image_size: 751504; connection_time: 9892704411100; time_start_ns: 1742319239434794400; processing_time_ns: 78935600; time_end_ns: 1742319239579008400; signal_val: None; RSSI_val: None; data: Class ID: 0, Confidence: 0.69, BBox: (219, 170, 284, 310)
Class ID: 2, Confidence: 0.69, BBox: (282, 192, 438, 253)
Class ID: 1, Confidence: 0.54, BBox: (133, 227, 296, 345)
2025-03-18 18:33:59,717 - log_time: 18:33:59.579; iteration: 0; image: 0; image_size: 751504; connection_time: 9892704411100; time_start_ns: 1742319239579008400; processing_time_ns: 72834000; time_end_ns: 1742319239717529400; signal_val: None; RSSI_val: None; data: Class ID: 0, Confidence: 0.69, BBox: (219, 170, 284, 310)
Class ID: 2, Confidence: 0.69, BBox: (282, 192, 438, 253)
Class ID: 1, Confidence: 0.54, BBox: (133, 227, 296, 345)
2025-03-18 18:33:59,848 - log_time: 18:33:59.717; iteration: 0; image: 0; image_size: 751504; connection_time: 9892704411100; time_start_ns: 1742319239717529400; processing_time_ns: 68551600; time_end_ns: 1742319239848002500; signal_val: None; RSSI_val: None; data: Class ID: 0, Confidence: 0.69, BBox: (219, 170, 284, 310)
Class ID: 2, Confidence: 0.69, BBox: (282, 192, 438, 253)
Class ID: 1, Confidence: 0.54, BBox: (133, 227, 296, 345)
2025-03-18 18:34:00,026 - log_time: 18:33:59.849; iteration: 0; image: 0; image_size: 751504; connection_time: 9892704411100; time_start_ns: 1742319239849003600; processing_time_ns: 84032200; time_end_ns: 1742319240026966000; signal_val: None; RSSI_val: None; data: Class ID: 0, Confidence: 0.69, BBox: (219, 170, 284, 310)
Class ID: 2, Confidence: 0.69, BBox: (282, 192, 438, 253)
Class ID: 1, Confidence: 0.54, BBox: (133, 227, 296, 345)
2025-03-18 18:34:00,161 - log_time: 18:34:00.026; iteration: 0; image: 0; image_size: 751504; connection_time: 9892704411100; time_start_ns: 1742319240026966000; processing_time_ns: 73668400; time_end_ns: 1742319240161365700; signal_val: None; RSSI_val: None; data: Class ID: 0, Confidence: 0.69, BBox: (219, 170, 284, 310)
Class ID: 2, Confidence: 0.69, BBox: (282, 192, 438, 253)
Class ID: 1, Confidence: 0.54, BBox: (133, 227, 296, 345)
2025-03-18 18:34:00,302 - log_time: 18:34:00.162; iteration: 0; image: 0; image_size: 751504; connection_time: 9892704411100; time_start_ns: 1742319240162362400; processing_time_ns: 75132300; time_end_ns: 1742319240302584500; signal_val: None; RSSI_val: None; data: Class ID: 0, Confidence: 0.69, BBox: (219, 170, 284, 310)
Class ID: 2, Confidence: 0.69, BBox: (282, 192, 438, 253)
Class ID: 1, Confidence: 0.54, BBox: (133, 227, 296, 345)
2025-03-18 18:34:00,442 - log_time: 18:34:00.302; iteration: 0; image: 0; image_size: 751504; connection_time: 9892704411100; time_start_ns: 1742319240302584500; processing_time_ns: 73994600; time_end_ns: 1742319240441621900; signal_val: None; RSSI_val: None; data: Class ID: 0, Confidence: 0.69, BBox: (219, 170, 284, 310)
Class ID: 2, Confidence: 0.69, BBox: (282, 192, 438, 253)
Class ID: 1, Confidence: 0.54, BBox: (133, 227, 296, 345)
2025-03-18 18:34:00,583 - log_time: 18:34:00.442; iteration: 0; image: 0; image_size: 751504; connection_time: 9892704411100; time_start_ns: 1742319240442634000; processing_time_ns: 78948200; time_end_ns: 1742319240583093900; signal_val: None; RSSI_val: None; data: Class ID: 0, Confidence: 0.69, BBox: (219, 170, 284, 310)
Class ID: 2, Confidence: 0.69, BBox: (282, 192, 438, 253)
Class ID: 1, Confidence: 0.54, BBox: (133, 227, 296, 345)
2025-03-18 18:34:00,723 - log_time: 18:34:00.583; iteration: 0; image: 0; image_size: 751504; connection_time: 9892704411100; time_start_ns: 1742319240584107300; processing_time_ns: 72938300; time_end_ns: 1742319240723132100; signal_val: None; RSSI_val: None; data: Class ID: 0, Confidence: 0.69, BBox: (219, 170, 284, 310)
Class ID: 2, Confidence: 0.69, BBox: (282, 192, 438, 253)
Class ID: 1, Confidence: 0.54, BBox: (133, 227, 296, 345)
2025-03-18 18:34:00,861 - log_time: 18:34:00.724; iteration: 0; image: 0; image_size: 751504; connection_time: 9892704411100; time_start_ns: 1742319240724140000; processing_time_ns: 74509800; time_end_ns: 1742319240861283100; signal_val: None; RSSI_val: None; data: Class ID: 0, Confidence: 0.69, BBox: (219, 170, 284, 310)
Class ID: 2, Confidence: 0.69, BBox: (282, 192, 438, 253)
Class ID: 1, Confidence: 0.54, BBox: (133, 227, 296, 345)
2025-03-18 18:34:01,029 - log_time: 18:34:00.862; iteration: 0; image: 0; image_size: 751504; connection_time: 9892704411100; time_start_ns: 1742319240862278000; processing_time_ns: 98665800; time_end_ns: 1742319241029278600; signal_val: None; RSSI_val: None; data: Class ID: 0, Confidence: 0.69, BBox: (219, 170, 284, 310)
Class ID: 2, Confidence: 0.69, BBox: (282, 192, 438, 253)
Class ID: 1, Confidence: 0.54, BBox: (133, 227, 296, 345)
2025-03-18 18:34:01,178 - log_time: 18:34:01.029; iteration: 0; image: 0; image_size: 751504; connection_time: 9892704411100; time_start_ns: 1742319241029278600; processing_time_ns: 76513500; time_end_ns: 1742319241178898500; signal_val: None; RSSI_val: None; data: Class ID: 0, Confidence: 0.69, BBox: (219, 170, 284, 310)
Class ID: 2, Confidence: 0.69, BBox: (282, 192, 438, 253)
Class ID: 1, Confidence: 0.54, BBox: (133, 227, 296, 345)
2025-03-18 18:34:01,331 - log_time: 18:34:01.179; iteration: 0; image: 0; image_size: 751504; connection_time: 9892704411100; time_start_ns: 1742319241179896500; processing_time_ns: 85246900; time_end_ns: 1742319241331234200; signal_val: None; RSSI_val: None; data: Class ID: 0, Confidence: 0.69, BBox: (219, 170, 284, 310)
Class ID: 2, Confidence: 0.69, BBox: (282, 192, 438, 253)
Class ID: 1, Confidence: 0.54, BBox: (133, 227, 296, 345)
2025-03-18 18:34:01,488 - log_time: 18:34:01.331; iteration: 0; image: 0; image_size: 751504; connection_time: 9892704411100; time_start_ns: 1742319241331234200; processing_time_ns: 78760300; time_end_ns: 1742319241488503500; signal_val: None; RSSI_val: None; data: Class ID: 0, Confidence: 0.69, BBox: (219, 170, 284, 310)
Class ID: 2, Confidence: 0.69, BBox: (282, 192, 438, 253)
Class ID: 1, Confidence: 0.54, BBox: (133, 227, 296, 345)
2025-03-18 18:34:01,622 - log_time: 18:34:01.489; iteration: 0; image: 0; image_size: 751504; connection_time: 9892704411100; time_start_ns: 1742319241489503600; processing_time_ns: 71760700; time_end_ns: 1742319241622328300; signal_val: None; RSSI_val: None; data: Class ID: 0, Confidence: 0.69, BBox: (219, 170, 284, 310)
Class ID: 2, Confidence: 0.69, BBox: (282, 192, 438, 253)
Class ID: 1, Confidence: 0.54, BBox: (133, 227, 296, 345)
2025-03-18 18:34:01,777 - log_time: 18:34:01.622; iteration: 0; image: 0; image_size: 751504; connection_time: 9892704411100; time_start_ns: 1742319241622328300; processing_time_ns: 85871300; time_end_ns: 1742319241777155700; signal_val: None; RSSI_val: None; data: Class ID: 0, Confidence: 0.69, BBox: (219, 170, 284, 310)
Class ID: 2, Confidence: 0.69, BBox: (282, 192, 438, 253)
Class ID: 1, Confidence: 0.54, BBox: (133, 227, 296, 345)
2025-03-18 18:34:01,914 - log_time: 18:34:01.777; iteration: 0; image: 0; image_size: 751504; connection_time: 9892704411100; time_start_ns: 1742319241777155700; processing_time_ns: 72991700; time_end_ns: 1742319241914380200; signal_val: None; RSSI_val: None; data: Class ID: 0, Confidence: 0.69, BBox: (219, 170, 284, 310)
Class ID: 2, Confidence: 0.69, BBox: (282, 192, 438, 253)
Class ID: 1, Confidence: 0.54, BBox: (133, 227, 296, 345)
2025-03-18 18:34:02,045 - log_time: 18:34:01.915; iteration: 0; image: 0; image_size: 751504; connection_time: 9892704411100; time_start_ns: 1742319241915376100; processing_time_ns: 69912800; time_end_ns: 1742319242045522400; signal_val: None; RSSI_val: None; data: Class ID: 0, Confidence: 0.69, BBox: (219, 170, 284, 310)
Class ID: 2, Confidence: 0.69, BBox: (282, 192, 438, 253)
Class ID: 1, Confidence: 0.54, BBox: (133, 227, 296, 345)
2025-03-18 18:34:02,178 - log_time: 18:34:02.045; iteration: 0; image: 0; image_size: 751504; connection_time: 9892704411100; time_start_ns: 1742319242045522400; processing_time_ns: 73262500; time_end_ns: 1742319242178911300; signal_val: None; RSSI_val: None; data: Class ID: 0, Confidence: 0.69, BBox: (219, 170, 284, 310)
Class ID: 2, Confidence: 0.69, BBox: (282, 192, 438, 253)
Class ID: 1, Confidence: 0.54, BBox: (133, 227, 296, 345)
2025-03-18 18:34:02,311 - log_time: 18:34:02.179; iteration: 0; image: 0; image_size: 751504; connection_time: 9892704411100; time_start_ns: 1742319242179910200; processing_time_ns: 68706300; time_end_ns: 1742319242311071600; signal_val: None; RSSI_val: None; data: Class ID: 0, Confidence: 0.69, BBox: (219, 170, 284, 310)
Class ID: 2, Confidence: 0.69, BBox: (282, 192, 438, 253)
Class ID: 1, Confidence: 0.54, BBox: (133, 227, 296, 345)
2025-03-18 18:34:02,441 - log_time: 18:34:02.312; iteration: 0; image: 0; image_size: 751504; connection_time: 9892704411100; time_start_ns: 1742319242312071900; processing_time_ns: 70886700; time_end_ns: 1742319242441367600; signal_val: None; RSSI_val: None; data: Class ID: 0, Confidence: 0.69, BBox: (219, 170, 284, 310)
Class ID: 2, Confidence: 0.69, BBox: (282, 192, 438, 253)
Class ID: 1, Confidence: 0.54, BBox: (133, 227, 296, 345)
2025-03-18 18:34:02,642 - log_time: 18:34:02.442; iteration: 0; image: 0; image_size: 751504; connection_time: 9892704411100; time_start_ns: 1742319242442394500; processing_time_ns: 138348000; time_end_ns: 1742319242642309400; signal_val: None; RSSI_val: None; data: Class ID: 0, Confidence: 0.69, BBox: (219, 170, 284, 310)
Class ID: 2, Confidence: 0.69, BBox: (282, 192, 438, 253)
Class ID: 1, Confidence: 0.54, BBox: (133, 227, 296, 345)
2025-03-18 18:34:02,858 - log_time: 18:34:02.642; iteration: 0; image: 0; image_size: 751504; connection_time: 9892704411100; time_start_ns: 1742319242642853400; processing_time_ns: 119886000; time_end_ns: 1742319242858921000; signal_val: None; RSSI_val: None; data: Class ID: 0, Confidence: 0.69, BBox: (219, 170, 284, 310)
Class ID: 2, Confidence: 0.69, BBox: (282, 192, 438, 253)
Class ID: 1, Confidence: 0.54, BBox: (133, 227, 296, 345)
2025-03-18 18:34:02,999 - log_time: 18:34:02.859; iteration: 0; image: 0; image_size: 751504; connection_time: 9892704411100; time_start_ns: 1742319242859454800; processing_time_ns: 75010400; time_end_ns: 1742319242999429500; signal_val: None; RSSI_val: None; data: Class ID: 0, Confidence: 0.69, BBox: (219, 170, 284, 310)
Class ID: 2, Confidence: 0.69, BBox: (282, 192, 438, 253)
Class ID: 1, Confidence: 0.54, BBox: (133, 227, 296, 345)
2025-03-18 18:34:03,129 - log_time: 18:34:02.999; iteration: 0; image: 0; image_size: 751504; connection_time: 9892704411100; time_start_ns: 1742319242999429500; processing_time_ns: 67768400; time_end_ns: 1742319243129520200; signal_val: None; RSSI_val: None; data: Class ID: 0, Confidence: 0.69, BBox: (219, 170, 284, 310)
Class ID: 2, Confidence: 0.69, BBox: (282, 192, 438, 253)
Class ID: 1, Confidence: 0.54, BBox: (133, 227, 296, 345)
2025-03-18 18:34:03,266 - log_time: 18:34:03.129; iteration: 0; image: 0; image_size: 751504; connection_time: 9892704411100; time_start_ns: 1742319243129520200; processing_time_ns: 71296900; time_end_ns: 1742319243266006400; signal_val: None; RSSI_val: None; data: Class ID: 0, Confidence: 0.69, BBox: (219, 170, 284, 310)
Class ID: 2, Confidence: 0.69, BBox: (282, 192, 438, 253)
Class ID: 1, Confidence: 0.54, BBox: (133, 227, 296, 345)
2025-03-18 18:34:03,405 - log_time: 18:34:03.267; iteration: 0; image: 0; image_size: 751504; connection_time: 9892704411100; time_start_ns: 1742319243267003300; processing_time_ns: 76632300; time_end_ns: 1742319243405494800; signal_val: None; RSSI_val: None; data: Class ID: 0, Confidence: 0.69, BBox: (219, 170, 284, 310)
Class ID: 2, Confidence: 0.69, BBox: (282, 192, 438, 253)
Class ID: 1, Confidence: 0.54, BBox: (133, 227, 296, 345)
2025-03-18 18:34:03,559 - log_time: 18:34:03.405; iteration: 0; image: 0; image_size: 751504; connection_time: 9892704411100; time_start_ns: 1742319243405494800; processing_time_ns: 84071700; time_end_ns: 1742319243559254400; signal_val: None; RSSI_val: None; data: Class ID: 0, Confidence: 0.69, BBox: (219, 170, 284, 310)
Class ID: 2, Confidence: 0.69, BBox: (282, 192, 438, 253)
Class ID: 1, Confidence: 0.54, BBox: (133, 227, 296, 345)
2025-03-18 18:34:03,745 - log_time: 18:34:03.559; iteration: 0; image: 0; image_size: 751504; connection_time: 9892704411100; time_start_ns: 1742319243559254400; processing_time_ns: 113518800; time_end_ns: 1742319243745695100; signal_val: None; RSSI_val: None; data: Class ID: 0, Confidence: 0.69, BBox: (219, 170, 284, 310)
Class ID: 2, Confidence: 0.69, BBox: (282, 192, 438, 253)
Class ID: 1, Confidence: 0.54, BBox: (133, 227, 296, 345)
2025-03-18 18:34:03,894 - log_time: 18:34:03.746; iteration: 0; image: 0; image_size: 751504; connection_time: 9892704411100; time_start_ns: 1742319243746694900; processing_time_ns: 82726800; time_end_ns: 1742319243894561100; signal_val: None; RSSI_val: None; data: Class ID: 0, Confidence: 0.69, BBox: (219, 170, 284, 310)
Class ID: 2, Confidence: 0.69, BBox: (282, 192, 438, 253)
Class ID: 1, Confidence: 0.54, BBox: (133, 227, 296, 345)
2025-03-18 18:34:04,027 - log_time: 18:34:03.894; iteration: 0; image: 0; image_size: 751504; connection_time: 9892704411100; time_start_ns: 1742319243894561100; processing_time_ns: 71419900; time_end_ns: 1742319244027854300; signal_val: None; RSSI_val: None; data: Class ID: 0, Confidence: 0.69, BBox: (219, 170, 284, 310)
Class ID: 2, Confidence: 0.69, BBox: (282, 192, 438, 253)
Class ID: 1, Confidence: 0.54, BBox: (133, 227, 296, 345)
2025-03-18 18:34:04,162 - log_time: 18:34:04.028; iteration: 0; image: 0; image_size: 751504; connection_time: 9892704411100; time_start_ns: 1742319244028851500; processing_time_ns: 70121800; time_end_ns: 1742319244162243500; signal_val: None; RSSI_val: None; data: Class ID: 0, Confidence: 0.69, BBox: (219, 170, 284, 310)
Class ID: 2, Confidence: 0.69, BBox: (282, 192, 438, 253)
Class ID: 1, Confidence: 0.54, BBox: (133, 227, 296, 345)
2025-03-18 18:34:04,297 - log_time: 18:34:04.163; iteration: 0; image: 0; image_size: 751504; connection_time: 9892704411100; time_start_ns: 1742319244163237300; processing_time_ns: 72573900; time_end_ns: 1742319244297990500; signal_val: None; RSSI_val: None; data: Class ID: 0, Confidence: 0.69, BBox: (219, 170, 284, 310)
Class ID: 2, Confidence: 0.69, BBox: (282, 192, 438, 253)
Class ID: 1, Confidence: 0.54, BBox: (133, 227, 296, 345)
2025-03-18 18:34:04,442 - log_time: 18:34:04.297; iteration: 0; image: 0; image_size: 751504; connection_time: 9892704411100; time_start_ns: 1742319244298989600; processing_time_ns: 81109000; time_end_ns: 1742319244442462200; signal_val: None; RSSI_val: None; data: Class ID: 0, Confidence: 0.69, BBox: (219, 170, 284, 310)
Class ID: 2, Confidence: 0.69, BBox: (282, 192, 438, 253)
Class ID: 1, Confidence: 0.54, BBox: (133, 227, 296, 345)
2025-03-18 18:34:04,587 - log_time: 18:34:04.442; iteration: 0; image: 0; image_size: 751504; connection_time: 9892704411100; time_start_ns: 1742319244442462200; processing_time_ns: 85091200; time_end_ns: 1742319244586092300; signal_val: None; RSSI_val: None; data: Class ID: 0, Confidence: 0.69, BBox: (219, 170, 284, 310)
Class ID: 2, Confidence: 0.69, BBox: (282, 192, 438, 253)
Class ID: 1, Confidence: 0.54, BBox: (133, 227, 296, 345)
2025-03-18 18:34:04,718 - log_time: 18:34:04.587; iteration: 0; image: 0; image_size: 751504; connection_time: 9892704411100; time_start_ns: 1742319244587091200; processing_time_ns: 70529200; time_end_ns: 1742319244718433400; signal_val: None; RSSI_val: None; data: Class ID: 0, Confidence: 0.69, BBox: (219, 170, 284, 310)
Class ID: 2, Confidence: 0.69, BBox: (282, 192, 438, 253)
Class ID: 1, Confidence: 0.54, BBox: (133, 227, 296, 345)
2025-03-18 18:34:04,855 - log_time: 18:34:04.718; iteration: 0; image: 0; image_size: 751504; connection_time: 9892704411100; time_start_ns: 1742319244718433400; processing_time_ns: 72318300; time_end_ns: 1742319244855431200; signal_val: None; RSSI_val: None; data: Class ID: 0, Confidence: 0.69, BBox: (219, 170, 284, 310)
Class ID: 2, Confidence: 0.69, BBox: (282, 192, 438, 253)
Class ID: 1, Confidence: 0.54, BBox: (133, 227, 296, 345)
2025-03-18 18:34:04,990 - log_time: 18:34:04.855; iteration: 0; image: 0; image_size: 751504; connection_time: 9892704411100; time_start_ns: 1742319244855431200; processing_time_ns: 69972800; time_end_ns: 1742319244990352500; signal_val: None; RSSI_val: None; data: Class ID: 0, Confidence: 0.69, BBox: (219, 170, 284, 310)
Class ID: 2, Confidence: 0.69, BBox: (282, 192, 438, 253)
Class ID: 1, Confidence: 0.54, BBox: (133, 227, 296, 345)
2025-03-18 18:34:05,122 - log_time: 18:34:04.990; iteration: 0; image: 0; image_size: 751504; connection_time: 9892704411100; time_start_ns: 1742319244990352500; processing_time_ns: 72736900; time_end_ns: 1742319245122782900; signal_val: None; RSSI_val: None; data: Class ID: 0, Confidence: 0.69, BBox: (219, 170, 284, 310)
Class ID: 2, Confidence: 0.69, BBox: (282, 192, 438, 253)
Class ID: 1, Confidence: 0.54, BBox: (133, 227, 296, 345)
2025-03-18 18:34:05,255 - log_time: 18:34:05.123; iteration: 0; image: 0; image_size: 751504; connection_time: 9892704411100; time_start_ns: 1742319245123782100; processing_time_ns: 70229300; time_end_ns: 1742319245255170100; signal_val: None; RSSI_val: None; data: Class ID: 0, Confidence: 0.69, BBox: (219, 170, 284, 310)
Class ID: 2, Confidence: 0.69, BBox: (282, 192, 438, 253)
Class ID: 1, Confidence: 0.54, BBox: (133, 227, 296, 345)
2025-03-18 18:34:05,390 - log_time: 18:34:05.255; iteration: 0; image: 0; image_size: 751504; connection_time: 9892704411100; time_start_ns: 1742319245255170100; processing_time_ns: 74081000; time_end_ns: 1742319245390772400; signal_val: None; RSSI_val: None; data: Class ID: 0, Confidence: 0.69, BBox: (219, 170, 284, 310)
Class ID: 2, Confidence: 0.69, BBox: (282, 192, 438, 253)
Class ID: 1, Confidence: 0.54, BBox: (133, 227, 296, 345)
2025-03-18 18:34:05,521 - log_time: 18:34:05.391; iteration: 0; image: 0; image_size: 751504; connection_time: 9892704411100; time_start_ns: 1742319245391360600; processing_time_ns: 69161200; time_end_ns: 1742319245521735000; signal_val: None; RSSI_val: None; data: Class ID: 0, Confidence: 0.69, BBox: (219, 170, 284, 310)
Class ID: 2, Confidence: 0.69, BBox: (282, 192, 438, 253)
Class ID: 1, Confidence: 0.54, BBox: (133, 227, 296, 345)
2025-03-18 18:34:05,672 - log_time: 18:34:05.522; iteration: 0; image: 0; image_size: 751504; connection_time: 9892704411100; time_start_ns: 1742319245522733200; processing_time_ns: 83855500; time_end_ns: 1742319245672699400; signal_val: None; RSSI_val: None; data: Class ID: 0, Confidence: 0.69, BBox: (219, 170, 284, 310)
Class ID: 2, Confidence: 0.69, BBox: (282, 192, 438, 253)
Class ID: 1, Confidence: 0.54, BBox: (133, 227, 296, 345)
2025-03-18 18:34:05,813 - log_time: 18:34:05.673; iteration: 0; image: 0; image_size: 751504; connection_time: 9892704411100; time_start_ns: 1742319245673698500; processing_time_ns: 77546600; time_end_ns: 1742319245813053900; signal_val: None; RSSI_val: None; data: Class ID: 0, Confidence: 0.69, BBox: (219, 170, 284, 310)
Class ID: 2, Confidence: 0.69, BBox: (282, 192, 438, 253)
Class ID: 1, Confidence: 0.54, BBox: (133, 227, 296, 345)
2025-03-18 18:34:05,950 - log_time: 18:34:05.813; iteration: 0; image: 0; image_size: 751504; connection_time: 9892704411100; time_start_ns: 1742319245813053900; processing_time_ns: 72191600; time_end_ns: 1742319245950899900; signal_val: None; RSSI_val: None; data: Class ID: 0, Confidence: 0.69, BBox: (219, 170, 284, 310)
Class ID: 2, Confidence: 0.69, BBox: (282, 192, 438, 253)
Class ID: 1, Confidence: 0.54, BBox: (133, 227, 296, 345)
2025-03-18 18:34:06,084 - log_time: 18:34:05.951; iteration: 0; image: 0; image_size: 751504; connection_time: 9892704411100; time_start_ns: 1742319245951899900; processing_time_ns: 70132300; time_end_ns: 1742319246084446300; signal_val: None; RSSI_val: None; data: Class ID: 0, Confidence: 0.69, BBox: (219, 170, 284, 310)
Class ID: 2, Confidence: 0.69, BBox: (282, 192, 438, 253)
Class ID: 1, Confidence: 0.54, BBox: (133, 227, 296, 345)
2025-03-18 18:34:06,218 - log_time: 18:34:06.085; iteration: 0; image: 0; image_size: 751504; connection_time: 9892704411100; time_start_ns: 1742319246085418200; processing_time_ns: 72006200; time_end_ns: 1742319246218431300; signal_val: None; RSSI_val: None; data: Class ID: 0, Confidence: 0.69, BBox: (219, 170, 284, 310)
Class ID: 2, Confidence: 0.69, BBox: (282, 192, 438, 253)
Class ID: 1, Confidence: 0.54, BBox: (133, 227, 296, 345)
2025-03-18 18:34:06,354 - log_time: 18:34:06.218; iteration: 0; image: 0; image_size: 751504; connection_time: 9892704411100; time_start_ns: 1742319246218431300; processing_time_ns: 71411400; time_end_ns: 1742319246354561700; signal_val: None; RSSI_val: None; data: Class ID: 0, Confidence: 0.69, BBox: (219, 170, 284, 310)
Class ID: 2, Confidence: 0.69, BBox: (282, 192, 438, 253)
Class ID: 1, Confidence: 0.54, BBox: (133, 227, 296, 345)
2025-03-18 18:34:06,488 - log_time: 18:34:06.355; iteration: 0; image: 0; image_size: 751504; connection_time: 9892704411100; time_start_ns: 1742319246355561100; processing_time_ns: 71714500; time_end_ns: 1742319246488240800; signal_val: None; RSSI_val: None; data: Class ID: 0, Confidence: 0.69, BBox: (219, 170, 284, 310)
Class ID: 2, Confidence: 0.69, BBox: (282, 192, 438, 253)
Class ID: 1, Confidence: 0.54, BBox: (133, 227, 296, 345)
2025-03-18 18:34:06,621 - log_time: 18:34:06.489; iteration: 0; image: 0; image_size: 751504; connection_time: 9892704411100; time_start_ns: 1742319246489237900; processing_time_ns: 71317600; time_end_ns: 1742319246621104800; signal_val: None; RSSI_val: None; data: Class ID: 0, Confidence: 0.69, BBox: (219, 170, 284, 310)
Class ID: 2, Confidence: 0.69, BBox: (282, 192, 438, 253)
Class ID: 1, Confidence: 0.54, BBox: (133, 227, 296, 345)
2025-03-18 18:34:06,755 - log_time: 18:34:06.622; iteration: 0; image: 0; image_size: 751504; connection_time: 9892704411100; time_start_ns: 1742319246622102600; processing_time_ns: 72545600; time_end_ns: 1742319246755413400; signal_val: None; RSSI_val: None; data: Class ID: 0, Confidence: 0.69, BBox: (219, 170, 284, 310)
Class ID: 2, Confidence: 0.69, BBox: (282, 192, 438, 253)
Class ID: 1, Confidence: 0.54, BBox: (133, 227, 296, 345)
2025-03-18 18:34:06,888 - log_time: 18:34:06.756; iteration: 0; image: 0; image_size: 751504; connection_time: 9892704411100; time_start_ns: 1742319246756416000; processing_time_ns: 71677200; time_end_ns: 1742319246888525200; signal_val: None; RSSI_val: None; data: Class ID: 0, Confidence: 0.69, BBox: (219, 170, 284, 310)
Class ID: 2, Confidence: 0.69, BBox: (282, 192, 438, 253)
Class ID: 1, Confidence: 0.54, BBox: (133, 227, 296, 345)
2025-03-18 18:34:07,072 - log_time: 18:34:06.889; iteration: 0; image: 0; image_size: 751504; connection_time: 9892704411100; time_start_ns: 1742319246889524200; processing_time_ns: 76868200; time_end_ns: 1742319247071494900; signal_val: None; RSSI_val: None; data: Class ID: 0, Confidence: 0.69, BBox: (219, 170, 284, 310)
Class ID: 2, Confidence: 0.69, BBox: (282, 192, 438, 253)
Class ID: 1, Confidence: 0.54, BBox: (133, 227, 296, 345)
2025-03-18 18:34:07,202 - log_time: 18:34:07.072; iteration: 0; image: 0; image_size: 751504; connection_time: 9892704411100; time_start_ns: 1742319247072497100; processing_time_ns: 68948800; time_end_ns: 1742319247201894900; signal_val: None; RSSI_val: None; data: Class ID: 0, Confidence: 0.69, BBox: (219, 170, 284, 310)
Class ID: 2, Confidence: 0.69, BBox: (282, 192, 438, 253)
Class ID: 1, Confidence: 0.54, BBox: (133, 227, 296, 345)
2025-03-18 18:34:07,336 - log_time: 18:34:07.202; iteration: 0; image: 0; image_size: 751504; connection_time: 9892704411100; time_start_ns: 1742319247202893600; processing_time_ns: 71372500; time_end_ns: 1742319247336103200; signal_val: None; RSSI_val: None; data: Class ID: 0, Confidence: 0.69, BBox: (219, 170, 284, 310)
Class ID: 2, Confidence: 0.69, BBox: (282, 192, 438, 253)
Class ID: 1, Confidence: 0.54, BBox: (133, 227, 296, 345)
2025-03-18 18:34:07,466 - log_time: 18:34:07.336; iteration: 0; image: 0; image_size: 751504; connection_time: 9892704411100; time_start_ns: 1742319247336103200; processing_time_ns: 69845700; time_end_ns: 1742319247466747100; signal_val: None; RSSI_val: None; data: Class ID: 0, Confidence: 0.69, BBox: (219, 170, 284, 310)
Class ID: 2, Confidence: 0.69, BBox: (282, 192, 438, 253)
Class ID: 1, Confidence: 0.54, BBox: (133, 227, 296, 345)
2025-03-18 18:34:07,601 - log_time: 18:34:07.466; iteration: 0; image: 0; image_size: 751504; connection_time: 9892704411100; time_start_ns: 1742319247466747100; processing_time_ns: 70475600; time_end_ns: 1742319247601422700; signal_val: None; RSSI_val: None; data: Class ID: 0, Confidence: 0.69, BBox: (219, 170, 284, 310)
Class ID: 2, Confidence: 0.69, BBox: (282, 192, 438, 253)
Class ID: 1, Confidence: 0.54, BBox: (133, 227, 296, 345)
2025-03-18 18:34:07,754 - log_time: 18:34:07.601; iteration: 0; image: 0; image_size: 751504; connection_time: 9892704411100; time_start_ns: 1742319247601422700; processing_time_ns: 86914800; time_end_ns: 1742319247754765500; signal_val: None; RSSI_val: None; data: Class ID: 0, Confidence: 0.69, BBox: (219, 170, 284, 310)
Class ID: 2, Confidence: 0.69, BBox: (282, 192, 438, 253)
Class ID: 1, Confidence: 0.54, BBox: (133, 227, 296, 345)
2025-03-18 18:34:07,894 - log_time: 18:34:07.755; iteration: 0; image: 0; image_size: 751504; connection_time: 9892704411100; time_start_ns: 1742319247755332400; processing_time_ns: 75294600; time_end_ns: 1742319247894963000; signal_val: None; RSSI_val: None; data: Class ID: 0, Confidence: 0.69, BBox: (219, 170, 284, 310)
Class ID: 2, Confidence: 0.69, BBox: (282, 192, 438, 253)
Class ID: 1, Confidence: 0.54, BBox: (133, 227, 296, 345)
2025-03-18 18:34:08,026 - log_time: 18:34:07.894; iteration: 0; image: 0; image_size: 751504; connection_time: 9892704411100; time_start_ns: 1742319247894963000; processing_time_ns: 70235700; time_end_ns: 1742319248026170100; signal_val: None; RSSI_val: None; data: Class ID: 0, Confidence: 0.69, BBox: (219, 170, 284, 310)
Class ID: 2, Confidence: 0.69, BBox: (282, 192, 438, 253)
Class ID: 1, Confidence: 0.54, BBox: (133, 227, 296, 345)
2025-03-18 18:34:08,166 - log_time: 18:34:08.026; iteration: 0; image: 0; image_size: 751504; connection_time: 9892704411100; time_start_ns: 1742319248026170100; processing_time_ns: 71984400; time_end_ns: 1742319248166932000; signal_val: None; RSSI_val: None; data: Class ID: 0, Confidence: 0.69, BBox: (219, 170, 284, 310)
Class ID: 2, Confidence: 0.69, BBox: (282, 192, 438, 253)
Class ID: 1, Confidence: 0.54, BBox: (133, 227, 296, 345)
2025-03-18 18:34:08,296 - log_time: 18:34:08.166; iteration: 0; image: 0; image_size: 751504; connection_time: 9892704411100; time_start_ns: 1742319248166932000; processing_time_ns: 67268800; time_end_ns: 1742319248296468700; signal_val: None; RSSI_val: None; data: Class ID: 0, Confidence: 0.69, BBox: (219, 170, 284, 310)
Class ID: 2, Confidence: 0.69, BBox: (282, 192, 438, 253)
Class ID: 1, Confidence: 0.54, BBox: (133, 227, 296, 345)
2025-03-18 18:34:08,431 - log_time: 18:34:08.296; iteration: 0; image: 0; image_size: 751504; connection_time: 9892704411100; time_start_ns: 1742319248296468700; processing_time_ns: 71774000; time_end_ns: 1742319248431985300; signal_val: None; RSSI_val: None; data: Class ID: 0, Confidence: 0.69, BBox: (219, 170, 284, 310)
Class ID: 2, Confidence: 0.69, BBox: (282, 192, 438, 253)
Class ID: 1, Confidence: 0.54, BBox: (133, 227, 296, 345)
2025-03-18 18:34:08,568 - log_time: 18:34:08.431; iteration: 0; image: 0; image_size: 751504; connection_time: 9892704411100; time_start_ns: 1742319248431985300; processing_time_ns: 73482300; time_end_ns: 1742319248568038300; signal_val: None; RSSI_val: None; data: Class ID: 0, Confidence: 0.69, BBox: (219, 170, 284, 310)
Class ID: 2, Confidence: 0.69, BBox: (282, 192, 438, 253)
Class ID: 1, Confidence: 0.54, BBox: (133, 227, 296, 345)
2025-03-18 18:34:08,703 - log_time: 18:34:08.569; iteration: 0; image: 0; image_size: 751504; connection_time: 9892704411100; time_start_ns: 1742319248569039400; processing_time_ns: 71687700; time_end_ns: 1742319248703614400; signal_val: None; RSSI_val: None; data: Class ID: 0, Confidence: 0.69, BBox: (219, 170, 284, 310)
Class ID: 2, Confidence: 0.69, BBox: (282, 192, 438, 253)
Class ID: 1, Confidence: 0.54, BBox: (133, 227, 296, 345)
2025-03-18 18:34:08,847 - log_time: 18:34:08.703; iteration: 0; image: 0; image_size: 751504; connection_time: 9892704411100; time_start_ns: 1742319248703614400; processing_time_ns: 82111900; time_end_ns: 1742319248847996600; signal_val: None; RSSI_val: None; data: Class ID: 0, Confidence: 0.69, BBox: (219, 170, 284, 310)
Class ID: 2, Confidence: 0.69, BBox: (282, 192, 438, 253)
Class ID: 1, Confidence: 0.54, BBox: (133, 227, 296, 345)
2025-03-18 18:34:08,983 - log_time: 18:34:08.848; iteration: 0; image: 0; image_size: 751504; connection_time: 9892704411100; time_start_ns: 1742319248848999100; processing_time_ns: 70234900; time_end_ns: 1742319248983910000; signal_val: None; RSSI_val: None; data: Class ID: 0, Confidence: 0.69, BBox: (219, 170, 284, 310)
Class ID: 2, Confidence: 0.69, BBox: (282, 192, 438, 253)
Class ID: 1, Confidence: 0.54, BBox: (133, 227, 296, 345)
2025-03-18 18:34:09,115 - log_time: 18:34:08.983; iteration: 0; image: 0; image_size: 751504; connection_time: 9892704411100; time_start_ns: 1742319248983910000; processing_time_ns: 68519600; time_end_ns: 1742319249115234800; signal_val: None; RSSI_val: None; data: Class ID: 0, Confidence: 0.69, BBox: (219, 170, 284, 310)
Class ID: 2, Confidence: 0.69, BBox: (282, 192, 438, 253)
Class ID: 1, Confidence: 0.54, BBox: (133, 227, 296, 345)
2025-03-18 18:34:09,250 - log_time: 18:34:09.117; iteration: 0; image: 0; image_size: 751504; connection_time: 9892704411100; time_start_ns: 1742319249117124100; processing_time_ns: 69629700; time_end_ns: 1742319249250548400; signal_val: None; RSSI_val: None; data: Class ID: 0, Confidence: 0.69, BBox: (219, 170, 284, 310)
Class ID: 2, Confidence: 0.69, BBox: (282, 192, 438, 253)
Class ID: 1, Confidence: 0.54, BBox: (133, 227, 296, 345)
2025-03-18 18:34:09,385 - log_time: 18:34:09.251; iteration: 0; image: 0; image_size: 751504; connection_time: 9892704411100; time_start_ns: 1742319249251548400; processing_time_ns: 70406400; time_end_ns: 1742319249385841500; signal_val: None; RSSI_val: None; data: Class ID: 0, Confidence: 0.69, BBox: (219, 170, 284, 310)
Class ID: 2, Confidence: 0.69, BBox: (282, 192, 438, 253)
Class ID: 1, Confidence: 0.54, BBox: (133, 227, 296, 345)
2025-03-18 18:34:09,521 - log_time: 18:34:09.385; iteration: 0; image: 0; image_size: 751504; connection_time: 9892704411100; time_start_ns: 1742319249385841500; processing_time_ns: 72781200; time_end_ns: 1742319249520429800; signal_val: None; RSSI_val: None; data: Class ID: 0, Confidence: 0.69, BBox: (219, 170, 284, 310)
Class ID: 2, Confidence: 0.69, BBox: (282, 192, 438, 253)
Class ID: 1, Confidence: 0.54, BBox: (133, 227, 296, 345)
2025-03-18 18:34:09,657 - log_time: 18:34:09.521; iteration: 0; image: 0; image_size: 751504; connection_time: 9892704411100; time_start_ns: 1742319249521428800; processing_time_ns: 73778500; time_end_ns: 1742319249657213200; signal_val: None; RSSI_val: None; data: Class ID: 0, Confidence: 0.69, BBox: (219, 170, 284, 310)
Class ID: 2, Confidence: 0.69, BBox: (282, 192, 438, 253)
Class ID: 1, Confidence: 0.54, BBox: (133, 227, 296, 345)
2025-03-18 18:34:09,795 - log_time: 18:34:09.658; iteration: 0; image: 0; image_size: 751504; connection_time: 9892704411100; time_start_ns: 1742319249658438600; processing_time_ns: 77777900; time_end_ns: 1742319249795784200; signal_val: None; RSSI_val: None; data: Class ID: 0, Confidence: 0.69, BBox: (219, 170, 284, 310)
Class ID: 2, Confidence: 0.69, BBox: (282, 192, 438, 253)
Class ID: 1, Confidence: 0.54, BBox: (133, 227, 296, 345)
2025-03-18 18:34:09,947 - log_time: 18:34:09.796; iteration: 0; image: 0; image_size: 751504; connection_time: 9892704411100; time_start_ns: 1742319249796782700; processing_time_ns: 76890200; time_end_ns: 1742319249947008500; signal_val: None; RSSI_val: None; data: Class ID: 0, Confidence: 0.69, BBox: (219, 170, 284, 310)
Class ID: 2, Confidence: 0.69, BBox: (282, 192, 438, 253)
Class ID: 1, Confidence: 0.54, BBox: (133, 227, 296, 345)
2025-03-18 18:34:10,080 - log_time: 18:34:09.948; iteration: 0; image: 0; image_size: 751504; connection_time: 9892704411100; time_start_ns: 1742319249948007600; processing_time_ns: 70818000; time_end_ns: 1742319250080807000; signal_val: None; RSSI_val: None; data: Class ID: 0, Confidence: 0.69, BBox: (219, 170, 284, 310)
Class ID: 2, Confidence: 0.69, BBox: (282, 192, 438, 253)
Class ID: 1, Confidence: 0.54, BBox: (133, 227, 296, 345)
2025-03-18 18:34:10,251 - log_time: 18:34:10.080; iteration: 0; image: 0; image_size: 751504; connection_time: 9892704411100; time_start_ns: 1742319250080807000; processing_time_ns: 102337900; time_end_ns: 1742319250251761900; signal_val: None; RSSI_val: None; data: Class ID: 0, Confidence: 0.69, BBox: (219, 170, 284, 310)
Class ID: 2, Confidence: 0.69, BBox: (282, 192, 438, 253)
Class ID: 1, Confidence: 0.54, BBox: (133, 227, 296, 345)
2025-03-18 18:34:10,384 - log_time: 18:34:10.251; iteration: 0; image: 0; image_size: 751504; connection_time: 9892704411100; time_start_ns: 1742319250251761900; processing_time_ns: 68876600; time_end_ns: 1742319250384306100; signal_val: None; RSSI_val: None; data: Class ID: 0, Confidence: 0.69, BBox: (219, 170, 284, 310)
Class ID: 2, Confidence: 0.69, BBox: (282, 192, 438, 253)
Class ID: 1, Confidence: 0.54, BBox: (133, 227, 296, 345)
2025-03-18 18:34:10,516 - log_time: 18:34:10.384; iteration: 0; image: 0; image_size: 751504; connection_time: 9892704411100; time_start_ns: 1742319250385313100; processing_time_ns: 67368100; time_end_ns: 1742319250516017700; signal_val: None; RSSI_val: None; data: Class ID: 0, Confidence: 0.69, BBox: (219, 170, 284, 310)
Class ID: 2, Confidence: 0.69, BBox: (282, 192, 438, 253)
Class ID: 1, Confidence: 0.54, BBox: (133, 227, 296, 345)
2025-03-18 18:34:10,648 - log_time: 18:34:10.517; iteration: 0; image: 0; image_size: 751504; connection_time: 9892704411100; time_start_ns: 1742319250517016200; processing_time_ns: 70867600; time_end_ns: 1742319250648800300; signal_val: None; RSSI_val: None; data: Class ID: 0, Confidence: 0.69, BBox: (219, 170, 284, 310)
Class ID: 2, Confidence: 0.69, BBox: (282, 192, 438, 253)
Class ID: 1, Confidence: 0.54, BBox: (133, 227, 296, 345)
2025-03-18 18:34:10,782 - log_time: 18:34:10.649; iteration: 0; image: 0; image_size: 751504; connection_time: 9892704411100; time_start_ns: 1742319250649798900; processing_time_ns: 75120800; time_end_ns: 1742319250782575300; signal_val: None; RSSI_val: None; data: Class ID: 0, Confidence: 0.69, BBox: (219, 170, 284, 310)
Class ID: 2, Confidence: 0.69, BBox: (282, 192, 438, 253)
Class ID: 1, Confidence: 0.54, BBox: (133, 227, 296, 345)
2025-03-18 18:34:10,918 - log_time: 18:34:10.782; iteration: 0; image: 0; image_size: 751504; connection_time: 9892704411100; time_start_ns: 1742319250782575300; processing_time_ns: 70650400; time_end_ns: 1742319250918921300; signal_val: None; RSSI_val: None; data: Class ID: 0, Confidence: 0.69, BBox: (219, 170, 284, 310)
Class ID: 2, Confidence: 0.69, BBox: (282, 192, 438, 253)
Class ID: 1, Confidence: 0.54, BBox: (133, 227, 296, 345)
2025-03-18 18:34:11,054 - log_time: 18:34:10.918; iteration: 0; image: 0; image_size: 751504; connection_time: 9892704411100; time_start_ns: 1742319250918921300; processing_time_ns: 70354700; time_end_ns: 1742319251054627400; signal_val: None; RSSI_val: None; data: Class ID: 0, Confidence: 0.69, BBox: (219, 170, 284, 310)
Class ID: 2, Confidence: 0.69, BBox: (282, 192, 438, 253)
Class ID: 1, Confidence: 0.54, BBox: (133, 227, 296, 345)
2025-03-18 18:34:11,186 - log_time: 18:34:11.054; iteration: 0; image: 0; image_size: 751504; connection_time: 9892704411100; time_start_ns: 1742319251054627400; processing_time_ns: 71388400; time_end_ns: 1742319251186869900; signal_val: None; RSSI_val: None; data: Class ID: 0, Confidence: 0.69, BBox: (219, 170, 284, 310)
Class ID: 2, Confidence: 0.69, BBox: (282, 192, 438, 253)
Class ID: 1, Confidence: 0.54, BBox: (133, 227, 296, 345)
2025-03-18 18:34:11,317 - log_time: 18:34:11.187; iteration: 0; image: 0; image_size: 751504; connection_time: 9892704411100; time_start_ns: 1742319251187869200; processing_time_ns: 69898300; time_end_ns: 1742319251317956600; signal_val: None; RSSI_val: None; data: Class ID: 0, Confidence: 0.69, BBox: (219, 170, 284, 310)
Class ID: 2, Confidence: 0.69, BBox: (282, 192, 438, 253)
Class ID: 1, Confidence: 0.54, BBox: (133, 227, 296, 345)
2025-03-18 18:34:11,452 - log_time: 18:34:11.318; iteration: 0; image: 0; image_size: 751504; connection_time: 9892704411100; time_start_ns: 1742319251318958200; processing_time_ns: 70250600; time_end_ns: 1742319251451244500; signal_val: None; RSSI_val: None; data: Class ID: 0, Confidence: 0.69, BBox: (219, 170, 284, 310)
Class ID: 2, Confidence: 0.69, BBox: (282, 192, 438, 253)
Class ID: 1, Confidence: 0.54, BBox: (133, 227, 296, 345)
2025-03-18 18:34:11,595 - log_time: 18:34:11.452; iteration: 0; image: 0; image_size: 751504; connection_time: 9892704411100; time_start_ns: 1742319251452244100; processing_time_ns: 81002400; time_end_ns: 1742319251595651200; signal_val: None; RSSI_val: None; data: Class ID: 0, Confidence: 0.69, BBox: (219, 170, 284, 310)
Class ID: 2, Confidence: 0.69, BBox: (282, 192, 438, 253)
Class ID: 1, Confidence: 0.54, BBox: (133, 227, 296, 345)
2025-03-18 18:34:11,752 - log_time: 18:34:11.596; iteration: 0; image: 0; image_size: 751504; connection_time: 9892704411100; time_start_ns: 1742319251596180100; processing_time_ns: 85638000; time_end_ns: 1742319251752997300; signal_val: None; RSSI_val: None; data: Class ID: 0, Confidence: 0.69, BBox: (219, 170, 284, 310)
Class ID: 2, Confidence: 0.69, BBox: (282, 192, 438, 253)
Class ID: 1, Confidence: 0.54, BBox: (133, 227, 296, 345)
2025-03-18 18:34:11,906 - log_time: 18:34:11.753; iteration: 0; image: 0; image_size: 751504; connection_time: 9892704411100; time_start_ns: 1742319251753994800; processing_time_ns: 82139900; time_end_ns: 1742319251906187000; signal_val: None; RSSI_val: None; data: Class ID: 0, Confidence: 0.69, BBox: (219, 170, 284, 310)
Class ID: 2, Confidence: 0.69, BBox: (282, 192, 438, 253)
Class ID: 1, Confidence: 0.54, BBox: (133, 227, 296, 345)
2025-03-18 18:34:12,078 - log_time: 18:34:11.906; iteration: 0; image: 0; image_size: 751504; connection_time: 9892704411100; time_start_ns: 1742319251906733400; processing_time_ns: 89559000; time_end_ns: 1742319252078018700; signal_val: None; RSSI_val: None; data: Class ID: 0, Confidence: 0.69, BBox: (219, 170, 284, 310)
Class ID: 2, Confidence: 0.69, BBox: (282, 192, 438, 253)
Class ID: 1, Confidence: 0.54, BBox: (133, 227, 296, 345)
2025-03-18 18:34:12,232 - log_time: 18:34:12.078; iteration: 0; image: 0; image_size: 751504; connection_time: 9892704411100; time_start_ns: 1742319252078552900; processing_time_ns: 81674900; time_end_ns: 1742319252232879400; signal_val: None; RSSI_val: None; data: Class ID: 0, Confidence: 0.69, BBox: (219, 170, 284, 310)
Class ID: 2, Confidence: 0.69, BBox: (282, 192, 438, 253)
Class ID: 1, Confidence: 0.54, BBox: (133, 227, 296, 345)
2025-03-18 18:34:12,384 - log_time: 18:34:12.233; iteration: 0; image: 0; image_size: 751504; connection_time: 9892704411100; time_start_ns: 1742319252233417200; processing_time_ns: 81724000; time_end_ns: 1742319252384489300; signal_val: None; RSSI_val: None; data: Class ID: 0, Confidence: 0.69, BBox: (219, 170, 284, 310)
Class ID: 2, Confidence: 0.69, BBox: (282, 192, 438, 253)
Class ID: 1, Confidence: 0.54, BBox: (133, 227, 296, 345)
2025-03-18 18:34:12,536 - log_time: 18:34:12.385; iteration: 0; image: 0; image_size: 751504; connection_time: 9892704411100; time_start_ns: 1742319252385019500; processing_time_ns: 82186300; time_end_ns: 1742319252536064900; signal_val: None; RSSI_val: None; data: Class ID: 0, Confidence: 0.69, BBox: (219, 170, 284, 310)
Class ID: 2, Confidence: 0.69, BBox: (282, 192, 438, 253)
Class ID: 1, Confidence: 0.54, BBox: (133, 227, 296, 345)
2025-03-18 18:34:12,742 - log_time: 18:34:12.536; iteration: 0; image: 0; image_size: 751504; connection_time: 9892704411100; time_start_ns: 1742319252536592800; processing_time_ns: 127836100; time_end_ns: 1742319252742089600; signal_val: None; RSSI_val: None; data: Class ID: 0, Confidence: 0.69, BBox: (219, 170, 284, 310)
Class ID: 2, Confidence: 0.69, BBox: (282, 192, 438, 253)
Class ID: 1, Confidence: 0.54, BBox: (133, 227, 296, 345)
2025-03-18 18:34:12,914 - log_time: 18:34:12.742; iteration: 0; image: 0; image_size: 751504; connection_time: 9892704411100; time_start_ns: 1742319252742784900; processing_time_ns: 84166800; time_end_ns: 1742319252914398000; signal_val: None; RSSI_val: None; data: Class ID: 0, Confidence: 0.69, BBox: (219, 170, 284, 310)
Class ID: 2, Confidence: 0.69, BBox: (282, 192, 438, 253)
Class ID: 1, Confidence: 0.54, BBox: (133, 227, 296, 345)
2025-03-18 18:34:13,064 - log_time: 18:34:12.914; iteration: 0; image: 0; image_size: 751504; connection_time: 9892704411100; time_start_ns: 1742319252914928700; processing_time_ns: 80402900; time_end_ns: 1742319253064171700; signal_val: None; RSSI_val: None; data: Class ID: 0, Confidence: 0.69, BBox: (219, 170, 284, 310)
Class ID: 2, Confidence: 0.69, BBox: (282, 192, 438, 253)
Class ID: 1, Confidence: 0.54, BBox: (133, 227, 296, 345)
2025-03-18 18:34:13,211 - log_time: 18:34:13.064; iteration: 0; image: 0; image_size: 751504; connection_time: 9892704411100; time_start_ns: 1742319253064702700; processing_time_ns: 79701800; time_end_ns: 1742319253211162300; signal_val: None; RSSI_val: None; data: Class ID: 0, Confidence: 0.69, BBox: (219, 170, 284, 310)
Class ID: 2, Confidence: 0.69, BBox: (282, 192, 438, 253)
Class ID: 1, Confidence: 0.54, BBox: (133, 227, 296, 345)
2025-03-18 18:34:13,368 - log_time: 18:34:13.211; iteration: 0; image: 0; image_size: 751504; connection_time: 9892704411100; time_start_ns: 1742319253211162300; processing_time_ns: 81936300; time_end_ns: 1742319253368275700; signal_val: None; RSSI_val: None; data: Class ID: 0, Confidence: 0.69, BBox: (219, 170, 284, 310)
Class ID: 2, Confidence: 0.69, BBox: (282, 192, 438, 253)
Class ID: 1, Confidence: 0.54, BBox: (133, 227, 296, 345)
2025-03-18 18:34:13,514 - log_time: 18:34:13.369; iteration: 0; image: 0; image_size: 751504; connection_time: 9892704411100; time_start_ns: 1742319253369284900; processing_time_ns: 79012800; time_end_ns: 1742319253514018300; signal_val: None; RSSI_val: None; data: Class ID: 0, Confidence: 0.69, BBox: (219, 170, 284, 310)
Class ID: 2, Confidence: 0.69, BBox: (282, 192, 438, 253)
Class ID: 1, Confidence: 0.54, BBox: (133, 227, 296, 345)
2025-03-18 18:34:13,668 - log_time: 18:34:13.514; iteration: 0; image: 0; image_size: 751504; connection_time: 9892704411100; time_start_ns: 1742319253514550800; processing_time_ns: 84568100; time_end_ns: 1742319253668659400; signal_val: None; RSSI_val: None; data: Class ID: 0, Confidence: 0.69, BBox: (219, 170, 284, 310)
Class ID: 2, Confidence: 0.69, BBox: (282, 192, 438, 253)
Class ID: 1, Confidence: 0.54, BBox: (133, 227, 296, 345)
2025-03-18 18:34:13,820 - log_time: 18:34:13.669; iteration: 0; image: 0; image_size: 751504; connection_time: 9892704411100; time_start_ns: 1742319253669197800; processing_time_ns: 80473700; time_end_ns: 1742319253819747800; signal_val: None; RSSI_val: None; data: Class ID: 0, Confidence: 0.69, BBox: (219, 170, 284, 310)
Class ID: 2, Confidence: 0.69, BBox: (282, 192, 438, 253)
Class ID: 1, Confidence: 0.54, BBox: (133, 227, 296, 345)
2025-03-18 18:34:13,979 - log_time: 18:34:13.820; iteration: 0; image: 0; image_size: 751504; connection_time: 9892704411100; time_start_ns: 1742319253820806900; processing_time_ns: 81836500; time_end_ns: 1742319253979967400; signal_val: None; RSSI_val: None; data: Class ID: 0, Confidence: 0.69, BBox: (219, 170, 284, 310)
Class ID: 2, Confidence: 0.69, BBox: (282, 192, 438, 253)
Class ID: 1, Confidence: 0.54, BBox: (133, 227, 296, 345)
2025-03-18 18:34:14,203 - log_time: 18:34:13.980; iteration: 0; image: 0; image_size: 751504; connection_time: 9892704411100; time_start_ns: 1742319253980968800; processing_time_ns: 124150100; time_end_ns: 1742319254203381100; signal_val: None; RSSI_val: None; data: Class ID: 0, Confidence: 0.69, BBox: (219, 170, 284, 310)
Class ID: 2, Confidence: 0.69, BBox: (282, 192, 438, 253)
Class ID: 1, Confidence: 0.54, BBox: (133, 227, 296, 345)
2025-03-18 18:34:14,362 - log_time: 18:34:14.203; iteration: 0; image: 0; image_size: 751504; connection_time: 9892704411100; time_start_ns: 1742319254203381100; processing_time_ns: 92481800; time_end_ns: 1742319254362942700; signal_val: None; RSSI_val: None; data: Class ID: 0, Confidence: 0.69, BBox: (219, 170, 284, 310)
Class ID: 2, Confidence: 0.69, BBox: (282, 192, 438, 253)
Class ID: 1, Confidence: 0.54, BBox: (133, 227, 296, 345)
2025-03-18 18:34:14,514 - log_time: 18:34:14.363; iteration: 0; image: 0; image_size: 751504; connection_time: 9892704411100; time_start_ns: 1742319254363487700; processing_time_ns: 79514400; time_end_ns: 1742319254514096000; signal_val: None; RSSI_val: None; data: Class ID: 0, Confidence: 0.69, BBox: (219, 170, 284, 310)
Class ID: 2, Confidence: 0.69, BBox: (282, 192, 438, 253)
Class ID: 1, Confidence: 0.54, BBox: (133, 227, 296, 345)
2025-03-18 18:34:14,662 - log_time: 18:34:14.514; iteration: 0; image: 0; image_size: 751504; connection_time: 9892704411100; time_start_ns: 1742319254514645800; processing_time_ns: 79262900; time_end_ns: 1742319254662002200; signal_val: None; RSSI_val: None; data: Class ID: 0, Confidence: 0.69, BBox: (219, 170, 284, 310)
Class ID: 2, Confidence: 0.69, BBox: (282, 192, 438, 253)
Class ID: 1, Confidence: 0.54, BBox: (133, 227, 296, 345)
2025-03-18 18:34:14,797 - log_time: 18:34:14.662; iteration: 0; image: 0; image_size: 751504; connection_time: 9892704411100; time_start_ns: 1742319254662002200; processing_time_ns: 70451700; time_end_ns: 1742319254797914800; signal_val: None; RSSI_val: None; data: Class ID: 0, Confidence: 0.69, BBox: (219, 170, 284, 310)
Class ID: 2, Confidence: 0.69, BBox: (282, 192, 438, 253)
Class ID: 1, Confidence: 0.54, BBox: (133, 227, 296, 345)
2025-03-18 18:34:14,932 - log_time: 18:34:14.798; iteration: 0; image: 0; image_size: 751504; connection_time: 9892704411100; time_start_ns: 1742319254798913100; processing_time_ns: 72813900; time_end_ns: 1742319254932204300; signal_val: None; RSSI_val: None; data: Class ID: 0, Confidence: 0.69, BBox: (219, 170, 284, 310)
Class ID: 2, Confidence: 0.69, BBox: (282, 192, 438, 253)
Class ID: 1, Confidence: 0.54, BBox: (133, 227, 296, 345)
2025-03-18 18:34:15,066 - log_time: 18:34:14.933; iteration: 0; image: 0; image_size: 751504; connection_time: 9892704411100; time_start_ns: 1742319254933205400; processing_time_ns: 71149100; time_end_ns: 1742319255066438400; signal_val: None; RSSI_val: None; data: Class ID: 0, Confidence: 0.69, BBox: (219, 170, 284, 310)
Class ID: 2, Confidence: 0.69, BBox: (282, 192, 438, 253)
Class ID: 1, Confidence: 0.54, BBox: (133, 227, 296, 345)
2025-03-18 18:34:15,199 - log_time: 18:34:15.066; iteration: 0; image: 0; image_size: 751504; connection_time: 9892704411100; time_start_ns: 1742319255066438400; processing_time_ns: 71573100; time_end_ns: 1742319255199625000; signal_val: None; RSSI_val: None; data: Class ID: 0, Confidence: 0.69, BBox: (219, 170, 284, 310)
Class ID: 2, Confidence: 0.69, BBox: (282, 192, 438, 253)
Class ID: 1, Confidence: 0.54, BBox: (133, 227, 296, 345)
2025-03-18 18:34:15,347 - log_time: 18:34:15.199; iteration: 0; image: 0; image_size: 751504; connection_time: 9892704411100; time_start_ns: 1742319255201631000; processing_time_ns: 82274600; time_end_ns: 1742319255347151100; signal_val: None; RSSI_val: None; data: Class ID: 0, Confidence: 0.69, BBox: (219, 170, 284, 310)
Class ID: 2, Confidence: 0.69, BBox: (282, 192, 438, 253)
Class ID: 1, Confidence: 0.54, BBox: (133, 227, 296, 345)
2025-03-18 18:34:15,522 - log_time: 18:34:15.348; iteration: 0; image: 0; image_size: 751504; connection_time: 9892704411100; time_start_ns: 1742319255348151400; processing_time_ns: 95370400; time_end_ns: 1742319255522805300; signal_val: None; RSSI_val: None; data: Class ID: 0, Confidence: 0.69, BBox: (219, 170, 284, 310)
Class ID: 2, Confidence: 0.69, BBox: (282, 192, 438, 253)
Class ID: 1, Confidence: 0.54, BBox: (133, 227, 296, 345)
2025-03-18 18:34:15,658 - log_time: 18:34:15.522; iteration: 0; image: 0; image_size: 751504; connection_time: 9892704411100; time_start_ns: 1742319255522805300; processing_time_ns: 72287900; time_end_ns: 1742319255658638800; signal_val: None; RSSI_val: None; data: Class ID: 0, Confidence: 0.69, BBox: (219, 170, 284, 310)
Class ID: 2, Confidence: 0.69, BBox: (282, 192, 438, 253)
Class ID: 1, Confidence: 0.54, BBox: (133, 227, 296, 345)
2025-03-18 18:34:15,795 - log_time: 18:34:15.658; iteration: 0; image: 0; image_size: 751504; connection_time: 9892704411100; time_start_ns: 1742319255658638800; processing_time_ns: 75755100; time_end_ns: 1742319255794648900; signal_val: None; RSSI_val: None; data: Class ID: 0, Confidence: 0.69, BBox: (219, 170, 284, 310)
Class ID: 2, Confidence: 0.69, BBox: (282, 192, 438, 253)
Class ID: 1, Confidence: 0.54, BBox: (133, 227, 296, 345)
2025-03-18 18:34:15,933 - log_time: 18:34:15.795; iteration: 0; image: 0; image_size: 751504; connection_time: 9892704411100; time_start_ns: 1742319255795647200; processing_time_ns: 72174700; time_end_ns: 1742319255933057000; signal_val: None; RSSI_val: None; data: Class ID: 0, Confidence: 0.69, BBox: (219, 170, 284, 310)
Class ID: 2, Confidence: 0.69, BBox: (282, 192, 438, 253)
Class ID: 1, Confidence: 0.54, BBox: (133, 227, 296, 345)
2025-03-18 18:34:16,058 - log_time: 18:34:15.933; iteration: 0; image: 0; image_size: 751504; connection_time: 9892704411100; time_start_ns: 1742319255933057000; processing_time_ns: 65280000; time_end_ns: 1742319256058295600; signal_val: None; RSSI_val: None; data: Class ID: 0, Confidence: 0.69, BBox: (219, 170, 284, 310)
Class ID: 2, Confidence: 0.69, BBox: (282, 192, 438, 253)
Class ID: 1, Confidence: 0.54, BBox: (133, 227, 296, 345)
2025-03-18 18:34:16,187 - log_time: 18:34:16.059; iteration: 0; image: 0; image_size: 751504; connection_time: 9892704411100; time_start_ns: 1742319256059295100; processing_time_ns: 68488200; time_end_ns: 1742319256187520500; signal_val: None; RSSI_val: None; data: Class ID: 0, Confidence: 0.69, BBox: (219, 170, 284, 310)
Class ID: 2, Confidence: 0.69, BBox: (282, 192, 438, 253)
Class ID: 1, Confidence: 0.54, BBox: (133, 227, 296, 345)
2025-03-18 18:34:16,332 - log_time: 18:34:16.187; iteration: 0; image: 0; image_size: 751504; connection_time: 9892704411100; time_start_ns: 1742319256187520500; processing_time_ns: 78040000; time_end_ns: 1742319256332319700; signal_val: None; RSSI_val: None; data: Class ID: 0, Confidence: 0.69, BBox: (219, 170, 284, 310)
Class ID: 2, Confidence: 0.69, BBox: (282, 192, 438, 253)
Class ID: 1, Confidence: 0.54, BBox: (133, 227, 296, 345)
2025-03-18 18:34:16,463 - log_time: 18:34:16.333; iteration: 0; image: 0; image_size: 751504; connection_time: 9892704411100; time_start_ns: 1742319256333322100; processing_time_ns: 68808900; time_end_ns: 1742319256463544400; signal_val: None; RSSI_val: None; data: Class ID: 0, Confidence: 0.69, BBox: (219, 170, 284, 310)
Class ID: 2, Confidence: 0.69, BBox: (282, 192, 438, 253)
Class ID: 1, Confidence: 0.54, BBox: (133, 227, 296, 345)
2025-03-18 18:34:16,594 - log_time: 18:34:16.464; iteration: 0; image: 0; image_size: 751504; connection_time: 9892704411100; time_start_ns: 1742319256464544600; processing_time_ns: 67162400; time_end_ns: 1742319256594594500; signal_val: None; RSSI_val: None; data: Class ID: 0, Confidence: 0.69, BBox: (219, 170, 284, 310)
Class ID: 2, Confidence: 0.69, BBox: (282, 192, 438, 253)
Class ID: 1, Confidence: 0.54, BBox: (133, 227, 296, 345)
2025-03-18 18:34:16,726 - log_time: 18:34:16.594; iteration: 0; image: 0; image_size: 751504; connection_time: 9892704411100; time_start_ns: 1742319256594594500; processing_time_ns: 66077800; time_end_ns: 1742319256726217300; signal_val: None; RSSI_val: None; data: Class ID: 0, Confidence: 0.69, BBox: (219, 170, 284, 310)
Class ID: 2, Confidence: 0.69, BBox: (282, 192, 438, 253)
Class ID: 1, Confidence: 0.54, BBox: (133, 227, 296, 345)
2025-03-18 18:34:16,857 - log_time: 18:34:16.726; iteration: 0; image: 0; image_size: 751504; connection_time: 9892704411100; time_start_ns: 1742319256726217300; processing_time_ns: 68571100; time_end_ns: 1742319256857528800; signal_val: None; RSSI_val: None; data: Class ID: 0, Confidence: 0.69, BBox: (219, 170, 284, 310)
Class ID: 2, Confidence: 0.69, BBox: (282, 192, 438, 253)
Class ID: 1, Confidence: 0.54, BBox: (133, 227, 296, 345)
2025-03-18 18:34:16,988 - log_time: 18:34:16.858; iteration: 0; image: 0; image_size: 751504; connection_time: 9892704411100; time_start_ns: 1742319256858520800; processing_time_ns: 71177500; time_end_ns: 1742319256988903700; signal_val: None; RSSI_val: None; data: Class ID: 0, Confidence: 0.69, BBox: (219, 170, 284, 310)
Class ID: 2, Confidence: 0.69, BBox: (282, 192, 438, 253)
Class ID: 1, Confidence: 0.54, BBox: (133, 227, 296, 345)
2025-03-18 18:34:17,117 - log_time: 18:34:16.989; iteration: 0; image: 0; image_size: 751504; connection_time: 9892704411100; time_start_ns: 1742319256989461100; processing_time_ns: 67164700; time_end_ns: 1742319257117193400; signal_val: None; RSSI_val: None; data: Class ID: 0, Confidence: 0.69, BBox: (219, 170, 284, 310)
Class ID: 2, Confidence: 0.69, BBox: (282, 192, 438, 253)
Class ID: 1, Confidence: 0.54, BBox: (133, 227, 296, 345)
2025-03-18 18:34:17,250 - log_time: 18:34:17.117; iteration: 0; image: 0; image_size: 751504; connection_time: 9892704411100; time_start_ns: 1742319257117193400; processing_time_ns: 70080800; time_end_ns: 1742319257250252100; signal_val: None; RSSI_val: None; data: Class ID: 0, Confidence: 0.69, BBox: (219, 170, 284, 310)
Class ID: 2, Confidence: 0.69, BBox: (282, 192, 438, 253)
Class ID: 1, Confidence: 0.54, BBox: (133, 227, 296, 345)
2025-03-18 18:34:17,381 - log_time: 18:34:17.250; iteration: 0; image: 0; image_size: 751504; connection_time: 9892704411100; time_start_ns: 1742319257250252100; processing_time_ns: 67755000; time_end_ns: 1742319257381270800; signal_val: None; RSSI_val: None; data: Class ID: 0, Confidence: 0.69, BBox: (219, 170, 284, 310)
Class ID: 2, Confidence: 0.69, BBox: (282, 192, 438, 253)
Class ID: 1, Confidence: 0.54, BBox: (133, 227, 296, 345)
2025-03-18 18:34:17,548 - log_time: 18:34:17.381; iteration: 0; image: 0; image_size: 751504; connection_time: 9892704411100; time_start_ns: 1742319257381270800; processing_time_ns: 72320300; time_end_ns: 1742319257548476700; signal_val: None; RSSI_val: None; data: Class ID: 0, Confidence: 0.69, BBox: (219, 170, 284, 310)
Class ID: 2, Confidence: 0.69, BBox: (282, 192, 438, 253)
Class ID: 1, Confidence: 0.54, BBox: (133, 227, 296, 345)
2025-03-18 18:34:17,680 - log_time: 18:34:17.548; iteration: 0; image: 0; image_size: 751504; connection_time: 9892704411100; time_start_ns: 1742319257548476700; processing_time_ns: 67560500; time_end_ns: 1742319257680706300; signal_val: None; RSSI_val: None; data: Class ID: 0, Confidence: 0.69, BBox: (219, 170, 284, 310)
Class ID: 2, Confidence: 0.69, BBox: (282, 192, 438, 253)
Class ID: 1, Confidence: 0.54, BBox: (133, 227, 296, 345)
2025-03-18 18:34:17,813 - log_time: 18:34:17.680; iteration: 0; image: 0; image_size: 751504; connection_time: 9892704411100; time_start_ns: 1742319257680706300; processing_time_ns: 67399000; time_end_ns: 1742319257813089200; signal_val: None; RSSI_val: None; data: Class ID: 0, Confidence: 0.69, BBox: (219, 170, 284, 310)
Class ID: 2, Confidence: 0.69, BBox: (282, 192, 438, 253)
Class ID: 1, Confidence: 0.54, BBox: (133, 227, 296, 345)
2025-03-18 18:34:17,945 - log_time: 18:34:17.814; iteration: 0; image: 0; image_size: 751504; connection_time: 9892704411100; time_start_ns: 1742319257814092200; processing_time_ns: 69991200; time_end_ns: 1742319257945652100; signal_val: None; RSSI_val: None; data: Class ID: 0, Confidence: 0.69, BBox: (219, 170, 284, 310)
Class ID: 2, Confidence: 0.69, BBox: (282, 192, 438, 253)
Class ID: 1, Confidence: 0.54, BBox: (133, 227, 296, 345)
2025-03-18 18:34:18,083 - log_time: 18:34:17.946; iteration: 0; image: 0; image_size: 751504; connection_time: 9892704411100; time_start_ns: 1742319257946656200; processing_time_ns: 71186100; time_end_ns: 1742319258083717200; signal_val: None; RSSI_val: None; data: Class ID: 0, Confidence: 0.69, BBox: (219, 170, 284, 310)
Class ID: 2, Confidence: 0.69, BBox: (282, 192, 438, 253)
Class ID: 1, Confidence: 0.54, BBox: (133, 227, 296, 345)
2025-03-18 18:34:18,223 - log_time: 18:34:18.083; iteration: 0; image: 0; image_size: 751504; connection_time: 9892704411100; time_start_ns: 1742319258083717200; processing_time_ns: 75497500; time_end_ns: 1742319258223997900; signal_val: None; RSSI_val: None; data: Class ID: 0, Confidence: 0.69, BBox: (219, 170, 284, 310)
Class ID: 2, Confidence: 0.69, BBox: (282, 192, 438, 253)
Class ID: 1, Confidence: 0.54, BBox: (133, 227, 296, 345)
2025-03-18 18:34:18,379 - log_time: 18:34:18.225; iteration: 0; image: 0; image_size: 751504; connection_time: 9892704411100; time_start_ns: 1742319258225002200; processing_time_ns: 89257700; time_end_ns: 1742319258379056200; signal_val: None; RSSI_val: None; data: Class ID: 0, Confidence: 0.69, BBox: (219, 170, 284, 310)
Class ID: 2, Confidence: 0.69, BBox: (282, 192, 438, 253)
Class ID: 1, Confidence: 0.54, BBox: (133, 227, 296, 345)
2025-03-18 18:34:18,530 - log_time: 18:34:18.379; iteration: 0; image: 0; image_size: 751504; connection_time: 9892704411100; time_start_ns: 1742319258379588600; processing_time_ns: 77514600; time_end_ns: 1742319258530533500; signal_val: None; RSSI_val: None; data: Class ID: 0, Confidence: 0.69, BBox: (219, 170, 284, 310)
Class ID: 2, Confidence: 0.69, BBox: (282, 192, 438, 253)
Class ID: 1, Confidence: 0.54, BBox: (133, 227, 296, 345)
2025-03-18 18:34:18,674 - log_time: 18:34:18.530; iteration: 0; image: 0; image_size: 751504; connection_time: 9892704411100; time_start_ns: 1742319258530533500; processing_time_ns: 77737900; time_end_ns: 1742319258674597800; signal_val: None; RSSI_val: None; data: Class ID: 0, Confidence: 0.69, BBox: (219, 170, 284, 310)
Class ID: 2, Confidence: 0.69, BBox: (282, 192, 438, 253)
Class ID: 1, Confidence: 0.54, BBox: (133, 227, 296, 345)
2025-03-18 18:34:18,826 - log_time: 18:34:18.674; iteration: 0; image: 0; image_size: 751504; connection_time: 9892704411100; time_start_ns: 1742319258674597800; processing_time_ns: 90792500; time_end_ns: 1742319258826281400; signal_val: None; RSSI_val: None; data: Class ID: 0, Confidence: 0.69, BBox: (219, 170, 284, 310)
Class ID: 2, Confidence: 0.69, BBox: (282, 192, 438, 253)
Class ID: 1, Confidence: 0.54, BBox: (133, 227, 296, 345)
2025-03-18 18:34:18,980 - log_time: 18:34:18.826; iteration: 0; image: 0; image_size: 751504; connection_time: 9892704411100; time_start_ns: 1742319258826815600; processing_time_ns: 80379900; time_end_ns: 1742319258980934900; signal_val: None; RSSI_val: None; data: Class ID: 0, Confidence: 0.69, BBox: (219, 170, 284, 310)
Class ID: 2, Confidence: 0.69, BBox: (282, 192, 438, 253)
Class ID: 1, Confidence: 0.54, BBox: (133, 227, 296, 345)
2025-03-18 18:34:19,125 - log_time: 18:34:18.980; iteration: 0; image: 0; image_size: 751504; connection_time: 9892704411100; time_start_ns: 1742319258980934900; processing_time_ns: 78001500; time_end_ns: 1742319259125912800; signal_val: None; RSSI_val: None; data: Class ID: 0, Confidence: 0.69, BBox: (219, 170, 284, 310)
Class ID: 2, Confidence: 0.69, BBox: (282, 192, 438, 253)
Class ID: 1, Confidence: 0.54, BBox: (133, 227, 296, 345)
2025-03-18 18:34:19,271 - log_time: 18:34:19.126; iteration: 0; image: 0; image_size: 751504; connection_time: 9892704411100; time_start_ns: 1742319259126356800; processing_time_ns: 80182200; time_end_ns: 1742319259271146800; signal_val: None; RSSI_val: None; data: Class ID: 0, Confidence: 0.69, BBox: (219, 170, 284, 310)
Class ID: 2, Confidence: 0.69, BBox: (282, 192, 438, 253)
Class ID: 1, Confidence: 0.54, BBox: (133, 227, 296, 345)
2025-03-18 18:34:19,408 - log_time: 18:34:19.272; iteration: 0; image: 0; image_size: 751504; connection_time: 9892704411100; time_start_ns: 1742319259272463200; processing_time_ns: 72790600; time_end_ns: 1742319259408550100; signal_val: None; RSSI_val: None; data: Class ID: 0, Confidence: 0.69, BBox: (219, 170, 284, 310)
Class ID: 2, Confidence: 0.69, BBox: (282, 192, 438, 253)
Class ID: 1, Confidence: 0.54, BBox: (133, 227, 296, 345)
2025-03-18 18:34:19,539 - log_time: 18:34:19.408; iteration: 0; image: 0; image_size: 751504; connection_time: 9892704411100; time_start_ns: 1742319259408550100; processing_time_ns: 70354300; time_end_ns: 1742319259539011900; signal_val: None; RSSI_val: None; data: Class ID: 0, Confidence: 0.69, BBox: (219, 170, 284, 310)
Class ID: 2, Confidence: 0.69, BBox: (282, 192, 438, 253)
Class ID: 1, Confidence: 0.54, BBox: (133, 227, 296, 345)
2025-03-18 18:34:19,666 - log_time: 18:34:19.539; iteration: 0; image: 0; image_size: 751504; connection_time: 9892704411100; time_start_ns: 1742319259539737400; processing_time_ns: 68837500; time_end_ns: 1742319259666791800; signal_val: None; RSSI_val: None; data: Class ID: 0, Confidence: 0.69, BBox: (219, 170, 284, 310)
Class ID: 2, Confidence: 0.69, BBox: (282, 192, 438, 253)
Class ID: 1, Confidence: 0.54, BBox: (133, 227, 296, 345)
2025-03-18 18:34:19,798 - log_time: 18:34:19.666; iteration: 0; image: 0; image_size: 751504; connection_time: 9892704411100; time_start_ns: 1742319259666791800; processing_time_ns: 68678200; time_end_ns: 1742319259798920600; signal_val: None; RSSI_val: None; data: Class ID: 0, Confidence: 0.69, BBox: (219, 170, 284, 310)
Class ID: 2, Confidence: 0.69, BBox: (282, 192, 438, 253)
Class ID: 1, Confidence: 0.54, BBox: (133, 227, 296, 345)
2025-03-18 18:34:19,928 - log_time: 18:34:19.799; iteration: 0; image: 0; image_size: 751504; connection_time: 9892704411100; time_start_ns: 1742319259799923000; processing_time_ns: 68292400; time_end_ns: 1742319259928561300; signal_val: None; RSSI_val: None; data: Class ID: 0, Confidence: 0.69, BBox: (219, 170, 284, 310)
Class ID: 2, Confidence: 0.69, BBox: (282, 192, 438, 253)
Class ID: 1, Confidence: 0.54, BBox: (133, 227, 296, 345)
2025-03-18 18:34:20,057 - log_time: 18:34:19.928; iteration: 0; image: 0; image_size: 751504; connection_time: 9892704411100; time_start_ns: 1742319259928561300; processing_time_ns: 67861800; time_end_ns: 1742319260057300000; signal_val: None; RSSI_val: None; data: Class ID: 0, Confidence: 0.69, BBox: (219, 170, 284, 310)
Class ID: 2, Confidence: 0.69, BBox: (282, 192, 438, 253)
Class ID: 1, Confidence: 0.54, BBox: (133, 227, 296, 345)
2025-03-18 18:34:20,237 - log_time: 18:34:20.058; iteration: 0; image: 0; image_size: 751504; connection_time: 9892704411100; time_start_ns: 1742319260058308100; processing_time_ns: 114035800; time_end_ns: 1742319260237422600; signal_val: None; RSSI_val: None; data: Class ID: 0, Confidence: 0.69, BBox: (219, 170, 284, 310)
Class ID: 2, Confidence: 0.69, BBox: (282, 192, 438, 253)
Class ID: 1, Confidence: 0.54, BBox: (133, 227, 296, 345)
2025-03-18 18:34:20,379 - log_time: 18:34:20.237; iteration: 0; image: 0; image_size: 751504; connection_time: 9892704411100; time_start_ns: 1742319260237422600; processing_time_ns: 75426500; time_end_ns: 1742319260379214700; signal_val: None; RSSI_val: None; data: Class ID: 0, Confidence: 0.69, BBox: (219, 170, 284, 310)
Class ID: 2, Confidence: 0.69, BBox: (282, 192, 438, 253)
Class ID: 1, Confidence: 0.54, BBox: (133, 227, 296, 345)
2025-03-18 18:34:20,533 - log_time: 18:34:20.379; iteration: 0; image: 0; image_size: 751504; connection_time: 9892704411100; time_start_ns: 1742319260379214700; processing_time_ns: 89729700; time_end_ns: 1742319260532941900; signal_val: None; RSSI_val: None; data: Class ID: 0, Confidence: 0.69, BBox: (219, 170, 284, 310)
Class ID: 2, Confidence: 0.69, BBox: (282, 192, 438, 253)
Class ID: 1, Confidence: 0.54, BBox: (133, 227, 296, 345)
2025-03-18 18:34:20,668 - log_time: 18:34:20.533; iteration: 0; image: 0; image_size: 751504; connection_time: 9892704411100; time_start_ns: 1742319260534004500; processing_time_ns: 67803200; time_end_ns: 1742319260668194200; signal_val: None; RSSI_val: None; data: Class ID: 0, Confidence: 0.69, BBox: (219, 170, 284, 310)
Class ID: 2, Confidence: 0.69, BBox: (282, 192, 438, 253)
Class ID: 1, Confidence: 0.54, BBox: (133, 227, 296, 345)
2025-03-18 18:34:20,803 - log_time: 18:34:20.671; iteration: 0; image: 0; image_size: 751504; connection_time: 9892704411100; time_start_ns: 1742319260671374200; processing_time_ns: 71667900; time_end_ns: 1742319260802894900; signal_val: None; RSSI_val: None; data: Class ID: 0, Confidence: 0.69, BBox: (219, 170, 284, 310)
Class ID: 2, Confidence: 0.69, BBox: (282, 192, 438, 253)
Class ID: 1, Confidence: 0.54, BBox: (133, 227, 296, 345)
2025-03-18 18:34:20,951 - log_time: 18:34:20.803; iteration: 0; image: 0; image_size: 751504; connection_time: 9892704411100; time_start_ns: 1742319260803893000; processing_time_ns: 77284900; time_end_ns: 1742319260951520300; signal_val: None; RSSI_val: None; data: Class ID: 0, Confidence: 0.69, BBox: (219, 170, 284, 310)
Class ID: 2, Confidence: 0.69, BBox: (282, 192, 438, 253)
Class ID: 1, Confidence: 0.54, BBox: (133, 227, 296, 345)
2025-03-18 18:34:21,093 - log_time: 18:34:20.951; iteration: 0; image: 0; image_size: 751504; connection_time: 9892704411100; time_start_ns: 1742319260951520300; processing_time_ns: 75247400; time_end_ns: 1742319261093379400; signal_val: None; RSSI_val: None; data: Class ID: 0, Confidence: 0.69, BBox: (219, 170, 284, 310)
Class ID: 2, Confidence: 0.69, BBox: (282, 192, 438, 253)
Class ID: 1, Confidence: 0.54, BBox: (133, 227, 296, 345)
2025-03-18 18:34:21,230 - log_time: 18:34:21.094; iteration: 0; image: 0; image_size: 751504; connection_time: 9892704411100; time_start_ns: 1742319261094379900; processing_time_ns: 75089900; time_end_ns: 1742319261230223900; signal_val: None; RSSI_val: None; data: Class ID: 0, Confidence: 0.69, BBox: (219, 170, 284, 310)
Class ID: 2, Confidence: 0.69, BBox: (282, 192, 438, 253)
Class ID: 1, Confidence: 0.54, BBox: (133, 227, 296, 345)
2025-03-18 18:34:21,365 - log_time: 18:34:21.230; iteration: 0; image: 0; image_size: 751504; connection_time: 9892704411100; time_start_ns: 1742319261230223900; processing_time_ns: 70427700; time_end_ns: 1742319261365010500; signal_val: None; RSSI_val: None; data: Class ID: 0, Confidence: 0.69, BBox: (219, 170, 284, 310)
Class ID: 2, Confidence: 0.69, BBox: (282, 192, 438, 253)
Class ID: 1, Confidence: 0.54, BBox: (133, 227, 296, 345)
2025-03-18 18:34:21,501 - log_time: 18:34:21.365; iteration: 0; image: 0; image_size: 751504; connection_time: 9892704411100; time_start_ns: 1742319261365010500; processing_time_ns: 73387600; time_end_ns: 1742319261501407700; signal_val: None; RSSI_val: None; data: Class ID: 0, Confidence: 0.69, BBox: (219, 170, 284, 310)
Class ID: 2, Confidence: 0.69, BBox: (282, 192, 438, 253)
Class ID: 1, Confidence: 0.54, BBox: (133, 227, 296, 345)
2025-03-18 18:34:21,636 - log_time: 18:34:21.501; iteration: 0; image: 0; image_size: 751504; connection_time: 9892704411100; time_start_ns: 1742319261501407700; processing_time_ns: 66970800; time_end_ns: 1742319261632860300; signal_val: None; RSSI_val: None; data: Class ID: 0, Confidence: 0.69, BBox: (219, 170, 284, 310)
Class ID: 2, Confidence: 0.69, BBox: (282, 192, 438, 253)
Class ID: 1, Confidence: 0.54, BBox: (133, 227, 296, 345)
2025-03-18 18:34:21,772 - log_time: 18:34:21.636; iteration: 0; image: 0; image_size: 751504; connection_time: 9892704411100; time_start_ns: 1742319261636465300; processing_time_ns: 70488700; time_end_ns: 1742319261772161000; signal_val: None; RSSI_val: None; data: Class ID: 0, Confidence: 0.69, BBox: (219, 170, 284, 310)
Class ID: 2, Confidence: 0.69, BBox: (282, 192, 438, 253)
Class ID: 1, Confidence: 0.54, BBox: (133, 227, 296, 345)
2025-03-18 18:34:21,899 - log_time: 18:34:21.772; iteration: 0; image: 0; image_size: 751504; connection_time: 9892704411100; time_start_ns: 1742319261772829200; processing_time_ns: 67451700; time_end_ns: 1742319261899714000; signal_val: None; RSSI_val: None; data: Class ID: 0, Confidence: 0.69, BBox: (219, 170, 284, 310)
Class ID: 2, Confidence: 0.69, BBox: (282, 192, 438, 253)
Class ID: 1, Confidence: 0.54, BBox: (133, 227, 296, 345)
2025-03-18 18:34:22,032 - log_time: 18:34:21.899; iteration: 0; image: 0; image_size: 751504; connection_time: 9892704411100; time_start_ns: 1742319261899714000; processing_time_ns: 69403500; time_end_ns: 1742319262032398600; signal_val: None; RSSI_val: None; data: Class ID: 0, Confidence: 0.69, BBox: (219, 170, 284, 310)
Class ID: 2, Confidence: 0.69, BBox: (282, 192, 438, 253)
Class ID: 1, Confidence: 0.54, BBox: (133, 227, 296, 345)
2025-03-18 18:34:22,162 - log_time: 18:34:22.032; iteration: 0; image: 0; image_size: 751504; connection_time: 9892704411100; time_start_ns: 1742319262032398600; processing_time_ns: 67269800; time_end_ns: 1742319262162513500; signal_val: None; RSSI_val: None; data: Class ID: 0, Confidence: 0.69, BBox: (219, 170, 284, 310)
Class ID: 2, Confidence: 0.69, BBox: (282, 192, 438, 253)
Class ID: 1, Confidence: 0.54, BBox: (133, 227, 296, 345)
2025-03-18 18:34:22,295 - log_time: 18:34:22.162; iteration: 0; image: 0; image_size: 751504; connection_time: 9892704411100; time_start_ns: 1742319262162513500; processing_time_ns: 70103800; time_end_ns: 1742319262295169500; signal_val: None; RSSI_val: None; data: Class ID: 0, Confidence: 0.69, BBox: (219, 170, 284, 310)
Class ID: 2, Confidence: 0.69, BBox: (282, 192, 438, 253)
Class ID: 1, Confidence: 0.54, BBox: (133, 227, 296, 345)
2025-03-18 18:34:22,431 - log_time: 18:34:22.295; iteration: 0; image: 0; image_size: 751504; connection_time: 9892704411100; time_start_ns: 1742319262295169500; processing_time_ns: 67251400; time_end_ns: 1742319262431098200; signal_val: None; RSSI_val: None; data: Class ID: 0, Confidence: 0.69, BBox: (219, 170, 284, 310)
Class ID: 2, Confidence: 0.69, BBox: (282, 192, 438, 253)
Class ID: 1, Confidence: 0.54, BBox: (133, 227, 296, 345)
2025-03-18 18:34:22,561 - log_time: 18:34:22.431; iteration: 0; image: 0; image_size: 751504; connection_time: 9892704411100; time_start_ns: 1742319262431098200; processing_time_ns: 70882400; time_end_ns: 1742319262561590800; signal_val: None; RSSI_val: None; data: Class ID: 0, Confidence: 0.69, BBox: (219, 170, 284, 310)
Class ID: 2, Confidence: 0.69, BBox: (282, 192, 438, 253)
Class ID: 1, Confidence: 0.54, BBox: (133, 227, 296, 345)
2025-03-18 18:34:22,869 - log_time: 18:34:22.562; iteration: 0; image: 0; image_size: 751504; connection_time: 9892704411100; time_start_ns: 1742319262562590200; processing_time_ns: 231526000; time_end_ns: 1742319262869943900; signal_val: None; RSSI_val: None; data: Class ID: 0, Confidence: 0.69, BBox: (219, 170, 284, 310)
Class ID: 2, Confidence: 0.69, BBox: (282, 192, 438, 253)
Class ID: 1, Confidence: 0.54, BBox: (133, 227, 296, 345)
2025-03-18 18:34:23,059 - log_time: 18:34:22.870; iteration: 0; image: 0; image_size: 751504; connection_time: 9892704411100; time_start_ns: 1742319262870497000; processing_time_ns: 104599700; time_end_ns: 1742319263059411100; signal_val: None; RSSI_val: None; data: Class ID: 0, Confidence: 0.69, BBox: (219, 170, 284, 310)
Class ID: 2, Confidence: 0.69, BBox: (282, 192, 438, 253)
Class ID: 1, Confidence: 0.54, BBox: (133, 227, 296, 345)
2025-03-18 18:34:23,231 - log_time: 18:34:23.060; iteration: 0; image: 0; image_size: 751504; connection_time: 9892704411100; time_start_ns: 1742319263060412600; processing_time_ns: 93847000; time_end_ns: 1742319263231984600; signal_val: None; RSSI_val: None; data: Class ID: 0, Confidence: 0.69, BBox: (219, 170, 284, 310)
Class ID: 2, Confidence: 0.69, BBox: (282, 192, 438, 253)
Class ID: 1, Confidence: 0.54, BBox: (133, 227, 296, 345)
2025-03-18 18:34:23,441 - log_time: 18:34:23.232; iteration: 0; image: 0; image_size: 751504; connection_time: 9892704411100; time_start_ns: 1742319263232989600; processing_time_ns: 129208900; time_end_ns: 1742319263441092200; signal_val: None; RSSI_val: None; data: Class ID: 0, Confidence: 0.69, BBox: (219, 170, 284, 310)
Class ID: 2, Confidence: 0.69, BBox: (282, 192, 438, 253)
Class ID: 1, Confidence: 0.54, BBox: (133, 227, 296, 345)
2025-03-18 18:34:23,569 - log_time: 18:34:23.442; iteration: 0; image: 0; image_size: 751504; connection_time: 9892704411100; time_start_ns: 1742319263442092200; processing_time_ns: 67806300; time_end_ns: 1742319263569363500; signal_val: None; RSSI_val: None; data: Class ID: 0, Confidence: 0.69, BBox: (219, 170, 284, 310)
Class ID: 2, Confidence: 0.69, BBox: (282, 192, 438, 253)
Class ID: 1, Confidence: 0.54, BBox: (133, 227, 296, 345)
2025-03-18 18:34:23,702 - log_time: 18:34:23.570; iteration: 0; image: 0; image_size: 751504; connection_time: 9892704411100; time_start_ns: 1742319263570364100; processing_time_ns: 70385200; time_end_ns: 1742319263702406000; signal_val: None; RSSI_val: None; data: Class ID: 0, Confidence: 0.69, BBox: (219, 170, 284, 310)
Class ID: 2, Confidence: 0.69, BBox: (282, 192, 438, 253)
Class ID: 1, Confidence: 0.54, BBox: (133, 227, 296, 345)
2025-03-18 18:34:23,849 - log_time: 18:34:23.702; iteration: 0; image: 0; image_size: 751504; connection_time: 9892704411100; time_start_ns: 1742319263702406000; processing_time_ns: 81614800; time_end_ns: 1742319263849457500; signal_val: None; RSSI_val: None; data: Class ID: 0, Confidence: 0.69, BBox: (219, 170, 284, 310)
Class ID: 2, Confidence: 0.69, BBox: (282, 192, 438, 253)
Class ID: 1, Confidence: 0.54, BBox: (133, 227, 296, 345)
2025-03-18 18:34:23,986 - log_time: 18:34:23.849; iteration: 0; image: 0; image_size: 751504; connection_time: 9892704411100; time_start_ns: 1742319263850532200; processing_time_ns: 71708000; time_end_ns: 1742319263986396200; signal_val: None; RSSI_val: None; data: Class ID: 0, Confidence: 0.69, BBox: (219, 170, 284, 310)
Class ID: 2, Confidence: 0.69, BBox: (282, 192, 438, 253)
Class ID: 1, Confidence: 0.54, BBox: (133, 227, 296, 345)
2025-03-18 18:34:24,123 - log_time: 18:34:23.987; iteration: 0; image: 0; image_size: 751504; connection_time: 9892704411100; time_start_ns: 1742319263987405400; processing_time_ns: 72633700; time_end_ns: 1742319264123188200; signal_val: None; RSSI_val: None; data: Class ID: 0, Confidence: 0.69, BBox: (219, 170, 284, 310)
Class ID: 2, Confidence: 0.69, BBox: (282, 192, 438, 253)
Class ID: 1, Confidence: 0.54, BBox: (133, 227, 296, 345)
2025-03-18 18:34:24,251 - log_time: 18:34:24.123; iteration: 0; image: 0; image_size: 751504; connection_time: 9892704411100; time_start_ns: 1742319264123188200; processing_time_ns: 66478600; time_end_ns: 1742319264251224300; signal_val: None; RSSI_val: None; data: Class ID: 0, Confidence: 0.69, BBox: (219, 170, 284, 310)
Class ID: 2, Confidence: 0.69, BBox: (282, 192, 438, 253)
Class ID: 1, Confidence: 0.54, BBox: (133, 227, 296, 345)
2025-03-18 18:34:24,388 - log_time: 18:34:24.252; iteration: 0; image: 0; image_size: 751504; connection_time: 9892704411100; time_start_ns: 1742319264252227700; processing_time_ns: 76382400; time_end_ns: 1742319264388721600; signal_val: None; RSSI_val: None; data: Class ID: 0, Confidence: 0.69, BBox: (219, 170, 284, 310)
Class ID: 2, Confidence: 0.69, BBox: (282, 192, 438, 253)
Class ID: 1, Confidence: 0.54, BBox: (133, 227, 296, 345)
2025-03-18 18:34:24,521 - log_time: 18:34:24.388; iteration: 0; image: 0; image_size: 751504; connection_time: 9892704411100; time_start_ns: 1742319264388721600; processing_time_ns: 72306800; time_end_ns: 1742319264521176600; signal_val: None; RSSI_val: None; data: Class ID: 0, Confidence: 0.69, BBox: (219, 170, 284, 310)
Class ID: 2, Confidence: 0.69, BBox: (282, 192, 438, 253)
Class ID: 1, Confidence: 0.54, BBox: (133, 227, 296, 345)
2025-03-18 18:34:24,656 - log_time: 18:34:24.522; iteration: 0; image: 0; image_size: 751504; connection_time: 9892704411100; time_start_ns: 1742319264522176200; processing_time_ns: 71977800; time_end_ns: 1742319264656144900; signal_val: None; RSSI_val: None; data: Class ID: 0, Confidence: 0.69, BBox: (219, 170, 284, 310)
Class ID: 2, Confidence: 0.69, BBox: (282, 192, 438, 253)
Class ID: 1, Confidence: 0.54, BBox: (133, 227, 296, 345)
2025-03-18 18:34:24,812 - log_time: 18:34:24.658; iteration: 0; image: 0; image_size: 751504; connection_time: 9892704411100; time_start_ns: 1742319264658290400; processing_time_ns: 91020300; time_end_ns: 1742319264811493900; signal_val: None; RSSI_val: None; data: Class ID: 0, Confidence: 0.69, BBox: (219, 170, 284, 310)
Class ID: 2, Confidence: 0.69, BBox: (282, 192, 438, 253)
Class ID: 1, Confidence: 0.54, BBox: (133, 227, 296, 345)
2025-03-18 18:34:24,953 - log_time: 18:34:24.812; iteration: 0; image: 0; image_size: 751504; connection_time: 9892704411100; time_start_ns: 1742319264812565200; processing_time_ns: 75709200; time_end_ns: 1742319264953082400; signal_val: None; RSSI_val: None; data: Class ID: 0, Confidence: 0.69, BBox: (219, 170, 284, 310)
Class ID: 2, Confidence: 0.69, BBox: (282, 192, 438, 253)
Class ID: 1, Confidence: 0.54, BBox: (133, 227, 296, 345)
2025-03-18 18:34:25,090 - log_time: 18:34:24.955; iteration: 0; image: 0; image_size: 751504; connection_time: 9892704411100; time_start_ns: 1742319264955092000; processing_time_ns: 72739700; time_end_ns: 1742319265090389100; signal_val: None; RSSI_val: None; data: Class ID: 0, Confidence: 0.69, BBox: (219, 170, 284, 310)
Class ID: 2, Confidence: 0.69, BBox: (282, 192, 438, 253)
Class ID: 1, Confidence: 0.54, BBox: (133, 227, 296, 345)
2025-03-18 18:34:25,225 - log_time: 18:34:25.090; iteration: 0; image: 0; image_size: 751504; connection_time: 9892704411100; time_start_ns: 1742319265090389100; processing_time_ns: 76562200; time_end_ns: 1742319265225065600; signal_val: None; RSSI_val: None; data: Class ID: 0, Confidence: 0.69, BBox: (219, 170, 284, 310)
Class ID: 2, Confidence: 0.69, BBox: (282, 192, 438, 253)
Class ID: 1, Confidence: 0.54, BBox: (133, 227, 296, 345)
2025-03-18 18:34:25,356 - log_time: 18:34:25.226; iteration: 0; image: 0; image_size: 751504; connection_time: 9892704411100; time_start_ns: 1742319265226064000; processing_time_ns: 69212400; time_end_ns: 1742319265356029600; signal_val: None; RSSI_val: None; data: Class ID: 0, Confidence: 0.69, BBox: (219, 170, 284, 310)
Class ID: 2, Confidence: 0.69, BBox: (282, 192, 438, 253)
Class ID: 1, Confidence: 0.54, BBox: (133, 227, 296, 345)
2025-03-18 18:34:25,481 - log_time: 18:34:25.356; iteration: 0; image: 0; image_size: 751504; connection_time: 9892704411100; time_start_ns: 1742319265356029600; processing_time_ns: 66604500; time_end_ns: 1742319265481302900; signal_val: None; RSSI_val: None; data: Class ID: 0, Confidence: 0.69, BBox: (219, 170, 284, 310)
Class ID: 2, Confidence: 0.69, BBox: (282, 192, 438, 253)
Class ID: 1, Confidence: 0.54, BBox: (133, 227, 296, 345)
2025-03-18 18:34:25,607 - log_time: 18:34:25.481; iteration: 0; image: 0; image_size: 751504; connection_time: 9892704411100; time_start_ns: 1742319265481302900; processing_time_ns: 64860700; time_end_ns: 1742319265607669600; signal_val: None; RSSI_val: None; data: Class ID: 0, Confidence: 0.69, BBox: (219, 170, 284, 310)
Class ID: 2, Confidence: 0.69, BBox: (282, 192, 438, 253)
Class ID: 1, Confidence: 0.54, BBox: (133, 227, 296, 345)
2025-03-18 18:34:25,736 - log_time: 18:34:25.607; iteration: 0; image: 0; image_size: 751504; connection_time: 9892704411100; time_start_ns: 1742319265607669600; processing_time_ns: 67000500; time_end_ns: 1742319265736199900; signal_val: None; RSSI_val: None; data: Class ID: 0, Confidence: 0.69, BBox: (219, 170, 284, 310)
Class ID: 2, Confidence: 0.69, BBox: (282, 192, 438, 253)
Class ID: 1, Confidence: 0.54, BBox: (133, 227, 296, 345)
2025-03-18 18:34:25,865 - log_time: 18:34:25.736; iteration: 0; image: 0; image_size: 751504; connection_time: 9892704411100; time_start_ns: 1742319265736199900; processing_time_ns: 71168900; time_end_ns: 1742319265865793400; signal_val: None; RSSI_val: None; data: Class ID: 0, Confidence: 0.69, BBox: (219, 170, 284, 310)
Class ID: 2, Confidence: 0.69, BBox: (282, 192, 438, 253)
Class ID: 1, Confidence: 0.54, BBox: (133, 227, 296, 345)
2025-03-18 18:34:25,996 - log_time: 18:34:25.865; iteration: 0; image: 0; image_size: 751504; connection_time: 9892704411100; time_start_ns: 1742319265867802100; processing_time_ns: 67147800; time_end_ns: 1742319265996904400; signal_val: None; RSSI_val: None; data: Class ID: 0, Confidence: 0.69, BBox: (219, 170, 284, 310)
Class ID: 2, Confidence: 0.69, BBox: (282, 192, 438, 253)
Class ID: 1, Confidence: 0.54, BBox: (133, 227, 296, 345)
2025-03-18 18:34:26,125 - log_time: 18:34:25.998; iteration: 0; image: 0; image_size: 751504; connection_time: 9892704411100; time_start_ns: 1742319265998913200; processing_time_ns: 68005100; time_end_ns: 1742319266125634700; signal_val: None; RSSI_val: None; data: Class ID: 0, Confidence: 0.69, BBox: (219, 170, 284, 310)
Class ID: 2, Confidence: 0.69, BBox: (282, 192, 438, 253)
Class ID: 1, Confidence: 0.54, BBox: (133, 227, 296, 345)
2025-03-18 18:34:26,254 - log_time: 18:34:26.126; iteration: 0; image: 0; image_size: 751504; connection_time: 9892704411100; time_start_ns: 1742319266126631500; processing_time_ns: 69166100; time_end_ns: 1742319266254856600; signal_val: None; RSSI_val: None; data: Class ID: 0, Confidence: 0.69, BBox: (219, 170, 284, 310)
Class ID: 2, Confidence: 0.69, BBox: (282, 192, 438, 253)
Class ID: 1, Confidence: 0.54, BBox: (133, 227, 296, 345)
2025-03-18 18:34:26,416 - log_time: 18:34:26.254; iteration: 0; image: 0; image_size: 751504; connection_time: 9892704411100; time_start_ns: 1742319266254856600; processing_time_ns: 89119400; time_end_ns: 1742319266416506900; signal_val: None; RSSI_val: None; data: Class ID: 0, Confidence: 0.69, BBox: (219, 170, 284, 310)
Class ID: 2, Confidence: 0.69, BBox: (282, 192, 438, 253)
Class ID: 1, Confidence: 0.54, BBox: (133, 227, 296, 345)
2025-03-18 18:34:26,617 - log_time: 18:34:26.417; iteration: 0; image: 0; image_size: 751504; connection_time: 9892704411100; time_start_ns: 1742319266417750900; processing_time_ns: 111074500; time_end_ns: 1742319266617087000; signal_val: None; RSSI_val: None; data: Class ID: 0, Confidence: 0.69, BBox: (219, 170, 284, 310)
Class ID: 2, Confidence: 0.69, BBox: (282, 192, 438, 253)
Class ID: 1, Confidence: 0.54, BBox: (133, 227, 296, 345)
2025-03-18 18:34:26,769 - log_time: 18:34:26.618; iteration: 0; image: 0; image_size: 751504; connection_time: 9892704411100; time_start_ns: 1742319266618165200; processing_time_ns: 80917400; time_end_ns: 1742319266769584900; signal_val: None; RSSI_val: None; data: Class ID: 0, Confidence: 0.69, BBox: (219, 170, 284, 310)
Class ID: 2, Confidence: 0.69, BBox: (282, 192, 438, 253)
Class ID: 1, Confidence: 0.54, BBox: (133, 227, 296, 345)
2025-03-18 18:34:26,916 - log_time: 18:34:26.770; iteration: 0; image: 0; image_size: 751504; connection_time: 9892704411100; time_start_ns: 1742319266770584900; processing_time_ns: 85705600; time_end_ns: 1742319266915794200; signal_val: None; RSSI_val: None; data: Class ID: 0, Confidence: 0.69, BBox: (219, 170, 284, 310)
Class ID: 2, Confidence: 0.69, BBox: (282, 192, 438, 253)
Class ID: 1, Confidence: 0.54, BBox: (133, 227, 296, 345)
2025-03-18 18:34:27,048 - log_time: 18:34:26.916; iteration: 0; image: 0; image_size: 751504; connection_time: 9892704411100; time_start_ns: 1742319266916862600; processing_time_ns: 69002500; time_end_ns: 1742319267048184700; signal_val: None; RSSI_val: None; data: Class ID: 0, Confidence: 0.69, BBox: (219, 170, 284, 310)
Class ID: 2, Confidence: 0.69, BBox: (282, 192, 438, 253)
Class ID: 1, Confidence: 0.54, BBox: (133, 227, 296, 345)
2025-03-18 18:34:27,180 - log_time: 18:34:27.048; iteration: 0; image: 0; image_size: 751504; connection_time: 9892704411100; time_start_ns: 1742319267048184700; processing_time_ns: 67744800; time_end_ns: 1742319267179541400; signal_val: None; RSSI_val: None; data: Class ID: 0, Confidence: 0.69, BBox: (219, 170, 284, 310)
Class ID: 2, Confidence: 0.69, BBox: (282, 192, 438, 253)
Class ID: 1, Confidence: 0.54, BBox: (133, 227, 296, 345)
2025-03-18 18:34:27,334 - log_time: 18:34:27.180; iteration: 0; image: 0; image_size: 751504; connection_time: 9892704411100; time_start_ns: 1742319267180605400; processing_time_ns: 87452200; time_end_ns: 1742319267334467100; signal_val: None; RSSI_val: None; data: Class ID: 0, Confidence: 0.69, BBox: (219, 170, 284, 310)
Class ID: 2, Confidence: 0.69, BBox: (282, 192, 438, 253)
Class ID: 1, Confidence: 0.54, BBox: (133, 227, 296, 345)
2025-03-18 18:34:27,486 - log_time: 18:34:27.335; iteration: 0; image: 0; image_size: 751504; connection_time: 9892704411100; time_start_ns: 1742319267335467700; processing_time_ns: 80223100; time_end_ns: 1742319267485731900; signal_val: None; RSSI_val: None; data: Class ID: 0, Confidence: 0.69, BBox: (219, 170, 284, 310)
Class ID: 2, Confidence: 0.69, BBox: (282, 192, 438, 253)
Class ID: 1, Confidence: 0.54, BBox: (133, 227, 296, 345)
2025-03-18 18:34:27,616 - log_time: 18:34:27.486; iteration: 0; image: 0; image_size: 751504; connection_time: 9892704411100; time_start_ns: 1742319267486733000; processing_time_ns: 67577200; time_end_ns: 1742319267615318700; signal_val: None; RSSI_val: None; data: Class ID: 0, Confidence: 0.69, BBox: (219, 170, 284, 310)
Class ID: 2, Confidence: 0.69, BBox: (282, 192, 438, 253)
Class ID: 1, Confidence: 0.54, BBox: (133, 227, 296, 345)
2025-03-18 18:34:27,743 - log_time: 18:34:27.616; iteration: 0; image: 0; image_size: 751504; connection_time: 9892704411100; time_start_ns: 1742319267616318000; processing_time_ns: 66389200; time_end_ns: 1742319267743979600; signal_val: None; RSSI_val: None; data: Class ID: 0, Confidence: 0.69, BBox: (219, 170, 284, 310)
Class ID: 2, Confidence: 0.69, BBox: (282, 192, 438, 253)
Class ID: 1, Confidence: 0.54, BBox: (133, 227, 296, 345)
2025-03-18 18:34:27,876 - log_time: 18:34:27.743; iteration: 0; image: 0; image_size: 751504; connection_time: 9892704411100; time_start_ns: 1742319267743979600; processing_time_ns: 68671900; time_end_ns: 1742319267876919200; signal_val: None; RSSI_val: None; data: Class ID: 0, Confidence: 0.69, BBox: (219, 170, 284, 310)
Class ID: 2, Confidence: 0.69, BBox: (282, 192, 438, 253)
Class ID: 1, Confidence: 0.54, BBox: (133, 227, 296, 345)
2025-03-18 18:34:28,025 - log_time: 18:34:27.876; iteration: 0; image: 0; image_size: 751504; connection_time: 9892704411100; time_start_ns: 1742319267876919200; processing_time_ns: 81232800; time_end_ns: 1742319268025056400; signal_val: None; RSSI_val: None; data: Class ID: 0, Confidence: 0.69, BBox: (219, 170, 284, 310)
Class ID: 2, Confidence: 0.69, BBox: (282, 192, 438, 253)
Class ID: 1, Confidence: 0.54, BBox: (133, 227, 296, 345)
2025-03-18 18:34:28,174 - log_time: 18:34:28.025; iteration: 0; image: 0; image_size: 751504; connection_time: 9892704411100; time_start_ns: 1742319268025056400; processing_time_ns: 79420500; time_end_ns: 1742319268174253900; signal_val: None; RSSI_val: None; data: Class ID: 0, Confidence: 0.69, BBox: (219, 170, 284, 310)
Class ID: 2, Confidence: 0.69, BBox: (282, 192, 438, 253)
Class ID: 1, Confidence: 0.54, BBox: (133, 227, 296, 345)
2025-03-18 18:34:28,317 - log_time: 18:34:28.174; iteration: 0; image: 0; image_size: 751504; connection_time: 9892704411100; time_start_ns: 1742319268174253900; processing_time_ns: 78321400; time_end_ns: 1742319268317995700; signal_val: None; RSSI_val: None; data: Class ID: 0, Confidence: 0.69, BBox: (219, 170, 284, 310)
Class ID: 2, Confidence: 0.69, BBox: (282, 192, 438, 253)
Class ID: 1, Confidence: 0.54, BBox: (133, 227, 296, 345)
2025-03-18 18:34:28,446 - log_time: 18:34:28.318; iteration: 0; image: 0; image_size: 751504; connection_time: 9892704411100; time_start_ns: 1742319268318996100; processing_time_ns: 66714400; time_end_ns: 1742319268446076300; signal_val: None; RSSI_val: None; data: Class ID: 0, Confidence: 0.69, BBox: (219, 170, 284, 310)
Class ID: 2, Confidence: 0.69, BBox: (282, 192, 438, 253)
Class ID: 1, Confidence: 0.54, BBox: (133, 227, 296, 345)
2025-03-18 18:34:28,575 - log_time: 18:34:28.446; iteration: 0; image: 0; image_size: 751504; connection_time: 9892704411100; time_start_ns: 1742319268446076300; processing_time_ns: 68069600; time_end_ns: 1742319268575652200; signal_val: None; RSSI_val: None; data: Class ID: 0, Confidence: 0.69, BBox: (219, 170, 284, 310)
Class ID: 2, Confidence: 0.69, BBox: (282, 192, 438, 253)
Class ID: 1, Confidence: 0.54, BBox: (133, 227, 296, 345)
2025-03-18 18:34:28,702 - log_time: 18:34:28.575; iteration: 0; image: 0; image_size: 751504; connection_time: 9892704411100; time_start_ns: 1742319268575652200; processing_time_ns: 69487500; time_end_ns: 1742319268702817900; signal_val: None; RSSI_val: None; data: Class ID: 0, Confidence: 0.69, BBox: (219, 170, 284, 310)
Class ID: 2, Confidence: 0.69, BBox: (282, 192, 438, 253)
Class ID: 1, Confidence: 0.54, BBox: (133, 227, 296, 345)
2025-03-18 18:34:28,928 - log_time: 18:34:28.703; iteration: 0; image: 0; image_size: 751504; connection_time: 9892704411100; time_start_ns: 1742319268703824000; processing_time_ns: 161292300; time_end_ns: 1742319268928877100; signal_val: None; RSSI_val: None; data: Class ID: 0, Confidence: 0.69, BBox: (219, 170, 284, 310)
Class ID: 2, Confidence: 0.69, BBox: (282, 192, 438, 253)
Class ID: 1, Confidence: 0.54, BBox: (133, 227, 296, 345)
2025-03-18 18:34:29,097 - log_time: 18:34:28.928; iteration: 0; image: 0; image_size: 751504; connection_time: 9892704411100; time_start_ns: 1742319268928877100; processing_time_ns: 93208300; time_end_ns: 1742319269097117500; signal_val: None; RSSI_val: None; data: Class ID: 0, Confidence: 0.69, BBox: (219, 170, 284, 310)
Class ID: 2, Confidence: 0.69, BBox: (282, 192, 438, 253)
Class ID: 1, Confidence: 0.54, BBox: (133, 227, 296, 345)
2025-03-18 18:34:29,245 - log_time: 18:34:29.098; iteration: 0; image: 0; image_size: 751504; connection_time: 9892704411100; time_start_ns: 1742319269098128000; processing_time_ns: 77431900; time_end_ns: 1742319269245172400; signal_val: None; RSSI_val: None; data: Class ID: 0, Confidence: 0.69, BBox: (219, 170, 284, 310)
Class ID: 2, Confidence: 0.69, BBox: (282, 192, 438, 253)
Class ID: 1, Confidence: 0.54, BBox: (133, 227, 296, 345)
2025-03-18 18:34:29,379 - log_time: 18:34:29.245; iteration: 0; image: 0; image_size: 751504; connection_time: 9892704411100; time_start_ns: 1742319269245172400; processing_time_ns: 69650100; time_end_ns: 1742319269379542600; signal_val: None; RSSI_val: None; data: Class ID: 0, Confidence: 0.69, BBox: (219, 170, 284, 310)
Class ID: 2, Confidence: 0.69, BBox: (282, 192, 438, 253)
Class ID: 1, Confidence: 0.54, BBox: (133, 227, 296, 345)
2025-03-18 18:34:29,507 - log_time: 18:34:29.379; iteration: 0; image: 0; image_size: 751504; connection_time: 9892704411100; time_start_ns: 1742319269379542600; processing_time_ns: 67705900; time_end_ns: 1742319269507509400; signal_val: None; RSSI_val: None; data: Class ID: 0, Confidence: 0.69, BBox: (219, 170, 284, 310)
Class ID: 2, Confidence: 0.69, BBox: (282, 192, 438, 253)
Class ID: 1, Confidence: 0.54, BBox: (133, 227, 296, 345)
2025-03-18 18:34:29,634 - log_time: 18:34:29.508; iteration: 0; image: 0; image_size: 751504; connection_time: 9892704411100; time_start_ns: 1742319269508507700; processing_time_ns: 67632000; time_end_ns: 1742319269634028200; signal_val: None; RSSI_val: None; data: Class ID: 0, Confidence: 0.69, BBox: (219, 170, 284, 310)
Class ID: 2, Confidence: 0.69, BBox: (282, 192, 438, 253)
Class ID: 1, Confidence: 0.54, BBox: (133, 227, 296, 345)
2025-03-18 18:34:29,763 - log_time: 18:34:29.634; iteration: 0; image: 0; image_size: 751504; connection_time: 9892704411100; time_start_ns: 1742319269634028200; processing_time_ns: 66383600; time_end_ns: 1742319269761350100; signal_val: None; RSSI_val: None; data: Class ID: 0, Confidence: 0.69, BBox: (219, 170, 284, 310)
Class ID: 2, Confidence: 0.69, BBox: (282, 192, 438, 253)
Class ID: 1, Confidence: 0.54, BBox: (133, 227, 296, 345)
2025-03-18 18:34:29,892 - log_time: 18:34:29.763; iteration: 0; image: 0; image_size: 751504; connection_time: 9892704411100; time_start_ns: 1742319269763788200; processing_time_ns: 68724200; time_end_ns: 1742319269892812700; signal_val: None; RSSI_val: None; data: Class ID: 0, Confidence: 0.69, BBox: (219, 170, 284, 310)
Class ID: 2, Confidence: 0.69, BBox: (282, 192, 438, 253)
Class ID: 1, Confidence: 0.54, BBox: (133, 227, 296, 345)
2025-03-18 18:34:30,016 - log_time: 18:34:29.893; iteration: 0; image: 0; image_size: 751504; connection_time: 9892704411100; time_start_ns: 1742319269893381400; processing_time_ns: 66932700; time_end_ns: 1742319270016493700; signal_val: None; RSSI_val: None; data: Class ID: 0, Confidence: 0.69, BBox: (219, 170, 284, 310)
Class ID: 2, Confidence: 0.69, BBox: (282, 192, 438, 253)
Class ID: 1, Confidence: 0.54, BBox: (133, 227, 296, 345)
2025-03-18 18:34:30,141 - log_time: 18:34:30.016; iteration: 0; image: 0; image_size: 751504; connection_time: 9892704411100; time_start_ns: 1742319270016493700; processing_time_ns: 66704100; time_end_ns: 1742319270141815900; signal_val: None; RSSI_val: None; data: Class ID: 0, Confidence: 0.69, BBox: (219, 170, 284, 310)
Class ID: 2, Confidence: 0.69, BBox: (282, 192, 438, 253)
Class ID: 1, Confidence: 0.54, BBox: (133, 227, 296, 345)
2025-03-18 18:34:30,265 - log_time: 18:34:30.142; iteration: 0; image: 0; image_size: 751504; connection_time: 9892704411100; time_start_ns: 1742319270142815900; processing_time_ns: 66302800; time_end_ns: 1742319270265464500; signal_val: None; RSSI_val: None; data: Class ID: 0, Confidence: 0.69, BBox: (219, 170, 284, 310)
Class ID: 2, Confidence: 0.69, BBox: (282, 192, 438, 253)
Class ID: 1, Confidence: 0.54, BBox: (133, 227, 296, 345)
2025-03-18 18:34:30,388 - log_time: 18:34:30.265; iteration: 0; image: 0; image_size: 751504; connection_time: 9892704411100; time_start_ns: 1742319270265464500; processing_time_ns: 64038200; time_end_ns: 1742319270388412900; signal_val: None; RSSI_val: None; data: Class ID: 0, Confidence: 0.69, BBox: (219, 170, 284, 310)
Class ID: 2, Confidence: 0.69, BBox: (282, 192, 438, 253)
Class ID: 1, Confidence: 0.54, BBox: (133, 227, 296, 345)
2025-03-18 18:34:30,520 - log_time: 18:34:30.390; iteration: 0; image: 0; image_size: 751504; connection_time: 9892704411100; time_start_ns: 1742319270390421100; processing_time_ns: 70033500; time_end_ns: 1742319270520467300; signal_val: None; RSSI_val: None; data: Class ID: 0, Confidence: 0.69, BBox: (219, 170, 284, 310)
Class ID: 2, Confidence: 0.69, BBox: (282, 192, 438, 253)
Class ID: 1, Confidence: 0.54, BBox: (133, 227, 296, 345)
2025-03-18 18:34:30,648 - log_time: 18:34:30.520; iteration: 0; image: 0; image_size: 751504; connection_time: 9892704411100; time_start_ns: 1742319270520993000; processing_time_ns: 70050700; time_end_ns: 1742319270648468100; signal_val: None; RSSI_val: None; data: Class ID: 0, Confidence: 0.69, BBox: (219, 170, 284, 310)
Class ID: 2, Confidence: 0.69, BBox: (282, 192, 438, 253)
Class ID: 1, Confidence: 0.54, BBox: (133, 227, 296, 345)
2025-03-18 18:34:30,778 - log_time: 18:34:30.648; iteration: 0; image: 0; image_size: 751504; connection_time: 9892704411100; time_start_ns: 1742319270648468100; processing_time_ns: 67619600; time_end_ns: 1742319270778165300; signal_val: None; RSSI_val: None; data: Class ID: 0, Confidence: 0.69, BBox: (219, 170, 284, 310)
Class ID: 2, Confidence: 0.69, BBox: (282, 192, 438, 253)
Class ID: 1, Confidence: 0.54, BBox: (133, 227, 296, 345)
2025-03-18 18:34:30,908 - log_time: 18:34:30.778; iteration: 0; image: 0; image_size: 751504; connection_time: 9892704411100; time_start_ns: 1742319270778165300; processing_time_ns: 68764600; time_end_ns: 1742319270907359900; signal_val: None; RSSI_val: None; data: Class ID: 0, Confidence: 0.69, BBox: (219, 170, 284, 310)
Class ID: 2, Confidence: 0.69, BBox: (282, 192, 438, 253)
Class ID: 1, Confidence: 0.54, BBox: (133, 227, 296, 345)
2025-03-18 18:34:31,032 - log_time: 18:34:30.908; iteration: 0; image: 0; image_size: 751504; connection_time: 9892704411100; time_start_ns: 1742319270908358900; processing_time_ns: 68180200; time_end_ns: 1742319271032658300; signal_val: None; RSSI_val: None; data: Class ID: 0, Confidence: 0.69, BBox: (219, 170, 284, 310)
Class ID: 2, Confidence: 0.69, BBox: (282, 192, 438, 253)
Class ID: 1, Confidence: 0.54, BBox: (133, 227, 296, 345)
2025-03-18 18:34:31,174 - log_time: 18:34:31.032; iteration: 0; image: 0; image_size: 751504; connection_time: 9892704411100; time_start_ns: 1742319271032658300; processing_time_ns: 75841600; time_end_ns: 1742319271174411200; signal_val: None; RSSI_val: None; data: Class ID: 0, Confidence: 0.69, BBox: (219, 170, 284, 310)
Class ID: 2, Confidence: 0.69, BBox: (282, 192, 438, 253)
Class ID: 1, Confidence: 0.54, BBox: (133, 227, 296, 345)
2025-03-18 18:34:31,304 - log_time: 18:34:31.175; iteration: 0; image: 0; image_size: 751504; connection_time: 9892704411100; time_start_ns: 1742319271175409300; processing_time_ns: 73523000; time_end_ns: 1742319271304227100; signal_val: None; RSSI_val: None; data: Class ID: 0, Confidence: 0.69, BBox: (219, 170, 284, 310)
Class ID: 2, Confidence: 0.69, BBox: (282, 192, 438, 253)
Class ID: 1, Confidence: 0.54, BBox: (133, 227, 296, 345)
2025-03-18 18:34:31,433 - log_time: 18:34:31.305; iteration: 0; image: 0; image_size: 751504; connection_time: 9892704411100; time_start_ns: 1742319271305238100; processing_time_ns: 70997300; time_end_ns: 1742319271433966500; signal_val: None; RSSI_val: None; data: Class ID: 0, Confidence: 0.69, BBox: (219, 170, 284, 310)
Class ID: 2, Confidence: 0.69, BBox: (282, 192, 438, 253)
Class ID: 1, Confidence: 0.54, BBox: (133, 227, 296, 345)
2025-03-18 18:34:31,562 - log_time: 18:34:31.434; iteration: 0; image: 0; image_size: 751504; connection_time: 9892704411100; time_start_ns: 1742319271434967600; processing_time_ns: 68092000; time_end_ns: 1742319271562296200; signal_val: None; RSSI_val: None; data: Class ID: 0, Confidence: 0.69, BBox: (219, 170, 284, 310)
Class ID: 2, Confidence: 0.69, BBox: (282, 192, 438, 253)
Class ID: 1, Confidence: 0.54, BBox: (133, 227, 296, 345)
2025-03-18 18:34:31,688 - log_time: 18:34:31.563; iteration: 0; image: 0; image_size: 751504; connection_time: 9892704411100; time_start_ns: 1742319271563293600; processing_time_ns: 65030500; time_end_ns: 1742319271688531900; signal_val: None; RSSI_val: None; data: Class ID: 0, Confidence: 0.69, BBox: (219, 170, 284, 310)
Class ID: 2, Confidence: 0.69, BBox: (282, 192, 438, 253)
Class ID: 1, Confidence: 0.54, BBox: (133, 227, 296, 345)
2025-03-18 18:34:31,816 - log_time: 18:34:31.689; iteration: 0; image: 0; image_size: 751504; connection_time: 9892704411100; time_start_ns: 1742319271689542700; processing_time_ns: 69068400; time_end_ns: 1742319271816276700; signal_val: None; RSSI_val: None; data: Class ID: 0, Confidence: 0.69, BBox: (219, 170, 284, 310)
Class ID: 2, Confidence: 0.69, BBox: (282, 192, 438, 253)
Class ID: 1, Confidence: 0.54, BBox: (133, 227, 296, 345)
2025-03-18 18:34:31,988 - log_time: 18:34:31.816; iteration: 0; image: 0; image_size: 751504; connection_time: 9892704411100; time_start_ns: 1742319271816276700; processing_time_ns: 106859800; time_end_ns: 1742319271988266100; signal_val: None; RSSI_val: None; data: Class ID: 0, Confidence: 0.69, BBox: (219, 170, 284, 310)
Class ID: 2, Confidence: 0.69, BBox: (282, 192, 438, 253)
Class ID: 1, Confidence: 0.54, BBox: (133, 227, 296, 345)
2025-03-18 18:34:32,113 - log_time: 18:34:31.988; iteration: 0; image: 0; image_size: 751504; connection_time: 9892704411100; time_start_ns: 1742319271988266100; processing_time_ns: 67844200; time_end_ns: 1742319272113813800; signal_val: None; RSSI_val: None; data: Class ID: 0, Confidence: 0.69, BBox: (219, 170, 284, 310)
Class ID: 2, Confidence: 0.69, BBox: (282, 192, 438, 253)
Class ID: 1, Confidence: 0.54, BBox: (133, 227, 296, 345)
2025-03-18 18:34:32,241 - log_time: 18:34:32.114; iteration: 0; image: 0; image_size: 751504; connection_time: 9892704411100; time_start_ns: 1742319272114810900; processing_time_ns: 67859400; time_end_ns: 1742319272241626800; signal_val: None; RSSI_val: None; data: Class ID: 0, Confidence: 0.69, BBox: (219, 170, 284, 310)
Class ID: 2, Confidence: 0.69, BBox: (282, 192, 438, 253)
Class ID: 1, Confidence: 0.54, BBox: (133, 227, 296, 345)
2025-03-18 18:34:32,363 - log_time: 18:34:32.241; iteration: 0; image: 0; image_size: 751504; connection_time: 9892704411100; time_start_ns: 1742319272241626800; processing_time_ns: 65469300; time_end_ns: 1742319272363065200; signal_val: None; RSSI_val: None; data: Class ID: 0, Confidence: 0.69, BBox: (219, 170, 284, 310)
Class ID: 2, Confidence: 0.69, BBox: (282, 192, 438, 253)
Class ID: 1, Confidence: 0.54, BBox: (133, 227, 296, 345)
2025-03-18 18:34:32,493 - log_time: 18:34:32.363; iteration: 0; image: 0; image_size: 751504; connection_time: 9892704411100; time_start_ns: 1742319272363065200; processing_time_ns: 67424200; time_end_ns: 1742319272493724400; signal_val: None; RSSI_val: None; data: Class ID: 0, Confidence: 0.69, BBox: (219, 170, 284, 310)
Class ID: 2, Confidence: 0.69, BBox: (282, 192, 438, 253)
Class ID: 1, Confidence: 0.54, BBox: (133, 227, 296, 345)
2025-03-18 18:34:32,630 - log_time: 18:34:32.493; iteration: 0; image: 0; image_size: 751504; connection_time: 9892704411100; time_start_ns: 1742319272493724400; processing_time_ns: 75560000; time_end_ns: 1742319272630047500; signal_val: None; RSSI_val: None; data: Class ID: 0, Confidence: 0.69, BBox: (219, 170, 284, 310)
Class ID: 2, Confidence: 0.69, BBox: (282, 192, 438, 253)
Class ID: 1, Confidence: 0.54, BBox: (133, 227, 296, 345)
2025-03-18 18:34:32,799 - log_time: 18:34:32.630; iteration: 0; image: 0; image_size: 751504; connection_time: 9892704411100; time_start_ns: 1742319272631095300; processing_time_ns: 99358800; time_end_ns: 1742319272799960300; signal_val: None; RSSI_val: None; data: Class ID: 0, Confidence: 0.69, BBox: (219, 170, 284, 310)
Class ID: 2, Confidence: 0.69, BBox: (282, 192, 438, 253)
Class ID: 1, Confidence: 0.54, BBox: (133, 227, 296, 345)
2025-03-18 18:34:32,924 - log_time: 18:34:32.800; iteration: 0; image: 0; image_size: 751504; connection_time: 9892704411100; time_start_ns: 1742319272800977600; processing_time_ns: 66593700; time_end_ns: 1742319272923027200; signal_val: None; RSSI_val: None; data: Class ID: 0, Confidence: 0.69, BBox: (219, 170, 284, 310)
Class ID: 2, Confidence: 0.69, BBox: (282, 192, 438, 253)
Class ID: 1, Confidence: 0.54, BBox: (133, 227, 296, 345)
2025-03-18 18:34:33,048 - log_time: 18:34:32.924; iteration: 0; image: 0; image_size: 751504; connection_time: 9892704411100; time_start_ns: 1742319272924028700; processing_time_ns: 66349500; time_end_ns: 1742319273047239100; signal_val: None; RSSI_val: None; data: Class ID: 0, Confidence: 0.69, BBox: (219, 170, 284, 310)
Class ID: 2, Confidence: 0.69, BBox: (282, 192, 438, 253)
Class ID: 1, Confidence: 0.54, BBox: (133, 227, 296, 345)
2025-03-18 18:34:33,174 - log_time: 18:34:33.048; iteration: 0; image: 0; image_size: 751504; connection_time: 9892704411100; time_start_ns: 1742319273048238400; processing_time_ns: 67621600; time_end_ns: 1742319273174732000; signal_val: None; RSSI_val: None; data: Class ID: 0, Confidence: 0.69, BBox: (219, 170, 284, 310)
Class ID: 2, Confidence: 0.69, BBox: (282, 192, 438, 253)
Class ID: 1, Confidence: 0.54, BBox: (133, 227, 296, 345)
2025-03-18 18:34:33,310 - log_time: 18:34:33.175; iteration: 0; image: 0; image_size: 751504; connection_time: 9892704411100; time_start_ns: 1742319273175730900; processing_time_ns: 68119300; time_end_ns: 1742319273310550700; signal_val: None; RSSI_val: None; data: Class ID: 0, Confidence: 0.69, BBox: (219, 170, 284, 310)
Class ID: 2, Confidence: 0.69, BBox: (282, 192, 438, 253)
Class ID: 1, Confidence: 0.54, BBox: (133, 227, 296, 345)
2025-03-18 18:34:33,437 - log_time: 18:34:33.310; iteration: 0; image: 0; image_size: 751504; connection_time: 9892704411100; time_start_ns: 1742319273310550700; processing_time_ns: 68702500; time_end_ns: 1742319273437300000; signal_val: None; RSSI_val: None; data: Class ID: 0, Confidence: 0.69, BBox: (219, 170, 284, 310)
Class ID: 2, Confidence: 0.69, BBox: (282, 192, 438, 253)
Class ID: 1, Confidence: 0.54, BBox: (133, 227, 296, 345)
2025-03-18 18:34:33,561 - log_time: 18:34:33.438; iteration: 0; image: 0; image_size: 751504; connection_time: 9892704411100; time_start_ns: 1742319273438024100; processing_time_ns: 65036700; time_end_ns: 1742319273561963300; signal_val: None; RSSI_val: None; data: Class ID: 0, Confidence: 0.69, BBox: (219, 170, 284, 310)
Class ID: 2, Confidence: 0.69, BBox: (282, 192, 438, 253)
Class ID: 1, Confidence: 0.54, BBox: (133, 227, 296, 345)
2025-03-18 18:34:33,690 - log_time: 18:34:33.561; iteration: 0; image: 0; image_size: 751504; connection_time: 9892704411100; time_start_ns: 1742319273561963300; processing_time_ns: 68770400; time_end_ns: 1742319273689332000; signal_val: None; RSSI_val: None; data: Class ID: 0, Confidence: 0.69, BBox: (219, 170, 284, 310)
Class ID: 2, Confidence: 0.69, BBox: (282, 192, 438, 253)
Class ID: 1, Confidence: 0.54, BBox: (133, 227, 296, 345)
2025-03-18 18:34:33,820 - log_time: 18:34:33.690; iteration: 0; image: 0; image_size: 751504; connection_time: 9892704411100; time_start_ns: 1742319273690329400; processing_time_ns: 69963300; time_end_ns: 1742319273820619300; signal_val: None; RSSI_val: None; data: Class ID: 0, Confidence: 0.69, BBox: (219, 170, 284, 310)
Class ID: 2, Confidence: 0.69, BBox: (282, 192, 438, 253)
Class ID: 1, Confidence: 0.54, BBox: (133, 227, 296, 345)
2025-03-18 18:34:33,950 - log_time: 18:34:33.821; iteration: 0; image: 0; image_size: 751504; connection_time: 9892704411100; time_start_ns: 1742319273821437400; processing_time_ns: 68052100; time_end_ns: 1742319273950128800; signal_val: None; RSSI_val: None; data: Class ID: 0, Confidence: 0.69, BBox: (219, 170, 284, 310)
Class ID: 2, Confidence: 0.69, BBox: (282, 192, 438, 253)
Class ID: 1, Confidence: 0.54, BBox: (133, 227, 296, 345)
2025-03-18 18:34:34,073 - log_time: 18:34:33.950; iteration: 0; image: 0; image_size: 751504; connection_time: 9892704411100; time_start_ns: 1742319273950128800; processing_time_ns: 64189300; time_end_ns: 1742319274073625300; signal_val: None; RSSI_val: None; data: Class ID: 0, Confidence: 0.69, BBox: (219, 170, 284, 310)
Class ID: 2, Confidence: 0.69, BBox: (282, 192, 438, 253)
Class ID: 1, Confidence: 0.54, BBox: (133, 227, 296, 345)
2025-03-18 18:34:34,203 - log_time: 18:34:34.074; iteration: 0; image: 0; image_size: 751504; connection_time: 9892704411100; time_start_ns: 1742319274074624800; processing_time_ns: 71971100; time_end_ns: 1742319274203863100; signal_val: None; RSSI_val: None; data: Class ID: 0, Confidence: 0.69, BBox: (219, 170, 284, 310)
Class ID: 2, Confidence: 0.69, BBox: (282, 192, 438, 253)
Class ID: 1, Confidence: 0.54, BBox: (133, 227, 296, 345)
2025-03-18 18:34:34,334 - log_time: 18:34:34.204; iteration: 0; image: 0; image_size: 751504; connection_time: 9892704411100; time_start_ns: 1742319274204871400; processing_time_ns: 73876400; time_end_ns: 1742319274334284400; signal_val: None; RSSI_val: None; data: Class ID: 0, Confidence: 0.69, BBox: (219, 170, 284, 310)
Class ID: 2, Confidence: 0.69, BBox: (282, 192, 438, 253)
Class ID: 1, Confidence: 0.54, BBox: (133, 227, 296, 345)
2025-03-18 18:34:34,458 - log_time: 18:34:34.334; iteration: 0; image: 0; image_size: 751504; connection_time: 9892704411100; time_start_ns: 1742319274334284400; processing_time_ns: 65101700; time_end_ns: 1742319274458863700; signal_val: None; RSSI_val: None; data: Class ID: 0, Confidence: 0.69, BBox: (219, 170, 284, 310)
Class ID: 2, Confidence: 0.69, BBox: (282, 192, 438, 253)
Class ID: 1, Confidence: 0.54, BBox: (133, 227, 296, 345)
2025-03-18 18:34:34,582 - log_time: 18:34:34.458; iteration: 0; image: 0; image_size: 751504; connection_time: 9892704411100; time_start_ns: 1742319274458863700; processing_time_ns: 65659200; time_end_ns: 1742319274582741300; signal_val: None; RSSI_val: None; data: Class ID: 0, Confidence: 0.69, BBox: (219, 170, 284, 310)
Class ID: 2, Confidence: 0.69, BBox: (282, 192, 438, 253)
Class ID: 1, Confidence: 0.54, BBox: (133, 227, 296, 345)
2025-03-18 18:34:34,707 - log_time: 18:34:34.582; iteration: 0; image: 0; image_size: 751504; connection_time: 9892704411100; time_start_ns: 1742319274582741300; processing_time_ns: 65667300; time_end_ns: 1742319274707913200; signal_val: None; RSSI_val: None; data: Class ID: 0, Confidence: 0.69, BBox: (219, 170, 284, 310)
Class ID: 2, Confidence: 0.69, BBox: (282, 192, 438, 253)
Class ID: 1, Confidence: 0.54, BBox: (133, 227, 296, 345)
2025-03-18 18:34:34,829 - log_time: 18:34:34.707; iteration: 0; image: 0; image_size: 751504; connection_time: 9892704411100; time_start_ns: 1742319274707913200; processing_time_ns: 64979800; time_end_ns: 1742319274829065400; signal_val: None; RSSI_val: None; data: Class ID: 0, Confidence: 0.69, BBox: (219, 170, 284, 310)
Class ID: 2, Confidence: 0.69, BBox: (282, 192, 438, 253)
Class ID: 1, Confidence: 0.54, BBox: (133, 227, 296, 345)
2025-03-18 18:34:34,957 - log_time: 18:34:34.829; iteration: 0; image: 0; image_size: 751504; connection_time: 9892704411100; time_start_ns: 1742319274829065400; processing_time_ns: 66752600; time_end_ns: 1742319274957869000; signal_val: None; RSSI_val: None; data: Class ID: 0, Confidence: 0.69, BBox: (219, 170, 284, 310)
Class ID: 2, Confidence: 0.69, BBox: (282, 192, 438, 253)
Class ID: 1, Confidence: 0.54, BBox: (133, 227, 296, 345)
2025-03-18 18:34:35,080 - log_time: 18:34:34.958; iteration: 0; image: 0; image_size: 751504; connection_time: 9892704411100; time_start_ns: 1742319274958868300; processing_time_ns: 63398700; time_end_ns: 1742319275078327300; signal_val: None; RSSI_val: None; data: Class ID: 0, Confidence: 0.69, BBox: (219, 170, 284, 310)
Class ID: 2, Confidence: 0.69, BBox: (282, 192, 438, 253)
Class ID: 1, Confidence: 0.54, BBox: (133, 227, 296, 345)
2025-03-18 18:34:35,205 - log_time: 18:34:35.080; iteration: 0; image: 0; image_size: 751504; connection_time: 9892704411100; time_start_ns: 1742319275080677200; processing_time_ns: 65738800; time_end_ns: 1742319275205775800; signal_val: None; RSSI_val: None; data: Class ID: 0, Confidence: 0.69, BBox: (219, 170, 284, 310)
Class ID: 2, Confidence: 0.69, BBox: (282, 192, 438, 253)
Class ID: 1, Confidence: 0.54, BBox: (133, 227, 296, 345)
2025-03-18 18:34:35,340 - log_time: 18:34:35.205; iteration: 0; image: 0; image_size: 751504; connection_time: 9892704411100; time_start_ns: 1742319275205775800; processing_time_ns: 78121800; time_end_ns: 1742319275340556100; signal_val: None; RSSI_val: None; data: Class ID: 0, Confidence: 0.69, BBox: (219, 170, 284, 310)
Class ID: 2, Confidence: 0.69, BBox: (282, 192, 438, 253)
Class ID: 1, Confidence: 0.54, BBox: (133, 227, 296, 345)
2025-03-18 18:34:35,505 - log_time: 18:34:35.341; iteration: 0; image: 0; image_size: 751504; connection_time: 9892704411100; time_start_ns: 1742319275341078900; processing_time_ns: 70082200; time_end_ns: 1742319275505004500; signal_val: None; RSSI_val: None; data: Class ID: 0, Confidence: 0.69, BBox: (219, 170, 284, 310)
Class ID: 2, Confidence: 0.69, BBox: (282, 192, 438, 253)
Class ID: 1, Confidence: 0.54, BBox: (133, 227, 296, 345)
2025-03-18 18:34:35,628 - log_time: 18:34:35.505; iteration: 0; image: 0; image_size: 751504; connection_time: 9892704411100; time_start_ns: 1742319275505004500; processing_time_ns: 64509400; time_end_ns: 1742319275628447500; signal_val: None; RSSI_val: None; data: Class ID: 0, Confidence: 0.69, BBox: (219, 170, 284, 310)
Class ID: 2, Confidence: 0.69, BBox: (282, 192, 438, 253)
Class ID: 1, Confidence: 0.54, BBox: (133, 227, 296, 345)
2025-03-18 18:34:35,753 - log_time: 18:34:35.628; iteration: 0; image: 0; image_size: 751504; connection_time: 9892704411100; time_start_ns: 1742319275628447500; processing_time_ns: 62077500; time_end_ns: 1742319275753641200; signal_val: None; RSSI_val: None; data: Class ID: 0, Confidence: 0.69, BBox: (219, 170, 284, 310)
Class ID: 2, Confidence: 0.69, BBox: (282, 192, 438, 253)
Class ID: 1, Confidence: 0.54, BBox: (133, 227, 296, 345)
2025-03-18 18:34:35,878 - log_time: 18:34:35.753; iteration: 0; image: 0; image_size: 751504; connection_time: 9892704411100; time_start_ns: 1742319275754649600; processing_time_ns: 66672300; time_end_ns: 1742319275878378300; signal_val: None; RSSI_val: None; data: Class ID: 0, Confidence: 0.69, BBox: (219, 170, 284, 310)
Class ID: 2, Confidence: 0.69, BBox: (282, 192, 438, 253)
Class ID: 1, Confidence: 0.54, BBox: (133, 227, 296, 345)
2025-03-18 18:34:36,003 - log_time: 18:34:35.878; iteration: 0; image: 0; image_size: 751504; connection_time: 9892704411100; time_start_ns: 1742319275878378300; processing_time_ns: 68566300; time_end_ns: 1742319276003587000; signal_val: None; RSSI_val: None; data: Class ID: 0, Confidence: 0.69, BBox: (219, 170, 284, 310)
Class ID: 2, Confidence: 0.69, BBox: (282, 192, 438, 253)
Class ID: 1, Confidence: 0.54, BBox: (133, 227, 296, 345)
2025-03-18 18:34:36,128 - log_time: 18:34:36.003; iteration: 0; image: 0; image_size: 751504; connection_time: 9892704411100; time_start_ns: 1742319276003587000; processing_time_ns: 66045100; time_end_ns: 1742319276128970800; signal_val: None; RSSI_val: None; data: Class ID: 0, Confidence: 0.69, BBox: (219, 170, 284, 310)
Class ID: 2, Confidence: 0.69, BBox: (282, 192, 438, 253)
Class ID: 1, Confidence: 0.54, BBox: (133, 227, 296, 345)
2025-03-18 18:34:36,252 - log_time: 18:34:36.128; iteration: 0; image: 0; image_size: 751504; connection_time: 9892704411100; time_start_ns: 1742319276128970800; processing_time_ns: 67509700; time_end_ns: 1742319276250692400; signal_val: None; RSSI_val: None; data: Class ID: 0, Confidence: 0.69, BBox: (219, 170, 284, 310)
Class ID: 2, Confidence: 0.69, BBox: (282, 192, 438, 253)
Class ID: 1, Confidence: 0.54, BBox: (133, 227, 296, 345)
2025-03-18 18:34:36,375 - log_time: 18:34:36.252; iteration: 0; image: 0; image_size: 751504; connection_time: 9892704411100; time_start_ns: 1742319276252698200; processing_time_ns: 65207900; time_end_ns: 1742319276375388300; signal_val: None; RSSI_val: None; data: Class ID: 0, Confidence: 0.69, BBox: (219, 170, 284, 310)
Class ID: 2, Confidence: 0.69, BBox: (282, 192, 438, 253)
Class ID: 1, Confidence: 0.54, BBox: (133, 227, 296, 345)
2025-03-18 18:34:36,497 - log_time: 18:34:36.376; iteration: 0; image: 0; image_size: 751504; connection_time: 9892704411100; time_start_ns: 1742319276376386300; processing_time_ns: 66869100; time_end_ns: 1742319276497904200; signal_val: None; RSSI_val: None; data: Class ID: 0, Confidence: 0.69, BBox: (219, 170, 284, 310)
Class ID: 2, Confidence: 0.69, BBox: (282, 192, 438, 253)
Class ID: 1, Confidence: 0.54, BBox: (133, 227, 296, 345)
2025-03-18 18:34:36,623 - log_time: 18:34:36.497; iteration: 0; image: 0; image_size: 751504; connection_time: 9892704411100; time_start_ns: 1742319276497904200; processing_time_ns: 63922900; time_end_ns: 1742319276623304100; signal_val: None; RSSI_val: None; data: Class ID: 0, Confidence: 0.69, BBox: (219, 170, 284, 310)
Class ID: 2, Confidence: 0.69, BBox: (282, 192, 438, 253)
Class ID: 1, Confidence: 0.54, BBox: (133, 227, 296, 345)
2025-03-18 18:34:36,748 - log_time: 18:34:36.624; iteration: 0; image: 0; image_size: 751504; connection_time: 9892704411100; time_start_ns: 1742319276624318800; processing_time_ns: 66105100; time_end_ns: 1742319276748597700; signal_val: None; RSSI_val: None; data: Class ID: 0, Confidence: 0.69, BBox: (219, 170, 284, 310)
Class ID: 2, Confidence: 0.69, BBox: (282, 192, 438, 253)
Class ID: 1, Confidence: 0.54, BBox: (133, 227, 296, 345)
2025-03-18 18:34:36,868 - log_time: 18:34:36.748; iteration: 0; image: 0; image_size: 751504; connection_time: 9892704411100; time_start_ns: 1742319276748597700; processing_time_ns: 62196900; time_end_ns: 1742319276868260300; signal_val: None; RSSI_val: None; data: Class ID: 0, Confidence: 0.69, BBox: (219, 170, 284, 310)
Class ID: 2, Confidence: 0.69, BBox: (282, 192, 438, 253)
Class ID: 1, Confidence: 0.54, BBox: (133, 227, 296, 345)
2025-03-18 18:34:36,989 - log_time: 18:34:36.870; iteration: 0; image: 0; image_size: 751504; connection_time: 9892704411100; time_start_ns: 1742319276870149600; processing_time_ns: 64000200; time_end_ns: 1742319276989899900; signal_val: None; RSSI_val: None; data: Class ID: 0, Confidence: 0.69, BBox: (219, 170, 284, 310)
Class ID: 2, Confidence: 0.69, BBox: (282, 192, 438, 253)
Class ID: 1, Confidence: 0.54, BBox: (133, 227, 296, 345)
2025-03-18 18:34:37,112 - log_time: 18:34:36.989; iteration: 0; image: 0; image_size: 751504; connection_time: 9892704411100; time_start_ns: 1742319276989899900; processing_time_ns: 66384000; time_end_ns: 1742319277112294600; signal_val: None; RSSI_val: None; data: Class ID: 0, Confidence: 0.69, BBox: (219, 170, 284, 310)
Class ID: 2, Confidence: 0.69, BBox: (282, 192, 438, 253)
Class ID: 1, Confidence: 0.54, BBox: (133, 227, 296, 345)
2025-03-18 18:34:37,242 - log_time: 18:34:37.114; iteration: 0; image: 0; image_size: 751504; connection_time: 9892704411100; time_start_ns: 1742319277114303700; processing_time_ns: 64971100; time_end_ns: 1742319277242483700; signal_val: None; RSSI_val: None; data: Class ID: 0, Confidence: 0.69, BBox: (219, 170, 284, 310)
Class ID: 2, Confidence: 0.69, BBox: (282, 192, 438, 253)
Class ID: 1, Confidence: 0.54, BBox: (133, 227, 296, 345)
2025-03-18 18:34:37,367 - log_time: 18:34:37.242; iteration: 0; image: 0; image_size: 751504; connection_time: 9892704411100; time_start_ns: 1742319277242483700; processing_time_ns: 66362400; time_end_ns: 1742319277367501900; signal_val: None; RSSI_val: None; data: Class ID: 0, Confidence: 0.69, BBox: (219, 170, 284, 310)
Class ID: 2, Confidence: 0.69, BBox: (282, 192, 438, 253)
Class ID: 1, Confidence: 0.54, BBox: (133, 227, 296, 345)
2025-03-18 18:34:37,504 - log_time: 18:34:37.367; iteration: 0; image: 0; image_size: 751504; connection_time: 9892704411100; time_start_ns: 1742319277367501900; processing_time_ns: 77290300; time_end_ns: 1742319277504688000; signal_val: None; RSSI_val: None; data: Class ID: 0, Confidence: 0.69, BBox: (219, 170, 284, 310)
Class ID: 2, Confidence: 0.69, BBox: (282, 192, 438, 253)
Class ID: 1, Confidence: 0.54, BBox: (133, 227, 296, 345)
2025-03-18 18:34:37,628 - log_time: 18:34:37.505; iteration: 0; image: 0; image_size: 751504; connection_time: 9892704411100; time_start_ns: 1742319277505222700; processing_time_ns: 64500900; time_end_ns: 1742319277628147800; signal_val: None; RSSI_val: None; data: Class ID: 0, Confidence: 0.69, BBox: (219, 170, 284, 310)
Class ID: 2, Confidence: 0.69, BBox: (282, 192, 438, 253)
Class ID: 1, Confidence: 0.54, BBox: (133, 227, 296, 345)
2025-03-18 18:34:37,755 - log_time: 18:34:37.628; iteration: 0; image: 0; image_size: 751504; connection_time: 9892704411100; time_start_ns: 1742319277628147800; processing_time_ns: 65776000; time_end_ns: 1742319277755485200; signal_val: None; RSSI_val: None; data: Class ID: 0, Confidence: 0.69, BBox: (219, 170, 284, 310)
Class ID: 2, Confidence: 0.69, BBox: (282, 192, 438, 253)
Class ID: 1, Confidence: 0.54, BBox: (133, 227, 296, 345)
2025-03-18 18:34:37,883 - log_time: 18:34:37.755; iteration: 0; image: 0; image_size: 751504; connection_time: 9892704411100; time_start_ns: 1742319277755485200; processing_time_ns: 69411400; time_end_ns: 1742319277883121200; signal_val: None; RSSI_val: None; data: Class ID: 0, Confidence: 0.69, BBox: (219, 170, 284, 310)
Class ID: 2, Confidence: 0.69, BBox: (282, 192, 438, 253)
Class ID: 1, Confidence: 0.54, BBox: (133, 227, 296, 345)
2025-03-18 18:34:38,006 - log_time: 18:34:37.883; iteration: 0; image: 0; image_size: 751504; connection_time: 9892704411100; time_start_ns: 1742319277883121200; processing_time_ns: 66806500; time_end_ns: 1742319278006482000; signal_val: None; RSSI_val: None; data: Class ID: 0, Confidence: 0.69, BBox: (219, 170, 284, 310)
Class ID: 2, Confidence: 0.69, BBox: (282, 192, 438, 253)
Class ID: 1, Confidence: 0.54, BBox: (133, 227, 296, 345)
2025-03-18 18:34:38,128 - log_time: 18:34:38.007; iteration: 0; image: 0; image_size: 751504; connection_time: 9892704411100; time_start_ns: 1742319278007480700; processing_time_ns: 64615100; time_end_ns: 1742319278128174900; signal_val: None; RSSI_val: None; data: Class ID: 0, Confidence: 0.69, BBox: (219, 170, 284, 310)
Class ID: 2, Confidence: 0.69, BBox: (282, 192, 438, 253)
Class ID: 1, Confidence: 0.54, BBox: (133, 227, 296, 345)
2025-03-18 18:34:38,249 - log_time: 18:34:38.128; iteration: 0; image: 0; image_size: 751504; connection_time: 9892704411100; time_start_ns: 1742319278128174900; processing_time_ns: 64321100; time_end_ns: 1742319278249782100; signal_val: None; RSSI_val: None; data: Class ID: 0, Confidence: 0.69, BBox: (219, 170, 284, 310)
Class ID: 2, Confidence: 0.69, BBox: (282, 192, 438, 253)
Class ID: 1, Confidence: 0.54, BBox: (133, 227, 296, 345)
2025-03-18 18:34:38,372 - log_time: 18:34:38.249; iteration: 0; image: 0; image_size: 751504; connection_time: 9892704411100; time_start_ns: 1742319278249782100; processing_time_ns: 66541400; time_end_ns: 1742319278372309400; signal_val: None; RSSI_val: None; data: Class ID: 0, Confidence: 0.69, BBox: (219, 170, 284, 310)
Class ID: 2, Confidence: 0.69, BBox: (282, 192, 438, 253)
Class ID: 1, Confidence: 0.54, BBox: (133, 227, 296, 345)
2025-03-18 18:34:38,493 - log_time: 18:34:38.372; iteration: 0; image: 0; image_size: 751504; connection_time: 9892704411100; time_start_ns: 1742319278372309400; processing_time_ns: 65075500; time_end_ns: 1742319278493552600; signal_val: None; RSSI_val: None; data: Class ID: 0, Confidence: 0.69, BBox: (219, 170, 284, 310)
Class ID: 2, Confidence: 0.69, BBox: (282, 192, 438, 253)
Class ID: 1, Confidence: 0.54, BBox: (133, 227, 296, 345)
2025-03-18 18:34:38,615 - log_time: 18:34:38.493; iteration: 0; image: 0; image_size: 751504; connection_time: 9892704411100; time_start_ns: 1742319278493552600; processing_time_ns: 65650400; time_end_ns: 1742319278615017400; signal_val: None; RSSI_val: None; data: Class ID: 0, Confidence: 0.69, BBox: (219, 170, 284, 310)
Class ID: 2, Confidence: 0.69, BBox: (282, 192, 438, 253)
Class ID: 1, Confidence: 0.54, BBox: (133, 227, 296, 345)
2025-03-18 18:34:38,798 - log_time: 18:34:38.615; iteration: 0; image: 0; image_size: 751504; connection_time: 9892704411100; time_start_ns: 1742319278615017400; processing_time_ns: 120035500; time_end_ns: 1742319278798106000; signal_val: None; RSSI_val: None; data: Class ID: 0, Confidence: 0.69, BBox: (219, 170, 284, 310)
Class ID: 2, Confidence: 0.69, BBox: (282, 192, 438, 253)
Class ID: 1, Confidence: 0.54, BBox: (133, 227, 296, 345)
2025-03-18 18:34:38,929 - log_time: 18:34:38.800; iteration: 0; image: 0; image_size: 751504; connection_time: 9892704411100; time_start_ns: 1742319278800934900; processing_time_ns: 65456000; time_end_ns: 1742319278929657800; signal_val: None; RSSI_val: None; data: Class ID: 0, Confidence: 0.69, BBox: (219, 170, 284, 310)
Class ID: 2, Confidence: 0.69, BBox: (282, 192, 438, 253)
Class ID: 1, Confidence: 0.54, BBox: (133, 227, 296, 345)
2025-03-18 18:34:39,054 - log_time: 18:34:38.929; iteration: 0; image: 0; image_size: 751504; connection_time: 9892704411100; time_start_ns: 1742319278929657800; processing_time_ns: 64671500; time_end_ns: 1742319279054214100; signal_val: None; RSSI_val: None; data: Class ID: 0, Confidence: 0.69, BBox: (219, 170, 284, 310)
Class ID: 2, Confidence: 0.69, BBox: (282, 192, 438, 253)
Class ID: 1, Confidence: 0.54, BBox: (133, 227, 296, 345)
2025-03-18 18:34:39,173 - log_time: 18:34:39.054; iteration: 0; image: 0; image_size: 751504; connection_time: 9892704411100; time_start_ns: 1742319279054789200; processing_time_ns: 63513500; time_end_ns: 1742319279173508600; signal_val: None; RSSI_val: None; data: Class ID: 0, Confidence: 0.69, BBox: (219, 170, 284, 310)
Class ID: 2, Confidence: 0.69, BBox: (282, 192, 438, 253)
Class ID: 1, Confidence: 0.54, BBox: (133, 227, 296, 345)
2025-03-18 18:34:39,295 - log_time: 18:34:39.173; iteration: 0; image: 0; image_size: 751504; connection_time: 9892704411100; time_start_ns: 1742319279173508600; processing_time_ns: 64801000; time_end_ns: 1742319279295068200; signal_val: None; RSSI_val: None; data: Class ID: 0, Confidence: 0.69, BBox: (219, 170, 284, 310)
Class ID: 2, Confidence: 0.69, BBox: (282, 192, 438, 253)
Class ID: 1, Confidence: 0.54, BBox: (133, 227, 296, 345)
2025-03-18 18:34:39,418 - log_time: 18:34:39.295; iteration: 0; image: 0; image_size: 751504; connection_time: 9892704411100; time_start_ns: 1742319279295068200; processing_time_ns: 66806600; time_end_ns: 1742319279418186400; signal_val: None; RSSI_val: None; data: Class ID: 0, Confidence: 0.69, BBox: (219, 170, 284, 310)
Class ID: 2, Confidence: 0.69, BBox: (282, 192, 438, 253)
Class ID: 1, Confidence: 0.54, BBox: (133, 227, 296, 345)
2025-03-18 18:34:39,542 - log_time: 18:34:39.418; iteration: 0; image: 0; image_size: 751504; connection_time: 9892704411100; time_start_ns: 1742319279419851100; processing_time_ns: 66137300; time_end_ns: 1742319279542437000; signal_val: None; RSSI_val: None; data: Class ID: 0, Confidence: 0.69, BBox: (219, 170, 284, 310)
Class ID: 2, Confidence: 0.69, BBox: (282, 192, 438, 253)
Class ID: 1, Confidence: 0.54, BBox: (133, 227, 296, 345)
2025-03-18 18:34:39,706 - log_time: 18:34:39.542; iteration: 0; image: 0; image_size: 751504; connection_time: 9892704411100; time_start_ns: 1742319279542437000; processing_time_ns: 92629700; time_end_ns: 1742319279706200700; signal_val: None; RSSI_val: None; data: Class ID: 0, Confidence: 0.69, BBox: (219, 170, 284, 310)
Class ID: 2, Confidence: 0.69, BBox: (282, 192, 438, 253)
Class ID: 1, Confidence: 0.54, BBox: (133, 227, 296, 345)
2025-03-18 18:34:39,845 - log_time: 18:34:39.706; iteration: 0; image: 0; image_size: 751504; connection_time: 9892704411100; time_start_ns: 1742319279708207700; processing_time_ns: 74021200; time_end_ns: 1742319279845607500; signal_val: None; RSSI_val: None; data: Class ID: 0, Confidence: 0.69, BBox: (219, 170, 284, 310)
Class ID: 2, Confidence: 0.69, BBox: (282, 192, 438, 253)
Class ID: 1, Confidence: 0.54, BBox: (133, 227, 296, 345)
2025-03-18 18:34:39,983 - log_time: 18:34:39.845; iteration: 0; image: 0; image_size: 751504; connection_time: 9892704411100; time_start_ns: 1742319279845607500; processing_time_ns: 76150900; time_end_ns: 1742319279983868000; signal_val: None; RSSI_val: None; data: Class ID: 0, Confidence: 0.69, BBox: (219, 170, 284, 310)
Class ID: 2, Confidence: 0.69, BBox: (282, 192, 438, 253)
Class ID: 1, Confidence: 0.54, BBox: (133, 227, 296, 345)
2025-03-18 18:34:40,131 - log_time: 18:34:39.985; iteration: 0; image: 0; image_size: 751504; connection_time: 9892704411100; time_start_ns: 1742319279985725400; processing_time_ns: 86155300; time_end_ns: 1742319280131286200; signal_val: None; RSSI_val: None; data: Class ID: 0, Confidence: 0.69, BBox: (219, 170, 284, 310)
Class ID: 2, Confidence: 0.69, BBox: (282, 192, 438, 253)
Class ID: 1, Confidence: 0.54, BBox: (133, 227, 296, 345)
2025-03-18 18:34:40,271 - log_time: 18:34:40.132; iteration: 0; image: 0; image_size: 751504; connection_time: 9892704411100; time_start_ns: 1742319280132588000; processing_time_ns: 76705700; time_end_ns: 1742319280271059600; signal_val: None; RSSI_val: None; data: Class ID: 0, Confidence: 0.69, BBox: (219, 170, 284, 310)
Class ID: 2, Confidence: 0.69, BBox: (282, 192, 438, 253)
Class ID: 1, Confidence: 0.54, BBox: (133, 227, 296, 345)
2025-03-18 18:34:40,409 - log_time: 18:34:40.272; iteration: 0; image: 0; image_size: 751504; connection_time: 9892704411100; time_start_ns: 1742319280272057600; processing_time_ns: 74117100; time_end_ns: 1742319280409207300; signal_val: None; RSSI_val: None; data: Class ID: 0, Confidence: 0.69, BBox: (219, 170, 284, 310)
Class ID: 2, Confidence: 0.69, BBox: (282, 192, 438, 253)
Class ID: 1, Confidence: 0.54, BBox: (133, 227, 296, 345)
2025-03-18 18:34:40,549 - log_time: 18:34:40.409; iteration: 0; image: 0; image_size: 751504; connection_time: 9892704411100; time_start_ns: 1742319280409207300; processing_time_ns: 77290600; time_end_ns: 1742319280548039400; signal_val: None; RSSI_val: None; data: Class ID: 0, Confidence: 0.69, BBox: (219, 170, 284, 310)
Class ID: 2, Confidence: 0.69, BBox: (282, 192, 438, 253)
Class ID: 1, Confidence: 0.54, BBox: (133, 227, 296, 345)
2025-03-18 18:34:40,680 - log_time: 18:34:40.549; iteration: 0; image: 0; image_size: 751504; connection_time: 9892704411100; time_start_ns: 1742319280549037200; processing_time_ns: 70351100; time_end_ns: 1742319280679815500; signal_val: None; RSSI_val: None; data: Class ID: 0, Confidence: 0.69, BBox: (219, 170, 284, 310)
Class ID: 2, Confidence: 0.69, BBox: (282, 192, 438, 253)
Class ID: 1, Confidence: 0.54, BBox: (133, 227, 296, 345)
2025-03-18 18:34:40,820 - log_time: 18:34:40.680; iteration: 0; image: 0; image_size: 751504; connection_time: 9892704411100; time_start_ns: 1742319280680815100; processing_time_ns: 75578900; time_end_ns: 1742319280820056900; signal_val: None; RSSI_val: None; data: Class ID: 0, Confidence: 0.69, BBox: (219, 170, 284, 310)
Class ID: 2, Confidence: 0.69, BBox: (282, 192, 438, 253)
Class ID: 1, Confidence: 0.54, BBox: (133, 227, 296, 345)
2025-03-18 18:34:40,984 - log_time: 18:34:40.820; iteration: 0; image: 0; image_size: 751504; connection_time: 9892704411100; time_start_ns: 1742319280821140700; processing_time_ns: 96661200; time_end_ns: 1742319280983058700; signal_val: None; RSSI_val: None; data: Class ID: 0, Confidence: 0.69, BBox: (219, 170, 284, 310)
Class ID: 2, Confidence: 0.69, BBox: (282, 192, 438, 253)
Class ID: 1, Confidence: 0.54, BBox: (133, 227, 296, 345)
2025-03-18 18:34:41,138 - log_time: 18:34:40.984; iteration: 0; image: 0; image_size: 751504; connection_time: 9892704411100; time_start_ns: 1742319280984344000; processing_time_ns: 89761200; time_end_ns: 1742319281138679000; signal_val: None; RSSI_val: None; data: Class ID: 0, Confidence: 0.69, BBox: (219, 170, 284, 310)
Class ID: 2, Confidence: 0.69, BBox: (282, 192, 438, 253)
Class ID: 1, Confidence: 0.54, BBox: (133, 227, 296, 345)
2025-03-18 18:34:41,295 - log_time: 18:34:41.138; iteration: 0; image: 0; image_size: 751504; connection_time: 9892704411100; time_start_ns: 1742319281138679000; processing_time_ns: 90868000; time_end_ns: 1742319281295916700; signal_val: None; RSSI_val: None; data: Class ID: 0, Confidence: 0.69, BBox: (219, 170, 284, 310)
Class ID: 2, Confidence: 0.69, BBox: (282, 192, 438, 253)
Class ID: 1, Confidence: 0.54, BBox: (133, 227, 296, 345)
2025-03-18 18:34:41,440 - log_time: 18:34:41.296; iteration: 0; image: 0; image_size: 751504; connection_time: 9892704411100; time_start_ns: 1742319281296453900; processing_time_ns: 78092700; time_end_ns: 1742319281440723400; signal_val: None; RSSI_val: None; data: Class ID: 0, Confidence: 0.69, BBox: (219, 170, 284, 310)
Class ID: 2, Confidence: 0.69, BBox: (282, 192, 438, 253)
Class ID: 1, Confidence: 0.54, BBox: (133, 227, 296, 345)
2025-03-18 18:34:41,588 - log_time: 18:34:41.441; iteration: 0; image: 0; image_size: 751504; connection_time: 9892704411100; time_start_ns: 1742319281441723100; processing_time_ns: 75835500; time_end_ns: 1742319281588260800; signal_val: None; RSSI_val: None; data: Class ID: 0, Confidence: 0.69, BBox: (219, 170, 284, 310)
Class ID: 2, Confidence: 0.69, BBox: (282, 192, 438, 253)
Class ID: 1, Confidence: 0.54, BBox: (133, 227, 296, 345)
2025-03-18 18:34:41,732 - log_time: 18:34:41.588; iteration: 0; image: 0; image_size: 751504; connection_time: 9892704411100; time_start_ns: 1742319281588260800; processing_time_ns: 86383900; time_end_ns: 1742319281732147800; signal_val: None; RSSI_val: None; data: Class ID: 0, Confidence: 0.69, BBox: (219, 170, 284, 310)
Class ID: 2, Confidence: 0.69, BBox: (282, 192, 438, 253)
Class ID: 1, Confidence: 0.54, BBox: (133, 227, 296, 345)
2025-03-18 18:34:41,873 - log_time: 18:34:41.732; iteration: 0; image: 0; image_size: 751504; connection_time: 9892704411100; time_start_ns: 1742319281732685000; processing_time_ns: 73697300; time_end_ns: 1742319281872889900; signal_val: None; RSSI_val: None; data: Class ID: 0, Confidence: 0.69, BBox: (219, 170, 284, 310)
Class ID: 2, Confidence: 0.69, BBox: (282, 192, 438, 253)
Class ID: 1, Confidence: 0.54, BBox: (133, 227, 296, 345)
2025-03-18 18:34:42,021 - log_time: 18:34:41.873; iteration: 0; image: 0; image_size: 751504; connection_time: 9892704411100; time_start_ns: 1742319281873821400; processing_time_ns: 75579700; time_end_ns: 1742319282021895700; signal_val: None; RSSI_val: None; data: Class ID: 0, Confidence: 0.69, BBox: (219, 170, 284, 310)
Class ID: 2, Confidence: 0.69, BBox: (282, 192, 438, 253)
Class ID: 1, Confidence: 0.54, BBox: (133, 227, 296, 345)
2025-03-18 18:34:42,155 - log_time: 18:34:42.023; iteration: 0; image: 0; image_size: 751504; connection_time: 9892704411100; time_start_ns: 1742319282023323200; processing_time_ns: 71077900; time_end_ns: 1742319282155214100; signal_val: None; RSSI_val: None; data: Class ID: 0, Confidence: 0.69, BBox: (219, 170, 284, 310)
Class ID: 2, Confidence: 0.69, BBox: (282, 192, 438, 253)
Class ID: 1, Confidence: 0.54, BBox: (133, 227, 296, 345)
2025-03-18 18:34:42,342 - log_time: 18:34:42.156; iteration: 0; image: 0; image_size: 751504; connection_time: 9892704411100; time_start_ns: 1742319282156466400; processing_time_ns: 127294800; time_end_ns: 1742319282342487100; signal_val: None; RSSI_val: None; data: Class ID: 0, Confidence: 0.69, BBox: (219, 170, 284, 310)
Class ID: 2, Confidence: 0.69, BBox: (282, 192, 438, 253)
Class ID: 1, Confidence: 0.54, BBox: (133, 227, 296, 345)
2025-03-18 18:34:42,485 - log_time: 18:34:42.342; iteration: 0; image: 0; image_size: 751504; connection_time: 9892704411100; time_start_ns: 1742319282342487100; processing_time_ns: 79242300; time_end_ns: 1742319282485129300; signal_val: None; RSSI_val: None; data: Class ID: 0, Confidence: 0.69, BBox: (219, 170, 284, 310)
Class ID: 2, Confidence: 0.69, BBox: (282, 192, 438, 253)
Class ID: 1, Confidence: 0.54, BBox: (133, 227, 296, 345)
2025-03-18 18:34:42,625 - log_time: 18:34:42.486; iteration: 0; image: 0; image_size: 751504; connection_time: 9892704411100; time_start_ns: 1742319282486141500; processing_time_ns: 78334200; time_end_ns: 1742319282625457500; signal_val: None; RSSI_val: None; data: Class ID: 0, Confidence: 0.69, BBox: (219, 170, 284, 310)
Class ID: 2, Confidence: 0.69, BBox: (282, 192, 438, 253)
Class ID: 1, Confidence: 0.54, BBox: (133, 227, 296, 345)
2025-03-18 18:34:42,810 - log_time: 18:34:42.625; iteration: 0; image: 0; image_size: 751504; connection_time: 9892704411100; time_start_ns: 1742319282625965600; processing_time_ns: 116799800; time_end_ns: 1742319282810081500; signal_val: None; RSSI_val: None; data: Class ID: 0, Confidence: 0.69, BBox: (219, 170, 284, 310)
Class ID: 2, Confidence: 0.69, BBox: (282, 192, 438, 253)
Class ID: 1, Confidence: 0.54, BBox: (133, 227, 296, 345)
2025-03-18 18:34:42,954 - log_time: 18:34:42.810; iteration: 0; image: 0; image_size: 751504; connection_time: 9892704411100; time_start_ns: 1742319282810081500; processing_time_ns: 80151700; time_end_ns: 1742319282954077800; signal_val: None; RSSI_val: None; data: Class ID: 0, Confidence: 0.69, BBox: (219, 170, 284, 310)
Class ID: 2, Confidence: 0.69, BBox: (282, 192, 438, 253)
Class ID: 1, Confidence: 0.54, BBox: (133, 227, 296, 345)
2025-03-18 18:34:43,087 - log_time: 18:34:42.955; iteration: 0; image: 0; image_size: 751504; connection_time: 9892704411100; time_start_ns: 1742319282955090700; processing_time_ns: 73277200; time_end_ns: 1742319283087026000; signal_val: None; RSSI_val: None; data: Class ID: 0, Confidence: 0.69, BBox: (219, 170, 284, 310)
Class ID: 2, Confidence: 0.69, BBox: (282, 192, 438, 253)
Class ID: 1, Confidence: 0.54, BBox: (133, 227, 296, 345)
2025-03-18 18:34:43,227 - log_time: 18:34:43.088; iteration: 0; image: 0; image_size: 751504; connection_time: 9892704411100; time_start_ns: 1742319283088241800; processing_time_ns: 80132400; time_end_ns: 1742319283227418900; signal_val: None; RSSI_val: None; data: Class ID: 0, Confidence: 0.69, BBox: (219, 170, 284, 310)
Class ID: 2, Confidence: 0.69, BBox: (282, 192, 438, 253)
Class ID: 1, Confidence: 0.54, BBox: (133, 227, 296, 345)
2025-03-18 18:34:43,372 - log_time: 18:34:43.228; iteration: 0; image: 0; image_size: 751504; connection_time: 9892704411100; time_start_ns: 1742319283228417400; processing_time_ns: 79088700; time_end_ns: 1742319283372874300; signal_val: None; RSSI_val: None; data: Class ID: 0, Confidence: 0.69, BBox: (219, 170, 284, 310)
Class ID: 2, Confidence: 0.69, BBox: (282, 192, 438, 253)
Class ID: 1, Confidence: 0.54, BBox: (133, 227, 296, 345)
2025-03-18 18:34:43,512 - log_time: 18:34:43.373; iteration: 0; image: 0; image_size: 751504; connection_time: 9892704411100; time_start_ns: 1742319283373872600; processing_time_ns: 77885100; time_end_ns: 1742319283512642000; signal_val: None; RSSI_val: None; data: Class ID: 0, Confidence: 0.69, BBox: (219, 170, 284, 310)
Class ID: 2, Confidence: 0.69, BBox: (282, 192, 438, 253)
Class ID: 1, Confidence: 0.54, BBox: (133, 227, 296, 345)
2025-03-18 18:34:43,655 - log_time: 18:34:43.513; iteration: 0; image: 0; image_size: 751504; connection_time: 9892704411100; time_start_ns: 1742319283513643200; processing_time_ns: 78218800; time_end_ns: 1742319283655804500; signal_val: None; RSSI_val: None; data: Class ID: 0, Confidence: 0.69, BBox: (219, 170, 284, 310)
Class ID: 2, Confidence: 0.69, BBox: (282, 192, 438, 253)
Class ID: 1, Confidence: 0.54, BBox: (133, 227, 296, 345)
2025-03-18 18:34:43,777 - log_time: 18:34:43.655; iteration: 0; image: 0; image_size: 751504; connection_time: 9892704411100; time_start_ns: 1742319283655804500; processing_time_ns: 64509700; time_end_ns: 1742319283777163800; signal_val: None; RSSI_val: None; data: Class ID: 0, Confidence: 0.69, BBox: (219, 170, 284, 310)
Class ID: 2, Confidence: 0.69, BBox: (282, 192, 438, 253)
Class ID: 1, Confidence: 0.54, BBox: (133, 227, 296, 345)
2025-03-18 18:34:43,919 - log_time: 18:34:43.777; iteration: 0; image: 0; image_size: 751504; connection_time: 9892704411100; time_start_ns: 1742319283777163800; processing_time_ns: 72091000; time_end_ns: 1742319283918604800; signal_val: None; RSSI_val: None; data: Class ID: 0, Confidence: 0.69, BBox: (219, 170, 284, 310)
Class ID: 2, Confidence: 0.69, BBox: (282, 192, 438, 253)
Class ID: 1, Confidence: 0.54, BBox: (133, 227, 296, 345)
2025-03-18 18:34:44,037 - log_time: 18:34:43.919; iteration: 0; image: 0; image_size: 751504; connection_time: 9892704411100; time_start_ns: 1742319283919465000; processing_time_ns: 62741600; time_end_ns: 1742319284037999500; signal_val: None; RSSI_val: None; data: Class ID: 0, Confidence: 0.69, BBox: (219, 170, 284, 310)
Class ID: 2, Confidence: 0.69, BBox: (282, 192, 438, 253)
Class ID: 1, Confidence: 0.54, BBox: (133, 227, 296, 345)
2025-03-18 18:34:44,157 - log_time: 18:34:44.038; iteration: 0; image: 0; image_size: 751504; connection_time: 9892704411100; time_start_ns: 1742319284038998600; processing_time_ns: 63320700; time_end_ns: 1742319284157609000; signal_val: None; RSSI_val: None; data: Class ID: 0, Confidence: 0.69, BBox: (219, 170, 284, 310)
Class ID: 2, Confidence: 0.69, BBox: (282, 192, 438, 253)
Class ID: 1, Confidence: 0.54, BBox: (133, 227, 296, 345)
2025-03-18 18:34:44,278 - log_time: 18:34:44.157; iteration: 0; image: 0; image_size: 751504; connection_time: 9892704411100; time_start_ns: 1742319284157609000; processing_time_ns: 66082000; time_end_ns: 1742319284278408800; signal_val: None; RSSI_val: None; data: Class ID: 0, Confidence: 0.69, BBox: (219, 170, 284, 310)
Class ID: 2, Confidence: 0.69, BBox: (282, 192, 438, 253)
Class ID: 1, Confidence: 0.54, BBox: (133, 227, 296, 345)
2025-03-18 18:34:44,408 - log_time: 18:34:44.278; iteration: 0; image: 0; image_size: 751504; connection_time: 9892704411100; time_start_ns: 1742319284278408800; processing_time_ns: 66616600; time_end_ns: 1742319284408305200; signal_val: None; RSSI_val: None; data: Class ID: 0, Confidence: 0.69, BBox: (219, 170, 284, 310)
Class ID: 2, Confidence: 0.69, BBox: (282, 192, 438, 253)
Class ID: 1, Confidence: 0.54, BBox: (133, 227, 296, 345)
2025-03-18 18:34:44,539 - log_time: 18:34:44.408; iteration: 0; image: 0; image_size: 751504; connection_time: 9892704411100; time_start_ns: 1742319284408305200; processing_time_ns: 70660100; time_end_ns: 1742319284539880500; signal_val: None; RSSI_val: None; data: Class ID: 0, Confidence: 0.69, BBox: (219, 170, 284, 310)
Class ID: 2, Confidence: 0.69, BBox: (282, 192, 438, 253)
Class ID: 1, Confidence: 0.54, BBox: (133, 227, 296, 345)
2025-03-18 18:34:44,668 - log_time: 18:34:44.541; iteration: 0; image: 0; image_size: 751504; connection_time: 9892704411100; time_start_ns: 1742319284541070800; processing_time_ns: 70779100; time_end_ns: 1742319284668241000; signal_val: None; RSSI_val: None; data: Class ID: 0, Confidence: 0.69, BBox: (219, 170, 284, 310)
Class ID: 2, Confidence: 0.69, BBox: (282, 192, 438, 253)
Class ID: 1, Confidence: 0.54, BBox: (133, 227, 296, 345)
2025-03-18 18:34:44,823 - log_time: 18:34:44.668; iteration: 0; image: 0; image_size: 751504; connection_time: 9892704411100; time_start_ns: 1742319284668780900; processing_time_ns: 94269600; time_end_ns: 1742319284823242600; signal_val: None; RSSI_val: None; data: Class ID: 0, Confidence: 0.69, BBox: (219, 170, 284, 310)
Class ID: 2, Confidence: 0.69, BBox: (282, 192, 438, 253)
Class ID: 1, Confidence: 0.54, BBox: (133, 227, 296, 345)
2025-03-18 18:34:44,982 - log_time: 18:34:44.825; iteration: 0; image: 0; image_size: 751504; connection_time: 9892704411100; time_start_ns: 1742319284825254000; processing_time_ns: 90973800; time_end_ns: 1742319284982586000; signal_val: None; RSSI_val: None; data: Class ID: 0, Confidence: 0.69, BBox: (219, 170, 284, 310)
Class ID: 2, Confidence: 0.69, BBox: (282, 192, 438, 253)
Class ID: 1, Confidence: 0.54, BBox: (133, 227, 296, 345)
2025-03-18 18:34:45,133 - log_time: 18:34:44.983; iteration: 0; image: 0; image_size: 751504; connection_time: 9892704411100; time_start_ns: 1742319284983584100; processing_time_ns: 82387400; time_end_ns: 1742319285133165100; signal_val: None; RSSI_val: None; data: Class ID: 0, Confidence: 0.69, BBox: (219, 170, 284, 310)
Class ID: 2, Confidence: 0.69, BBox: (282, 192, 438, 253)
Class ID: 1, Confidence: 0.54, BBox: (133, 227, 296, 345)
2025-03-18 18:34:45,271 - log_time: 18:34:45.133; iteration: 0; image: 0; image_size: 751504; connection_time: 9892704411100; time_start_ns: 1742319285133834200; processing_time_ns: 75105000; time_end_ns: 1742319285271671600; signal_val: None; RSSI_val: None; data: Class ID: 0, Confidence: 0.69, BBox: (219, 170, 284, 310)
Class ID: 2, Confidence: 0.69, BBox: (282, 192, 438, 253)
Class ID: 1, Confidence: 0.54, BBox: (133, 227, 296, 345)
2025-03-18 18:34:45,414 - log_time: 18:34:45.272; iteration: 0; image: 0; image_size: 751504; connection_time: 9892704411100; time_start_ns: 1742319285272879400; processing_time_ns: 82458100; time_end_ns: 1742319285414610500; signal_val: None; RSSI_val: None; data: Class ID: 0, Confidence: 0.69, BBox: (219, 170, 284, 310)
Class ID: 2, Confidence: 0.69, BBox: (282, 192, 438, 253)
Class ID: 1, Confidence: 0.54, BBox: (133, 227, 296, 345)
2025-03-18 18:34:45,554 - log_time: 18:34:45.414; iteration: 0; image: 0; image_size: 751504; connection_time: 9892704411100; time_start_ns: 1742319285416619600; processing_time_ns: 73731400; time_end_ns: 1742319285554398800; signal_val: None; RSSI_val: None; data: Class ID: 0, Confidence: 0.69, BBox: (219, 170, 284, 310)
Class ID: 2, Confidence: 0.69, BBox: (282, 192, 438, 253)
Class ID: 1, Confidence: 0.54, BBox: (133, 227, 296, 345)
2025-03-18 18:34:45,691 - log_time: 18:34:45.554; iteration: 0; image: 0; image_size: 751504; connection_time: 9892704411100; time_start_ns: 1742319285554398800; processing_time_ns: 74297100; time_end_ns: 1742319285690940300; signal_val: None; RSSI_val: None; data: Class ID: 0, Confidence: 0.69, BBox: (219, 170, 284, 310)
Class ID: 2, Confidence: 0.69, BBox: (282, 192, 438, 253)
Class ID: 1, Confidence: 0.54, BBox: (133, 227, 296, 345)
2025-03-18 18:34:45,847 - log_time: 18:34:45.691; iteration: 0; image: 0; image_size: 751504; connection_time: 9892704411100; time_start_ns: 1742319285691944300; processing_time_ns: 68828700; time_end_ns: 1742319285846710800; signal_val: None; RSSI_val: None; data: Class ID: 0, Confidence: 0.69, BBox: (219, 170, 284, 310)
Class ID: 2, Confidence: 0.69, BBox: (282, 192, 438, 253)
Class ID: 1, Confidence: 0.54, BBox: (133, 227, 296, 345)
2025-03-18 18:34:45,985 - log_time: 18:34:45.847; iteration: 0; image: 0; image_size: 751504; connection_time: 9892704411100; time_start_ns: 1742319285847712100; processing_time_ns: 76330500; time_end_ns: 1742319285984319300; signal_val: None; RSSI_val: None; data: Class ID: 0, Confidence: 0.69, BBox: (219, 170, 284, 310)
Class ID: 2, Confidence: 0.69, BBox: (282, 192, 438, 253)
Class ID: 1, Confidence: 0.54, BBox: (133, 227, 296, 345)
2025-03-18 18:34:46,110 - log_time: 18:34:45.985; iteration: 0; image: 0; image_size: 751504; connection_time: 9892704411100; time_start_ns: 1742319285985898100; processing_time_ns: 65184400; time_end_ns: 1742319286109467100; signal_val: None; RSSI_val: None; data: Class ID: 0, Confidence: 0.69, BBox: (219, 170, 284, 310)
Class ID: 2, Confidence: 0.69, BBox: (282, 192, 438, 253)
Class ID: 1, Confidence: 0.54, BBox: (133, 227, 296, 345)
2025-03-18 18:34:46,228 - log_time: 18:34:46.110; iteration: 0; image: 0; image_size: 751504; connection_time: 9892704411100; time_start_ns: 1742319286110466700; processing_time_ns: 64708600; time_end_ns: 1742319286228715500; signal_val: None; RSSI_val: None; data: Class ID: 0, Confidence: 0.69, BBox: (219, 170, 284, 310)
Class ID: 2, Confidence: 0.69, BBox: (282, 192, 438, 253)
Class ID: 1, Confidence: 0.54, BBox: (133, 227, 296, 345)
2025-03-18 18:34:46,351 - log_time: 18:34:46.228; iteration: 0; image: 0; image_size: 751504; connection_time: 9892704411100; time_start_ns: 1742319286228715500; processing_time_ns: 63808300; time_end_ns: 1742319286351389000; signal_val: None; RSSI_val: None; data: Class ID: 0, Confidence: 0.69, BBox: (219, 170, 284, 310)
Class ID: 2, Confidence: 0.69, BBox: (282, 192, 438, 253)
Class ID: 1, Confidence: 0.54, BBox: (133, 227, 296, 345)
2025-03-18 18:34:46,469 - log_time: 18:34:46.352; iteration: 0; image: 0; image_size: 751504; connection_time: 9892704411100; time_start_ns: 1742319286352236200; processing_time_ns: 61611800; time_end_ns: 1742319286469565800; signal_val: None; RSSI_val: None; data: Class ID: 0, Confidence: 0.69, BBox: (219, 170, 284, 310)
Class ID: 2, Confidence: 0.69, BBox: (282, 192, 438, 253)
Class ID: 1, Confidence: 0.54, BBox: (133, 227, 296, 345)
2025-03-18 18:34:46,591 - log_time: 18:34:46.473; iteration: 0; image: 0; image_size: 751504; connection_time: 9892704411100; time_start_ns: 1742319286473280900; processing_time_ns: 64280600; time_end_ns: 1742319286591610300; signal_val: None; RSSI_val: None; data: Class ID: 0, Confidence: 0.69, BBox: (219, 170, 284, 310)
Class ID: 2, Confidence: 0.69, BBox: (282, 192, 438, 253)
Class ID: 1, Confidence: 0.54, BBox: (133, 227, 296, 345)
2025-03-18 18:34:46,712 - log_time: 18:34:46.591; iteration: 0; image: 0; image_size: 751504; connection_time: 9892704411100; time_start_ns: 1742319286591610300; processing_time_ns: 65069400; time_end_ns: 1742319286712390500; signal_val: None; RSSI_val: None; data: Class ID: 0, Confidence: 0.69, BBox: (219, 170, 284, 310)
Class ID: 2, Confidence: 0.69, BBox: (282, 192, 438, 253)
Class ID: 1, Confidence: 0.54, BBox: (133, 227, 296, 345)
2025-03-18 18:34:46,832 - log_time: 18:34:46.712; iteration: 0; image: 0; image_size: 751504; connection_time: 9892704411100; time_start_ns: 1742319286712390500; processing_time_ns: 66006400; time_end_ns: 1742319286832684700; signal_val: None; RSSI_val: None; data: Class ID: 0, Confidence: 0.69, BBox: (219, 170, 284, 310)
Class ID: 2, Confidence: 0.69, BBox: (282, 192, 438, 253)
Class ID: 1, Confidence: 0.54, BBox: (133, 227, 296, 345)
2025-03-18 18:34:46,952 - log_time: 18:34:46.832; iteration: 0; image: 0; image_size: 751504; connection_time: 9892704411100; time_start_ns: 1742319286832684700; processing_time_ns: 63213700; time_end_ns: 1742319286952171500; signal_val: None; RSSI_val: None; data: Class ID: 0, Confidence: 0.69, BBox: (219, 170, 284, 310)
Class ID: 2, Confidence: 0.69, BBox: (282, 192, 438, 253)
Class ID: 1, Confidence: 0.54, BBox: (133, 227, 296, 345)
2025-03-18 18:34:47,069 - log_time: 18:34:46.952; iteration: 0; image: 0; image_size: 751504; connection_time: 9892704411100; time_start_ns: 1742319286952171500; processing_time_ns: 63433100; time_end_ns: 1742319287069822900; signal_val: None; RSSI_val: None; data: Class ID: 0, Confidence: 0.69, BBox: (219, 170, 284, 310)
Class ID: 2, Confidence: 0.69, BBox: (282, 192, 438, 253)
Class ID: 1, Confidence: 0.54, BBox: (133, 227, 296, 345)
2025-03-18 18:34:47,205 - log_time: 18:34:47.070; iteration: 0; image: 0; image_size: 751504; connection_time: 9892704411100; time_start_ns: 1742319287070824300; processing_time_ns: 78772400; time_end_ns: 1742319287205140900; signal_val: None; RSSI_val: None; data: Class ID: 0, Confidence: 0.69, BBox: (219, 170, 284, 310)
Class ID: 2, Confidence: 0.69, BBox: (282, 192, 438, 253)
Class ID: 1, Confidence: 0.54, BBox: (133, 227, 296, 345)
2025-03-18 18:34:47,325 - log_time: 18:34:47.205; iteration: 0; image: 0; image_size: 751504; connection_time: 9892704411100; time_start_ns: 1742319287205140900; processing_time_ns: 65118200; time_end_ns: 1742319287323837500; signal_val: None; RSSI_val: None; data: Class ID: 0, Confidence: 0.69, BBox: (219, 170, 284, 310)
Class ID: 2, Confidence: 0.69, BBox: (282, 192, 438, 253)
Class ID: 1, Confidence: 0.54, BBox: (133, 227, 296, 345)
2025-03-18 18:34:47,445 - log_time: 18:34:47.325; iteration: 0; image: 0; image_size: 751504; connection_time: 9892704411100; time_start_ns: 1742319287325843600; processing_time_ns: 63037600; time_end_ns: 1742319287445531500; signal_val: None; RSSI_val: None; data: Class ID: 0, Confidence: 0.69, BBox: (219, 170, 284, 310)
Class ID: 2, Confidence: 0.69, BBox: (282, 192, 438, 253)
Class ID: 1, Confidence: 0.54, BBox: (133, 227, 296, 345)
2025-03-18 18:34:47,565 - log_time: 18:34:47.445; iteration: 0; image: 0; image_size: 751504; connection_time: 9892704411100; time_start_ns: 1742319287445531500; processing_time_ns: 62381800; time_end_ns: 1742319287565965300; signal_val: None; RSSI_val: None; data: Class ID: 0, Confidence: 0.69, BBox: (219, 170, 284, 310)
Class ID: 2, Confidence: 0.69, BBox: (282, 192, 438, 253)
Class ID: 1, Confidence: 0.54, BBox: (133, 227, 296, 345)
2025-03-18 18:34:47,685 - log_time: 18:34:47.565; iteration: 0; image: 0; image_size: 751504; connection_time: 9892704411100; time_start_ns: 1742319287565965300; processing_time_ns: 62648800; time_end_ns: 1742319287685431300; signal_val: None; RSSI_val: None; data: Class ID: 0, Confidence: 0.69, BBox: (219, 170, 284, 310)
Class ID: 2, Confidence: 0.69, BBox: (282, 192, 438, 253)
Class ID: 1, Confidence: 0.54, BBox: (133, 227, 296, 345)
2025-03-18 18:34:47,806 - log_time: 18:34:47.685; iteration: 0; image: 0; image_size: 751504; connection_time: 9892704411100; time_start_ns: 1742319287685431300; processing_time_ns: 65636700; time_end_ns: 1742319287806140700; signal_val: None; RSSI_val: None; data: Class ID: 0, Confidence: 0.69, BBox: (219, 170, 284, 310)
Class ID: 2, Confidence: 0.69, BBox: (282, 192, 438, 253)
Class ID: 1, Confidence: 0.54, BBox: (133, 227, 296, 345)
2025-03-18 18:34:47,924 - log_time: 18:34:47.806; iteration: 0; image: 0; image_size: 751504; connection_time: 9892704411100; time_start_ns: 1742319287806140700; processing_time_ns: 63465000; time_end_ns: 1742319287924805600; signal_val: None; RSSI_val: None; data: Class ID: 0, Confidence: 0.69, BBox: (219, 170, 284, 310)
Class ID: 2, Confidence: 0.69, BBox: (282, 192, 438, 253)
Class ID: 1, Confidence: 0.54, BBox: (133, 227, 296, 345)
2025-03-18 18:34:48,050 - log_time: 18:34:47.924; iteration: 0; image: 0; image_size: 751504; connection_time: 9892704411100; time_start_ns: 1742319287924805600; processing_time_ns: 69458900; time_end_ns: 1742319288050413700; signal_val: None; RSSI_val: None; data: Class ID: 0, Confidence: 0.69, BBox: (219, 170, 284, 310)
Class ID: 2, Confidence: 0.69, BBox: (282, 192, 438, 253)
Class ID: 1, Confidence: 0.54, BBox: (133, 227, 296, 345)
2025-03-18 18:34:48,180 - log_time: 18:34:48.050; iteration: 0; image: 0; image_size: 751504; connection_time: 9892704411100; time_start_ns: 1742319288051412600; processing_time_ns: 64488300; time_end_ns: 1742319288180605600; signal_val: None; RSSI_val: None; data: Class ID: 0, Confidence: 0.69, BBox: (219, 170, 284, 310)
Class ID: 2, Confidence: 0.69, BBox: (282, 192, 438, 253)
Class ID: 1, Confidence: 0.54, BBox: (133, 227, 296, 345)
2025-03-18 18:34:48,302 - log_time: 18:34:48.180; iteration: 0; image: 0; image_size: 751504; connection_time: 9892704411100; time_start_ns: 1742319288180605600; processing_time_ns: 63510300; time_end_ns: 1742319288302015300; signal_val: None; RSSI_val: None; data: Class ID: 0, Confidence: 0.69, BBox: (219, 170, 284, 310)
Class ID: 2, Confidence: 0.69, BBox: (282, 192, 438, 253)
Class ID: 1, Confidence: 0.54, BBox: (133, 227, 296, 345)
2025-03-18 18:34:48,421 - log_time: 18:34:48.302; iteration: 0; image: 0; image_size: 751504; connection_time: 9892704411100; time_start_ns: 1742319288302015300; processing_time_ns: 63232300; time_end_ns: 1742319288421716700; signal_val: None; RSSI_val: None; data: Class ID: 0, Confidence: 0.69, BBox: (219, 170, 284, 310)
Class ID: 2, Confidence: 0.69, BBox: (282, 192, 438, 253)
Class ID: 1, Confidence: 0.54, BBox: (133, 227, 296, 345)
2025-03-18 18:34:48,538 - log_time: 18:34:48.421; iteration: 0; image: 0; image_size: 751504; connection_time: 9892704411100; time_start_ns: 1742319288421716700; processing_time_ns: 62755500; time_end_ns: 1742319288538941100; signal_val: None; RSSI_val: None; data: Class ID: 0, Confidence: 0.69, BBox: (219, 170, 284, 310)
Class ID: 2, Confidence: 0.69, BBox: (282, 192, 438, 253)
Class ID: 1, Confidence: 0.54, BBox: (133, 227, 296, 345)
2025-03-18 18:34:48,656 - log_time: 18:34:48.538; iteration: 0; image: 0; image_size: 751504; connection_time: 9892704411100; time_start_ns: 1742319288538941100; processing_time_ns: 61400400; time_end_ns: 1742319288656010600; signal_val: None; RSSI_val: None; data: Class ID: 0, Confidence: 0.69, BBox: (219, 170, 284, 310)
Class ID: 2, Confidence: 0.69, BBox: (282, 192, 438, 253)
Class ID: 1, Confidence: 0.54, BBox: (133, 227, 296, 345)
2025-03-18 18:34:48,825 - log_time: 18:34:48.657; iteration: 0; image: 0; image_size: 751504; connection_time: 9892704411100; time_start_ns: 1742319288657008900; processing_time_ns: 111778300; time_end_ns: 1742319288825938900; signal_val: None; RSSI_val: None; data: Class ID: 0, Confidence: 0.69, BBox: (219, 170, 284, 310)
Class ID: 2, Confidence: 0.69, BBox: (282, 192, 438, 253)
Class ID: 1, Confidence: 0.54, BBox: (133, 227, 296, 345)
2025-03-18 18:34:48,943 - log_time: 18:34:48.826; iteration: 0; image: 0; image_size: 751504; connection_time: 9892704411100; time_start_ns: 1742319288826478300; processing_time_ns: 60529000; time_end_ns: 1742319288943015200; signal_val: None; RSSI_val: None; data: Class ID: 0, Confidence: 0.69, BBox: (219, 170, 284, 310)
Class ID: 2, Confidence: 0.69, BBox: (282, 192, 438, 253)
Class ID: 1, Confidence: 0.54, BBox: (133, 227, 296, 345)
2025-03-18 18:34:49,063 - log_time: 18:34:48.943; iteration: 0; image: 0; image_size: 751504; connection_time: 9892704411100; time_start_ns: 1742319288943015200; processing_time_ns: 61847800; time_end_ns: 1742319289063709100; signal_val: None; RSSI_val: None; data: Class ID: 0, Confidence: 0.69, BBox: (219, 170, 284, 310)
Class ID: 2, Confidence: 0.69, BBox: (282, 192, 438, 253)
Class ID: 1, Confidence: 0.54, BBox: (133, 227, 296, 345)
2025-03-18 18:34:49,180 - log_time: 18:34:49.066; iteration: 0; image: 0; image_size: 751504; connection_time: 9892704411100; time_start_ns: 1742319289066990900; processing_time_ns: 60375200; time_end_ns: 1742319289180912300; signal_val: None; RSSI_val: None; data: Class ID: 0, Confidence: 0.69, BBox: (219, 170, 284, 310)
Class ID: 2, Confidence: 0.69, BBox: (282, 192, 438, 253)
Class ID: 1, Confidence: 0.54, BBox: (133, 227, 296, 345)
2025-03-18 18:34:49,303 - log_time: 18:34:49.180; iteration: 0; image: 0; image_size: 751504; connection_time: 9892704411100; time_start_ns: 1742319289180912300; processing_time_ns: 65261900; time_end_ns: 1742319289303249800; signal_val: None; RSSI_val: None; data: Class ID: 0, Confidence: 0.69, BBox: (219, 170, 284, 310)
Class ID: 2, Confidence: 0.69, BBox: (282, 192, 438, 253)
Class ID: 1, Confidence: 0.54, BBox: (133, 227, 296, 345)
2025-03-18 18:34:49,423 - log_time: 18:34:49.304; iteration: 0; image: 0; image_size: 751504; connection_time: 9892704411100; time_start_ns: 1742319289304247200; processing_time_ns: 63940100; time_end_ns: 1742319289423413700; signal_val: None; RSSI_val: None; data: Class ID: 0, Confidence: 0.69, BBox: (219, 170, 284, 310)
Class ID: 2, Confidence: 0.69, BBox: (282, 192, 438, 253)
Class ID: 1, Confidence: 0.54, BBox: (133, 227, 296, 345)
2025-03-18 18:34:49,544 - log_time: 18:34:49.423; iteration: 0; image: 0; image_size: 751504; connection_time: 9892704411100; time_start_ns: 1742319289423413700; processing_time_ns: 64857100; time_end_ns: 1742319289544977700; signal_val: None; RSSI_val: None; data: Class ID: 0, Confidence: 0.69, BBox: (219, 170, 284, 310)
Class ID: 2, Confidence: 0.69, BBox: (282, 192, 438, 253)
Class ID: 1, Confidence: 0.54, BBox: (133, 227, 296, 345)
2025-03-18 18:34:49,668 - log_time: 18:34:49.544; iteration: 0; image: 0; image_size: 751504; connection_time: 9892704411100; time_start_ns: 1742319289544977700; processing_time_ns: 69116300; time_end_ns: 1742319289668508300; signal_val: None; RSSI_val: None; data: Class ID: 0, Confidence: 0.69, BBox: (219, 170, 284, 310)
Class ID: 2, Confidence: 0.69, BBox: (282, 192, 438, 253)
Class ID: 1, Confidence: 0.54, BBox: (133, 227, 296, 345)
2025-03-18 18:34:49,787 - log_time: 18:34:49.668; iteration: 0; image: 0; image_size: 751504; connection_time: 9892704411100; time_start_ns: 1742319289668508300; processing_time_ns: 63862500; time_end_ns: 1742319289787817600; signal_val: None; RSSI_val: None; data: Class ID: 0, Confidence: 0.69, BBox: (219, 170, 284, 310)
Class ID: 2, Confidence: 0.69, BBox: (282, 192, 438, 253)
Class ID: 1, Confidence: 0.54, BBox: (133, 227, 296, 345)
2025-03-18 18:34:49,901 - log_time: 18:34:49.787; iteration: 0; image: 0; image_size: 751504; connection_time: 9892704411100; time_start_ns: 1742319289787817600; processing_time_ns: 60930900; time_end_ns: 1742319289901780000; signal_val: None; RSSI_val: None; data: Class ID: 0, Confidence: 0.69, BBox: (219, 170, 284, 310)
Class ID: 2, Confidence: 0.69, BBox: (282, 192, 438, 253)
Class ID: 1, Confidence: 0.54, BBox: (133, 227, 296, 345)
2025-03-18 18:34:50,022 - log_time: 18:34:49.902; iteration: 0; image: 0; image_size: 751504; connection_time: 9892704411100; time_start_ns: 1742319289903270200; processing_time_ns: 64423800; time_end_ns: 1742319290022624600; signal_val: None; RSSI_val: None; data: Class ID: 0, Confidence: 0.69, BBox: (219, 170, 284, 310)
Class ID: 2, Confidence: 0.69, BBox: (282, 192, 438, 253)
Class ID: 1, Confidence: 0.54, BBox: (133, 227, 296, 345)
2025-03-18 18:34:50,146 - log_time: 18:34:50.022; iteration: 0; image: 0; image_size: 751504; connection_time: 9892704411100; time_start_ns: 1742319290022624600; processing_time_ns: 68749800; time_end_ns: 1742319290144932300; signal_val: None; RSSI_val: None; data: Class ID: 0, Confidence: 0.69, BBox: (219, 170, 284, 310)
Class ID: 2, Confidence: 0.69, BBox: (282, 192, 438, 253)
Class ID: 1, Confidence: 0.54, BBox: (133, 227, 296, 345)
2025-03-18 18:34:50,275 - log_time: 18:34:50.146; iteration: 0; image: 0; image_size: 751504; connection_time: 9892704411100; time_start_ns: 1742319290146940100; processing_time_ns: 65954400; time_end_ns: 1742319290275271500; signal_val: None; RSSI_val: None; data: Class ID: 0, Confidence: 0.69, BBox: (219, 170, 284, 310)
Class ID: 2, Confidence: 0.69, BBox: (282, 192, 438, 253)
Class ID: 1, Confidence: 0.54, BBox: (133, 227, 296, 345)
2025-03-18 18:34:50,390 - log_time: 18:34:50.276; iteration: 0; image: 0; image_size: 751504; connection_time: 9892704411100; time_start_ns: 1742319290276271000; processing_time_ns: 63380600; time_end_ns: 1742319290390825600; signal_val: None; RSSI_val: None; data: Class ID: 0, Confidence: 0.69, BBox: (219, 170, 284, 310)
Class ID: 2, Confidence: 0.69, BBox: (282, 192, 438, 253)
Class ID: 1, Confidence: 0.54, BBox: (133, 227, 296, 345)
2025-03-18 18:34:50,510 - log_time: 18:34:50.390; iteration: 0; image: 0; image_size: 751504; connection_time: 9892704411100; time_start_ns: 1742319290390825600; processing_time_ns: 62165900; time_end_ns: 1742319290510957500; signal_val: None; RSSI_val: None; data: Class ID: 0, Confidence: 0.69, BBox: (219, 170, 284, 310)
Class ID: 2, Confidence: 0.69, BBox: (282, 192, 438, 253)
Class ID: 1, Confidence: 0.54, BBox: (133, 227, 296, 345)
2025-03-18 18:34:50,642 - log_time: 18:34:50.510; iteration: 0; image: 0; image_size: 751504; connection_time: 9892704411100; time_start_ns: 1742319290510957500; processing_time_ns: 70103400; time_end_ns: 1742319290642519400; signal_val: None; RSSI_val: None; data: Class ID: 0, Confidence: 0.69, BBox: (219, 170, 284, 310)
Class ID: 2, Confidence: 0.69, BBox: (282, 192, 438, 253)
Class ID: 1, Confidence: 0.54, BBox: (133, 227, 296, 345)
2025-03-18 18:34:50,758 - log_time: 18:34:50.642; iteration: 0; image: 0; image_size: 751504; connection_time: 9892704411100; time_start_ns: 1742319290642519400; processing_time_ns: 63626200; time_end_ns: 1742319290758308900; signal_val: None; RSSI_val: None; data: Class ID: 0, Confidence: 0.69, BBox: (219, 170, 284, 310)
Class ID: 2, Confidence: 0.69, BBox: (282, 192, 438, 253)
Class ID: 1, Confidence: 0.54, BBox: (133, 227, 296, 345)
2025-03-18 18:34:50,885 - log_time: 18:34:50.761; iteration: 0; image: 0; image_size: 751504; connection_time: 9892704411100; time_start_ns: 1742319290761788900; processing_time_ns: 70576300; time_end_ns: 1742319290885694400; signal_val: None; RSSI_val: None; data: Class ID: 0, Confidence: 0.69, BBox: (219, 170, 284, 310)
Class ID: 2, Confidence: 0.69, BBox: (282, 192, 438, 253)
Class ID: 1, Confidence: 0.54, BBox: (133, 227, 296, 345)
2025-03-18 18:34:51,005 - log_time: 18:34:50.887; iteration: 0; image: 0; image_size: 751504; connection_time: 9892704411100; time_start_ns: 1742319290887286600; processing_time_ns: 64503600; time_end_ns: 1742319291005852400; signal_val: None; RSSI_val: None; data: Class ID: 0, Confidence: 0.69, BBox: (219, 170, 284, 310)
Class ID: 2, Confidence: 0.69, BBox: (282, 192, 438, 253)
Class ID: 1, Confidence: 0.54, BBox: (133, 227, 296, 345)
2025-03-18 18:34:51,119 - log_time: 18:34:51.005; iteration: 0; image: 0; image_size: 751504; connection_time: 9892704411100; time_start_ns: 1742319291005852400; processing_time_ns: 60998200; time_end_ns: 1742319291119811000; signal_val: None; RSSI_val: None; data: Class ID: 0, Confidence: 0.69, BBox: (219, 170, 284, 310)
Class ID: 2, Confidence: 0.69, BBox: (282, 192, 438, 253)
Class ID: 1, Confidence: 0.54, BBox: (133, 227, 296, 345)
2025-03-18 18:34:51,238 - log_time: 18:34:51.119; iteration: 0; image: 0; image_size: 751504; connection_time: 9892704411100; time_start_ns: 1742319291119811000; processing_time_ns: 63206000; time_end_ns: 1742319291238843500; signal_val: None; RSSI_val: None; data: Class ID: 0, Confidence: 0.69, BBox: (219, 170, 284, 310)
Class ID: 2, Confidence: 0.69, BBox: (282, 192, 438, 253)
Class ID: 1, Confidence: 0.54, BBox: (133, 227, 296, 345)
2025-03-18 18:34:51,355 - log_time: 18:34:51.240; iteration: 0; image: 0; image_size: 751504; connection_time: 9892704411100; time_start_ns: 1742319291240851600; processing_time_ns: 62639800; time_end_ns: 1742319291355536100; signal_val: None; RSSI_val: None; data: Class ID: 0, Confidence: 0.69, BBox: (219, 170, 284, 310)
Class ID: 2, Confidence: 0.69, BBox: (282, 192, 438, 253)
Class ID: 1, Confidence: 0.54, BBox: (133, 227, 296, 345)
2025-03-18 18:34:51,475 - log_time: 18:34:51.355; iteration: 0; image: 0; image_size: 751504; connection_time: 9892704411100; time_start_ns: 1742319291355536100; processing_time_ns: 63724600; time_end_ns: 1742319291475621700; signal_val: None; RSSI_val: None; data: Class ID: 0, Confidence: 0.69, BBox: (219, 170, 284, 310)
Class ID: 2, Confidence: 0.69, BBox: (282, 192, 438, 253)
Class ID: 1, Confidence: 0.54, BBox: (133, 227, 296, 345)
2025-03-18 18:34:51,594 - log_time: 18:34:51.475; iteration: 0; image: 0; image_size: 751504; connection_time: 9892704411100; time_start_ns: 1742319291475621700; processing_time_ns: 61948800; time_end_ns: 1742319291594744100; signal_val: None; RSSI_val: None; data: Class ID: 0, Confidence: 0.69, BBox: (219, 170, 284, 310)
Class ID: 2, Confidence: 0.69, BBox: (282, 192, 438, 253)
Class ID: 1, Confidence: 0.54, BBox: (133, 227, 296, 345)
2025-03-18 18:34:51,712 - log_time: 18:34:51.594; iteration: 0; image: 0; image_size: 751504; connection_time: 9892704411100; time_start_ns: 1742319291594744100; processing_time_ns: 62182600; time_end_ns: 1742319291712676600; signal_val: None; RSSI_val: None; data: Class ID: 0, Confidence: 0.69, BBox: (219, 170, 284, 310)
Class ID: 2, Confidence: 0.69, BBox: (282, 192, 438, 253)
Class ID: 1, Confidence: 0.54, BBox: (133, 227, 296, 345)
2025-03-18 18:34:51,862 - log_time: 18:34:51.712; iteration: 0; image: 0; image_size: 751504; connection_time: 9892704411100; time_start_ns: 1742319291712676600; processing_time_ns: 66195200; time_end_ns: 1742319291862581600; signal_val: None; RSSI_val: None; data: Class ID: 0, Confidence: 0.69, BBox: (219, 170, 284, 310)
Class ID: 2, Confidence: 0.69, BBox: (282, 192, 438, 253)
Class ID: 1, Confidence: 0.54, BBox: (133, 227, 296, 345)
2025-03-18 18:34:51,982 - log_time: 18:34:51.862; iteration: 0; image: 0; image_size: 751504; connection_time: 9892704411100; time_start_ns: 1742319291862581600; processing_time_ns: 63867100; time_end_ns: 1742319291982016700; signal_val: None; RSSI_val: None; data: Class ID: 0, Confidence: 0.69, BBox: (219, 170, 284, 310)
Class ID: 2, Confidence: 0.69, BBox: (282, 192, 438, 253)
Class ID: 1, Confidence: 0.54, BBox: (133, 227, 296, 345)
2025-03-18 18:34:52,102 - log_time: 18:34:51.982; iteration: 0; image: 0; image_size: 751504; connection_time: 9892704411100; time_start_ns: 1742319291982016700; processing_time_ns: 65065900; time_end_ns: 1742319292102263000; signal_val: None; RSSI_val: None; data: Class ID: 0, Confidence: 0.69, BBox: (219, 170, 284, 310)
Class ID: 2, Confidence: 0.69, BBox: (282, 192, 438, 253)
Class ID: 1, Confidence: 0.54, BBox: (133, 227, 296, 345)
2025-03-18 18:34:52,218 - log_time: 18:34:52.102; iteration: 0; image: 0; image_size: 751504; connection_time: 9892704411100; time_start_ns: 1742319292102263000; processing_time_ns: 60597400; time_end_ns: 1742319292218171000; signal_val: None; RSSI_val: None; data: Class ID: 0, Confidence: 0.69, BBox: (219, 170, 284, 310)
Class ID: 2, Confidence: 0.69, BBox: (282, 192, 438, 253)
Class ID: 1, Confidence: 0.54, BBox: (133, 227, 296, 345)
2025-03-18 18:34:52,359 - log_time: 18:34:52.218; iteration: 0; image: 0; image_size: 751504; connection_time: 9892704411100; time_start_ns: 1742319292218171000; processing_time_ns: 70675100; time_end_ns: 1742319292359601000; signal_val: None; RSSI_val: None; data: Class ID: 0, Confidence: 0.69, BBox: (219, 170, 284, 310)
Class ID: 2, Confidence: 0.69, BBox: (282, 192, 438, 253)
Class ID: 1, Confidence: 0.54, BBox: (133, 227, 296, 345)
2025-03-18 18:34:52,477 - log_time: 18:34:52.359; iteration: 0; image: 0; image_size: 751504; connection_time: 9892704411100; time_start_ns: 1742319292359601000; processing_time_ns: 64520300; time_end_ns: 1742319292477059400; signal_val: None; RSSI_val: None; data: Class ID: 0, Confidence: 0.69, BBox: (219, 170, 284, 310)
Class ID: 2, Confidence: 0.69, BBox: (282, 192, 438, 253)
Class ID: 1, Confidence: 0.54, BBox: (133, 227, 296, 345)
2025-03-18 18:34:52,598 - log_time: 18:34:52.477; iteration: 0; image: 0; image_size: 751504; connection_time: 9892704411100; time_start_ns: 1742319292477059400; processing_time_ns: 62196900; time_end_ns: 1742319292597970000; signal_val: None; RSSI_val: None; data: Class ID: 0, Confidence: 0.69, BBox: (219, 170, 284, 310)
Class ID: 2, Confidence: 0.69, BBox: (282, 192, 438, 253)
Class ID: 1, Confidence: 0.54, BBox: (133, 227, 296, 345)
2025-03-18 18:34:52,765 - log_time: 18:34:52.598; iteration: 0; image: 0; image_size: 751504; connection_time: 9892704411100; time_start_ns: 1742319292598966500; processing_time_ns: 102384000; time_end_ns: 1742319292765671800; signal_val: None; RSSI_val: None; data: Class ID: 0, Confidence: 0.69, BBox: (219, 170, 284, 310)
Class ID: 2, Confidence: 0.69, BBox: (282, 192, 438, 253)
Class ID: 1, Confidence: 0.54, BBox: (133, 227, 296, 345)
2025-03-18 18:34:52,893 - log_time: 18:34:52.766; iteration: 0; image: 0; image_size: 751504; connection_time: 9892704411100; time_start_ns: 1742319292766188100; processing_time_ns: 65852800; time_end_ns: 1742319292893472200; signal_val: None; RSSI_val: None; data: Class ID: 0, Confidence: 0.69, BBox: (219, 170, 284, 310)
Class ID: 2, Confidence: 0.69, BBox: (282, 192, 438, 253)
Class ID: 1, Confidence: 0.54, BBox: (133, 227, 296, 345)
2025-03-18 18:34:53,012 - log_time: 18:34:52.893; iteration: 0; image: 0; image_size: 751504; connection_time: 9892704411100; time_start_ns: 1742319292893472200; processing_time_ns: 62864200; time_end_ns: 1742319293012490300; signal_val: None; RSSI_val: None; data: Class ID: 0, Confidence: 0.69, BBox: (219, 170, 284, 310)
Class ID: 2, Confidence: 0.69, BBox: (282, 192, 438, 253)
Class ID: 1, Confidence: 0.54, BBox: (133, 227, 296, 345)
2025-03-18 18:34:53,132 - log_time: 18:34:53.012; iteration: 0; image: 0; image_size: 751504; connection_time: 9892704411100; time_start_ns: 1742319293012490300; processing_time_ns: 64111800; time_end_ns: 1742319293132138200; signal_val: None; RSSI_val: None; data: Class ID: 0, Confidence: 0.69, BBox: (219, 170, 284, 310)
Class ID: 2, Confidence: 0.69, BBox: (282, 192, 438, 253)
Class ID: 1, Confidence: 0.54, BBox: (133, 227, 296, 345)
2025-03-18 18:34:53,255 - log_time: 18:34:53.132; iteration: 0; image: 0; image_size: 751504; connection_time: 9892704411100; time_start_ns: 1742319293132138200; processing_time_ns: 63165300; time_end_ns: 1742319293255436200; signal_val: None; RSSI_val: None; data: Class ID: 0, Confidence: 0.69, BBox: (219, 170, 284, 310)
Class ID: 2, Confidence: 0.69, BBox: (282, 192, 438, 253)
Class ID: 1, Confidence: 0.54, BBox: (133, 227, 296, 345)
2025-03-18 18:34:53,372 - log_time: 18:34:53.255; iteration: 0; image: 0; image_size: 751504; connection_time: 9892704411100; time_start_ns: 1742319293255436200; processing_time_ns: 63065900; time_end_ns: 1742319293372615800; signal_val: None; RSSI_val: None; data: Class ID: 0, Confidence: 0.69, BBox: (219, 170, 284, 310)
Class ID: 2, Confidence: 0.69, BBox: (282, 192, 438, 253)
Class ID: 1, Confidence: 0.54, BBox: (133, 227, 296, 345)
2025-03-18 18:34:53,491 - log_time: 18:34:53.373; iteration: 0; image: 0; image_size: 751504; connection_time: 9892704411100; time_start_ns: 1742319293373614700; processing_time_ns: 63920600; time_end_ns: 1742319293491076200; signal_val: None; RSSI_val: None; data: Class ID: 0, Confidence: 0.69, BBox: (219, 170, 284, 310)
Class ID: 2, Confidence: 0.69, BBox: (282, 192, 438, 253)
Class ID: 1, Confidence: 0.54, BBox: (133, 227, 296, 345)
2025-03-18 18:34:53,611 - log_time: 18:34:53.491; iteration: 0; image: 0; image_size: 751504; connection_time: 9892704411100; time_start_ns: 1742319293491076200; processing_time_ns: 64755900; time_end_ns: 1742319293611640300; signal_val: None; RSSI_val: None; data: Class ID: 0, Confidence: 0.69, BBox: (219, 170, 284, 310)
Class ID: 2, Confidence: 0.69, BBox: (282, 192, 438, 253)
Class ID: 1, Confidence: 0.54, BBox: (133, 227, 296, 345)
2025-03-18 18:34:53,728 - log_time: 18:34:53.611; iteration: 0; image: 0; image_size: 751504; connection_time: 9892704411100; time_start_ns: 1742319293611640300; processing_time_ns: 60154900; time_end_ns: 1742319293728083300; signal_val: None; RSSI_val: None; data: Class ID: 0, Confidence: 0.69, BBox: (219, 170, 284, 310)
Class ID: 2, Confidence: 0.69, BBox: (282, 192, 438, 253)
Class ID: 1, Confidence: 0.54, BBox: (133, 227, 296, 345)
2025-03-18 18:34:53,857 - log_time: 18:34:53.728; iteration: 0; image: 0; image_size: 751504; connection_time: 9892704411100; time_start_ns: 1742319293728083300; processing_time_ns: 66790900; time_end_ns: 1742319293857141800; signal_val: None; RSSI_val: None; data: Class ID: 0, Confidence: 0.69, BBox: (219, 170, 284, 310)
Class ID: 2, Confidence: 0.69, BBox: (282, 192, 438, 253)
Class ID: 1, Confidence: 0.54, BBox: (133, 227, 296, 345)
2025-03-18 18:34:53,978 - log_time: 18:34:53.857; iteration: 0; image: 0; image_size: 751504; connection_time: 9892704411100; time_start_ns: 1742319293857141800; processing_time_ns: 64008600; time_end_ns: 1742319293978482400; signal_val: None; RSSI_val: None; data: Class ID: 0, Confidence: 0.69, BBox: (219, 170, 284, 310)
Class ID: 2, Confidence: 0.69, BBox: (282, 192, 438, 253)
Class ID: 1, Confidence: 0.54, BBox: (133, 227, 296, 345)
2025-03-18 18:34:54,102 - log_time: 18:34:53.978; iteration: 0; image: 0; image_size: 751504; connection_time: 9892704411100; time_start_ns: 1742319293978482400; processing_time_ns: 62600100; time_end_ns: 1742319294102271900; signal_val: None; RSSI_val: None; data: Class ID: 0, Confidence: 0.69, BBox: (219, 170, 284, 310)
Class ID: 2, Confidence: 0.69, BBox: (282, 192, 438, 253)
Class ID: 1, Confidence: 0.54, BBox: (133, 227, 296, 345)
2025-03-18 18:34:54,218 - log_time: 18:34:54.103; iteration: 0; image: 0; image_size: 751504; connection_time: 9892704411100; time_start_ns: 1742319294103272600; processing_time_ns: 62043500; time_end_ns: 1742319294217860800; signal_val: None; RSSI_val: None; data: Class ID: 0, Confidence: 0.69, BBox: (219, 170, 284, 310)
Class ID: 2, Confidence: 0.69, BBox: (282, 192, 438, 253)
Class ID: 1, Confidence: 0.54, BBox: (133, 227, 296, 345)
2025-03-18 18:34:54,346 - log_time: 18:34:54.218; iteration: 0; image: 0; image_size: 751504; connection_time: 9892704411100; time_start_ns: 1742319294218868500; processing_time_ns: 74185800; time_end_ns: 1742319294346320900; signal_val: None; RSSI_val: None; data: Class ID: 0, Confidence: 0.69, BBox: (219, 170, 284, 310)
Class ID: 2, Confidence: 0.69, BBox: (282, 192, 438, 253)
Class ID: 1, Confidence: 0.54, BBox: (133, 227, 296, 345)
2025-03-18 18:34:54,477 - log_time: 18:34:54.346; iteration: 0; image: 0; image_size: 751504; connection_time: 9892704411100; time_start_ns: 1742319294346320900; processing_time_ns: 67187500; time_end_ns: 1742319294477425600; signal_val: None; RSSI_val: None; data: Class ID: 0, Confidence: 0.69, BBox: (219, 170, 284, 310)
Class ID: 2, Confidence: 0.69, BBox: (282, 192, 438, 253)
Class ID: 1, Confidence: 0.54, BBox: (133, 227, 296, 345)
2025-03-18 18:34:54,597 - log_time: 18:34:54.477; iteration: 0; image: 0; image_size: 751504; connection_time: 9892704411100; time_start_ns: 1742319294477425600; processing_time_ns: 65810900; time_end_ns: 1742319294597146600; signal_val: None; RSSI_val: None; data: Class ID: 0, Confidence: 0.69, BBox: (219, 170, 284, 310)
Class ID: 2, Confidence: 0.69, BBox: (282, 192, 438, 253)
Class ID: 1, Confidence: 0.54, BBox: (133, 227, 296, 345)
2025-03-18 18:34:54,717 - log_time: 18:34:54.597; iteration: 0; image: 0; image_size: 751504; connection_time: 9892704411100; time_start_ns: 1742319294597146600; processing_time_ns: 61411400; time_end_ns: 1742319294717811500; signal_val: None; RSSI_val: None; data: Class ID: 0, Confidence: 0.69, BBox: (219, 170, 284, 310)
Class ID: 2, Confidence: 0.69, BBox: (282, 192, 438, 253)
Class ID: 1, Confidence: 0.54, BBox: (133, 227, 296, 345)
2025-03-18 18:34:54,871 - log_time: 18:34:54.717; iteration: 0; image: 0; image_size: 751504; connection_time: 9892704411100; time_start_ns: 1742319294717811500; processing_time_ns: 85947500; time_end_ns: 1742319294871234900; signal_val: None; RSSI_val: None; data: Class ID: 0, Confidence: 0.69, BBox: (219, 170, 284, 310)
Class ID: 2, Confidence: 0.69, BBox: (282, 192, 438, 253)
Class ID: 1, Confidence: 0.54, BBox: (133, 227, 296, 345)
2025-03-18 18:34:54,986 - log_time: 18:34:54.871; iteration: 0; image: 0; image_size: 751504; connection_time: 9892704411100; time_start_ns: 1742319294871234900; processing_time_ns: 61365000; time_end_ns: 1742319294986152500; signal_val: None; RSSI_val: None; data: Class ID: 0, Confidence: 0.69, BBox: (219, 170, 284, 310)
Class ID: 2, Confidence: 0.69, BBox: (282, 192, 438, 253)
Class ID: 1, Confidence: 0.54, BBox: (133, 227, 296, 345)
2025-03-18 18:34:55,104 - log_time: 18:34:54.986; iteration: 0; image: 0; image_size: 751504; connection_time: 9892704411100; time_start_ns: 1742319294986152500; processing_time_ns: 62608600; time_end_ns: 1742319295104205000; signal_val: None; RSSI_val: None; data: Class ID: 0, Confidence: 0.69, BBox: (219, 170, 284, 310)
Class ID: 2, Confidence: 0.69, BBox: (282, 192, 438, 253)
Class ID: 1, Confidence: 0.54, BBox: (133, 227, 296, 345)
2025-03-18 18:34:55,220 - log_time: 18:34:55.105; iteration: 0; image: 0; image_size: 751504; connection_time: 9892704411100; time_start_ns: 1742319295105206000; processing_time_ns: 62031200; time_end_ns: 1742319295220824000; signal_val: None; RSSI_val: None; data: Class ID: 0, Confidence: 0.69, BBox: (219, 170, 284, 310)
Class ID: 2, Confidence: 0.69, BBox: (282, 192, 438, 253)
Class ID: 1, Confidence: 0.54, BBox: (133, 227, 296, 345)
2025-03-18 18:34:55,339 - log_time: 18:34:55.220; iteration: 0; image: 0; image_size: 751504; connection_time: 9892704411100; time_start_ns: 1742319295220824000; processing_time_ns: 64757700; time_end_ns: 1742319295339119600; signal_val: None; RSSI_val: None; data: Class ID: 0, Confidence: 0.69, BBox: (219, 170, 284, 310)
Class ID: 2, Confidence: 0.69, BBox: (282, 192, 438, 253)
Class ID: 1, Confidence: 0.54, BBox: (133, 227, 296, 345)
2025-03-18 18:34:55,455 - log_time: 18:34:55.341; iteration: 0; image: 0; image_size: 751504; connection_time: 9892704411100; time_start_ns: 1742319295341125600; processing_time_ns: 61412000; time_end_ns: 1742319295455849800; signal_val: None; RSSI_val: None; data: Class ID: 0, Confidence: 0.69, BBox: (219, 170, 284, 310)
Class ID: 2, Confidence: 0.69, BBox: (282, 192, 438, 253)
Class ID: 1, Confidence: 0.54, BBox: (133, 227, 296, 345)
2025-03-18 18:34:55,573 - log_time: 18:34:55.455; iteration: 0; image: 0; image_size: 751504; connection_time: 9892704411100; time_start_ns: 1742319295455849800; processing_time_ns: 64180000; time_end_ns: 1742319295573477900; signal_val: None; RSSI_val: None; data: Class ID: 0, Confidence: 0.69, BBox: (219, 170, 284, 310)
Class ID: 2, Confidence: 0.69, BBox: (282, 192, 438, 253)
Class ID: 1, Confidence: 0.54, BBox: (133, 227, 296, 345)
2025-03-18 18:34:55,692 - log_time: 18:34:55.573; iteration: 0; image: 0; image_size: 751504; connection_time: 9892704411100; time_start_ns: 1742319295573477900; processing_time_ns: 64578700; time_end_ns: 1742319295692705000; signal_val: None; RSSI_val: None; data: Class ID: 0, Confidence: 0.69, BBox: (219, 170, 284, 310)
Class ID: 2, Confidence: 0.69, BBox: (282, 192, 438, 253)
Class ID: 1, Confidence: 0.54, BBox: (133, 227, 296, 345)
2025-03-18 18:34:55,813 - log_time: 18:34:55.692; iteration: 0; image: 0; image_size: 751504; connection_time: 9892704411100; time_start_ns: 1742319295692705000; processing_time_ns: 62778300; time_end_ns: 1742319295813059500; signal_val: None; RSSI_val: None; data: Class ID: 0, Confidence: 0.69, BBox: (219, 170, 284, 310)
Class ID: 2, Confidence: 0.69, BBox: (282, 192, 438, 253)
Class ID: 1, Confidence: 0.54, BBox: (133, 227, 296, 345)
2025-03-18 18:34:55,932 - log_time: 18:34:55.814; iteration: 0; image: 0; image_size: 751504; connection_time: 9892704411100; time_start_ns: 1742319295814058700; processing_time_ns: 60724800; time_end_ns: 1742319295932624000; signal_val: None; RSSI_val: None; data: Class ID: 0, Confidence: 0.69, BBox: (219, 170, 284, 310)
Class ID: 2, Confidence: 0.69, BBox: (282, 192, 438, 253)
Class ID: 1, Confidence: 0.54, BBox: (133, 227, 296, 345)
2025-03-18 18:34:56,046 - log_time: 18:34:55.932; iteration: 0; image: 0; image_size: 751504; connection_time: 9892704411100; time_start_ns: 1742319295932624000; processing_time_ns: 60906800; time_end_ns: 1742319296046239800; signal_val: None; RSSI_val: None; data: Class ID: 0, Confidence: 0.69, BBox: (219, 170, 284, 310)
Class ID: 2, Confidence: 0.69, BBox: (282, 192, 438, 253)
Class ID: 1, Confidence: 0.54, BBox: (133, 227, 296, 345)
2025-03-18 18:34:56,164 - log_time: 18:34:56.046; iteration: 0; image: 0; image_size: 751504; connection_time: 9892704411100; time_start_ns: 1742319296046239800; processing_time_ns: 61435800; time_end_ns: 1742319296164851700; signal_val: None; RSSI_val: None; data: Class ID: 0, Confidence: 0.69, BBox: (219, 170, 284, 310)
Class ID: 2, Confidence: 0.69, BBox: (282, 192, 438, 253)
Class ID: 1, Confidence: 0.54, BBox: (133, 227, 296, 345)
2025-03-18 18:34:56,286 - log_time: 18:34:56.164; iteration: 0; image: 0; image_size: 751504; connection_time: 9892704411100; time_start_ns: 1742319296164851700; processing_time_ns: 64678800; time_end_ns: 1742319296286182500; signal_val: None; RSSI_val: None; data: Class ID: 0, Confidence: 0.69, BBox: (219, 170, 284, 310)
Class ID: 2, Confidence: 0.69, BBox: (282, 192, 438, 253)
Class ID: 1, Confidence: 0.54, BBox: (133, 227, 296, 345)
2025-03-18 18:34:56,404 - log_time: 18:34:56.286; iteration: 0; image: 0; image_size: 751504; connection_time: 9892704411100; time_start_ns: 1742319296286182500; processing_time_ns: 62158200; time_end_ns: 1742319296404535500; signal_val: None; RSSI_val: None; data: Class ID: 0, Confidence: 0.69, BBox: (219, 170, 284, 310)
Class ID: 2, Confidence: 0.69, BBox: (282, 192, 438, 253)
Class ID: 1, Confidence: 0.54, BBox: (133, 227, 296, 345)
2025-03-18 18:34:56,535 - log_time: 18:34:56.404; iteration: 0; image: 0; image_size: 751504; connection_time: 9892704411100; time_start_ns: 1742319296404535500; processing_time_ns: 75057900; time_end_ns: 1742319296535280200; signal_val: None; RSSI_val: None; data: Class ID: 0, Confidence: 0.69, BBox: (219, 170, 284, 310)
Class ID: 2, Confidence: 0.69, BBox: (282, 192, 438, 253)
Class ID: 1, Confidence: 0.54, BBox: (133, 227, 296, 345)
2025-03-18 18:34:56,656 - log_time: 18:34:56.536; iteration: 0; image: 0; image_size: 751504; connection_time: 9892704411100; time_start_ns: 1742319296536279100; processing_time_ns: 65287700; time_end_ns: 1742319296656391200; signal_val: None; RSSI_val: None; data: Class ID: 0, Confidence: 0.69, BBox: (219, 170, 284, 310)
Class ID: 2, Confidence: 0.69, BBox: (282, 192, 438, 253)
Class ID: 1, Confidence: 0.54, BBox: (133, 227, 296, 345)
2025-03-18 18:34:56,776 - log_time: 18:34:56.657; iteration: 0; image: 0; image_size: 751504; connection_time: 9892704411100; time_start_ns: 1742319296657399200; processing_time_ns: 63508600; time_end_ns: 1742319296776489700; signal_val: None; RSSI_val: None; data: Class ID: 0, Confidence: 0.69, BBox: (219, 170, 284, 310)
Class ID: 2, Confidence: 0.69, BBox: (282, 192, 438, 253)
Class ID: 1, Confidence: 0.54, BBox: (133, 227, 296, 345)
2025-03-18 18:34:56,894 - log_time: 18:34:56.776; iteration: 0; image: 0; image_size: 751504; connection_time: 9892704411100; time_start_ns: 1742319296776489700; processing_time_ns: 62782200; time_end_ns: 1742319296894493200; signal_val: None; RSSI_val: None; data: Class ID: 0, Confidence: 0.69, BBox: (219, 170, 284, 310)
Class ID: 2, Confidence: 0.69, BBox: (282, 192, 438, 253)
Class ID: 1, Confidence: 0.54, BBox: (133, 227, 296, 345)
2025-03-18 18:34:57,013 - log_time: 18:34:56.894; iteration: 0; image: 0; image_size: 751504; connection_time: 9892704411100; time_start_ns: 1742319296894493200; processing_time_ns: 63757100; time_end_ns: 1742319297013697400; signal_val: None; RSSI_val: None; data: Class ID: 0, Confidence: 0.69, BBox: (219, 170, 284, 310)
Class ID: 2, Confidence: 0.69, BBox: (282, 192, 438, 253)
Class ID: 1, Confidence: 0.54, BBox: (133, 227, 296, 345)
2025-03-18 18:34:57,131 - log_time: 18:34:57.014; iteration: 0; image: 0; image_size: 751504; connection_time: 9892704411100; time_start_ns: 1742319297014696100; processing_time_ns: 61894500; time_end_ns: 1742319297131377700; signal_val: None; RSSI_val: None; data: Class ID: 0, Confidence: 0.69, BBox: (219, 170, 284, 310)
Class ID: 2, Confidence: 0.69, BBox: (282, 192, 438, 253)
Class ID: 1, Confidence: 0.54, BBox: (133, 227, 296, 345)
2025-03-18 18:34:57,257 - log_time: 18:34:57.134; iteration: 0; image: 0; image_size: 751504; connection_time: 9892704411100; time_start_ns: 1742319297134179900; processing_time_ns: 65695900; time_end_ns: 1742319297257718300; signal_val: None; RSSI_val: None; data: Class ID: 0, Confidence: 0.69, BBox: (219, 170, 284, 310)
Class ID: 2, Confidence: 0.69, BBox: (282, 192, 438, 253)
Class ID: 1, Confidence: 0.54, BBox: (133, 227, 296, 345)
2025-03-18 18:34:57,377 - log_time: 18:34:57.257; iteration: 0; image: 0; image_size: 751504; connection_time: 9892704411100; time_start_ns: 1742319297259725500; processing_time_ns: 64132600; time_end_ns: 1742319297377212300; signal_val: None; RSSI_val: None; data: Class ID: 0, Confidence: 0.69, BBox: (219, 170, 284, 310)
Class ID: 2, Confidence: 0.69, BBox: (282, 192, 438, 253)
Class ID: 1, Confidence: 0.54, BBox: (133, 227, 296, 345)
2025-03-18 18:34:57,496 - log_time: 18:34:57.377; iteration: 0; image: 0; image_size: 751504; connection_time: 9892704411100; time_start_ns: 1742319297377212300; processing_time_ns: 61397400; time_end_ns: 1742319297496527100; signal_val: None; RSSI_val: None; data: Class ID: 0, Confidence: 0.69, BBox: (219, 170, 284, 310)
Class ID: 2, Confidence: 0.69, BBox: (282, 192, 438, 253)
Class ID: 1, Confidence: 0.54, BBox: (133, 227, 296, 345)
2025-03-18 18:34:57,618 - log_time: 18:34:57.500; iteration: 0; image: 0; image_size: 751504; connection_time: 9892704411100; time_start_ns: 1742319297500512700; processing_time_ns: 62297500; time_end_ns: 1742319297618972200; signal_val: None; RSSI_val: None; data: Class ID: 0, Confidence: 0.69, BBox: (219, 170, 284, 310)
Class ID: 2, Confidence: 0.69, BBox: (282, 192, 438, 253)
Class ID: 1, Confidence: 0.54, BBox: (133, 227, 296, 345)
2025-03-18 18:34:57,740 - log_time: 18:34:57.618; iteration: 0; image: 0; image_size: 751504; connection_time: 9892704411100; time_start_ns: 1742319297618972200; processing_time_ns: 64589600; time_end_ns: 1742319297740052300; signal_val: None; RSSI_val: None; data: Class ID: 0, Confidence: 0.69, BBox: (219, 170, 284, 310)
Class ID: 2, Confidence: 0.69, BBox: (282, 192, 438, 253)
Class ID: 1, Confidence: 0.54, BBox: (133, 227, 296, 345)
2025-03-18 18:34:57,893 - log_time: 18:34:57.740; iteration: 0; image: 0; image_size: 751504; connection_time: 9892704411100; time_start_ns: 1742319297740052300; processing_time_ns: 65826600; time_end_ns: 1742319297893431700; signal_val: None; RSSI_val: None; data: Class ID: 0, Confidence: 0.69, BBox: (219, 170, 284, 310)
Class ID: 2, Confidence: 0.69, BBox: (282, 192, 438, 253)
Class ID: 1, Confidence: 0.54, BBox: (133, 227, 296, 345)
2025-03-18 18:34:58,015 - log_time: 18:34:57.895; iteration: 0; image: 0; image_size: 751504; connection_time: 9892704411100; time_start_ns: 1742319297895437700; processing_time_ns: 60181600; time_end_ns: 1742319298015617400; signal_val: None; RSSI_val: None; data: Class ID: 0, Confidence: 0.69, BBox: (219, 170, 284, 310)
Class ID: 2, Confidence: 0.69, BBox: (282, 192, 438, 253)
Class ID: 1, Confidence: 0.54, BBox: (133, 227, 296, 345)
2025-03-18 18:34:58,135 - log_time: 18:34:58.015; iteration: 0; image: 0; image_size: 751504; connection_time: 9892704411100; time_start_ns: 1742319298015617400; processing_time_ns: 62992600; time_end_ns: 1742319298135039500; signal_val: None; RSSI_val: None; data: Class ID: 0, Confidence: 0.69, BBox: (219, 170, 284, 310)
Class ID: 2, Confidence: 0.69, BBox: (282, 192, 438, 253)
Class ID: 1, Confidence: 0.54, BBox: (133, 227, 296, 345)
2025-03-18 18:34:58,250 - log_time: 18:34:58.135; iteration: 0; image: 0; image_size: 751504; connection_time: 9892704411100; time_start_ns: 1742319298135039500; processing_time_ns: 62534500; time_end_ns: 1742319298250707400; signal_val: None; RSSI_val: None; data: Class ID: 0, Confidence: 0.69, BBox: (219, 170, 284, 310)
Class ID: 2, Confidence: 0.69, BBox: (282, 192, 438, 253)
Class ID: 1, Confidence: 0.54, BBox: (133, 227, 296, 345)
2025-03-18 18:34:58,371 - log_time: 18:34:58.251; iteration: 0; image: 0; image_size: 751504; connection_time: 9892704411100; time_start_ns: 1742319298251715800; processing_time_ns: 64573900; time_end_ns: 1742319298371121000; signal_val: None; RSSI_val: None; data: Class ID: 0, Confidence: 0.69, BBox: (219, 170, 284, 310)
Class ID: 2, Confidence: 0.69, BBox: (282, 192, 438, 253)
Class ID: 1, Confidence: 0.54, BBox: (133, 227, 296, 345)
2025-03-18 18:34:58,487 - log_time: 18:34:58.371; iteration: 0; image: 0; image_size: 751504; connection_time: 9892704411100; time_start_ns: 1742319298371121000; processing_time_ns: 64458200; time_end_ns: 1742319298487852200; signal_val: None; RSSI_val: None; data: Class ID: 0, Confidence: 0.69, BBox: (219, 170, 284, 310)
Class ID: 2, Confidence: 0.69, BBox: (282, 192, 438, 253)
Class ID: 1, Confidence: 0.54, BBox: (133, 227, 296, 345)
2025-03-18 18:34:58,621 - log_time: 18:34:58.487; iteration: 0; image: 0; image_size: 751504; connection_time: 9892704411100; time_start_ns: 1742319298487852200; processing_time_ns: 78650100; time_end_ns: 1742319298621959600; signal_val: None; RSSI_val: None; data: Class ID: 0, Confidence: 0.69, BBox: (219, 170, 284, 310)
Class ID: 2, Confidence: 0.69, BBox: (282, 192, 438, 253)
Class ID: 1, Confidence: 0.54, BBox: (133, 227, 296, 345)
2025-03-18 18:34:58,744 - log_time: 18:34:58.622; iteration: 0; image: 0; image_size: 751504; connection_time: 9892704411100; time_start_ns: 1742319298622970700; processing_time_ns: 63766700; time_end_ns: 1742319298744688500; signal_val: None; RSSI_val: None; data: Class ID: 0, Confidence: 0.69, BBox: (219, 170, 284, 310)
Class ID: 2, Confidence: 0.69, BBox: (282, 192, 438, 253)
Class ID: 1, Confidence: 0.54, BBox: (133, 227, 296, 345)
2025-03-18 18:34:58,867 - log_time: 18:34:58.744; iteration: 0; image: 0; image_size: 751504; connection_time: 9892704411100; time_start_ns: 1742319298744688500; processing_time_ns: 68155600; time_end_ns: 1742319298867982800; signal_val: None; RSSI_val: None; data: Class ID: 0, Confidence: 0.69, BBox: (219, 170, 284, 310)
Class ID: 2, Confidence: 0.69, BBox: (282, 192, 438, 253)
Class ID: 1, Confidence: 0.54, BBox: (133, 227, 296, 345)
2025-03-18 18:34:58,988 - log_time: 18:34:58.869; iteration: 0; image: 0; image_size: 751504; connection_time: 9892704411100; time_start_ns: 1742319298869989800; processing_time_ns: 63509200; time_end_ns: 1742319298988025800; signal_val: None; RSSI_val: None; data: Class ID: 0, Confidence: 0.69, BBox: (219, 170, 284, 310)
Class ID: 2, Confidence: 0.69, BBox: (282, 192, 438, 253)
Class ID: 1, Confidence: 0.54, BBox: (133, 227, 296, 345)
2025-03-18 18:34:59,106 - log_time: 18:34:58.989; iteration: 0; image: 0; image_size: 751504; connection_time: 9892704411100; time_start_ns: 1742319298989025300; processing_time_ns: 63251800; time_end_ns: 1742319299106850500; signal_val: None; RSSI_val: None; data: Class ID: 0, Confidence: 0.69, BBox: (219, 170, 284, 310)
Class ID: 2, Confidence: 0.69, BBox: (282, 192, 438, 253)
Class ID: 1, Confidence: 0.54, BBox: (133, 227, 296, 345)
2025-03-18 18:34:59,222 - log_time: 18:34:59.106; iteration: 0; image: 0; image_size: 751504; connection_time: 9892704411100; time_start_ns: 1742319299106850500; processing_time_ns: 63318200; time_end_ns: 1742319299222139700; signal_val: None; RSSI_val: None; data: Class ID: 0, Confidence: 0.69, BBox: (219, 170, 284, 310)
Class ID: 2, Confidence: 0.69, BBox: (282, 192, 438, 253)
Class ID: 1, Confidence: 0.54, BBox: (133, 227, 296, 345)
2025-03-18 18:34:59,343 - log_time: 18:34:59.224; iteration: 0; image: 0; image_size: 751504; connection_time: 9892704411100; time_start_ns: 1742319299224147300; processing_time_ns: 64245500; time_end_ns: 1742319299343757200; signal_val: None; RSSI_val: None; data: Class ID: 0, Confidence: 0.69, BBox: (219, 170, 284, 310)
Class ID: 2, Confidence: 0.69, BBox: (282, 192, 438, 253)
Class ID: 1, Confidence: 0.54, BBox: (133, 227, 296, 345)
2025-03-18 18:34:59,468 - log_time: 18:34:59.343; iteration: 0; image: 0; image_size: 751504; connection_time: 9892704411100; time_start_ns: 1742319299343757200; processing_time_ns: 65152700; time_end_ns: 1742319299468721200; signal_val: None; RSSI_val: None; data: Class ID: 0, Confidence: 0.69, BBox: (219, 170, 284, 310)
Class ID: 2, Confidence: 0.69, BBox: (282, 192, 438, 253)
Class ID: 1, Confidence: 0.54, BBox: (133, 227, 296, 345)
2025-03-18 18:34:59,591 - log_time: 18:34:59.468; iteration: 0; image: 0; image_size: 751504; connection_time: 9892704411100; time_start_ns: 1742319299468721200; processing_time_ns: 66226400; time_end_ns: 1742319299591702700; signal_val: None; RSSI_val: None; data: Class ID: 0, Confidence: 0.69, BBox: (219, 170, 284, 310)
Class ID: 2, Confidence: 0.69, BBox: (282, 192, 438, 253)
Class ID: 1, Confidence: 0.54, BBox: (133, 227, 296, 345)
2025-03-18 18:34:59,708 - log_time: 18:34:59.591; iteration: 0; image: 0; image_size: 751504; connection_time: 9892704411100; time_start_ns: 1742319299591702700; processing_time_ns: 63756700; time_end_ns: 1742319299708789900; signal_val: None; RSSI_val: None; data: Class ID: 0, Confidence: 0.69, BBox: (219, 170, 284, 310)
Class ID: 2, Confidence: 0.69, BBox: (282, 192, 438, 253)
Class ID: 1, Confidence: 0.54, BBox: (133, 227, 296, 345)
2025-03-18 18:34:59,828 - log_time: 18:34:59.708; iteration: 0; image: 0; image_size: 751504; connection_time: 9892704411100; time_start_ns: 1742319299708789900; processing_time_ns: 62944500; time_end_ns: 1742319299828838600; signal_val: None; RSSI_val: None; data: Class ID: 0, Confidence: 0.69, BBox: (219, 170, 284, 310)
Class ID: 2, Confidence: 0.69, BBox: (282, 192, 438, 253)
Class ID: 1, Confidence: 0.54, BBox: (133, 227, 296, 345)
2025-03-18 18:34:59,950 - log_time: 18:34:59.828; iteration: 0; image: 0; image_size: 751504; connection_time: 9892704411100; time_start_ns: 1742319299828838600; processing_time_ns: 64097700; time_end_ns: 1742319299950498800; signal_val: None; RSSI_val: None; data: Class ID: 0, Confidence: 0.69, BBox: (219, 170, 284, 310)
Class ID: 2, Confidence: 0.69, BBox: (282, 192, 438, 253)
Class ID: 1, Confidence: 0.54, BBox: (133, 227, 296, 345)
2025-03-18 18:35:00,073 - log_time: 18:34:59.951; iteration: 0; image: 0; image_size: 751504; connection_time: 9892704411100; time_start_ns: 1742319299951247000; processing_time_ns: 66395500; time_end_ns: 1742319300073325200; signal_val: None; RSSI_val: None; data: Class ID: 0, Confidence: 0.69, BBox: (219, 170, 284, 310)
Class ID: 2, Confidence: 0.69, BBox: (282, 192, 438, 253)
Class ID: 1, Confidence: 0.54, BBox: (133, 227, 296, 345)
2025-03-18 18:35:00,188 - log_time: 18:35:00.074; iteration: 0; image: 0; image_size: 751504; connection_time: 9892704411100; time_start_ns: 1742319300074323500; processing_time_ns: 61117200; time_end_ns: 1742319300188929200; signal_val: None; RSSI_val: None; data: Class ID: 0, Confidence: 0.69, BBox: (219, 170, 284, 310)
Class ID: 2, Confidence: 0.69, BBox: (282, 192, 438, 253)
Class ID: 1, Confidence: 0.54, BBox: (133, 227, 296, 345)
2025-03-18 18:35:00,304 - log_time: 18:35:00.189; iteration: 0; image: 0; image_size: 751504; connection_time: 9892704411100; time_start_ns: 1742319300189933400; processing_time_ns: 62995900; time_end_ns: 1742319300304481800; signal_val: None; RSSI_val: None; data: Class ID: 0, Confidence: 0.69, BBox: (219, 170, 284, 310)
Class ID: 2, Confidence: 0.69, BBox: (282, 192, 438, 253)
Class ID: 1, Confidence: 0.54, BBox: (133, 227, 296, 345)
2025-03-18 18:35:00,425 - log_time: 18:35:00.306; iteration: 0; image: 0; image_size: 751504; connection_time: 9892704411100; time_start_ns: 1742319300306490900; processing_time_ns: 66125500; time_end_ns: 1742319300425707800; signal_val: None; RSSI_val: None; data: Class ID: 0, Confidence: 0.69, BBox: (219, 170, 284, 310)
Class ID: 2, Confidence: 0.69, BBox: (282, 192, 438, 253)
Class ID: 1, Confidence: 0.54, BBox: (133, 227, 296, 345)
2025-03-18 18:35:00,551 - log_time: 18:35:00.425; iteration: 0; image: 0; image_size: 751504; connection_time: 9892704411100; time_start_ns: 1742319300425707800; processing_time_ns: 64136300; time_end_ns: 1742319300550383900; signal_val: None; RSSI_val: None; data: Class ID: 0, Confidence: 0.69, BBox: (219, 170, 284, 310)
Class ID: 2, Confidence: 0.69, BBox: (282, 192, 438, 253)
Class ID: 1, Confidence: 0.54, BBox: (133, 227, 296, 345)
2025-03-18 18:35:00,673 - log_time: 18:35:00.551; iteration: 0; image: 0; image_size: 751504; connection_time: 9892704411100; time_start_ns: 1742319300551205000; processing_time_ns: 67176500; time_end_ns: 1742319300673082300; signal_val: None; RSSI_val: None; data: Class ID: 0, Confidence: 0.69, BBox: (219, 170, 284, 310)
Class ID: 2, Confidence: 0.69, BBox: (282, 192, 438, 253)
Class ID: 1, Confidence: 0.54, BBox: (133, 227, 296, 345)
2025-03-18 18:35:00,853 - log_time: 18:35:00.674; iteration: 0; image: 0; image_size: 751504; connection_time: 9892704411100; time_start_ns: 1742319300674078900; processing_time_ns: 117953000; time_end_ns: 1742319300853720500; signal_val: None; RSSI_val: None; data: Class ID: 0, Confidence: 0.69, BBox: (219, 170, 284, 310)
Class ID: 2, Confidence: 0.69, BBox: (282, 192, 438, 253)
Class ID: 1, Confidence: 0.54, BBox: (133, 227, 296, 345)
2025-03-18 18:35:00,970 - log_time: 18:35:00.853; iteration: 0; image: 0; image_size: 751504; connection_time: 9892704411100; time_start_ns: 1742319300853720500; processing_time_ns: 60061800; time_end_ns: 1742319300970353000; signal_val: None; RSSI_val: None; data: Class ID: 0, Confidence: 0.69, BBox: (219, 170, 284, 310)
Class ID: 2, Confidence: 0.69, BBox: (282, 192, 438, 253)
Class ID: 1, Confidence: 0.54, BBox: (133, 227, 296, 345)
2025-03-18 18:35:01,088 - log_time: 18:35:00.970; iteration: 0; image: 0; image_size: 751504; connection_time: 9892704411100; time_start_ns: 1742319300970353000; processing_time_ns: 63172100; time_end_ns: 1742319301088819400; signal_val: None; RSSI_val: None; data: Class ID: 0, Confidence: 0.69, BBox: (219, 170, 284, 310)
Class ID: 2, Confidence: 0.69, BBox: (282, 192, 438, 253)
Class ID: 1, Confidence: 0.54, BBox: (133, 227, 296, 345)
2025-03-18 18:35:01,208 - log_time: 18:35:01.089; iteration: 0; image: 0; image_size: 751504; connection_time: 9892704411100; time_start_ns: 1742319301089818000; processing_time_ns: 63457200; time_end_ns: 1742319301208931700; signal_val: None; RSSI_val: None; data: Class ID: 0, Confidence: 0.69, BBox: (219, 170, 284, 310)
Class ID: 2, Confidence: 0.69, BBox: (282, 192, 438, 253)
Class ID: 1, Confidence: 0.54, BBox: (133, 227, 296, 345)
2025-03-18 18:35:01,328 - log_time: 18:35:01.208; iteration: 0; image: 0; image_size: 751504; connection_time: 9892704411100; time_start_ns: 1742319301208931700; processing_time_ns: 66129600; time_end_ns: 1742319301328814100; signal_val: None; RSSI_val: None; data: Class ID: 0, Confidence: 0.69, BBox: (219, 170, 284, 310)
Class ID: 2, Confidence: 0.69, BBox: (282, 192, 438, 253)
Class ID: 1, Confidence: 0.54, BBox: (133, 227, 296, 345)
2025-03-18 18:35:01,450 - log_time: 18:35:01.328; iteration: 0; image: 0; image_size: 751504; connection_time: 9892704411100; time_start_ns: 1742319301328814100; processing_time_ns: 63495900; time_end_ns: 1742319301450319700; signal_val: None; RSSI_val: None; data: Class ID: 0, Confidence: 0.69, BBox: (219, 170, 284, 310)
Class ID: 2, Confidence: 0.69, BBox: (282, 192, 438, 253)
Class ID: 1, Confidence: 0.54, BBox: (133, 227, 296, 345)
2025-03-18 18:35:01,567 - log_time: 18:35:01.451; iteration: 0; image: 0; image_size: 751504; connection_time: 9892704411100; time_start_ns: 1742319301451329800; processing_time_ns: 63179800; time_end_ns: 1742319301567983700; signal_val: None; RSSI_val: None; data: Class ID: 0, Confidence: 0.69, BBox: (219, 170, 284, 310)
Class ID: 2, Confidence: 0.69, BBox: (282, 192, 438, 253)
Class ID: 1, Confidence: 0.54, BBox: (133, 227, 296, 345)
2025-03-18 18:35:01,687 - log_time: 18:35:01.567; iteration: 0; image: 0; image_size: 751504; connection_time: 9892704411100; time_start_ns: 1742319301567983700; processing_time_ns: 62563000; time_end_ns: 1742319301687032300; signal_val: None; RSSI_val: None; data: Class ID: 0, Confidence: 0.69, BBox: (219, 170, 284, 310)
Class ID: 2, Confidence: 0.69, BBox: (282, 192, 438, 253)
Class ID: 1, Confidence: 0.54, BBox: (133, 227, 296, 345)
2025-03-18 18:35:01,812 - log_time: 18:35:01.687; iteration: 0; image: 0; image_size: 751504; connection_time: 9892704411100; time_start_ns: 1742319301687032300; processing_time_ns: 61966600; time_end_ns: 1742319301812558600; signal_val: None; RSSI_val: None; data: Class ID: 0, Confidence: 0.69, BBox: (219, 170, 284, 310)
Class ID: 2, Confidence: 0.69, BBox: (282, 192, 438, 253)
Class ID: 1, Confidence: 0.54, BBox: (133, 227, 296, 345)
2025-03-18 18:35:01,933 - log_time: 18:35:01.812; iteration: 0; image: 0; image_size: 751504; connection_time: 9892704411100; time_start_ns: 1742319301812558600; processing_time_ns: 63045100; time_end_ns: 1742319301933571600; signal_val: None; RSSI_val: None; data: Class ID: 0, Confidence: 0.69, BBox: (219, 170, 284, 310)
Class ID: 2, Confidence: 0.69, BBox: (282, 192, 438, 253)
Class ID: 1, Confidence: 0.54, BBox: (133, 227, 296, 345)
2025-03-18 18:35:02,051 - log_time: 18:35:01.934; iteration: 0; image: 0; image_size: 751504; connection_time: 9892704411100; time_start_ns: 1742319301934579300; processing_time_ns: 62674600; time_end_ns: 1742319302051526600; signal_val: None; RSSI_val: None; data: Class ID: 0, Confidence: 0.69, BBox: (219, 170, 284, 310)
Class ID: 2, Confidence: 0.69, BBox: (282, 192, 438, 253)
Class ID: 1, Confidence: 0.54, BBox: (133, 227, 296, 345)
2025-03-18 18:35:02,169 - log_time: 18:35:02.051; iteration: 0; image: 0; image_size: 751504; connection_time: 9892704411100; time_start_ns: 1742319302051526600; processing_time_ns: 62777800; time_end_ns: 1742319302169827900; signal_val: None; RSSI_val: None; data: Class ID: 0, Confidence: 0.69, BBox: (219, 170, 284, 310)
Class ID: 2, Confidence: 0.69, BBox: (282, 192, 438, 253)
Class ID: 1, Confidence: 0.54, BBox: (133, 227, 296, 345)
2025-03-18 18:35:02,286 - log_time: 18:35:02.169; iteration: 0; image: 0; image_size: 751504; connection_time: 9892704411100; time_start_ns: 1742319302169827900; processing_time_ns: 62619400; time_end_ns: 1742319302286918100; signal_val: None; RSSI_val: None; data: Class ID: 0, Confidence: 0.69, BBox: (219, 170, 284, 310)
Class ID: 2, Confidence: 0.69, BBox: (282, 192, 438, 253)
Class ID: 1, Confidence: 0.54, BBox: (133, 227, 296, 345)
2025-03-18 18:35:02,403 - log_time: 18:35:02.287; iteration: 0; image: 0; image_size: 751504; connection_time: 9892704411100; time_start_ns: 1742319302287915600; processing_time_ns: 62836200; time_end_ns: 1742319302403962800; signal_val: None; RSSI_val: None; data: Class ID: 0, Confidence: 0.69, BBox: (219, 170, 284, 310)
Class ID: 2, Confidence: 0.69, BBox: (282, 192, 438, 253)
Class ID: 1, Confidence: 0.54, BBox: (133, 227, 296, 345)
2025-03-18 18:35:02,522 - log_time: 18:35:02.403; iteration: 0; image: 0; image_size: 751504; connection_time: 9892704411100; time_start_ns: 1742319302403962800; processing_time_ns: 64269500; time_end_ns: 1742319302522527500; signal_val: None; RSSI_val: None; data: Class ID: 0, Confidence: 0.69, BBox: (219, 170, 284, 310)
Class ID: 2, Confidence: 0.69, BBox: (282, 192, 438, 253)
Class ID: 1, Confidence: 0.54, BBox: (133, 227, 296, 345)
2025-03-18 18:35:02,727 - log_time: 18:35:02.522; iteration: 0; image: 0; image_size: 751504; connection_time: 9892704411100; time_start_ns: 1742319302522527500; processing_time_ns: 128561900; time_end_ns: 1742319302727344800; signal_val: None; RSSI_val: None; data: Class ID: 0, Confidence: 0.69, BBox: (219, 170, 284, 310)
Class ID: 2, Confidence: 0.69, BBox: (282, 192, 438, 253)
Class ID: 1, Confidence: 0.54, BBox: (133, 227, 296, 345)
2025-03-18 18:35:02,916 - log_time: 18:35:02.727; iteration: 0; image: 0; image_size: 751504; connection_time: 9892704411100; time_start_ns: 1742319302727886200; processing_time_ns: 97788700; time_end_ns: 1742319302915925900; signal_val: None; RSSI_val: None; data: Class ID: 0, Confidence: 0.69, BBox: (219, 170, 284, 310)
Class ID: 2, Confidence: 0.69, BBox: (282, 192, 438, 253)
Class ID: 1, Confidence: 0.54, BBox: (133, 227, 296, 345)
2025-03-18 18:35:03,034 - log_time: 18:35:02.916; iteration: 0; image: 0; image_size: 751504; connection_time: 9892704411100; time_start_ns: 1742319302916935500; processing_time_ns: 61379600; time_end_ns: 1742319303034419100; signal_val: None; RSSI_val: None; data: Class ID: 0, Confidence: 0.69, BBox: (219, 170, 284, 310)
Class ID: 2, Confidence: 0.69, BBox: (282, 192, 438, 253)
Class ID: 1, Confidence: 0.54, BBox: (133, 227, 296, 345)
2025-03-18 18:35:03,153 - log_time: 18:35:03.034; iteration: 0; image: 0; image_size: 751504; connection_time: 9892704411100; time_start_ns: 1742319303034419100; processing_time_ns: 63537000; time_end_ns: 1742319303153116700; signal_val: None; RSSI_val: None; data: Class ID: 0, Confidence: 0.69, BBox: (219, 170, 284, 310)
Class ID: 2, Confidence: 0.69, BBox: (282, 192, 438, 253)
Class ID: 1, Confidence: 0.54, BBox: (133, 227, 296, 345)
2025-03-18 18:35:03,272 - log_time: 18:35:03.154; iteration: 0; image: 0; image_size: 751504; connection_time: 9892704411100; time_start_ns: 1742319303154132500; processing_time_ns: 62569500; time_end_ns: 1742319303272611000; signal_val: None; RSSI_val: None; data: Class ID: 0, Confidence: 0.69, BBox: (219, 170, 284, 310)
Class ID: 2, Confidence: 0.69, BBox: (282, 192, 438, 253)
Class ID: 1, Confidence: 0.54, BBox: (133, 227, 296, 345)
2025-03-18 18:35:03,392 - log_time: 18:35:03.272; iteration: 0; image: 0; image_size: 751504; connection_time: 9892704411100; time_start_ns: 1742319303272611000; processing_time_ns: 64221500; time_end_ns: 1742319303391136300; signal_val: None; RSSI_val: None; data: Class ID: 0, Confidence: 0.69, BBox: (219, 170, 284, 310)
Class ID: 2, Confidence: 0.69, BBox: (282, 192, 438, 253)
Class ID: 1, Confidence: 0.54, BBox: (133, 227, 296, 345)
2025-03-18 18:35:03,513 - log_time: 18:35:03.392; iteration: 0; image: 0; image_size: 751504; connection_time: 9892704411100; time_start_ns: 1742319303392908100; processing_time_ns: 65596300; time_end_ns: 1742319303513672600; signal_val: None; RSSI_val: None; data: Class ID: 0, Confidence: 0.69, BBox: (219, 170, 284, 310)
Class ID: 2, Confidence: 0.69, BBox: (282, 192, 438, 253)
Class ID: 1, Confidence: 0.54, BBox: (133, 227, 296, 345)
2025-03-18 18:35:03,636 - log_time: 18:35:03.515; iteration: 0; image: 0; image_size: 751504; connection_time: 9892704411100; time_start_ns: 1742319303515680500; processing_time_ns: 63839200; time_end_ns: 1742319303636367300; signal_val: None; RSSI_val: None; data: Class ID: 0, Confidence: 0.69, BBox: (219, 170, 284, 310)
Class ID: 2, Confidence: 0.69, BBox: (282, 192, 438, 253)
Class ID: 1, Confidence: 0.54, BBox: (133, 227, 296, 345)
2025-03-18 18:35:03,751 - log_time: 18:35:03.636; iteration: 0; image: 0; image_size: 751504; connection_time: 9892704411100; time_start_ns: 1742319303636367300; processing_time_ns: 61203600; time_end_ns: 1742319303751688900; signal_val: None; RSSI_val: None; data: Class ID: 0, Confidence: 0.69, BBox: (219, 170, 284, 310)
Class ID: 2, Confidence: 0.69, BBox: (282, 192, 438, 253)
Class ID: 1, Confidence: 0.54, BBox: (133, 227, 296, 345)
2025-03-18 18:35:03,940 - log_time: 18:35:03.751; iteration: 0; image: 0; image_size: 751504; connection_time: 9892704411100; time_start_ns: 1742319303751688900; processing_time_ns: 96428800; time_end_ns: 1742319303940228100; signal_val: None; RSSI_val: None; data: Class ID: 0, Confidence: 0.69, BBox: (219, 170, 284, 310)
Class ID: 2, Confidence: 0.69, BBox: (282, 192, 438, 253)
Class ID: 1, Confidence: 0.54, BBox: (133, 227, 296, 345)
2025-03-18 18:35:04,062 - log_time: 18:35:03.940; iteration: 0; image: 0; image_size: 751504; connection_time: 9892704411100; time_start_ns: 1742319303940228100; processing_time_ns: 67366800; time_end_ns: 1742319304062749000; signal_val: None; RSSI_val: None; data: Class ID: 0, Confidence: 0.69, BBox: (219, 170, 284, 310)
Class ID: 2, Confidence: 0.69, BBox: (282, 192, 438, 253)
Class ID: 1, Confidence: 0.54, BBox: (133, 227, 296, 345)
2025-03-18 18:35:04,189 - log_time: 18:35:04.062; iteration: 0; image: 0; image_size: 751504; connection_time: 9892704411100; time_start_ns: 1742319304062749000; processing_time_ns: 67356400; time_end_ns: 1742319304189077300; signal_val: None; RSSI_val: None; data: Class ID: 0, Confidence: 0.69, BBox: (219, 170, 284, 310)
Class ID: 2, Confidence: 0.69, BBox: (282, 192, 438, 253)
Class ID: 1, Confidence: 0.54, BBox: (133, 227, 296, 345)
2025-03-18 18:35:04,314 - log_time: 18:35:04.189; iteration: 0; image: 0; image_size: 751504; connection_time: 9892704411100; time_start_ns: 1742319304189077300; processing_time_ns: 67551000; time_end_ns: 1742319304314224400; signal_val: None; RSSI_val: None; data: Class ID: 0, Confidence: 0.69, BBox: (219, 170, 284, 310)
Class ID: 2, Confidence: 0.69, BBox: (282, 192, 438, 253)
Class ID: 1, Confidence: 0.54, BBox: (133, 227, 296, 345)
2025-03-18 18:35:04,441 - log_time: 18:35:04.314; iteration: 0; image: 0; image_size: 751504; connection_time: 9892704411100; time_start_ns: 1742319304314224400; processing_time_ns: 68758300; time_end_ns: 1742319304441284600; signal_val: None; RSSI_val: None; data: Class ID: 0, Confidence: 0.69, BBox: (219, 170, 284, 310)
Class ID: 2, Confidence: 0.69, BBox: (282, 192, 438, 253)
Class ID: 1, Confidence: 0.54, BBox: (133, 227, 296, 345)
2025-03-18 18:35:04,562 - log_time: 18:35:04.442; iteration: 0; image: 0; image_size: 751504; connection_time: 9892704411100; time_start_ns: 1742319304442280200; processing_time_ns: 64608400; time_end_ns: 1742319304562727300; signal_val: None; RSSI_val: None; data: Class ID: 0, Confidence: 0.69, BBox: (219, 170, 284, 310)
Class ID: 2, Confidence: 0.69, BBox: (282, 192, 438, 253)
Class ID: 1, Confidence: 0.54, BBox: (133, 227, 296, 345)
2025-03-18 18:35:04,683 - log_time: 18:35:04.562; iteration: 0; image: 0; image_size: 751504; connection_time: 9892704411100; time_start_ns: 1742319304562727300; processing_time_ns: 63375500; time_end_ns: 1742319304683206800; signal_val: None; RSSI_val: None; data: Class ID: 0, Confidence: 0.69, BBox: (219, 170, 284, 310)
Class ID: 2, Confidence: 0.69, BBox: (282, 192, 438, 253)
Class ID: 1, Confidence: 0.54, BBox: (133, 227, 296, 345)
2025-03-18 18:35:04,806 - log_time: 18:35:04.683; iteration: 0; image: 0; image_size: 751504; connection_time: 9892704411100; time_start_ns: 1742319304684458300; processing_time_ns: 65279500; time_end_ns: 1742319304806778500; signal_val: None; RSSI_val: None; data: Class ID: 0, Confidence: 0.69, BBox: (219, 170, 284, 310)
Class ID: 2, Confidence: 0.69, BBox: (282, 192, 438, 253)
Class ID: 1, Confidence: 0.54, BBox: (133, 227, 296, 345)
2025-03-18 18:35:04,927 - log_time: 18:35:04.806; iteration: 0; image: 0; image_size: 751504; connection_time: 9892704411100; time_start_ns: 1742319304806778500; processing_time_ns: 67422700; time_end_ns: 1742319304927574200; signal_val: None; RSSI_val: None; data: Class ID: 0, Confidence: 0.69, BBox: (219, 170, 284, 310)
Class ID: 2, Confidence: 0.69, BBox: (282, 192, 438, 253)
Class ID: 1, Confidence: 0.54, BBox: (133, 227, 296, 345)
2025-03-18 18:35:05,057 - log_time: 18:35:04.928; iteration: 0; image: 0; image_size: 751504; connection_time: 9892704411100; time_start_ns: 1742319304928575400; processing_time_ns: 67143000; time_end_ns: 1742319305057813900; signal_val: None; RSSI_val: None; data: Class ID: 0, Confidence: 0.69, BBox: (219, 170, 284, 310)
Class ID: 2, Confidence: 0.69, BBox: (282, 192, 438, 253)
Class ID: 1, Confidence: 0.54, BBox: (133, 227, 296, 345)
2025-03-18 18:35:05,174 - log_time: 18:35:05.058; iteration: 0; image: 0; image_size: 751504; connection_time: 9892704411100; time_start_ns: 1742319305058813100; processing_time_ns: 64504100; time_end_ns: 1742319305174344300; signal_val: None; RSSI_val: None; data: Class ID: 0, Confidence: 0.69, BBox: (219, 170, 284, 310)
Class ID: 2, Confidence: 0.69, BBox: (282, 192, 438, 253)
Class ID: 1, Confidence: 0.54, BBox: (133, 227, 296, 345)
2025-03-18 18:35:05,292 - log_time: 18:35:05.174; iteration: 0; image: 0; image_size: 751504; connection_time: 9892704411100; time_start_ns: 1742319305174344300; processing_time_ns: 61437900; time_end_ns: 1742319305292857800; signal_val: None; RSSI_val: None; data: Class ID: 0, Confidence: 0.69, BBox: (219, 170, 284, 310)
Class ID: 2, Confidence: 0.69, BBox: (282, 192, 438, 253)
Class ID: 1, Confidence: 0.54, BBox: (133, 227, 296, 345)
2025-03-18 18:35:05,411 - log_time: 18:35:05.292; iteration: 0; image: 0; image_size: 751504; connection_time: 9892704411100; time_start_ns: 1742319305292857800; processing_time_ns: 61022700; time_end_ns: 1742319305411776400; signal_val: None; RSSI_val: None; data: Class ID: 0, Confidence: 0.69, BBox: (219, 170, 284, 310)
Class ID: 2, Confidence: 0.69, BBox: (282, 192, 438, 253)
Class ID: 1, Confidence: 0.54, BBox: (133, 227, 296, 345)
2025-03-18 18:35:05,530 - log_time: 18:35:05.411; iteration: 0; image: 0; image_size: 751504; connection_time: 9892704411100; time_start_ns: 1742319305411776400; processing_time_ns: 62827000; time_end_ns: 1742319305530231900; signal_val: None; RSSI_val: None; data: Class ID: 0, Confidence: 0.69, BBox: (219, 170, 284, 310)
Class ID: 2, Confidence: 0.69, BBox: (282, 192, 438, 253)
Class ID: 1, Confidence: 0.54, BBox: (133, 227, 296, 345)
2025-03-18 18:35:05,650 - log_time: 18:35:05.530; iteration: 0; image: 0; image_size: 751504; connection_time: 9892704411100; time_start_ns: 1742319305530231900; processing_time_ns: 64383800; time_end_ns: 1742319305650387600; signal_val: None; RSSI_val: None; data: Class ID: 0, Confidence: 0.69, BBox: (219, 170, 284, 310)
Class ID: 2, Confidence: 0.69, BBox: (282, 192, 438, 253)
Class ID: 1, Confidence: 0.54, BBox: (133, 227, 296, 345)
2025-03-18 18:35:05,766 - log_time: 18:35:05.650; iteration: 0; image: 0; image_size: 751504; connection_time: 9892704411100; time_start_ns: 1742319305650387600; processing_time_ns: 61810500; time_end_ns: 1742319305766655300; signal_val: None; RSSI_val: None; data: Class ID: 0, Confidence: 0.69, BBox: (219, 170, 284, 310)
Class ID: 2, Confidence: 0.69, BBox: (282, 192, 438, 253)
Class ID: 1, Confidence: 0.54, BBox: (133, 227, 296, 345)
2025-03-18 18:35:05,885 - log_time: 18:35:05.767; iteration: 0; image: 0; image_size: 751504; connection_time: 9892704411100; time_start_ns: 1742319305767730500; processing_time_ns: 64132100; time_end_ns: 1742319305885092900; signal_val: None; RSSI_val: None; data: Class ID: 0, Confidence: 0.69, BBox: (219, 170, 284, 310)
Class ID: 2, Confidence: 0.69, BBox: (282, 192, 438, 253)
Class ID: 1, Confidence: 0.54, BBox: (133, 227, 296, 345)
2025-03-18 18:35:05,999 - log_time: 18:35:05.885; iteration: 0; image: 0; image_size: 751504; connection_time: 9892704411100; time_start_ns: 1742319305885092900; processing_time_ns: 59849600; time_end_ns: 1742319305999051400; signal_val: None; RSSI_val: None; data: Class ID: 0, Confidence: 0.69, BBox: (219, 170, 284, 310)
Class ID: 2, Confidence: 0.69, BBox: (282, 192, 438, 253)
Class ID: 1, Confidence: 0.54, BBox: (133, 227, 296, 345)
2025-03-18 18:35:06,114 - log_time: 18:35:05.999; iteration: 0; image: 0; image_size: 751504; connection_time: 9892704411100; time_start_ns: 1742319305999670000; processing_time_ns: 61772600; time_end_ns: 1742319306114090600; signal_val: None; RSSI_val: None; data: Class ID: 0, Confidence: 0.69, BBox: (219, 170, 284, 310)
Class ID: 2, Confidence: 0.69, BBox: (282, 192, 438, 253)
Class ID: 1, Confidence: 0.54, BBox: (133, 227, 296, 345)
2025-03-18 18:35:06,232 - log_time: 18:35:06.116; iteration: 0; image: 0; image_size: 751504; connection_time: 9892704411100; time_start_ns: 1742319306116096600; processing_time_ns: 61672600; time_end_ns: 1742319306232339800; signal_val: None; RSSI_val: None; data: Class ID: 0, Confidence: 0.69, BBox: (219, 170, 284, 310)
Class ID: 2, Confidence: 0.69, BBox: (282, 192, 438, 253)
Class ID: 1, Confidence: 0.54, BBox: (133, 227, 296, 345)
2025-03-18 18:35:06,350 - log_time: 18:35:06.232; iteration: 0; image: 0; image_size: 751504; connection_time: 9892704411100; time_start_ns: 1742319306232880200; processing_time_ns: 61819900; time_end_ns: 1742319306350615200; signal_val: None; RSSI_val: None; data: Class ID: 0, Confidence: 0.69, BBox: (219, 170, 284, 310)
Class ID: 2, Confidence: 0.69, BBox: (282, 192, 438, 253)
Class ID: 1, Confidence: 0.54, BBox: (133, 227, 296, 345)
2025-03-18 18:35:06,467 - log_time: 18:35:06.350; iteration: 0; image: 0; image_size: 751504; connection_time: 9892704411100; time_start_ns: 1742319306350615200; processing_time_ns: 63492300; time_end_ns: 1742319306467305000; signal_val: None; RSSI_val: None; data: Class ID: 0, Confidence: 0.69, BBox: (219, 170, 284, 310)
Class ID: 2, Confidence: 0.69, BBox: (282, 192, 438, 253)
Class ID: 1, Confidence: 0.54, BBox: (133, 227, 296, 345)
2025-03-18 18:35:06,583 - log_time: 18:35:06.467; iteration: 0; image: 0; image_size: 751504; connection_time: 9892704411100; time_start_ns: 1742319306467305000; processing_time_ns: 61265000; time_end_ns: 1742319306583008100; signal_val: None; RSSI_val: None; data: Class ID: 0, Confidence: 0.69, BBox: (219, 170, 284, 310)
Class ID: 2, Confidence: 0.69, BBox: (282, 192, 438, 253)
Class ID: 1, Confidence: 0.54, BBox: (133, 227, 296, 345)
2025-03-18 18:35:06,698 - log_time: 18:35:06.583; iteration: 0; image: 0; image_size: 751504; connection_time: 9892704411100; time_start_ns: 1742319306583008100; processing_time_ns: 61025300; time_end_ns: 1742319306698071400; signal_val: None; RSSI_val: None; data: Class ID: 0, Confidence: 0.69, BBox: (219, 170, 284, 310)
Class ID: 2, Confidence: 0.69, BBox: (282, 192, 438, 253)
Class ID: 1, Confidence: 0.54, BBox: (133, 227, 296, 345)
2025-03-18 18:35:06,813 - log_time: 18:35:06.698; iteration: 0; image: 0; image_size: 751504; connection_time: 9892704411100; time_start_ns: 1742319306698071400; processing_time_ns: 58863400; time_end_ns: 1742319306813074200; signal_val: None; RSSI_val: None; data: Class ID: 0, Confidence: 0.69, BBox: (219, 170, 284, 310)
Class ID: 2, Confidence: 0.69, BBox: (282, 192, 438, 253)
Class ID: 1, Confidence: 0.54, BBox: (133, 227, 296, 345)
2025-03-18 18:35:06,971 - log_time: 18:35:06.813; iteration: 0; image: 0; image_size: 751504; connection_time: 9892704411100; time_start_ns: 1742319306813074200; processing_time_ns: 65652100; time_end_ns: 1742319306971847200; signal_val: None; RSSI_val: None; data: Class ID: 0, Confidence: 0.69, BBox: (219, 170, 284, 310)
Class ID: 2, Confidence: 0.69, BBox: (282, 192, 438, 253)
Class ID: 1, Confidence: 0.54, BBox: (133, 227, 296, 345)
2025-03-18 18:35:07,105 - log_time: 18:35:06.971; iteration: 0; image: 0; image_size: 751504; connection_time: 9892704411100; time_start_ns: 1742319306972846500; processing_time_ns: 75639100; time_end_ns: 1742319307105157600; signal_val: None; RSSI_val: None; data: Class ID: 0, Confidence: 0.69, BBox: (219, 170, 284, 310)
Class ID: 2, Confidence: 0.69, BBox: (282, 192, 438, 253)
Class ID: 1, Confidence: 0.54, BBox: (133, 227, 296, 345)
2025-03-18 18:35:07,225 - log_time: 18:35:07.105; iteration: 0; image: 0; image_size: 751504; connection_time: 9892704411100; time_start_ns: 1742319307105695600; processing_time_ns: 64435200; time_end_ns: 1742319307225874700; signal_val: None; RSSI_val: None; data: Class ID: 0, Confidence: 0.69, BBox: (219, 170, 284, 310)
Class ID: 2, Confidence: 0.69, BBox: (282, 192, 438, 253)
Class ID: 1, Confidence: 0.54, BBox: (133, 227, 296, 345)
2025-03-18 18:35:07,346 - log_time: 18:35:07.225; iteration: 0; image: 0; image_size: 751504; connection_time: 9892704411100; time_start_ns: 1742319307225874700; processing_time_ns: 62757700; time_end_ns: 1742319307346613600; signal_val: None; RSSI_val: None; data: Class ID: 0, Confidence: 0.69, BBox: (219, 170, 284, 310)
Class ID: 2, Confidence: 0.69, BBox: (282, 192, 438, 253)
Class ID: 1, Confidence: 0.54, BBox: (133, 227, 296, 345)
2025-03-18 18:35:07,468 - log_time: 18:35:07.348; iteration: 0; image: 0; image_size: 751504; connection_time: 9892704411100; time_start_ns: 1742319307348618200; processing_time_ns: 66210900; time_end_ns: 1742319307468256900; signal_val: None; RSSI_val: None; data: Class ID: 0, Confidence: 0.69, BBox: (219, 170, 284, 310)
Class ID: 2, Confidence: 0.69, BBox: (282, 192, 438, 253)
Class ID: 1, Confidence: 0.54, BBox: (133, 227, 296, 345)
2025-03-18 18:35:07,587 - log_time: 18:35:07.469; iteration: 0; image: 0; image_size: 751504; connection_time: 9892704411100; time_start_ns: 1742319307469258200; processing_time_ns: 64444500; time_end_ns: 1742319307587415600; signal_val: None; RSSI_val: None; data: Class ID: 0, Confidence: 0.69, BBox: (219, 170, 284, 310)
Class ID: 2, Confidence: 0.69, BBox: (282, 192, 438, 253)
Class ID: 1, Confidence: 0.54, BBox: (133, 227, 296, 345)
2025-03-18 18:35:07,704 - log_time: 18:35:07.587; iteration: 0; image: 0; image_size: 751504; connection_time: 9892704411100; time_start_ns: 1742319307587943800; processing_time_ns: 63008000; time_end_ns: 1742319307704604900; signal_val: None; RSSI_val: None; data: Class ID: 0, Confidence: 0.69, BBox: (219, 170, 284, 310)
Class ID: 2, Confidence: 0.69, BBox: (282, 192, 438, 253)
Class ID: 1, Confidence: 0.54, BBox: (133, 227, 296, 345)
2025-03-18 18:35:07,835 - log_time: 18:35:07.708; iteration: 0; image: 0; image_size: 751504; connection_time: 9892704411100; time_start_ns: 1742319307708282100; processing_time_ns: 72297100; time_end_ns: 1742319307835758500; signal_val: None; RSSI_val: None; data: Class ID: 0, Confidence: 0.69, BBox: (219, 170, 284, 310)
Class ID: 2, Confidence: 0.69, BBox: (282, 192, 438, 253)
Class ID: 1, Confidence: 0.54, BBox: (133, 227, 296, 345)
2025-03-18 18:35:07,956 - log_time: 18:35:07.836; iteration: 0; image: 0; image_size: 751504; connection_time: 9892704411100; time_start_ns: 1742319307836295500; processing_time_ns: 64222600; time_end_ns: 1742319307956079800; signal_val: None; RSSI_val: None; data: Class ID: 0, Confidence: 0.69, BBox: (219, 170, 284, 310)
Class ID: 2, Confidence: 0.69, BBox: (282, 192, 438, 253)
Class ID: 1, Confidence: 0.54, BBox: (133, 227, 296, 345)
2025-03-18 18:35:08,073 - log_time: 18:35:07.956; iteration: 0; image: 0; image_size: 751504; connection_time: 9892704411100; time_start_ns: 1742319307956079800; processing_time_ns: 62306000; time_end_ns: 1742319308073888800; signal_val: None; RSSI_val: None; data: Class ID: 0, Confidence: 0.69, BBox: (219, 170, 284, 310)
Class ID: 2, Confidence: 0.69, BBox: (282, 192, 438, 253)
Class ID: 1, Confidence: 0.54, BBox: (133, 227, 296, 345)
2025-03-18 18:35:08,192 - log_time: 18:35:08.073; iteration: 0; image: 0; image_size: 751504; connection_time: 9892704411100; time_start_ns: 1742319308073888800; processing_time_ns: 62290600; time_end_ns: 1742319308192756700; signal_val: None; RSSI_val: None; data: Class ID: 0, Confidence: 0.69, BBox: (219, 170, 284, 310)
Class ID: 2, Confidence: 0.69, BBox: (282, 192, 438, 253)
Class ID: 1, Confidence: 0.54, BBox: (133, 227, 296, 345)
2025-03-18 18:35:08,311 - log_time: 18:35:08.192; iteration: 0; image: 0; image_size: 751504; connection_time: 9892704411100; time_start_ns: 1742319308192756700; processing_time_ns: 60918300; time_end_ns: 1742319308311306400; signal_val: None; RSSI_val: None; data: Class ID: 0, Confidence: 0.69, BBox: (219, 170, 284, 310)
Class ID: 2, Confidence: 0.69, BBox: (282, 192, 438, 253)
Class ID: 1, Confidence: 0.54, BBox: (133, 227, 296, 345)
2025-03-18 18:35:08,430 - log_time: 18:35:08.313; iteration: 0; image: 0; image_size: 751504; connection_time: 9892704411100; time_start_ns: 1742319308313312900; processing_time_ns: 60048500; time_end_ns: 1742319308430950600; signal_val: None; RSSI_val: None; data: Class ID: 0, Confidence: 0.69, BBox: (219, 170, 284, 310)
Class ID: 2, Confidence: 0.69, BBox: (282, 192, 438, 253)
Class ID: 1, Confidence: 0.54, BBox: (133, 227, 296, 345)
2025-03-18 18:35:08,549 - log_time: 18:35:08.430; iteration: 0; image: 0; image_size: 751504; connection_time: 9892704411100; time_start_ns: 1742319308430950600; processing_time_ns: 60410600; time_end_ns: 1742319308549116700; signal_val: None; RSSI_val: None; data: Class ID: 0, Confidence: 0.69, BBox: (219, 170, 284, 310)
Class ID: 2, Confidence: 0.69, BBox: (282, 192, 438, 253)
Class ID: 1, Confidence: 0.54, BBox: (133, 227, 296, 345)
2025-03-18 18:35:08,680 - log_time: 18:35:08.549; iteration: 0; image: 0; image_size: 751504; connection_time: 9892704411100; time_start_ns: 1742319308549901700; processing_time_ns: 64441400; time_end_ns: 1742319308680445900; signal_val: None; RSSI_val: None; data: Class ID: 0, Confidence: 0.69, BBox: (219, 170, 284, 310)
Class ID: 2, Confidence: 0.69, BBox: (282, 192, 438, 253)
Class ID: 1, Confidence: 0.54, BBox: (133, 227, 296, 345)
2025-03-18 18:35:08,796 - log_time: 18:35:08.680; iteration: 0; image: 0; image_size: 751504; connection_time: 9892704411100; time_start_ns: 1742319308680445900; processing_time_ns: 61417600; time_end_ns: 1742319308796592400; signal_val: None; RSSI_val: None; data: Class ID: 0, Confidence: 0.69, BBox: (219, 170, 284, 310)
Class ID: 2, Confidence: 0.69, BBox: (282, 192, 438, 253)
Class ID: 1, Confidence: 0.54, BBox: (133, 227, 296, 345)
2025-03-18 18:35:08,917 - log_time: 18:35:08.798; iteration: 0; image: 0; image_size: 751504; connection_time: 9892704411100; time_start_ns: 1742319308798599100; processing_time_ns: 64020000; time_end_ns: 1742319308917663100; signal_val: None; RSSI_val: None; data: Class ID: 0, Confidence: 0.69, BBox: (219, 170, 284, 310)
Class ID: 2, Confidence: 0.69, BBox: (282, 192, 438, 253)
Class ID: 1, Confidence: 0.54, BBox: (133, 227, 296, 345)
2025-03-18 18:35:09,036 - log_time: 18:35:08.917; iteration: 0; image: 0; image_size: 751504; connection_time: 9892704411100; time_start_ns: 1742319308917663100; processing_time_ns: 63656700; time_end_ns: 1742319309036715400; signal_val: None; RSSI_val: None; data: Class ID: 0, Confidence: 0.69, BBox: (219, 170, 284, 310)
Class ID: 2, Confidence: 0.69, BBox: (282, 192, 438, 253)
Class ID: 1, Confidence: 0.54, BBox: (133, 227, 296, 345)
2025-03-18 18:35:09,167 - log_time: 18:35:09.037; iteration: 0; image: 0; image_size: 751504; connection_time: 9892704411100; time_start_ns: 1742319309037714200; processing_time_ns: 76163000; time_end_ns: 1742319309167520400; signal_val: None; RSSI_val: None; data: Class ID: 0, Confidence: 0.69, BBox: (219, 170, 284, 310)
Class ID: 2, Confidence: 0.69, BBox: (282, 192, 438, 253)
Class ID: 1, Confidence: 0.54, BBox: (133, 227, 296, 345)
2025-03-18 18:35:09,296 - log_time: 18:35:09.168; iteration: 0; image: 0; image_size: 751504; connection_time: 9892704411100; time_start_ns: 1742319309168098600; processing_time_ns: 66752300; time_end_ns: 1742319309296450500; signal_val: None; RSSI_val: None; data: Class ID: 0, Confidence: 0.69, BBox: (219, 170, 284, 310)
Class ID: 2, Confidence: 0.69, BBox: (282, 192, 438, 253)
Class ID: 1, Confidence: 0.54, BBox: (133, 227, 296, 345)
2025-03-18 18:35:09,417 - log_time: 18:35:09.298; iteration: 0; image: 0; image_size: 751504; connection_time: 9892704411100; time_start_ns: 1742319309298458000; processing_time_ns: 65516800; time_end_ns: 1742319309417190700; signal_val: None; RSSI_val: None; data: Class ID: 0, Confidence: 0.69, BBox: (219, 170, 284, 310)
Class ID: 2, Confidence: 0.69, BBox: (282, 192, 438, 253)
Class ID: 1, Confidence: 0.54, BBox: (133, 227, 296, 345)
2025-03-18 18:35:09,541 - log_time: 18:35:09.418; iteration: 0; image: 0; image_size: 751504; connection_time: 9892704411100; time_start_ns: 1742319309418206000; processing_time_ns: 66616500; time_end_ns: 1742319309541422500; signal_val: None; RSSI_val: None; data: Class ID: 0, Confidence: 0.69, BBox: (219, 170, 284, 310)
Class ID: 2, Confidence: 0.69, BBox: (282, 192, 438, 253)
Class ID: 1, Confidence: 0.54, BBox: (133, 227, 296, 345)
2025-03-18 18:35:09,662 - log_time: 18:35:09.541; iteration: 0; image: 0; image_size: 751504; connection_time: 9892704411100; time_start_ns: 1742319309541422500; processing_time_ns: 64233500; time_end_ns: 1742319309662312300; signal_val: None; RSSI_val: None; data: Class ID: 0, Confidence: 0.69, BBox: (219, 170, 284, 310)
Class ID: 2, Confidence: 0.69, BBox: (282, 192, 438, 253)
Class ID: 1, Confidence: 0.54, BBox: (133, 227, 296, 345)
2025-03-18 18:35:09,782 - log_time: 18:35:09.662; iteration: 0; image: 0; image_size: 751504; connection_time: 9892704411100; time_start_ns: 1742319309662312300; processing_time_ns: 66680800; time_end_ns: 1742319309782539600; signal_val: None; RSSI_val: None; data: Class ID: 0, Confidence: 0.69, BBox: (219, 170, 284, 310)
Class ID: 2, Confidence: 0.69, BBox: (282, 192, 438, 253)
Class ID: 1, Confidence: 0.54, BBox: (133, 227, 296, 345)
2025-03-18 18:35:09,903 - log_time: 18:35:09.783; iteration: 0; image: 0; image_size: 751504; connection_time: 9892704411100; time_start_ns: 1742319309783547300; processing_time_ns: 65096900; time_end_ns: 1742319309903260000; signal_val: None; RSSI_val: None; data: Class ID: 0, Confidence: 0.69, BBox: (219, 170, 284, 310)
Class ID: 2, Confidence: 0.69, BBox: (282, 192, 438, 253)
Class ID: 1, Confidence: 0.54, BBox: (133, 227, 296, 345)
2025-03-18 18:35:10,024 - log_time: 18:35:09.904; iteration: 0; image: 0; image_size: 751504; connection_time: 9892704411100; time_start_ns: 1742319309904259200; processing_time_ns: 68113600; time_end_ns: 1742319310024592200; signal_val: None; RSSI_val: None; data: Class ID: 0, Confidence: 0.69, BBox: (219, 170, 284, 310)
Class ID: 2, Confidence: 0.69, BBox: (282, 192, 438, 253)
Class ID: 1, Confidence: 0.54, BBox: (133, 227, 296, 345)
2025-03-18 18:35:10,199 - log_time: 18:35:10.024; iteration: 0; image: 0; image_size: 751504; connection_time: 9892704411100; time_start_ns: 1742319310024592200; processing_time_ns: 113654100; time_end_ns: 1742319310199812800; signal_val: None; RSSI_val: None; data: Class ID: 0, Confidence: 0.69, BBox: (219, 170, 284, 310)
Class ID: 2, Confidence: 0.69, BBox: (282, 192, 438, 253)
Class ID: 1, Confidence: 0.54, BBox: (133, 227, 296, 345)
2025-03-18 18:35:10,317 - log_time: 18:35:10.199; iteration: 0; image: 0; image_size: 751504; connection_time: 9892704411100; time_start_ns: 1742319310199812800; processing_time_ns: 64252500; time_end_ns: 1742319310317456400; signal_val: None; RSSI_val: None; data: Class ID: 0, Confidence: 0.69, BBox: (219, 170, 284, 310)
Class ID: 2, Confidence: 0.69, BBox: (282, 192, 438, 253)
Class ID: 1, Confidence: 0.54, BBox: (133, 227, 296, 345)
2025-03-18 18:35:10,433 - log_time: 18:35:10.317; iteration: 0; image: 0; image_size: 751504; connection_time: 9892704411100; time_start_ns: 1742319310317456400; processing_time_ns: 61282100; time_end_ns: 1742319310433459900; signal_val: None; RSSI_val: None; data: Class ID: 0, Confidence: 0.69, BBox: (219, 170, 284, 310)
Class ID: 2, Confidence: 0.69, BBox: (282, 192, 438, 253)
Class ID: 1, Confidence: 0.54, BBox: (133, 227, 296, 345)
2025-03-18 18:35:10,555 - log_time: 18:35:10.433; iteration: 0; image: 0; image_size: 751504; connection_time: 9892704411100; time_start_ns: 1742319310433459900; processing_time_ns: 64359500; time_end_ns: 1742319310555145000; signal_val: None; RSSI_val: None; data: Class ID: 0, Confidence: 0.69, BBox: (219, 170, 284, 310)
Class ID: 2, Confidence: 0.69, BBox: (282, 192, 438, 253)
Class ID: 1, Confidence: 0.54, BBox: (133, 227, 296, 345)
2025-03-18 18:35:10,674 - log_time: 18:35:10.555; iteration: 0; image: 0; image_size: 751504; connection_time: 9892704411100; time_start_ns: 1742319310555145000; processing_time_ns: 63175900; time_end_ns: 1742319310674741000; signal_val: None; RSSI_val: None; data: Class ID: 0, Confidence: 0.69, BBox: (219, 170, 284, 310)
Class ID: 2, Confidence: 0.69, BBox: (282, 192, 438, 253)
Class ID: 1, Confidence: 0.54, BBox: (133, 227, 296, 345)
2025-03-18 18:35:10,804 - log_time: 18:35:10.676; iteration: 0; image: 0; image_size: 751504; connection_time: 9892704411100; time_start_ns: 1742319310676747800; processing_time_ns: 68983400; time_end_ns: 1742319310804187100; signal_val: None; RSSI_val: None; data: Class ID: 0, Confidence: 0.69, BBox: (219, 170, 284, 310)
Class ID: 2, Confidence: 0.69, BBox: (282, 192, 438, 253)
Class ID: 1, Confidence: 0.54, BBox: (133, 227, 296, 345)
2025-03-18 18:35:10,927 - log_time: 18:35:10.805; iteration: 0; image: 0; image_size: 751504; connection_time: 9892704411100; time_start_ns: 1742319310805184800; processing_time_ns: 66912600; time_end_ns: 1742319310927512500; signal_val: None; RSSI_val: None; data: Class ID: 0, Confidence: 0.69, BBox: (219, 170, 284, 310)
Class ID: 2, Confidence: 0.69, BBox: (282, 192, 438, 253)
Class ID: 1, Confidence: 0.54, BBox: (133, 227, 296, 345)
2025-03-18 18:35:11,050 - log_time: 18:35:10.927; iteration: 0; image: 0; image_size: 751504; connection_time: 9892704411100; time_start_ns: 1742319310927512500; processing_time_ns: 63823600; time_end_ns: 1742319311050061600; signal_val: None; RSSI_val: None; data: Class ID: 0, Confidence: 0.69, BBox: (219, 170, 284, 310)
Class ID: 2, Confidence: 0.69, BBox: (282, 192, 438, 253)
Class ID: 1, Confidence: 0.54, BBox: (133, 227, 296, 345)
2025-03-18 18:43:20,180 - log_time: 18:43:19.860; iteration: 0; error: [WinError 10054] An existing connection was forcibly closed by the remote host
2025-03-18 18:44:08,536 - log_time: 18:44:06.849; iteration: 0; image: 0; image_size: 751504; connection_time: 10558308422800; time_start_ns: 1742319846849965600; processing_time_ns: 1637315800; time_end_ns: 1742319848536930400; signal_val: None; RSSI_val: None; data: Class ID: 0, Confidence: 0.69, BBox: (219, 170, 284, 310)
Class ID: 2, Confidence: 0.69, BBox: (282, 192, 438, 253)
Class ID: 1, Confidence: 0.54, BBox: (133, 227, 296, 345)
2025-03-18 18:44:08,690 - log_time: 18:44:08.537; iteration: 0; image: 0; image_size: 751504; connection_time: 10558308422800; time_start_ns: 1742319848537931800; processing_time_ns: 89983400; time_end_ns: 1742319848690135300; signal_val: None; RSSI_val: None; data: Class ID: 0, Confidence: 0.69, BBox: (219, 170, 284, 310)
Class ID: 2, Confidence: 0.69, BBox: (282, 192, 438, 253)
Class ID: 1, Confidence: 0.54, BBox: (133, 227, 296, 345)
2025-03-18 18:44:08,872 - log_time: 18:44:08.691; iteration: 0; image: 0; image_size: 751504; connection_time: 10558308422800; time_start_ns: 1742319848691145800; processing_time_ns: 124158500; time_end_ns: 1742319848872556200; signal_val: None; RSSI_val: None; data: Class ID: 0, Confidence: 0.69, BBox: (219, 170, 284, 310)
Class ID: 2, Confidence: 0.69, BBox: (282, 192, 438, 253)
Class ID: 1, Confidence: 0.54, BBox: (133, 227, 296, 345)
2025-03-18 18:44:09,016 - log_time: 18:44:08.872; iteration: 0; image: 0; image_size: 751504; connection_time: 10558308422800; time_start_ns: 1742319848872556200; processing_time_ns: 85706100; time_end_ns: 1742319849016821100; signal_val: None; RSSI_val: None; data: Class ID: 0, Confidence: 0.69, BBox: (219, 170, 284, 310)
Class ID: 2, Confidence: 0.69, BBox: (282, 192, 438, 253)
Class ID: 1, Confidence: 0.54, BBox: (133, 227, 296, 345)
2025-03-18 18:44:09,165 - log_time: 18:44:09.018; iteration: 0; image: 0; image_size: 751504; connection_time: 10558308422800; time_start_ns: 1742319849018188500; processing_time_ns: 92430700; time_end_ns: 1742319849165395400; signal_val: None; RSSI_val: None; data: Class ID: 0, Confidence: 0.69, BBox: (219, 170, 284, 310)
Class ID: 2, Confidence: 0.69, BBox: (282, 192, 438, 253)
Class ID: 1, Confidence: 0.54, BBox: (133, 227, 296, 345)
2025-03-18 18:44:09,309 - log_time: 18:44:09.165; iteration: 0; image: 0; image_size: 751504; connection_time: 10558308422800; time_start_ns: 1742319849165395400; processing_time_ns: 90960000; time_end_ns: 1742319849309737200; signal_val: None; RSSI_val: None; data: Class ID: 0, Confidence: 0.69, BBox: (219, 170, 284, 310)
Class ID: 2, Confidence: 0.69, BBox: (282, 192, 438, 253)
Class ID: 1, Confidence: 0.54, BBox: (133, 227, 296, 345)
2025-03-18 18:44:09,431 - log_time: 18:44:09.309; iteration: 0; image: 0; image_size: 751504; connection_time: 10558308422800; time_start_ns: 1742319849309737200; processing_time_ns: 69865700; time_end_ns: 1742319849431330900; signal_val: None; RSSI_val: None; data: Class ID: 0, Confidence: 0.69, BBox: (219, 170, 284, 310)
Class ID: 2, Confidence: 0.69, BBox: (282, 192, 438, 253)
Class ID: 1, Confidence: 0.54, BBox: (133, 227, 296, 345)
2025-03-18 18:44:09,548 - log_time: 18:44:09.433; iteration: 0; image: 0; image_size: 751504; connection_time: 10558308422800; time_start_ns: 1742319849433341800; processing_time_ns: 64204400; time_end_ns: 1742319849548306500; signal_val: None; RSSI_val: None; data: Class ID: 0, Confidence: 0.69, BBox: (219, 170, 284, 310)
Class ID: 2, Confidence: 0.69, BBox: (282, 192, 438, 253)
Class ID: 1, Confidence: 0.54, BBox: (133, 227, 296, 345)
2025-03-18 18:44:09,665 - log_time: 18:44:09.549; iteration: 0; image: 0; image_size: 751504; connection_time: 10558308422800; time_start_ns: 1742319849549307200; processing_time_ns: 61838500; time_end_ns: 1742319849665918300; signal_val: None; RSSI_val: None; data: Class ID: 0, Confidence: 0.69, BBox: (219, 170, 284, 310)
Class ID: 2, Confidence: 0.69, BBox: (282, 192, 438, 253)
Class ID: 1, Confidence: 0.54, BBox: (133, 227, 296, 345)
2025-03-18 18:44:09,776 - log_time: 18:44:09.666; iteration: 0; image: 0; image_size: 751504; connection_time: 10558308422800; time_start_ns: 1742319849666917000; processing_time_ns: 62334200; time_end_ns: 1742319849774231100; signal_val: None; RSSI_val: None; data: Class ID: 0, Confidence: 0.69, BBox: (219, 170, 284, 310)
Class ID: 2, Confidence: 0.69, BBox: (282, 192, 438, 253)
Class ID: 1, Confidence: 0.54, BBox: (133, 227, 296, 345)
2025-03-18 18:44:09,883 - log_time: 18:44:09.776; iteration: 0; image: 0; image_size: 751504; connection_time: 10558308422800; time_start_ns: 1742319849776237000; processing_time_ns: 63649700; time_end_ns: 1742319849883411500; signal_val: None; RSSI_val: None; data: Class ID: 0, Confidence: 0.69, BBox: (219, 170, 284, 310)
Class ID: 2, Confidence: 0.69, BBox: (282, 192, 438, 253)
Class ID: 1, Confidence: 0.54, BBox: (133, 227, 296, 345)
2025-03-18 18:44:09,992 - log_time: 18:44:09.883; iteration: 0; image: 0; image_size: 751504; connection_time: 10558308422800; time_start_ns: 1742319849883411500; processing_time_ns: 59725600; time_end_ns: 1742319849992787700; signal_val: None; RSSI_val: None; data: Class ID: 0, Confidence: 0.69, BBox: (219, 170, 284, 310)
Class ID: 2, Confidence: 0.69, BBox: (282, 192, 438, 253)
Class ID: 1, Confidence: 0.54, BBox: (133, 227, 296, 345)
2025-03-18 18:44:10,101 - log_time: 18:44:09.992; iteration: 0; image: 0; image_size: 751504; connection_time: 10558308422800; time_start_ns: 1742319849992787700; processing_time_ns: 62836900; time_end_ns: 1742319850101479600; signal_val: None; RSSI_val: None; data: Class ID: 0, Confidence: 0.69, BBox: (219, 170, 284, 310)
Class ID: 2, Confidence: 0.69, BBox: (282, 192, 438, 253)
Class ID: 1, Confidence: 0.54, BBox: (133, 227, 296, 345)
2025-03-18 18:44:10,217 - log_time: 18:44:10.101; iteration: 0; image: 0; image_size: 751504; connection_time: 10558308422800; time_start_ns: 1742319850101479600; processing_time_ns: 66320900; time_end_ns: 1742319850217971200; signal_val: None; RSSI_val: None; data: Class ID: 0, Confidence: 0.69, BBox: (219, 170, 284, 310)
Class ID: 2, Confidence: 0.69, BBox: (282, 192, 438, 253)
Class ID: 1, Confidence: 0.54, BBox: (133, 227, 296, 345)
2025-03-18 18:44:10,335 - log_time: 18:44:10.217; iteration: 0; image: 0; image_size: 751504; connection_time: 10558308422800; time_start_ns: 1742319850217971200; processing_time_ns: 67450500; time_end_ns: 1742319850335589500; signal_val: None; RSSI_val: None; data: Class ID: 0, Confidence: 0.69, BBox: (219, 170, 284, 310)
Class ID: 2, Confidence: 0.69, BBox: (282, 192, 438, 253)
Class ID: 1, Confidence: 0.54, BBox: (133, 227, 296, 345)
2025-03-18 18:44:10,478 - log_time: 18:44:10.335; iteration: 0; image: 0; image_size: 751504; connection_time: 10558308422800; time_start_ns: 1742319850335589500; processing_time_ns: 89472100; time_end_ns: 1742319850478584200; signal_val: None; RSSI_val: None; data: Class ID: 0, Confidence: 0.69, BBox: (219, 170, 284, 310)
Class ID: 2, Confidence: 0.69, BBox: (282, 192, 438, 253)
Class ID: 1, Confidence: 0.54, BBox: (133, 227, 296, 345)
2025-03-18 18:44:10,616 - log_time: 18:44:10.479; iteration: 0; image: 0; image_size: 751504; connection_time: 10558308422800; time_start_ns: 1742319850479615900; processing_time_ns: 79725000; time_end_ns: 1742319850616145200; signal_val: None; RSSI_val: None; data: Class ID: 0, Confidence: 0.69, BBox: (219, 170, 284, 310)
Class ID: 2, Confidence: 0.69, BBox: (282, 192, 438, 253)
Class ID: 1, Confidence: 0.54, BBox: (133, 227, 296, 345)
2025-03-18 18:44:10,754 - log_time: 18:44:10.616; iteration: 0; image: 0; image_size: 751504; connection_time: 10558308422800; time_start_ns: 1742319850616145200; processing_time_ns: 82715100; time_end_ns: 1742319850754407900; signal_val: None; RSSI_val: None; data: Class ID: 0, Confidence: 0.69, BBox: (219, 170, 284, 310)
Class ID: 2, Confidence: 0.69, BBox: (282, 192, 438, 253)
Class ID: 1, Confidence: 0.54, BBox: (133, 227, 296, 345)
2025-03-18 18:44:10,888 - log_time: 18:44:10.754; iteration: 0; image: 0; image_size: 751504; connection_time: 10558308422800; time_start_ns: 1742319850754407900; processing_time_ns: 79216700; time_end_ns: 1742319850888763900; signal_val: None; RSSI_val: None; data: Class ID: 0, Confidence: 0.69, BBox: (219, 170, 284, 310)
Class ID: 2, Confidence: 0.69, BBox: (282, 192, 438, 253)
Class ID: 1, Confidence: 0.54, BBox: (133, 227, 296, 345)
2025-03-18 18:44:11,008 - log_time: 18:44:10.889; iteration: 0; image: 0; image_size: 751504; connection_time: 10558308422800; time_start_ns: 1742319850889763600; processing_time_ns: 63608300; time_end_ns: 1742319851008313200; signal_val: None; RSSI_val: None; data: Class ID: 0, Confidence: 0.69, BBox: (219, 170, 284, 310)
Class ID: 2, Confidence: 0.69, BBox: (282, 192, 438, 253)
Class ID: 1, Confidence: 0.54, BBox: (133, 227, 296, 345)
2025-03-18 18:44:11,151 - log_time: 18:44:11.008; iteration: 0; image: 0; image_size: 751504; connection_time: 10558308422800; time_start_ns: 1742319851008941400; processing_time_ns: 89990000; time_end_ns: 1742319851150091700; signal_val: None; RSSI_val: None; data: Class ID: 0, Confidence: 0.69, BBox: (219, 170, 284, 310)
Class ID: 2, Confidence: 0.69, BBox: (282, 192, 438, 253)
Class ID: 1, Confidence: 0.54, BBox: (133, 227, 296, 345)
2025-03-18 18:44:11,287 - log_time: 18:44:11.151; iteration: 0; image: 0; image_size: 751504; connection_time: 10558308422800; time_start_ns: 1742319851151315900; processing_time_ns: 81591500; time_end_ns: 1742319851287398900; signal_val: None; RSSI_val: None; data: Class ID: 0, Confidence: 0.69, BBox: (219, 170, 284, 310)
Class ID: 2, Confidence: 0.69, BBox: (282, 192, 438, 253)
Class ID: 1, Confidence: 0.54, BBox: (133, 227, 296, 345)
2025-03-18 18:44:11,411 - log_time: 18:44:11.287; iteration: 0; image: 0; image_size: 751504; connection_time: 10558308422800; time_start_ns: 1742319851287398900; processing_time_ns: 68970100; time_end_ns: 1742319851411316600; signal_val: None; RSSI_val: None; data: Class ID: 0, Confidence: 0.69, BBox: (219, 170, 284, 310)
Class ID: 2, Confidence: 0.69, BBox: (282, 192, 438, 253)
Class ID: 1, Confidence: 0.54, BBox: (133, 227, 296, 345)
2025-03-18 18:44:11,528 - log_time: 18:44:11.411; iteration: 0; image: 0; image_size: 751504; connection_time: 10558308422800; time_start_ns: 1742319851411625700; processing_time_ns: 63732500; time_end_ns: 1742319851528808300; signal_val: None; RSSI_val: None; data: Class ID: 0, Confidence: 0.69, BBox: (219, 170, 284, 310)
Class ID: 2, Confidence: 0.69, BBox: (282, 192, 438, 253)
Class ID: 1, Confidence: 0.54, BBox: (133, 227, 296, 345)
2025-03-18 18:44:11,638 - log_time: 18:44:11.528; iteration: 0; image: 0; image_size: 751504; connection_time: 10558308422800; time_start_ns: 1742319851528808300; processing_time_ns: 64005500; time_end_ns: 1742319851638036200; signal_val: None; RSSI_val: None; data: Class ID: 0, Confidence: 0.69, BBox: (219, 170, 284, 310)
Class ID: 2, Confidence: 0.69, BBox: (282, 192, 438, 253)
Class ID: 1, Confidence: 0.54, BBox: (133, 227, 296, 345)
2025-03-18 18:44:11,747 - log_time: 18:44:11.638; iteration: 0; image: 0; image_size: 751504; connection_time: 10558308422800; time_start_ns: 1742319851638036200; processing_time_ns: 60382700; time_end_ns: 1742319851747019000; signal_val: None; RSSI_val: None; data: Class ID: 0, Confidence: 0.69, BBox: (219, 170, 284, 310)
Class ID: 2, Confidence: 0.69, BBox: (282, 192, 438, 253)
Class ID: 1, Confidence: 0.54, BBox: (133, 227, 296, 345)
2025-03-18 18:44:11,854 - log_time: 18:44:11.748; iteration: 0; image: 0; image_size: 751504; connection_time: 10558308422800; time_start_ns: 1742319851748018500; processing_time_ns: 59863000; time_end_ns: 1742319851854827700; signal_val: None; RSSI_val: None; data: Class ID: 0, Confidence: 0.69, BBox: (219, 170, 284, 310)
Class ID: 2, Confidence: 0.69, BBox: (282, 192, 438, 253)
Class ID: 1, Confidence: 0.54, BBox: (133, 227, 296, 345)
2025-03-18 18:44:12,006 - log_time: 18:44:11.854; iteration: 0; image: 0; image_size: 751504; connection_time: 10558308422800; time_start_ns: 1742319851854827700; processing_time_ns: 103100300; time_end_ns: 1742319852006240300; signal_val: None; RSSI_val: None; data: Class ID: 0, Confidence: 0.69, BBox: (219, 170, 284, 310)
Class ID: 2, Confidence: 0.69, BBox: (282, 192, 438, 253)
Class ID: 1, Confidence: 0.54, BBox: (133, 227, 296, 345)
2025-03-18 18:44:12,111 - log_time: 18:44:12.006; iteration: 0; image: 0; image_size: 751504; connection_time: 10558308422800; time_start_ns: 1742319852006240300; processing_time_ns: 60273300; time_end_ns: 1742319852111524800; signal_val: None; RSSI_val: None; data: Class ID: 0, Confidence: 0.69, BBox: (219, 170, 284, 310)
Class ID: 2, Confidence: 0.69, BBox: (282, 192, 438, 253)
Class ID: 1, Confidence: 0.54, BBox: (133, 227, 296, 345)
2025-03-18 18:44:12,221 - log_time: 18:44:12.111; iteration: 0; image: 0; image_size: 751504; connection_time: 10558308422800; time_start_ns: 1742319852111524800; processing_time_ns: 61552600; time_end_ns: 1742319852221392900; signal_val: None; RSSI_val: None; data: Class ID: 0, Confidence: 0.69, BBox: (219, 170, 284, 310)
Class ID: 2, Confidence: 0.69, BBox: (282, 192, 438, 253)
Class ID: 1, Confidence: 0.54, BBox: (133, 227, 296, 345)
2025-03-18 18:44:12,331 - log_time: 18:44:12.221; iteration: 0; image: 0; image_size: 751504; connection_time: 10558308422800; time_start_ns: 1742319852221392900; processing_time_ns: 59827500; time_end_ns: 1742319852331719100; signal_val: None; RSSI_val: None; data: Class ID: 0, Confidence: 0.69, BBox: (219, 170, 284, 310)
Class ID: 2, Confidence: 0.69, BBox: (282, 192, 438, 253)
Class ID: 1, Confidence: 0.54, BBox: (133, 227, 296, 345)
2025-03-18 18:44:12,437 - log_time: 18:44:12.331; iteration: 0; image: 0; image_size: 751504; connection_time: 10558308422800; time_start_ns: 1742319852331719100; processing_time_ns: 60494500; time_end_ns: 1742319852437978400; signal_val: None; RSSI_val: None; data: Class ID: 0, Confidence: 0.69, BBox: (219, 170, 284, 310)
Class ID: 2, Confidence: 0.69, BBox: (282, 192, 438, 253)
Class ID: 1, Confidence: 0.54, BBox: (133, 227, 296, 345)
2025-03-18 18:44:12,559 - log_time: 18:44:12.437; iteration: 0; image: 0; image_size: 751504; connection_time: 10558308422800; time_start_ns: 1742319852437978400; processing_time_ns: 71323900; time_end_ns: 1742319852559993500; signal_val: None; RSSI_val: None; data: Class ID: 0, Confidence: 0.69, BBox: (219, 170, 284, 310)
Class ID: 2, Confidence: 0.69, BBox: (282, 192, 438, 253)
Class ID: 1, Confidence: 0.54, BBox: (133, 227, 296, 345)
2025-03-18 18:44:12,670 - log_time: 18:44:12.561; iteration: 0; image: 0; image_size: 751504; connection_time: 10558308422800; time_start_ns: 1742319852561484600; processing_time_ns: 61600900; time_end_ns: 1742319852670641100; signal_val: None; RSSI_val: None; data: Class ID: 0, Confidence: 0.69, BBox: (219, 170, 284, 310)
Class ID: 2, Confidence: 0.69, BBox: (282, 192, 438, 253)
Class ID: 1, Confidence: 0.54, BBox: (133, 227, 296, 345)
2025-03-18 18:44:12,785 - log_time: 18:44:12.670; iteration: 0; image: 0; image_size: 751504; connection_time: 10558308422800; time_start_ns: 1742319852670641100; processing_time_ns: 60847900; time_end_ns: 1742319852785029400; signal_val: None; RSSI_val: None; data: Class ID: 0, Confidence: 0.69, BBox: (219, 170, 284, 310)
Class ID: 2, Confidence: 0.69, BBox: (282, 192, 438, 253)
Class ID: 1, Confidence: 0.54, BBox: (133, 227, 296, 345)
2025-03-18 18:44:12,892 - log_time: 18:44:12.785; iteration: 0; image: 0; image_size: 751504; connection_time: 10558308422800; time_start_ns: 1742319852785029400; processing_time_ns: 60987000; time_end_ns: 1742319852892162400; signal_val: None; RSSI_val: None; data: Class ID: 0, Confidence: 0.69, BBox: (219, 170, 284, 310)
Class ID: 2, Confidence: 0.69, BBox: (282, 192, 438, 253)
Class ID: 1, Confidence: 0.54, BBox: (133, 227, 296, 345)
2025-03-18 18:44:13,001 - log_time: 18:44:12.892; iteration: 0; image: 0; image_size: 751504; connection_time: 10558308422800; time_start_ns: 1742319852892162400; processing_time_ns: 62702500; time_end_ns: 1742319853001587500; signal_val: None; RSSI_val: None; data: Class ID: 0, Confidence: 0.69, BBox: (219, 170, 284, 310)
Class ID: 2, Confidence: 0.69, BBox: (282, 192, 438, 253)
Class ID: 1, Confidence: 0.54, BBox: (133, 227, 296, 345)
2025-03-18 18:44:13,135 - log_time: 18:44:13.001; iteration: 0; image: 0; image_size: 751504; connection_time: 10558308422800; time_start_ns: 1742319853001587500; processing_time_ns: 81992400; time_end_ns: 1742319853133479700; signal_val: None; RSSI_val: None; data: Class ID: 0, Confidence: 0.69, BBox: (219, 170, 284, 310)
Class ID: 2, Confidence: 0.69, BBox: (282, 192, 438, 253)
Class ID: 1, Confidence: 0.54, BBox: (133, 227, 296, 345)
2025-03-18 18:44:13,268 - log_time: 18:44:13.135; iteration: 0; image: 0; image_size: 751504; connection_time: 10558308422800; time_start_ns: 1742319853135486700; processing_time_ns: 62495500; time_end_ns: 1742319853268439500; signal_val: None; RSSI_val: None; data: Class ID: 0, Confidence: 0.69, BBox: (219, 170, 284, 310)
Class ID: 2, Confidence: 0.69, BBox: (282, 192, 438, 253)
Class ID: 1, Confidence: 0.54, BBox: (133, 227, 296, 345)
2025-03-18 18:44:13,379 - log_time: 18:44:13.268; iteration: 0; image: 0; image_size: 751504; connection_time: 10558308422800; time_start_ns: 1742319853268439500; processing_time_ns: 65388800; time_end_ns: 1742319853379667700; signal_val: None; RSSI_val: None; data: Class ID: 0, Confidence: 0.69, BBox: (219, 170, 284, 310)
Class ID: 2, Confidence: 0.69, BBox: (282, 192, 438, 253)
Class ID: 1, Confidence: 0.54, BBox: (133, 227, 296, 345)
2025-03-18 18:44:13,489 - log_time: 18:44:13.379; iteration: 0; image: 0; image_size: 751504; connection_time: 10558308422800; time_start_ns: 1742319853379667700; processing_time_ns: 61675000; time_end_ns: 1742319853489133400; signal_val: None; RSSI_val: None; data: Class ID: 0, Confidence: 0.69, BBox: (219, 170, 284, 310)
Class ID: 2, Confidence: 0.69, BBox: (282, 192, 438, 253)
Class ID: 1, Confidence: 0.54, BBox: (133, 227, 296, 345)
2025-03-18 18:44:13,605 - log_time: 18:44:13.489; iteration: 0; image: 0; image_size: 751504; connection_time: 10558308422800; time_start_ns: 1742319853489133400; processing_time_ns: 69639100; time_end_ns: 1742319853605721500; signal_val: None; RSSI_val: None; data: Class ID: 0, Confidence: 0.69, BBox: (219, 170, 284, 310)
Class ID: 2, Confidence: 0.69, BBox: (282, 192, 438, 253)
Class ID: 1, Confidence: 0.54, BBox: (133, 227, 296, 345)
2025-03-18 18:44:13,721 - log_time: 18:44:13.605; iteration: 0; image: 0; image_size: 751504; connection_time: 10558308422800; time_start_ns: 1742319853605721500; processing_time_ns: 66876800; time_end_ns: 1742319853721274900; signal_val: None; RSSI_val: None; data: Class ID: 0, Confidence: 0.69, BBox: (219, 170, 284, 310)
Class ID: 2, Confidence: 0.69, BBox: (282, 192, 438, 253)
Class ID: 1, Confidence: 0.54, BBox: (133, 227, 296, 345)
2025-03-18 18:44:13,831 - log_time: 18:44:13.721; iteration: 0; image: 0; image_size: 751504; connection_time: 10558308422800; time_start_ns: 1742319853721274900; processing_time_ns: 62874200; time_end_ns: 1742319853831845700; signal_val: None; RSSI_val: None; data: Class ID: 0, Confidence: 0.69, BBox: (219, 170, 284, 310)
Class ID: 2, Confidence: 0.69, BBox: (282, 192, 438, 253)
Class ID: 1, Confidence: 0.54, BBox: (133, 227, 296, 345)
2025-03-18 18:44:13,941 - log_time: 18:44:13.831; iteration: 0; image: 0; image_size: 751504; connection_time: 10558308422800; time_start_ns: 1742319853831845700; processing_time_ns: 60009800; time_end_ns: 1742319853941925400; signal_val: None; RSSI_val: None; data: Class ID: 0, Confidence: 0.69, BBox: (219, 170, 284, 310)
Class ID: 2, Confidence: 0.69, BBox: (282, 192, 438, 253)
Class ID: 1, Confidence: 0.54, BBox: (133, 227, 296, 345)
2025-03-18 18:44:14,051 - log_time: 18:44:13.941; iteration: 0; image: 0; image_size: 751504; connection_time: 10558308422800; time_start_ns: 1742319853941925400; processing_time_ns: 63148900; time_end_ns: 1742319854051391400; signal_val: None; RSSI_val: None; data: Class ID: 0, Confidence: 0.69, BBox: (219, 170, 284, 310)
Class ID: 2, Confidence: 0.69, BBox: (282, 192, 438, 253)
Class ID: 1, Confidence: 0.54, BBox: (133, 227, 296, 345)
2025-03-18 18:44:14,161 - log_time: 18:44:14.051; iteration: 0; image: 0; image_size: 751504; connection_time: 10558308422800; time_start_ns: 1742319854051391400; processing_time_ns: 60665100; time_end_ns: 1742319854161280700; signal_val: None; RSSI_val: None; data: Class ID: 0, Confidence: 0.69, BBox: (219, 170, 284, 310)
Class ID: 2, Confidence: 0.69, BBox: (282, 192, 438, 253)
Class ID: 1, Confidence: 0.54, BBox: (133, 227, 296, 345)
2025-03-18 18:44:14,272 - log_time: 18:44:14.161; iteration: 0; image: 0; image_size: 751504; connection_time: 10558308422800; time_start_ns: 1742319854161280700; processing_time_ns: 61833500; time_end_ns: 1742319854272068400; signal_val: None; RSSI_val: None; data: Class ID: 0, Confidence: 0.69, BBox: (219, 170, 284, 310)
Class ID: 2, Confidence: 0.69, BBox: (282, 192, 438, 253)
Class ID: 1, Confidence: 0.54, BBox: (133, 227, 296, 345)
2025-03-18 18:44:14,386 - log_time: 18:44:14.272; iteration: 0; image: 0; image_size: 751504; connection_time: 10558308422800; time_start_ns: 1742319854272068400; processing_time_ns: 63207700; time_end_ns: 1742319854386843200; signal_val: None; RSSI_val: None; data: Class ID: 0, Confidence: 0.69, BBox: (219, 170, 284, 310)
Class ID: 2, Confidence: 0.69, BBox: (282, 192, 438, 253)
Class ID: 1, Confidence: 0.54, BBox: (133, 227, 296, 345)
2025-03-18 18:44:14,495 - log_time: 18:44:14.386; iteration: 0; image: 0; image_size: 751504; connection_time: 10558308422800; time_start_ns: 1742319854386843200; processing_time_ns: 59729400; time_end_ns: 1742319854495179900; signal_val: None; RSSI_val: None; data: Class ID: 0, Confidence: 0.69, BBox: (219, 170, 284, 310)
Class ID: 2, Confidence: 0.69, BBox: (282, 192, 438, 253)
Class ID: 1, Confidence: 0.54, BBox: (133, 227, 296, 345)
2025-03-18 18:44:14,618 - log_time: 18:44:14.495; iteration: 0; image: 0; image_size: 751504; connection_time: 10558308422800; time_start_ns: 1742319854495179900; processing_time_ns: 75103300; time_end_ns: 1742319854618303700; signal_val: None; RSSI_val: None; data: Class ID: 0, Confidence: 0.69, BBox: (219, 170, 284, 310)
Class ID: 2, Confidence: 0.69, BBox: (282, 192, 438, 253)
Class ID: 1, Confidence: 0.54, BBox: (133, 227, 296, 345)
2025-03-18 18:44:14,735 - log_time: 18:44:14.619; iteration: 0; image: 0; image_size: 751504; connection_time: 10558308422800; time_start_ns: 1742319854619055400; processing_time_ns: 66652700; time_end_ns: 1742319854735455800; signal_val: None; RSSI_val: None; data: Class ID: 0, Confidence: 0.69, BBox: (219, 170, 284, 310)
Class ID: 2, Confidence: 0.69, BBox: (282, 192, 438, 253)
Class ID: 1, Confidence: 0.54, BBox: (133, 227, 296, 345)
2025-03-18 18:44:14,847 - log_time: 18:44:14.735; iteration: 0; image: 0; image_size: 751504; connection_time: 10558308422800; time_start_ns: 1742319854735455800; processing_time_ns: 61035300; time_end_ns: 1742319854847657700; signal_val: None; RSSI_val: None; data: Class ID: 0, Confidence: 0.69, BBox: (219, 170, 284, 310)
Class ID: 2, Confidence: 0.69, BBox: (282, 192, 438, 253)
Class ID: 1, Confidence: 0.54, BBox: (133, 227, 296, 345)
2025-03-18 18:44:14,992 - log_time: 18:44:14.848; iteration: 0; image: 0; image_size: 751504; connection_time: 10558308422800; time_start_ns: 1742319854848657100; processing_time_ns: 89674500; time_end_ns: 1742319854992170400; signal_val: None; RSSI_val: None; data: Class ID: 0, Confidence: 0.69, BBox: (219, 170, 284, 310)
Class ID: 2, Confidence: 0.69, BBox: (282, 192, 438, 253)
Class ID: 1, Confidence: 0.54, BBox: (133, 227, 296, 345)
2025-03-18 18:44:15,105 - log_time: 18:44:14.992; iteration: 0; image: 0; image_size: 751504; connection_time: 10558308422800; time_start_ns: 1742319854992170400; processing_time_ns: 64256500; time_end_ns: 1742319855105110200; signal_val: None; RSSI_val: None; data: Class ID: 0, Confidence: 0.69, BBox: (219, 170, 284, 310)
Class ID: 2, Confidence: 0.69, BBox: (282, 192, 438, 253)
Class ID: 1, Confidence: 0.54, BBox: (133, 227, 296, 345)
2025-03-18 18:44:15,214 - log_time: 18:44:15.105; iteration: 0; image: 0; image_size: 751504; connection_time: 10558308422800; time_start_ns: 1742319855105110200; processing_time_ns: 61546200; time_end_ns: 1742319855214179300; signal_val: None; RSSI_val: None; data: Class ID: 0, Confidence: 0.69, BBox: (219, 170, 284, 310)
Class ID: 2, Confidence: 0.69, BBox: (282, 192, 438, 253)
Class ID: 1, Confidence: 0.54, BBox: (133, 227, 296, 345)
2025-03-18 18:44:15,327 - log_time: 18:44:15.214; iteration: 0; image: 0; image_size: 751504; connection_time: 10558308422800; time_start_ns: 1742319855214179300; processing_time_ns: 66647500; time_end_ns: 1742319855327775600; signal_val: None; RSSI_val: None; data: Class ID: 0, Confidence: 0.69, BBox: (219, 170, 284, 310)
Class ID: 2, Confidence: 0.69, BBox: (282, 192, 438, 253)
Class ID: 1, Confidence: 0.54, BBox: (133, 227, 296, 345)
2025-03-18 18:44:15,438 - log_time: 18:44:15.328; iteration: 0; image: 0; image_size: 751504; connection_time: 10558308422800; time_start_ns: 1742319855328783300; processing_time_ns: 64435000; time_end_ns: 1742319855438369000; signal_val: None; RSSI_val: None; data: Class ID: 0, Confidence: 0.69, BBox: (219, 170, 284, 310)
Class ID: 2, Confidence: 0.69, BBox: (282, 192, 438, 253)
Class ID: 1, Confidence: 0.54, BBox: (133, 227, 296, 345)
2025-03-18 18:44:15,585 - log_time: 18:44:15.438; iteration: 0; image: 0; image_size: 751504; connection_time: 10558308422800; time_start_ns: 1742319855438369000; processing_time_ns: 88723000; time_end_ns: 1742319855585238200; signal_val: None; RSSI_val: None; data: Class ID: 0, Confidence: 0.69, BBox: (219, 170, 284, 310)
Class ID: 2, Confidence: 0.69, BBox: (282, 192, 438, 253)
Class ID: 1, Confidence: 0.54, BBox: (133, 227, 296, 345)
2025-03-18 18:44:15,704 - log_time: 18:44:15.585; iteration: 0; image: 0; image_size: 751504; connection_time: 10558308422800; time_start_ns: 1742319855585238200; processing_time_ns: 69277900; time_end_ns: 1742319855704941500; signal_val: None; RSSI_val: None; data: Class ID: 0, Confidence: 0.69, BBox: (219, 170, 284, 310)
Class ID: 2, Confidence: 0.69, BBox: (282, 192, 438, 253)
Class ID: 1, Confidence: 0.54, BBox: (133, 227, 296, 345)
2025-03-18 18:44:15,817 - log_time: 18:44:15.705; iteration: 0; image: 0; image_size: 751504; connection_time: 10558308422800; time_start_ns: 1742319855705941100; processing_time_ns: 62622800; time_end_ns: 1742319855817519500; signal_val: None; RSSI_val: None; data: Class ID: 0, Confidence: 0.69, BBox: (219, 170, 284, 310)
Class ID: 2, Confidence: 0.69, BBox: (282, 192, 438, 253)
Class ID: 1, Confidence: 0.54, BBox: (133, 227, 296, 345)
2025-03-18 18:44:15,924 - log_time: 18:44:15.817; iteration: 0; image: 0; image_size: 751504; connection_time: 10558308422800; time_start_ns: 1742319855817519500; processing_time_ns: 59694000; time_end_ns: 1742319855924082800; signal_val: None; RSSI_val: None; data: Class ID: 0, Confidence: 0.69, BBox: (219, 170, 284, 310)
Class ID: 2, Confidence: 0.69, BBox: (282, 192, 438, 253)
Class ID: 1, Confidence: 0.54, BBox: (133, 227, 296, 345)
2025-03-18 18:44:16,036 - log_time: 18:44:15.926; iteration: 0; image: 0; image_size: 751504; connection_time: 10558308422800; time_start_ns: 1742319855926089300; processing_time_ns: 65060400; time_end_ns: 1742319856036087700; signal_val: None; RSSI_val: None; data: Class ID: 0, Confidence: 0.69, BBox: (219, 170, 284, 310)
Class ID: 2, Confidence: 0.69, BBox: (282, 192, 438, 253)
Class ID: 1, Confidence: 0.54, BBox: (133, 227, 296, 345)
2025-03-18 18:44:16,165 - log_time: 18:44:16.036; iteration: 0; image: 0; image_size: 751504; connection_time: 10558308422800; time_start_ns: 1742319856036087700; processing_time_ns: 76229900; time_end_ns: 1742319856165123300; signal_val: None; RSSI_val: None; data: Class ID: 0, Confidence: 0.69, BBox: (219, 170, 284, 310)
Class ID: 2, Confidence: 0.69, BBox: (282, 192, 438, 253)
Class ID: 1, Confidence: 0.54, BBox: (133, 227, 296, 345)
2025-03-18 18:44:16,273 - log_time: 18:44:16.165; iteration: 0; image: 0; image_size: 751504; connection_time: 10558308422800; time_start_ns: 1742319856165123300; processing_time_ns: 62494400; time_end_ns: 1742319856273789800; signal_val: None; RSSI_val: None; data: Class ID: 0, Confidence: 0.69, BBox: (219, 170, 284, 310)
Class ID: 2, Confidence: 0.69, BBox: (282, 192, 438, 253)
Class ID: 1, Confidence: 0.54, BBox: (133, 227, 296, 345)
2025-03-18 18:44:16,385 - log_time: 18:44:16.273; iteration: 0; image: 0; image_size: 751504; connection_time: 10558308422800; time_start_ns: 1742319856273789800; processing_time_ns: 63833900; time_end_ns: 1742319856385707700; signal_val: None; RSSI_val: None; data: Class ID: 0, Confidence: 0.69, BBox: (219, 170, 284, 310)
Class ID: 2, Confidence: 0.69, BBox: (282, 192, 438, 253)
Class ID: 1, Confidence: 0.54, BBox: (133, 227, 296, 345)
2025-03-18 18:44:16,497 - log_time: 18:44:16.385; iteration: 0; image: 0; image_size: 751504; connection_time: 10558308422800; time_start_ns: 1742319856385707700; processing_time_ns: 62114400; time_end_ns: 1742319856497394400; signal_val: None; RSSI_val: None; data: Class ID: 0, Confidence: 0.69, BBox: (219, 170, 284, 310)
Class ID: 2, Confidence: 0.69, BBox: (282, 192, 438, 253)
Class ID: 1, Confidence: 0.54, BBox: (133, 227, 296, 345)
2025-03-18 18:44:16,604 - log_time: 18:44:16.497; iteration: 0; image: 0; image_size: 751504; connection_time: 10558308422800; time_start_ns: 1742319856497394400; processing_time_ns: 61820200; time_end_ns: 1742319856604814200; signal_val: None; RSSI_val: None; data: Class ID: 0, Confidence: 0.69, BBox: (219, 170, 284, 310)
Class ID: 2, Confidence: 0.69, BBox: (282, 192, 438, 253)
Class ID: 1, Confidence: 0.54, BBox: (133, 227, 296, 345)
2025-03-18 18:44:16,730 - log_time: 18:44:16.604; iteration: 0; image: 0; image_size: 751504; connection_time: 10558308422800; time_start_ns: 1742319856604814200; processing_time_ns: 78004300; time_end_ns: 1742319856730808800; signal_val: None; RSSI_val: None; data: Class ID: 0, Confidence: 0.69, BBox: (219, 170, 284, 310)
Class ID: 2, Confidence: 0.69, BBox: (282, 192, 438, 253)
Class ID: 1, Confidence: 0.54, BBox: (133, 227, 296, 345)
2025-03-18 18:44:16,842 - log_time: 18:44:16.730; iteration: 0; image: 0; image_size: 751504; connection_time: 10558308422800; time_start_ns: 1742319856730808800; processing_time_ns: 60567100; time_end_ns: 1742319856842809000; signal_val: None; RSSI_val: None; data: Class ID: 0, Confidence: 0.69, BBox: (219, 170, 284, 310)
Class ID: 2, Confidence: 0.69, BBox: (282, 192, 438, 253)
Class ID: 1, Confidence: 0.54, BBox: (133, 227, 296, 345)
2025-03-18 18:44:16,954 - log_time: 18:44:16.844; iteration: 0; image: 0; image_size: 751504; connection_time: 10558308422800; time_start_ns: 1742319856844327600; processing_time_ns: 61609600; time_end_ns: 1742319856954029200; signal_val: None; RSSI_val: None; data: Class ID: 0, Confidence: 0.69, BBox: (219, 170, 284, 310)
Class ID: 2, Confidence: 0.69, BBox: (282, 192, 438, 253)
Class ID: 1, Confidence: 0.54, BBox: (133, 227, 296, 345)
2025-03-18 18:44:17,064 - log_time: 18:44:16.954; iteration: 0; image: 0; image_size: 751504; connection_time: 10558308422800; time_start_ns: 1742319856954029200; processing_time_ns: 59473500; time_end_ns: 1742319857061984700; signal_val: None; RSSI_val: None; data: Class ID: 0, Confidence: 0.69, BBox: (219, 170, 284, 310)
Class ID: 2, Confidence: 0.69, BBox: (282, 192, 438, 253)
Class ID: 1, Confidence: 0.54, BBox: (133, 227, 296, 345)
2025-03-18 18:44:17,173 - log_time: 18:44:17.064; iteration: 0; image: 0; image_size: 751504; connection_time: 10558308422800; time_start_ns: 1742319857064255900; processing_time_ns: 64444800; time_end_ns: 1742319857173701100; signal_val: None; RSSI_val: None; data: Class ID: 0, Confidence: 0.69, BBox: (219, 170, 284, 310)
Class ID: 2, Confidence: 0.69, BBox: (282, 192, 438, 253)
Class ID: 1, Confidence: 0.54, BBox: (133, 227, 296, 345)
2025-03-18 18:44:17,283 - log_time: 18:44:17.173; iteration: 0; image: 0; image_size: 751504; connection_time: 10558308422800; time_start_ns: 1742319857173701100; processing_time_ns: 61903900; time_end_ns: 1742319857283601900; signal_val: None; RSSI_val: None; data: Class ID: 0, Confidence: 0.69, BBox: (219, 170, 284, 310)
Class ID: 2, Confidence: 0.69, BBox: (282, 192, 438, 253)
Class ID: 1, Confidence: 0.54, BBox: (133, 227, 296, 345)
2025-03-18 18:44:17,394 - log_time: 18:44:17.283; iteration: 0; image: 0; image_size: 751504; connection_time: 10558308422800; time_start_ns: 1742319857283601900; processing_time_ns: 62135700; time_end_ns: 1742319857393112800; signal_val: None; RSSI_val: None; data: Class ID: 0, Confidence: 0.69, BBox: (219, 170, 284, 310)
Class ID: 2, Confidence: 0.69, BBox: (282, 192, 438, 253)
Class ID: 1, Confidence: 0.54, BBox: (133, 227, 296, 345)
2025-03-18 18:44:17,504 - log_time: 18:44:17.394; iteration: 0; image: 0; image_size: 751504; connection_time: 10558308422800; time_start_ns: 1742319857394206200; processing_time_ns: 62255100; time_end_ns: 1742319857504181700; signal_val: None; RSSI_val: None; data: Class ID: 0, Confidence: 0.69, BBox: (219, 170, 284, 310)
Class ID: 2, Confidence: 0.69, BBox: (282, 192, 438, 253)
Class ID: 1, Confidence: 0.54, BBox: (133, 227, 296, 345)
2025-03-18 18:44:17,612 - log_time: 18:44:17.504; iteration: 0; image: 0; image_size: 751504; connection_time: 10558308422800; time_start_ns: 1742319857504181700; processing_time_ns: 60235200; time_end_ns: 1742319857612584500; signal_val: None; RSSI_val: None; data: Class ID: 0, Confidence: 0.69, BBox: (219, 170, 284, 310)
Class ID: 2, Confidence: 0.69, BBox: (282, 192, 438, 253)
Class ID: 1, Confidence: 0.54, BBox: (133, 227, 296, 345)
2025-03-18 18:44:17,712 - log_time: 18:44:17.612; iteration: 0; image: 0; image_size: 751504; connection_time: 10558308422800; time_start_ns: 1742319857614592800; processing_time_ns: 51972700; time_end_ns: 1742319857712834800; signal_val: None; RSSI_val: None; data: Class ID: 0, Confidence: 0.69, BBox: (219, 170, 284, 310)
Class ID: 2, Confidence: 0.69, BBox: (282, 192, 438, 253)
Class ID: 1, Confidence: 0.54, BBox: (133, 227, 296, 345)
2025-03-18 18:44:17,832 - log_time: 18:44:17.712; iteration: 0; image: 0; image_size: 751504; connection_time: 10558308422800; time_start_ns: 1742319857712834800; processing_time_ns: 63800700; time_end_ns: 1742319857832469500; signal_val: None; RSSI_val: None; data: Class ID: 0, Confidence: 0.69, BBox: (219, 170, 284, 310)
Class ID: 2, Confidence: 0.69, BBox: (282, 192, 438, 253)
Class ID: 1, Confidence: 0.54, BBox: (133, 227, 296, 345)
2025-03-18 18:44:17,988 - log_time: 18:44:17.832; iteration: 0; image: 0; image_size: 751504; connection_time: 10558308422800; time_start_ns: 1742319857832469500; processing_time_ns: 107088400; time_end_ns: 1742319857988940400; signal_val: None; RSSI_val: None; data: Class ID: 0, Confidence: 0.69, BBox: (219, 170, 284, 310)
Class ID: 2, Confidence: 0.69, BBox: (282, 192, 438, 253)
Class ID: 1, Confidence: 0.54, BBox: (133, 227, 296, 345)
2025-03-18 18:44:18,101 - log_time: 18:44:17.988; iteration: 0; image: 0; image_size: 751504; connection_time: 10558308422800; time_start_ns: 1742319857989937500; processing_time_ns: 63286500; time_end_ns: 1742319858101334500; signal_val: None; RSSI_val: None; data: Class ID: 0, Confidence: 0.69, BBox: (219, 170, 284, 310)
Class ID: 2, Confidence: 0.69, BBox: (282, 192, 438, 253)
Class ID: 1, Confidence: 0.54, BBox: (133, 227, 296, 345)
2025-03-18 18:44:18,208 - log_time: 18:44:18.101; iteration: 0; image: 0; image_size: 751504; connection_time: 10558308422800; time_start_ns: 1742319858101334500; processing_time_ns: 58684000; time_end_ns: 1742319858208954900; signal_val: None; RSSI_val: None; data: Class ID: 0, Confidence: 0.69, BBox: (219, 170, 284, 310)
Class ID: 2, Confidence: 0.69, BBox: (282, 192, 438, 253)
Class ID: 1, Confidence: 0.54, BBox: (133, 227, 296, 345)
2025-03-18 18:44:18,319 - log_time: 18:44:18.208; iteration: 0; image: 0; image_size: 751504; connection_time: 10558308422800; time_start_ns: 1742319858208954900; processing_time_ns: 64694800; time_end_ns: 1742319858319434500; signal_val: None; RSSI_val: None; data: Class ID: 0, Confidence: 0.69, BBox: (219, 170, 284, 310)
Class ID: 2, Confidence: 0.69, BBox: (282, 192, 438, 253)
Class ID: 1, Confidence: 0.54, BBox: (133, 227, 296, 345)
2025-03-18 18:44:18,434 - log_time: 18:44:18.321; iteration: 0; image: 0; image_size: 751504; connection_time: 10558308422800; time_start_ns: 1742319858321441700; processing_time_ns: 61117100; time_end_ns: 1742319858434504000; signal_val: None; RSSI_val: None; data: Class ID: 0, Confidence: 0.69, BBox: (219, 170, 284, 310)
Class ID: 2, Confidence: 0.69, BBox: (282, 192, 438, 253)
Class ID: 1, Confidence: 0.54, BBox: (133, 227, 296, 345)
2025-03-18 18:44:18,547 - log_time: 18:44:18.434; iteration: 0; image: 0; image_size: 751504; connection_time: 10558308422800; time_start_ns: 1742319858434504000; processing_time_ns: 61593200; time_end_ns: 1742319858547375600; signal_val: None; RSSI_val: None; data: Class ID: 0, Confidence: 0.69, BBox: (219, 170, 284, 310)
Class ID: 2, Confidence: 0.69, BBox: (282, 192, 438, 253)
Class ID: 1, Confidence: 0.54, BBox: (133, 227, 296, 345)
2025-03-18 19:01:43,661 - log_time: 19:01:43.464; iteration: 0; image: 0; image_size: 751504; connection_time: 11614921865100; time_start_ns: 1742320903464129700; processing_time_ns: 146572300; time_end_ns: 1742320903659713900; signal_val: None; RSSI_val: None; data: Class ID: 0, Confidence: 0.69, BBox: (219, 170, 284, 310)
Class ID: 2, Confidence: 0.69, BBox: (282, 192, 438, 253)
Class ID: 1, Confidence: 0.54, BBox: (133, 227, 296, 345)
2025-03-18 19:01:43,661 - log_time: 19:01:43.661; iteration: 0; error: [WinError 2] The system cannot find the file specified: 'Input/1_in.jpg'
2025-03-18 19:02:02,355 - log_time: 19:02:00.622; iteration: 0; image: 0; image_size: 751504; connection_time: 11632080710000; time_start_ns: 1742320920622969500; processing_time_ns: 1688781100; time_end_ns: 1742320922354892300; signal_val: None; RSSI_val: None; data: Class ID: 0, Confidence: 0.69, BBox: (219, 170, 284, 310)
Class ID: 2, Confidence: 0.69, BBox: (282, 192, 438, 253)
Class ID: 1, Confidence: 0.54, BBox: (133, 227, 296, 345)
2025-03-18 19:02:02,356 - log_time: 19:02:02.355; iteration: 0; error: [WinError 2] The system cannot find the file specified: 'Input/1_in.jpg'
2025-03-18 19:02:57,098 - log_time: 19:02:55.601; iteration: 0; image: 0; image_size: 751504; connection_time: 11687067293200; time_start_ns: 1742320975601074600; processing_time_ns: 1446620000; time_end_ns: 1742320977097696900; signal_val: None; RSSI_val: None; data: Class ID: 0, Confidence: 0.69, BBox: (219, 170, 284, 310)
Class ID: 2, Confidence: 0.69, BBox: (282, 192, 438, 253)
Class ID: 1, Confidence: 0.54, BBox: (133, 227, 296, 345)
2025-03-18 19:02:57,098 - log_time: 19:02:57.098; iteration: 0; error: [WinError 2] The system cannot find the file specified: 'Input/1_in.jpg'
2025-03-18 19:04:36,411 - log_time: 19:04:34.882; iteration: 0; image: 0; image_size: 751504; connection_time: 11786339663800; time_start_ns: 1742321074882168800; processing_time_ns: 1480881100; time_end_ns: 1742321076411007200; signal_val: None; RSSI_val: None; data: Class ID: 0, Confidence: 0.69, BBox: (219, 170, 284, 310)
Class ID: 2, Confidence: 0.69, BBox: (282, 192, 438, 253)
Class ID: 1, Confidence: 0.54, BBox: (133, 227, 296, 345)
2025-03-18 19:04:36,412 - log_time: 19:04:36.412; iteration: 0; error: [WinError 2] The system cannot find the file specified: 'Input/1_in.jpg'
2025-03-18 19:05:20,712 - log_time: 19:05:19.101; iteration: 0; image: 0; image_size: 751504; connection_time: 11830559052000; time_start_ns: 1742321119101487100; processing_time_ns: 1574356300; time_end_ns: 1742321120712237100; signal_val: None; RSSI_val: None; data: Class ID: 0, Confidence: 0.69, BBox: (219, 170, 284, 310)
Class ID: 2, Confidence: 0.69, BBox: (282, 192, 438, 253)
Class ID: 1, Confidence: 0.54, BBox: (133, 227, 296, 345)
2025-03-18 19:05:20,713 - log_time: 19:05:20.713; iteration: 0; error: [WinError 2] The system cannot find the file specified: 'Input/1_in.jpg'
2025-03-18 19:08:00,633 - log_time: 19:07:59.150; iteration: 0; image: 0; image_size: 751504; connection_time: 11990607915000; time_start_ns: 1742321279150096500; processing_time_ns: 1436261700; time_end_ns: 1742321280633332600; signal_val: None; RSSI_val: None; data: Class ID: 0, Confidence: 0.69, BBox: (219, 170, 284, 310)
Class ID: 2, Confidence: 0.69, BBox: (282, 192, 438, 253)
Class ID: 1, Confidence: 0.54, BBox: (133, 227, 296, 345)
2025-03-18 19:08:00,634 - log_time: 19:08:00.633; iteration: 0; error: [WinError 10053] An established connection was aborted by the software in your host machine
2025-03-18 19:11:09,414 - log_time: 19:11:09.295; iteration: 0; image: 0; image_size: 751504; connection_time: 12180755334700; time_start_ns: 1742321469295193900; processing_time_ns: 73630600; time_end_ns: 1742321469414236000; signal_val: None; RSSI_val: None; data: Class ID: 0, Confidence: 0.69, BBox: (219, 170, 284, 310)
Class ID: 2, Confidence: 0.69, BBox: (282, 192, 438, 253)
Class ID: 1, Confidence: 0.54, BBox: (133, 227, 296, 345)
2025-03-18 19:11:09,528 - log_time: 19:11:09.416; iteration: 0; image: 0; image_size: 751504; connection_time: 12180755334700; time_start_ns: 1742321469416241900; processing_time_ns: 64307000; time_end_ns: 1742321469528692100; signal_val: None; RSSI_val: None; data: Class ID: 0, Confidence: 0.69, BBox: (219, 170, 284, 310)
Class ID: 2, Confidence: 0.69, BBox: (282, 192, 438, 253)
Class ID: 1, Confidence: 0.54, BBox: (133, 227, 296, 345)
2025-03-18 19:11:09,641 - log_time: 19:11:09.528; iteration: 0; image: 0; image_size: 751504; connection_time: 12180755334700; time_start_ns: 1742321469528692100; processing_time_ns: 64911900; time_end_ns: 1742321469641020100; signal_val: None; RSSI_val: None; data: Class ID: 0, Confidence: 0.69, BBox: (219, 170, 284, 310)
Class ID: 2, Confidence: 0.69, BBox: (282, 192, 438, 253)
Class ID: 1, Confidence: 0.54, BBox: (133, 227, 296, 345)
2025-03-18 19:11:09,750 - log_time: 19:11:09.641; iteration: 0; image: 0; image_size: 751504; connection_time: 12180755334700; time_start_ns: 1742321469641020100; processing_time_ns: 61155300; time_end_ns: 1742321469749902300; signal_val: None; RSSI_val: None; data: Class ID: 0, Confidence: 0.69, BBox: (219, 170, 284, 310)
Class ID: 2, Confidence: 0.69, BBox: (282, 192, 438, 253)
Class ID: 1, Confidence: 0.54, BBox: (133, 227, 296, 345)
2025-03-18 19:11:09,876 - log_time: 19:11:09.751; iteration: 0; image: 0; image_size: 751504; connection_time: 12180755334700; time_start_ns: 1742321469751216300; processing_time_ns: 77893600; time_end_ns: 1742321469876178900; signal_val: None; RSSI_val: None; data: Class ID: 0, Confidence: 0.69, BBox: (219, 170, 284, 310)
Class ID: 2, Confidence: 0.69, BBox: (282, 192, 438, 253)
Class ID: 1, Confidence: 0.54, BBox: (133, 227, 296, 345)
2025-03-18 19:11:09,983 - log_time: 19:11:09.876; iteration: 0; image: 0; image_size: 751504; connection_time: 12180755334700; time_start_ns: 1742321469876178900; processing_time_ns: 58736300; time_end_ns: 1742321469983234600; signal_val: None; RSSI_val: None; data: Class ID: 0, Confidence: 0.69, BBox: (219, 170, 284, 310)
Class ID: 2, Confidence: 0.69, BBox: (282, 192, 438, 253)
Class ID: 1, Confidence: 0.54, BBox: (133, 227, 296, 345)
2025-03-18 19:11:10,093 - log_time: 19:11:09.983; iteration: 0; image: 0; image_size: 751504; connection_time: 12180755334700; time_start_ns: 1742321469983234600; processing_time_ns: 68434200; time_end_ns: 1742321470093599200; signal_val: None; RSSI_val: None; data: Class ID: 0, Confidence: 0.69, BBox: (219, 170, 284, 310)
Class ID: 2, Confidence: 0.69, BBox: (282, 192, 438, 253)
Class ID: 1, Confidence: 0.54, BBox: (133, 227, 296, 345)
2025-03-18 19:11:10,203 - log_time: 19:11:10.095; iteration: 0; image: 0; image_size: 751504; connection_time: 12180755334700; time_start_ns: 1742321470095605300; processing_time_ns: 61938500; time_end_ns: 1742321470203541200; signal_val: None; RSSI_val: None; data: Class ID: 0, Confidence: 0.69, BBox: (219, 170, 284, 310)
Class ID: 2, Confidence: 0.69, BBox: (282, 192, 438, 253)
Class ID: 1, Confidence: 0.54, BBox: (133, 227, 296, 345)
2025-03-18 19:11:10,312 - log_time: 19:11:10.203; iteration: 0; image: 0; image_size: 751504; connection_time: 12180755334700; time_start_ns: 1742321470203541200; processing_time_ns: 62186000; time_end_ns: 1742321470312089200; signal_val: None; RSSI_val: None; data: Class ID: 0, Confidence: 0.69, BBox: (219, 170, 284, 310)
Class ID: 2, Confidence: 0.69, BBox: (282, 192, 438, 253)
Class ID: 1, Confidence: 0.54, BBox: (133, 227, 296, 345)
2025-03-18 19:11:10,422 - log_time: 19:11:10.312; iteration: 0; image: 0; image_size: 751504; connection_time: 12180755334700; time_start_ns: 1742321470312089200; processing_time_ns: 62353200; time_end_ns: 1742321470422385600; signal_val: None; RSSI_val: None; data: Class ID: 0, Confidence: 0.69, BBox: (219, 170, 284, 310)
Class ID: 2, Confidence: 0.69, BBox: (282, 192, 438, 253)
Class ID: 1, Confidence: 0.54, BBox: (133, 227, 296, 345)
2025-03-18 19:11:10,541 - log_time: 19:11:10.424; iteration: 0; image: 0; image_size: 751504; connection_time: 12180755334700; time_start_ns: 1742321470424391400; processing_time_ns: 66942400; time_end_ns: 1742321470539554000; signal_val: None; RSSI_val: None; data: Class ID: 0, Confidence: 0.69, BBox: (219, 170, 284, 310)
Class ID: 2, Confidence: 0.69, BBox: (282, 192, 438, 253)
Class ID: 1, Confidence: 0.54, BBox: (133, 227, 296, 345)
2025-03-18 19:11:10,663 - log_time: 19:11:10.541; iteration: 0; image: 0; image_size: 751504; connection_time: 12180755334700; time_start_ns: 1742321470541059700; processing_time_ns: 68903800; time_end_ns: 1742321470663143000; signal_val: None; RSSI_val: None; data: Class ID: 0, Confidence: 0.69, BBox: (219, 170, 284, 310)
Class ID: 2, Confidence: 0.69, BBox: (282, 192, 438, 253)
Class ID: 1, Confidence: 0.54, BBox: (133, 227, 296, 345)
2025-03-18 19:11:10,809 - log_time: 19:11:10.663; iteration: 0; image: 0; image_size: 751504; connection_time: 12180755334700; time_start_ns: 1742321470663666400; processing_time_ns: 89448800; time_end_ns: 1742321470809840500; signal_val: None; RSSI_val: None; data: Class ID: 0, Confidence: 0.69, BBox: (219, 170, 284, 310)
Class ID: 2, Confidence: 0.69, BBox: (282, 192, 438, 253)
Class ID: 1, Confidence: 0.54, BBox: (133, 227, 296, 345)
2025-03-18 19:11:10,937 - log_time: 19:11:10.810; iteration: 0; image: 0; image_size: 751504; connection_time: 12180755334700; time_start_ns: 1742321470810368200; processing_time_ns: 73810100; time_end_ns: 1742321470937810400; signal_val: None; RSSI_val: None; data: Class ID: 0, Confidence: 0.69, BBox: (219, 170, 284, 310)
Class ID: 2, Confidence: 0.69, BBox: (282, 192, 438, 253)
Class ID: 1, Confidence: 0.54, BBox: (133, 227, 296, 345)
2025-03-18 19:11:11,059 - log_time: 19:11:10.937; iteration: 0; image: 0; image_size: 751504; connection_time: 12180755334700; time_start_ns: 1742321470937810400; processing_time_ns: 69585600; time_end_ns: 1742321471059221600; signal_val: None; RSSI_val: None; data: Class ID: 0, Confidence: 0.69, BBox: (219, 170, 284, 310)
Class ID: 2, Confidence: 0.69, BBox: (282, 192, 438, 253)
Class ID: 1, Confidence: 0.54, BBox: (133, 227, 296, 345)
2025-03-18 19:11:11,181 - log_time: 19:11:11.059; iteration: 0; image: 0; image_size: 751504; connection_time: 12180755334700; time_start_ns: 1742321471059746900; processing_time_ns: 70627200; time_end_ns: 1742321471181097200; signal_val: None; RSSI_val: None; data: Class ID: 0, Confidence: 0.69, BBox: (219, 170, 284, 310)
Class ID: 2, Confidence: 0.69, BBox: (282, 192, 438, 253)
Class ID: 1, Confidence: 0.54, BBox: (133, 227, 296, 345)
2025-03-18 19:11:11,355 - log_time: 19:11:11.181; iteration: 0; image: 0; image_size: 751504; connection_time: 12180755334700; time_start_ns: 1742321471181615000; processing_time_ns: 123211400; time_end_ns: 1742321471355628800; signal_val: None; RSSI_val: None; data: Class ID: 0, Confidence: 0.69, BBox: (219, 170, 284, 310)
Class ID: 2, Confidence: 0.69, BBox: (282, 192, 438, 253)
Class ID: 1, Confidence: 0.54, BBox: (133, 227, 296, 345)
2025-03-18 19:11:11,478 - log_time: 19:11:11.356; iteration: 0; image: 0; image_size: 751504; connection_time: 12180755334700; time_start_ns: 1742321471356152300; processing_time_ns: 71428200; time_end_ns: 1742321471478019100; signal_val: None; RSSI_val: None; data: Class ID: 0, Confidence: 0.69, BBox: (219, 170, 284, 310)
Class ID: 2, Confidence: 0.69, BBox: (282, 192, 438, 253)
Class ID: 1, Confidence: 0.54, BBox: (133, 227, 296, 345)
2025-03-18 19:11:11,598 - log_time: 19:11:11.478; iteration: 0; image: 0; image_size: 751504; connection_time: 12180755334700; time_start_ns: 1742321471478019100; processing_time_ns: 70362400; time_end_ns: 1742321471598708000; signal_val: None; RSSI_val: None; data: Class ID: 0, Confidence: 0.69, BBox: (219, 170, 284, 310)
Class ID: 2, Confidence: 0.69, BBox: (282, 192, 438, 253)
Class ID: 1, Confidence: 0.54, BBox: (133, 227, 296, 345)
2025-03-18 19:11:11,736 - log_time: 19:11:11.599; iteration: 0; image: 0; image_size: 751504; connection_time: 12180755334700; time_start_ns: 1742321471599228400; processing_time_ns: 83915700; time_end_ns: 1742321471736970500; signal_val: None; RSSI_val: None; data: Class ID: 0, Confidence: 0.69, BBox: (219, 170, 284, 310)
Class ID: 2, Confidence: 0.69, BBox: (282, 192, 438, 253)
Class ID: 1, Confidence: 0.54, BBox: (133, 227, 296, 345)
2025-03-18 19:11:11,878 - log_time: 19:11:11.736; iteration: 0; image: 0; image_size: 751504; connection_time: 12180755334700; time_start_ns: 1742321471736970500; processing_time_ns: 89061200; time_end_ns: 1742321471878884100; signal_val: None; RSSI_val: None; data: Class ID: 0, Confidence: 0.69, BBox: (219, 170, 284, 310)
Class ID: 2, Confidence: 0.69, BBox: (282, 192, 438, 253)
Class ID: 1, Confidence: 0.54, BBox: (133, 227, 296, 345)
2025-03-18 19:11:12,014 - log_time: 19:11:11.878; iteration: 0; image: 0; image_size: 751504; connection_time: 12180755334700; time_start_ns: 1742321471878884100; processing_time_ns: 79877300; time_end_ns: 1742321472014886500; signal_val: None; RSSI_val: None; data: Class ID: 0, Confidence: 0.69, BBox: (219, 170, 284, 310)
Class ID: 2, Confidence: 0.69, BBox: (282, 192, 438, 253)
Class ID: 1, Confidence: 0.54, BBox: (133, 227, 296, 345)
2025-03-18 19:11:12,153 - log_time: 19:11:12.015; iteration: 0; image: 0; image_size: 751504; connection_time: 12180755334700; time_start_ns: 1742321472015413700; processing_time_ns: 83465400; time_end_ns: 1742321472153457000; signal_val: None; RSSI_val: None; data: Class ID: 0, Confidence: 0.69, BBox: (219, 170, 284, 310)
Class ID: 2, Confidence: 0.69, BBox: (282, 192, 438, 253)
Class ID: 1, Confidence: 0.54, BBox: (133, 227, 296, 345)
2025-03-18 19:11:12,296 - log_time: 19:11:12.153; iteration: 0; image: 0; image_size: 751504; connection_time: 12180755334700; time_start_ns: 1742321472154537000; processing_time_ns: 85474100; time_end_ns: 1742321472296590500; signal_val: None; RSSI_val: None; data: Class ID: 0, Confidence: 0.69, BBox: (219, 170, 284, 310)
Class ID: 2, Confidence: 0.69, BBox: (282, 192, 438, 253)
Class ID: 1, Confidence: 0.54, BBox: (133, 227, 296, 345)
2025-03-18 19:11:12,427 - log_time: 19:11:12.297; iteration: 0; image: 0; image_size: 751504; connection_time: 12180755334700; time_start_ns: 1742321472297126200; processing_time_ns: 80868200; time_end_ns: 1742321472427724700; signal_val: None; RSSI_val: None; data: Class ID: 0, Confidence: 0.69, BBox: (219, 170, 284, 310)
Class ID: 2, Confidence: 0.69, BBox: (282, 192, 438, 253)
Class ID: 1, Confidence: 0.54, BBox: (133, 227, 296, 345)
2025-03-18 19:11:12,573 - log_time: 19:11:12.428; iteration: 0; image: 0; image_size: 751504; connection_time: 12180755334700; time_start_ns: 1742321472428246300; processing_time_ns: 95129300; time_end_ns: 1742321472573148500; signal_val: None; RSSI_val: None; data: Class ID: 0, Confidence: 0.69, BBox: (219, 170, 284, 310)
Class ID: 2, Confidence: 0.69, BBox: (282, 192, 438, 253)
Class ID: 1, Confidence: 0.54, BBox: (133, 227, 296, 345)
2025-03-18 19:11:12,706 - log_time: 19:11:12.573; iteration: 0; image: 0; image_size: 751504; connection_time: 12180755334700; time_start_ns: 1742321472573684300; processing_time_ns: 74755000; time_end_ns: 1742321472706317300; signal_val: None; RSSI_val: None; data: Class ID: 0, Confidence: 0.69, BBox: (219, 170, 284, 310)
Class ID: 2, Confidence: 0.69, BBox: (282, 192, 438, 253)
Class ID: 1, Confidence: 0.54, BBox: (133, 227, 296, 345)
2025-03-18 19:11:12,834 - log_time: 19:11:12.706; iteration: 0; image: 0; image_size: 751504; connection_time: 12180755334700; time_start_ns: 1742321472706317300; processing_time_ns: 80391600; time_end_ns: 1742321472834221900; signal_val: None; RSSI_val: None; data: Class ID: 0, Confidence: 0.69, BBox: (219, 170, 284, 310)
Class ID: 2, Confidence: 0.69, BBox: (282, 192, 438, 253)
Class ID: 1, Confidence: 0.54, BBox: (133, 227, 296, 345)
2025-03-18 19:11:12,954 - log_time: 19:11:12.834; iteration: 0; image: 0; image_size: 751504; connection_time: 12180755334700; time_start_ns: 1742321472834741200; processing_time_ns: 66254700; time_end_ns: 1742321472953620200; signal_val: None; RSSI_val: None; data: Class ID: 0, Confidence: 0.69, BBox: (219, 170, 284, 310)
Class ID: 2, Confidence: 0.69, BBox: (282, 192, 438, 253)
Class ID: 1, Confidence: 0.54, BBox: (133, 227, 296, 345)
2025-03-18 19:11:13,059 - log_time: 19:11:12.954; iteration: 0; image: 0; image_size: 751504; connection_time: 12180755334700; time_start_ns: 1742321472954619100; processing_time_ns: 59774900; time_end_ns: 1742321473059323600; signal_val: None; RSSI_val: None; data: Class ID: 0, Confidence: 0.69, BBox: (219, 170, 284, 310)
Class ID: 2, Confidence: 0.69, BBox: (282, 192, 438, 253)
Class ID: 1, Confidence: 0.54, BBox: (133, 227, 296, 345)
2025-03-18 19:11:13,169 - log_time: 19:11:13.059; iteration: 0; image: 0; image_size: 751504; connection_time: 12180755334700; time_start_ns: 1742321473059323600; processing_time_ns: 62231000; time_end_ns: 1742321473169673500; signal_val: None; RSSI_val: None; data: Class ID: 0, Confidence: 0.69, BBox: (219, 170, 284, 310)
Class ID: 2, Confidence: 0.69, BBox: (282, 192, 438, 253)
Class ID: 1, Confidence: 0.54, BBox: (133, 227, 296, 345)
2025-03-18 19:11:13,278 - log_time: 19:11:13.169; iteration: 0; image: 0; image_size: 751504; connection_time: 12180755334700; time_start_ns: 1742321473169673500; processing_time_ns: 58082700; time_end_ns: 1742321473278296500; signal_val: None; RSSI_val: None; data: Class ID: 0, Confidence: 0.69, BBox: (219, 170, 284, 310)
Class ID: 2, Confidence: 0.69, BBox: (282, 192, 438, 253)
Class ID: 1, Confidence: 0.54, BBox: (133, 227, 296, 345)
2025-03-18 19:11:13,388 - log_time: 19:11:13.278; iteration: 0; image: 0; image_size: 751504; connection_time: 12180755334700; time_start_ns: 1742321473278296500; processing_time_ns: 62083700; time_end_ns: 1742321473388613200; signal_val: None; RSSI_val: None; data: Class ID: 0, Confidence: 0.69, BBox: (219, 170, 284, 310)
Class ID: 2, Confidence: 0.69, BBox: (282, 192, 438, 253)
Class ID: 1, Confidence: 0.54, BBox: (133, 227, 296, 345)
2025-03-18 19:11:13,493 - log_time: 19:11:13.388; iteration: 0; image: 0; image_size: 751504; connection_time: 12180755334700; time_start_ns: 1742321473388613200; processing_time_ns: 60980300; time_end_ns: 1742321473493663800; signal_val: None; RSSI_val: None; data: Class ID: 0, Confidence: 0.69, BBox: (219, 170, 284, 310)
Class ID: 2, Confidence: 0.69, BBox: (282, 192, 438, 253)
Class ID: 1, Confidence: 0.54, BBox: (133, 227, 296, 345)
2025-03-18 19:11:13,602 - log_time: 19:11:13.493; iteration: 0; image: 0; image_size: 751504; connection_time: 12180755334700; time_start_ns: 1742321473493663800; processing_time_ns: 60989600; time_end_ns: 1742321473602509300; signal_val: None; RSSI_val: None; data: Class ID: 0, Confidence: 0.69, BBox: (219, 170, 284, 310)
Class ID: 2, Confidence: 0.69, BBox: (282, 192, 438, 253)
Class ID: 1, Confidence: 0.54, BBox: (133, 227, 296, 345)
2025-03-18 19:11:13,706 - log_time: 19:11:13.602; iteration: 0; image: 0; image_size: 751504; connection_time: 12180755334700; time_start_ns: 1742321473602509300; processing_time_ns: 59188800; time_end_ns: 1742321473706940600; signal_val: None; RSSI_val: None; data: Class ID: 0, Confidence: 0.69, BBox: (219, 170, 284, 310)
Class ID: 2, Confidence: 0.69, BBox: (282, 192, 438, 253)
Class ID: 1, Confidence: 0.54, BBox: (133, 227, 296, 345)
2025-03-18 19:11:13,816 - log_time: 19:11:13.706; iteration: 0; image: 0; image_size: 751504; connection_time: 12180755334700; time_start_ns: 1742321473706940600; processing_time_ns: 60564800; time_end_ns: 1742321473816031600; signal_val: None; RSSI_val: None; data: Class ID: 0, Confidence: 0.69, BBox: (219, 170, 284, 310)
Class ID: 2, Confidence: 0.69, BBox: (282, 192, 438, 253)
Class ID: 1, Confidence: 0.54, BBox: (133, 227, 296, 345)
2025-03-18 19:11:13,926 - log_time: 19:11:13.817; iteration: 0; image: 0; image_size: 751504; connection_time: 12180755334700; time_start_ns: 1742321473817371700; processing_time_ns: 58557000; time_end_ns: 1742321473926018900; signal_val: None; RSSI_val: None; data: Class ID: 0, Confidence: 0.69, BBox: (219, 170, 284, 310)
Class ID: 2, Confidence: 0.69, BBox: (282, 192, 438, 253)
Class ID: 1, Confidence: 0.54, BBox: (133, 227, 296, 345)
2025-03-18 19:11:14,036 - log_time: 19:11:13.928; iteration: 0; image: 0; image_size: 751504; connection_time: 12180755334700; time_start_ns: 1742321473928025900; processing_time_ns: 60222300; time_end_ns: 1742321474036027800; signal_val: None; RSSI_val: None; data: Class ID: 0, Confidence: 0.69, BBox: (219, 170, 284, 310)
Class ID: 2, Confidence: 0.69, BBox: (282, 192, 438, 253)
Class ID: 1, Confidence: 0.54, BBox: (133, 227, 296, 345)
2025-03-18 19:11:14,144 - log_time: 19:11:14.036; iteration: 0; image: 0; image_size: 751504; connection_time: 12180755334700; time_start_ns: 1742321474036027800; processing_time_ns: 64760800; time_end_ns: 1742321474144842600; signal_val: None; RSSI_val: None; data: Class ID: 0, Confidence: 0.69, BBox: (219, 170, 284, 310)
Class ID: 2, Confidence: 0.69, BBox: (282, 192, 438, 253)
Class ID: 1, Confidence: 0.54, BBox: (133, 227, 296, 345)
2025-03-18 19:11:14,261 - log_time: 19:11:14.144; iteration: 0; image: 0; image_size: 751504; connection_time: 12180755334700; time_start_ns: 1742321474144842600; processing_time_ns: 73659800; time_end_ns: 1742321474260721400; signal_val: None; RSSI_val: None; data: Class ID: 0, Confidence: 0.69, BBox: (219, 170, 284, 310)
Class ID: 2, Confidence: 0.69, BBox: (282, 192, 438, 253)
Class ID: 1, Confidence: 0.54, BBox: (133, 227, 296, 345)
2025-03-18 19:11:14,442 - log_time: 19:11:14.261; iteration: 0; image: 0; image_size: 751504; connection_time: 12180755334700; time_start_ns: 1742321474261239000; processing_time_ns: 116385000; time_end_ns: 1742321474442583800; signal_val: None; RSSI_val: None; data: Class ID: 0, Confidence: 0.69, BBox: (219, 170, 284, 310)
Class ID: 2, Confidence: 0.69, BBox: (282, 192, 438, 253)
Class ID: 1, Confidence: 0.54, BBox: (133, 227, 296, 345)
2025-03-18 19:11:14,549 - log_time: 19:11:14.442; iteration: 0; image: 0; image_size: 751504; connection_time: 12180755334700; time_start_ns: 1742321474442583800; processing_time_ns: 62588400; time_end_ns: 1742321474549924100; signal_val: None; RSSI_val: None; data: Class ID: 0, Confidence: 0.69, BBox: (219, 170, 284, 310)
Class ID: 2, Confidence: 0.69, BBox: (282, 192, 438, 253)
Class ID: 1, Confidence: 0.54, BBox: (133, 227, 296, 345)
2025-03-18 19:11:14,657 - log_time: 19:11:14.549; iteration: 0; image: 0; image_size: 751504; connection_time: 12180755334700; time_start_ns: 1742321474549924100; processing_time_ns: 59586800; time_end_ns: 1742321474657049500; signal_val: None; RSSI_val: None; data: Class ID: 0, Confidence: 0.69, BBox: (219, 170, 284, 310)
Class ID: 2, Confidence: 0.69, BBox: (282, 192, 438, 253)
Class ID: 1, Confidence: 0.54, BBox: (133, 227, 296, 345)
2025-03-18 19:11:14,766 - log_time: 19:11:14.657; iteration: 0; image: 0; image_size: 751504; connection_time: 12180755334700; time_start_ns: 1742321474657049500; processing_time_ns: 59782000; time_end_ns: 1742321474766973100; signal_val: None; RSSI_val: None; data: Class ID: 0, Confidence: 0.69, BBox: (219, 170, 284, 310)
Class ID: 2, Confidence: 0.69, BBox: (282, 192, 438, 253)
Class ID: 1, Confidence: 0.54, BBox: (133, 227, 296, 345)
2025-03-18 19:11:14,875 - log_time: 19:11:14.766; iteration: 0; image: 0; image_size: 751504; connection_time: 12180755334700; time_start_ns: 1742321474766973100; processing_time_ns: 64236400; time_end_ns: 1742321474875841800; signal_val: None; RSSI_val: None; data: Class ID: 0, Confidence: 0.69, BBox: (219, 170, 284, 310)
Class ID: 2, Confidence: 0.69, BBox: (282, 192, 438, 253)
Class ID: 1, Confidence: 0.54, BBox: (133, 227, 296, 345)
2025-03-18 19:11:14,994 - log_time: 19:11:14.875; iteration: 0; image: 0; image_size: 751504; connection_time: 12180755334700; time_start_ns: 1742321474875841800; processing_time_ns: 62692600; time_end_ns: 1742321474994632400; signal_val: None; RSSI_val: None; data: Class ID: 0, Confidence: 0.69, BBox: (219, 170, 284, 310)
Class ID: 2, Confidence: 0.69, BBox: (282, 192, 438, 253)
Class ID: 1, Confidence: 0.54, BBox: (133, 227, 296, 345)
2025-03-18 19:11:15,101 - log_time: 19:11:14.994; iteration: 0; image: 0; image_size: 751504; connection_time: 12180755334700; time_start_ns: 1742321474994632400; processing_time_ns: 60731700; time_end_ns: 1742321475101803300; signal_val: None; RSSI_val: None; data: Class ID: 0, Confidence: 0.69, BBox: (219, 170, 284, 310)
Class ID: 2, Confidence: 0.69, BBox: (282, 192, 438, 253)
Class ID: 1, Confidence: 0.54, BBox: (133, 227, 296, 345)
2025-03-18 19:11:15,209 - log_time: 19:11:15.101; iteration: 0; image: 0; image_size: 751504; connection_time: 12180755334700; time_start_ns: 1742321475101803300; processing_time_ns: 60207900; time_end_ns: 1742321475209468200; signal_val: None; RSSI_val: None; data: Class ID: 0, Confidence: 0.69, BBox: (219, 170, 284, 310)
Class ID: 2, Confidence: 0.69, BBox: (282, 192, 438, 253)
Class ID: 1, Confidence: 0.54, BBox: (133, 227, 296, 345)
2025-03-18 19:11:15,313 - log_time: 19:11:15.210; iteration: 0; image: 0; image_size: 751504; connection_time: 12180755334700; time_start_ns: 1742321475210468200; processing_time_ns: 60617100; time_end_ns: 1742321475313950800; signal_val: None; RSSI_val: None; data: Class ID: 0, Confidence: 0.69, BBox: (219, 170, 284, 310)
Class ID: 2, Confidence: 0.69, BBox: (282, 192, 438, 253)
Class ID: 1, Confidence: 0.54, BBox: (133, 227, 296, 345)
2025-03-18 19:11:15,428 - log_time: 19:11:15.313; iteration: 0; image: 0; image_size: 751504; connection_time: 12180755334700; time_start_ns: 1742321475313950800; processing_time_ns: 64812600; time_end_ns: 1742321475428901100; signal_val: None; RSSI_val: None; data: Class ID: 0, Confidence: 0.69, BBox: (219, 170, 284, 310)
Class ID: 2, Confidence: 0.69, BBox: (282, 192, 438, 253)
Class ID: 1, Confidence: 0.54, BBox: (133, 227, 296, 345)
2025-03-18 19:11:15,540 - log_time: 19:11:15.429; iteration: 0; image: 0; image_size: 751504; connection_time: 12180755334700; time_start_ns: 1742321475429437000; processing_time_ns: 60728800; time_end_ns: 1742321475540385400; signal_val: None; RSSI_val: None; data: Class ID: 0, Confidence: 0.69, BBox: (219, 170, 284, 310)
Class ID: 2, Confidence: 0.69, BBox: (282, 192, 438, 253)
Class ID: 1, Confidence: 0.54, BBox: (133, 227, 296, 345)
2025-03-18 19:11:15,649 - log_time: 19:11:15.540; iteration: 0; image: 0; image_size: 751504; connection_time: 12180755334700; time_start_ns: 1742321475540385400; processing_time_ns: 48195100; time_end_ns: 1742321475649178000; signal_val: None; RSSI_val: None; data: Class ID: 0, Confidence: 0.69, BBox: (219, 170, 284, 310)
Class ID: 2, Confidence: 0.69, BBox: (282, 192, 438, 253)
Class ID: 1, Confidence: 0.54, BBox: (133, 227, 296, 345)
2025-03-18 19:11:15,758 - log_time: 19:11:15.649; iteration: 0; image: 0; image_size: 751504; connection_time: 12180755334700; time_start_ns: 1742321475649178000; processing_time_ns: 59891500; time_end_ns: 1742321475758831200; signal_val: None; RSSI_val: None; data: Class ID: 0, Confidence: 0.69, BBox: (219, 170, 284, 310)
Class ID: 2, Confidence: 0.69, BBox: (282, 192, 438, 253)
Class ID: 1, Confidence: 0.54, BBox: (133, 227, 296, 345)
2025-03-18 19:11:15,865 - log_time: 19:11:15.758; iteration: 0; image: 0; image_size: 751504; connection_time: 12180755334700; time_start_ns: 1742321475758831200; processing_time_ns: 58051200; time_end_ns: 1742321475865786500; signal_val: None; RSSI_val: None; data: Class ID: 0, Confidence: 0.69, BBox: (219, 170, 284, 310)
Class ID: 2, Confidence: 0.69, BBox: (282, 192, 438, 253)
Class ID: 1, Confidence: 0.54, BBox: (133, 227, 296, 345)
2025-03-18 19:11:15,982 - log_time: 19:11:15.865; iteration: 0; image: 0; image_size: 751504; connection_time: 12180755334700; time_start_ns: 1742321475865786500; processing_time_ns: 70770500; time_end_ns: 1742321475982169800; signal_val: None; RSSI_val: None; data: Class ID: 0, Confidence: 0.69, BBox: (219, 170, 284, 310)
Class ID: 2, Confidence: 0.69, BBox: (282, 192, 438, 253)
Class ID: 1, Confidence: 0.54, BBox: (133, 227, 296, 345)
2025-03-18 19:11:16,089 - log_time: 19:11:15.982; iteration: 0; image: 0; image_size: 751504; connection_time: 12180755334700; time_start_ns: 1742321475982921500; processing_time_ns: 61014400; time_end_ns: 1742321476089283600; signal_val: None; RSSI_val: None; data: Class ID: 0, Confidence: 0.69, BBox: (219, 170, 284, 310)
Class ID: 2, Confidence: 0.69, BBox: (282, 192, 438, 253)
Class ID: 1, Confidence: 0.54, BBox: (133, 227, 296, 345)
2025-03-18 19:11:16,201 - log_time: 19:11:16.089; iteration: 0; image: 0; image_size: 751504; connection_time: 12180755334700; time_start_ns: 1742321476089283600; processing_time_ns: 59721300; time_end_ns: 1742321476201701600; signal_val: None; RSSI_val: None; data: Class ID: 0, Confidence: 0.69, BBox: (219, 170, 284, 310)
Class ID: 2, Confidence: 0.69, BBox: (282, 192, 438, 253)
Class ID: 1, Confidence: 0.54, BBox: (133, 227, 296, 345)
2025-03-18 19:11:16,308 - log_time: 19:11:16.201; iteration: 0; image: 0; image_size: 751504; connection_time: 12180755334700; time_start_ns: 1742321476201701600; processing_time_ns: 62056800; time_end_ns: 1742321476308967800; signal_val: None; RSSI_val: None; data: Class ID: 0, Confidence: 0.69, BBox: (219, 170, 284, 310)
Class ID: 2, Confidence: 0.69, BBox: (282, 192, 438, 253)
Class ID: 1, Confidence: 0.54, BBox: (133, 227, 296, 345)
2025-03-18 19:11:16,419 - log_time: 19:11:16.308; iteration: 0; image: 0; image_size: 751504; connection_time: 12180755334700; time_start_ns: 1742321476308967800; processing_time_ns: 62323400; time_end_ns: 1742321476419360800; signal_val: None; RSSI_val: None; data: Class ID: 0, Confidence: 0.69, BBox: (219, 170, 284, 310)
Class ID: 2, Confidence: 0.69, BBox: (282, 192, 438, 253)
Class ID: 1, Confidence: 0.54, BBox: (133, 227, 296, 345)
2025-03-18 19:11:16,527 - log_time: 19:11:16.419; iteration: 0; image: 0; image_size: 751504; connection_time: 12180755334700; time_start_ns: 1742321476419360800; processing_time_ns: 60619800; time_end_ns: 1742321476527384000; signal_val: None; RSSI_val: None; data: Class ID: 0, Confidence: 0.69, BBox: (219, 170, 284, 310)
Class ID: 2, Confidence: 0.69, BBox: (282, 192, 438, 253)
Class ID: 1, Confidence: 0.54, BBox: (133, 227, 296, 345)
2025-03-18 19:11:16,632 - log_time: 19:11:16.527; iteration: 0; image: 0; image_size: 751504; connection_time: 12180755334700; time_start_ns: 1742321476527384000; processing_time_ns: 56681000; time_end_ns: 1742321476632097100; signal_val: None; RSSI_val: None; data: Class ID: 0, Confidence: 0.69, BBox: (219, 170, 284, 310)
Class ID: 2, Confidence: 0.69, BBox: (282, 192, 438, 253)
Class ID: 1, Confidence: 0.54, BBox: (133, 227, 296, 345)
2025-03-18 19:11:16,742 - log_time: 19:11:16.632; iteration: 0; image: 0; image_size: 751504; connection_time: 12180755334700; time_start_ns: 1742321476632097100; processing_time_ns: 64430800; time_end_ns: 1742321476742329900; signal_val: None; RSSI_val: None; data: Class ID: 0, Confidence: 0.69, BBox: (219, 170, 284, 310)
Class ID: 2, Confidence: 0.69, BBox: (282, 192, 438, 253)
Class ID: 1, Confidence: 0.54, BBox: (133, 227, 296, 345)
2025-03-18 19:11:16,849 - log_time: 19:11:16.742; iteration: 0; image: 0; image_size: 751504; connection_time: 12180755334700; time_start_ns: 1742321476742329900; processing_time_ns: 57572400; time_end_ns: 1742321476849043500; signal_val: None; RSSI_val: None; data: Class ID: 0, Confidence: 0.69, BBox: (219, 170, 284, 310)
Class ID: 2, Confidence: 0.69, BBox: (282, 192, 438, 253)
Class ID: 1, Confidence: 0.54, BBox: (133, 227, 296, 345)
2025-03-18 19:11:16,959 - log_time: 19:11:16.849; iteration: 0; image: 0; image_size: 751504; connection_time: 12180755334700; time_start_ns: 1742321476849043500; processing_time_ns: 64781500; time_end_ns: 1742321476959013900; signal_val: None; RSSI_val: None; data: Class ID: 0, Confidence: 0.69, BBox: (219, 170, 284, 310)
Class ID: 2, Confidence: 0.69, BBox: (282, 192, 438, 253)
Class ID: 1, Confidence: 0.54, BBox: (133, 227, 296, 345)
2025-03-18 19:11:17,077 - log_time: 19:11:16.959; iteration: 0; image: 0; image_size: 751504; connection_time: 12180755334700; time_start_ns: 1742321476959013900; processing_time_ns: 62813100; time_end_ns: 1742321477077343200; signal_val: None; RSSI_val: None; data: Class ID: 0, Confidence: 0.69, BBox: (219, 170, 284, 310)
Class ID: 2, Confidence: 0.69, BBox: (282, 192, 438, 253)
Class ID: 1, Confidence: 0.54, BBox: (133, 227, 296, 345)
2025-03-18 19:11:17,215 - log_time: 19:11:17.077; iteration: 0; image: 0; image_size: 751504; connection_time: 12180755334700; time_start_ns: 1742321477077848600; processing_time_ns: 61696000; time_end_ns: 1742321477215721500; signal_val: None; RSSI_val: None; data: Class ID: 0, Confidence: 0.69, BBox: (219, 170, 284, 310)
Class ID: 2, Confidence: 0.69, BBox: (282, 192, 438, 253)
Class ID: 1, Confidence: 0.54, BBox: (133, 227, 296, 345)
2025-03-18 19:11:17,322 - log_time: 19:11:17.215; iteration: 0; image: 0; image_size: 751504; connection_time: 12180755334700; time_start_ns: 1742321477215721500; processing_time_ns: 61332900; time_end_ns: 1742321477322969200; signal_val: None; RSSI_val: None; data: Class ID: 0, Confidence: 0.69, BBox: (219, 170, 284, 310)
Class ID: 2, Confidence: 0.69, BBox: (282, 192, 438, 253)
Class ID: 1, Confidence: 0.54, BBox: (133, 227, 296, 345)
2025-03-18 19:11:17,432 - log_time: 19:11:17.322; iteration: 0; image: 0; image_size: 751504; connection_time: 12180755334700; time_start_ns: 1742321477322969200; processing_time_ns: 59895300; time_end_ns: 1742321477432243000; signal_val: None; RSSI_val: None; data: Class ID: 0, Confidence: 0.69, BBox: (219, 170, 284, 310)
Class ID: 2, Confidence: 0.69, BBox: (282, 192, 438, 253)
Class ID: 1, Confidence: 0.54, BBox: (133, 227, 296, 345)
2025-03-18 19:11:17,540 - log_time: 19:11:17.432; iteration: 0; image: 0; image_size: 751504; connection_time: 12180755334700; time_start_ns: 1742321477432243000; processing_time_ns: 61019100; time_end_ns: 1742321477540373100; signal_val: None; RSSI_val: None; data: Class ID: 0, Confidence: 0.69, BBox: (219, 170, 284, 310)
Class ID: 2, Confidence: 0.69, BBox: (282, 192, 438, 253)
Class ID: 1, Confidence: 0.54, BBox: (133, 227, 296, 345)
2025-03-18 19:11:17,648 - log_time: 19:11:17.540; iteration: 0; image: 0; image_size: 751504; connection_time: 12180755334700; time_start_ns: 1742321477540373100; processing_time_ns: 60418700; time_end_ns: 1742321477648874100; signal_val: None; RSSI_val: None; data: Class ID: 0, Confidence: 0.69, BBox: (219, 170, 284, 310)
Class ID: 2, Confidence: 0.69, BBox: (282, 192, 438, 253)
Class ID: 1, Confidence: 0.54, BBox: (133, 227, 296, 345)
2025-03-18 19:11:17,755 - log_time: 19:11:17.648; iteration: 0; image: 0; image_size: 751504; connection_time: 12180755334700; time_start_ns: 1742321477648874100; processing_time_ns: 60192800; time_end_ns: 1742321477755775900; signal_val: None; RSSI_val: None; data: Class ID: 0, Confidence: 0.69, BBox: (219, 170, 284, 310)
Class ID: 2, Confidence: 0.69, BBox: (282, 192, 438, 253)
Class ID: 1, Confidence: 0.54, BBox: (133, 227, 296, 345)
2025-03-18 19:11:17,866 - log_time: 19:11:17.755; iteration: 0; image: 0; image_size: 751504; connection_time: 12180755334700; time_start_ns: 1742321477755775900; processing_time_ns: 61630400; time_end_ns: 1742321477866585300; signal_val: None; RSSI_val: None; data: Class ID: 0, Confidence: 0.69, BBox: (219, 170, 284, 310)
Class ID: 2, Confidence: 0.69, BBox: (282, 192, 438, 253)
Class ID: 1, Confidence: 0.54, BBox: (133, 227, 296, 345)
2025-03-18 19:11:17,975 - log_time: 19:11:17.866; iteration: 0; image: 0; image_size: 751504; connection_time: 12180755334700; time_start_ns: 1742321477866585300; processing_time_ns: 59972500; time_end_ns: 1742321477975588800; signal_val: None; RSSI_val: None; data: Class ID: 0, Confidence: 0.69, BBox: (219, 170, 284, 310)
Class ID: 2, Confidence: 0.69, BBox: (282, 192, 438, 253)
Class ID: 1, Confidence: 0.54, BBox: (133, 227, 296, 345)
2025-03-18 19:11:18,082 - log_time: 19:11:17.975; iteration: 0; image: 0; image_size: 751504; connection_time: 12180755334700; time_start_ns: 1742321477975588800; processing_time_ns: 60940700; time_end_ns: 1742321478082219200; signal_val: None; RSSI_val: None; data: Class ID: 0, Confidence: 0.69, BBox: (219, 170, 284, 310)
Class ID: 2, Confidence: 0.69, BBox: (282, 192, 438, 253)
Class ID: 1, Confidence: 0.54, BBox: (133, 227, 296, 345)
2025-03-18 19:11:18,189 - log_time: 19:11:18.082; iteration: 0; image: 0; image_size: 751504; connection_time: 12180755334700; time_start_ns: 1742321478082219200; processing_time_ns: 59968200; time_end_ns: 1742321478189259800; signal_val: None; RSSI_val: None; data: Class ID: 0, Confidence: 0.69, BBox: (219, 170, 284, 310)
Class ID: 2, Confidence: 0.69, BBox: (282, 192, 438, 253)
Class ID: 1, Confidence: 0.54, BBox: (133, 227, 296, 345)
2025-03-18 19:11:18,287 - log_time: 19:11:18.189; iteration: 0; image: 0; image_size: 751504; connection_time: 12180755334700; time_start_ns: 1742321478189259800; processing_time_ns: 53255300; time_end_ns: 1742321478287958100; signal_val: None; RSSI_val: None; data: Class ID: 0, Confidence: 0.69, BBox: (219, 170, 284, 310)
Class ID: 2, Confidence: 0.69, BBox: (282, 192, 438, 253)
Class ID: 1, Confidence: 0.54, BBox: (133, 227, 296, 345)
2025-03-18 19:11:18,401 - log_time: 19:11:18.287; iteration: 0; image: 0; image_size: 751504; connection_time: 12180755334700; time_start_ns: 1742321478297001200; processing_time_ns: 61977600; time_end_ns: 1742321478401529400; signal_val: None; RSSI_val: None; data: Class ID: 0, Confidence: 0.69, BBox: (219, 170, 284, 310)
Class ID: 2, Confidence: 0.69, BBox: (282, 192, 438, 253)
Class ID: 1, Confidence: 0.54, BBox: (133, 227, 296, 345)
2025-03-18 19:11:18,510 - log_time: 19:11:18.401; iteration: 0; image: 0; image_size: 751504; connection_time: 12180755334700; time_start_ns: 1742321478401529400; processing_time_ns: 58285700; time_end_ns: 1742321478510812600; signal_val: None; RSSI_val: None; data: Class ID: 0, Confidence: 0.69, BBox: (219, 170, 284, 310)
Class ID: 2, Confidence: 0.69, BBox: (282, 192, 438, 253)
Class ID: 1, Confidence: 0.54, BBox: (133, 227, 296, 345)
2025-03-18 19:11:18,619 - log_time: 19:11:18.510; iteration: 0; image: 0; image_size: 751504; connection_time: 12180755334700; time_start_ns: 1742321478510812600; processing_time_ns: 60723100; time_end_ns: 1742321478619057500; signal_val: None; RSSI_val: None; data: Class ID: 0, Confidence: 0.69, BBox: (219, 170, 284, 310)
Class ID: 2, Confidence: 0.69, BBox: (282, 192, 438, 253)
Class ID: 1, Confidence: 0.54, BBox: (133, 227, 296, 345)
2025-03-18 19:11:18,725 - log_time: 19:11:18.620; iteration: 0; image: 0; image_size: 751504; connection_time: 12180755334700; time_start_ns: 1742321478620826600; processing_time_ns: 60378200; time_end_ns: 1742321478725365400; signal_val: None; RSSI_val: None; data: Class ID: 0, Confidence: 0.69, BBox: (219, 170, 284, 310)
Class ID: 2, Confidence: 0.69, BBox: (282, 192, 438, 253)
Class ID: 1, Confidence: 0.54, BBox: (133, 227, 296, 345)
2025-03-18 19:11:18,837 - log_time: 19:11:18.727; iteration: 0; image: 0; image_size: 751504; connection_time: 12180755334700; time_start_ns: 1742321478727374000; processing_time_ns: 65701400; time_end_ns: 1742321478837658600; signal_val: None; RSSI_val: None; data: Class ID: 0, Confidence: 0.69, BBox: (219, 170, 284, 310)
Class ID: 2, Confidence: 0.69, BBox: (282, 192, 438, 253)
Class ID: 1, Confidence: 0.54, BBox: (133, 227, 296, 345)
2025-03-18 19:11:18,943 - log_time: 19:11:18.837; iteration: 0; image: 0; image_size: 751504; connection_time: 12180755334700; time_start_ns: 1742321478837658600; processing_time_ns: 58310600; time_end_ns: 1742321478943454600; signal_val: None; RSSI_val: None; data: Class ID: 0, Confidence: 0.69, BBox: (219, 170, 284, 310)
Class ID: 2, Confidence: 0.69, BBox: (282, 192, 438, 253)
Class ID: 1, Confidence: 0.54, BBox: (133, 227, 296, 345)
2025-03-18 19:11:19,053 - log_time: 19:11:18.943; iteration: 0; image: 0; image_size: 751504; connection_time: 12180755334700; time_start_ns: 1742321478943454600; processing_time_ns: 62225900; time_end_ns: 1742321479053496500; signal_val: None; RSSI_val: None; data: Class ID: 0, Confidence: 0.69, BBox: (219, 170, 284, 310)
Class ID: 2, Confidence: 0.69, BBox: (282, 192, 438, 253)
Class ID: 1, Confidence: 0.54, BBox: (133, 227, 296, 345)
2025-03-18 19:11:19,170 - log_time: 19:11:19.053; iteration: 0; image: 0; image_size: 751504; connection_time: 12180755334700; time_start_ns: 1742321479053496500; processing_time_ns: 61873700; time_end_ns: 1742321479170166000; signal_val: None; RSSI_val: None; data: Class ID: 0, Confidence: 0.69, BBox: (219, 170, 284, 310)
Class ID: 2, Confidence: 0.69, BBox: (282, 192, 438, 253)
Class ID: 1, Confidence: 0.54, BBox: (133, 227, 296, 345)
2025-03-18 19:11:19,279 - log_time: 19:11:19.174; iteration: 0; image: 0; image_size: 751504; connection_time: 12180755334700; time_start_ns: 1742321479174589600; processing_time_ns: 58386400; time_end_ns: 1742321479279323600; signal_val: None; RSSI_val: None; data: Class ID: 0, Confidence: 0.69, BBox: (219, 170, 284, 310)
Class ID: 2, Confidence: 0.69, BBox: (282, 192, 438, 253)
Class ID: 1, Confidence: 0.54, BBox: (133, 227, 296, 345)
2025-03-18 19:14:35,872 - log_time: 19:14:35.762; iteration: 0; image: 0; image_size: 751504; connection_time: 12387220068600; time_start_ns: 1742321675762050800; processing_time_ns: 74754700; time_end_ns: 1742321675872961000; signal_val: None; RSSI_val: None; data: Class ID: 0, Confidence: 0.69, BBox: (219, 170, 284, 310)
Class ID: 2, Confidence: 0.69, BBox: (282, 192, 438, 253)
Class ID: 1, Confidence: 0.54, BBox: (133, 227, 296, 345)
2025-03-18 19:14:35,990 - log_time: 19:14:35.873; iteration: 1; image: 0; image_size: 751504; connection_time: 12387220068600; time_start_ns: 1742321675873969200; processing_time_ns: 69876700; time_end_ns: 1742321675990175600; signal_val: None; RSSI_val: None; data: Class ID: 0, Confidence: 0.69, BBox: (219, 170, 284, 310)
Class ID: 2, Confidence: 0.69, BBox: (282, 192, 438, 253)
Class ID: 1, Confidence: 0.54, BBox: (133, 227, 296, 345)
2025-03-18 19:14:36,102 - log_time: 19:14:35.990; iteration: 2; image: 0; image_size: 751504; connection_time: 12387220068600; time_start_ns: 1742321675990703900; processing_time_ns: 60237800; time_end_ns: 1742321676102423600; signal_val: None; RSSI_val: None; data: Class ID: 0, Confidence: 0.69, BBox: (219, 170, 284, 310)
Class ID: 2, Confidence: 0.69, BBox: (282, 192, 438, 253)
Class ID: 1, Confidence: 0.54, BBox: (133, 227, 296, 345)
2025-03-18 19:14:36,217 - log_time: 19:14:36.105; iteration: 3; image: 0; image_size: 751504; connection_time: 12387220068600; time_start_ns: 1742321676105668000; processing_time_ns: 63025100; time_end_ns: 1742321676217291800; signal_val: None; RSSI_val: None; data: Class ID: 0, Confidence: 0.69, BBox: (219, 170, 284, 310)
Class ID: 2, Confidence: 0.69, BBox: (282, 192, 438, 253)
Class ID: 1, Confidence: 0.54, BBox: (133, 227, 296, 345)
2025-03-18 19:14:36,327 - log_time: 19:14:36.217; iteration: 4; image: 0; image_size: 751504; connection_time: 12387220068600; time_start_ns: 1742321676217291800; processing_time_ns: 63168400; time_end_ns: 1742321676327953900; signal_val: None; RSSI_val: None; data: Class ID: 0, Confidence: 0.69, BBox: (219, 170, 284, 310)
Class ID: 2, Confidence: 0.69, BBox: (282, 192, 438, 253)
Class ID: 1, Confidence: 0.54, BBox: (133, 227, 296, 345)
2025-03-18 19:14:36,441 - log_time: 19:14:36.331; iteration: 5; image: 0; image_size: 751504; connection_time: 12387220068600; time_start_ns: 1742321676331119100; processing_time_ns: 60862800; time_end_ns: 1742321676441990100; signal_val: None; RSSI_val: None; data: Class ID: 0, Confidence: 0.69, BBox: (219, 170, 284, 310)
Class ID: 2, Confidence: 0.69, BBox: (282, 192, 438, 253)
Class ID: 1, Confidence: 0.54, BBox: (133, 227, 296, 345)
2025-03-18 19:14:36,552 - log_time: 19:14:36.441; iteration: 6; image: 0; image_size: 751504; connection_time: 12387220068600; time_start_ns: 1742321676441990100; processing_time_ns: 62076900; time_end_ns: 1742321676552268500; signal_val: None; RSSI_val: None; data: Class ID: 0, Confidence: 0.69, BBox: (219, 170, 284, 310)
Class ID: 2, Confidence: 0.69, BBox: (282, 192, 438, 253)
Class ID: 1, Confidence: 0.54, BBox: (133, 227, 296, 345)
2025-03-18 19:14:36,675 - log_time: 19:14:36.554; iteration: 7; image: 0; image_size: 751504; connection_time: 12387220068600; time_start_ns: 1742321676554275300; processing_time_ns: 71082000; time_end_ns: 1742321676674912200; signal_val: None; RSSI_val: None; data: Class ID: 0, Confidence: 0.69, BBox: (219, 170, 284, 310)
Class ID: 2, Confidence: 0.69, BBox: (282, 192, 438, 253)
Class ID: 1, Confidence: 0.54, BBox: (133, 227, 296, 345)
2025-03-18 19:14:36,803 - log_time: 19:14:36.675; iteration: 8; image: 0; image_size: 751504; connection_time: 12387220068600; time_start_ns: 1742321676675909900; processing_time_ns: 74974300; time_end_ns: 1742321676802748200; signal_val: None; RSSI_val: None; data: Class ID: 0, Confidence: 0.69, BBox: (219, 170, 284, 310)
Class ID: 2, Confidence: 0.69, BBox: (282, 192, 438, 253)
Class ID: 1, Confidence: 0.54, BBox: (133, 227, 296, 345)
2025-03-18 19:14:36,912 - log_time: 19:14:36.803; iteration: 9; image: 0; image_size: 751504; connection_time: 12387220068600; time_start_ns: 1742321676803749300; processing_time_ns: 64151500; time_end_ns: 1742321676912395900; signal_val: None; RSSI_val: None; data: Class ID: 0, Confidence: 0.69, BBox: (219, 170, 284, 310)
Class ID: 2, Confidence: 0.69, BBox: (282, 192, 438, 253)
Class ID: 1, Confidence: 0.54, BBox: (133, 227, 296, 345)
2025-03-18 19:14:37,024 - log_time: 19:14:36.912; iteration: 10; image: 0; image_size: 751504; connection_time: 12387220068600; time_start_ns: 1742321676912395900; processing_time_ns: 62524000; time_end_ns: 1742321677024526500; signal_val: None; RSSI_val: None; data: Class ID: 0, Confidence: 0.69, BBox: (219, 170, 284, 310)
Class ID: 2, Confidence: 0.69, BBox: (282, 192, 438, 253)
Class ID: 1, Confidence: 0.54, BBox: (133, 227, 296, 345)
2025-03-18 19:14:37,136 - log_time: 19:14:37.024; iteration: 11; image: 0; image_size: 751504; connection_time: 12387220068600; time_start_ns: 1742321677024526500; processing_time_ns: 60607000; time_end_ns: 1742321677136524600; signal_val: None; RSSI_val: None; data: Class ID: 0, Confidence: 0.69, BBox: (219, 170, 284, 310)
Class ID: 2, Confidence: 0.69, BBox: (282, 192, 438, 253)
Class ID: 1, Confidence: 0.54, BBox: (133, 227, 296, 345)
2025-03-18 19:14:37,282 - log_time: 19:14:37.136; iteration: 12; image: 0; image_size: 751504; connection_time: 12387220068600; time_start_ns: 1742321677136524600; processing_time_ns: 98471200; time_end_ns: 1742321677282840600; signal_val: None; RSSI_val: None; data: Class ID: 0, Confidence: 0.69, BBox: (219, 170, 284, 310)
Class ID: 2, Confidence: 0.69, BBox: (282, 192, 438, 253)
Class ID: 1, Confidence: 0.54, BBox: (133, 227, 296, 345)
2025-03-18 19:14:37,410 - log_time: 19:14:37.282; iteration: 13; image: 0; image_size: 751504; connection_time: 12387220068600; time_start_ns: 1742321677282840600; processing_time_ns: 66169600; time_end_ns: 1742321677410011300; signal_val: None; RSSI_val: None; data: Class ID: 0, Confidence: 0.69, BBox: (219, 170, 284, 310)
Class ID: 2, Confidence: 0.69, BBox: (282, 192, 438, 253)
Class ID: 1, Confidence: 0.54, BBox: (133, 227, 296, 345)
2025-03-18 19:14:37,523 - log_time: 19:14:37.410; iteration: 14; image: 0; image_size: 751504; connection_time: 12387220068600; time_start_ns: 1742321677410011300; processing_time_ns: 61823400; time_end_ns: 1742321677523779700; signal_val: None; RSSI_val: None; data: Class ID: 0, Confidence: 0.69, BBox: (219, 170, 284, 310)
Class ID: 2, Confidence: 0.69, BBox: (282, 192, 438, 253)
Class ID: 1, Confidence: 0.54, BBox: (133, 227, 296, 345)
2025-03-18 19:14:37,636 - log_time: 19:14:37.524; iteration: 15; image: 0; image_size: 751504; connection_time: 12387220068600; time_start_ns: 1742321677524781200; processing_time_ns: 63473900; time_end_ns: 1742321677636732300; signal_val: None; RSSI_val: None; data: Class ID: 0, Confidence: 0.69, BBox: (219, 170, 284, 310)
Class ID: 2, Confidence: 0.69, BBox: (282, 192, 438, 253)
Class ID: 1, Confidence: 0.54, BBox: (133, 227, 296, 345)
2025-03-18 19:14:37,749 - log_time: 19:14:37.636; iteration: 16; image: 0; image_size: 751504; connection_time: 12387220068600; time_start_ns: 1742321677636732300; processing_time_ns: 63243300; time_end_ns: 1742321677749270500; signal_val: None; RSSI_val: None; data: Class ID: 0, Confidence: 0.69, BBox: (219, 170, 284, 310)
Class ID: 2, Confidence: 0.69, BBox: (282, 192, 438, 253)
Class ID: 1, Confidence: 0.54, BBox: (133, 227, 296, 345)
2025-03-18 19:14:37,868 - log_time: 19:14:37.749; iteration: 17; image: 0; image_size: 751504; connection_time: 12387220068600; time_start_ns: 1742321677749270500; processing_time_ns: 71335600; time_end_ns: 1742321677868060800; signal_val: None; RSSI_val: None; data: Class ID: 0, Confidence: 0.69, BBox: (219, 170, 284, 310)
Class ID: 2, Confidence: 0.69, BBox: (282, 192, 438, 253)
Class ID: 1, Confidence: 0.54, BBox: (133, 227, 296, 345)
2025-03-18 19:14:37,996 - log_time: 19:14:37.868; iteration: 18; image: 0; image_size: 751504; connection_time: 12387220068600; time_start_ns: 1742321677868060800; processing_time_ns: 80106600; time_end_ns: 1742321677995442700; signal_val: None; RSSI_val: None; data: Class ID: 0, Confidence: 0.69, BBox: (219, 170, 284, 310)
Class ID: 2, Confidence: 0.69, BBox: (282, 192, 438, 253)
Class ID: 1, Confidence: 0.54, BBox: (133, 227, 296, 345)
2025-03-18 19:14:38,298 - log_time: 19:14:37.996; iteration: 19; image: 0; image_size: 751504; connection_time: 12387220068600; time_start_ns: 1742321677996444200; processing_time_ns: 236640300; time_end_ns: 1742321678297734900; signal_val: None; RSSI_val: None; data: Class ID: 0, Confidence: 0.69, BBox: (219, 170, 284, 310)
Class ID: 2, Confidence: 0.69, BBox: (282, 192, 438, 253)
Class ID: 1, Confidence: 0.54, BBox: (133, 227, 296, 345)
2025-03-18 19:14:38,446 - log_time: 19:14:38.299; iteration: 20; image: 0; image_size: 751504; connection_time: 12387220068600; time_start_ns: 1742321678299185600; processing_time_ns: 86356900; time_end_ns: 1742321678446714000; signal_val: None; RSSI_val: None; data: Class ID: 0, Confidence: 0.69, BBox: (219, 170, 284, 310)
Class ID: 2, Confidence: 0.69, BBox: (282, 192, 438, 253)
Class ID: 1, Confidence: 0.54, BBox: (133, 227, 296, 345)
2025-03-18 19:14:38,636 - log_time: 19:14:38.446; iteration: 21; image: 0; image_size: 751504; connection_time: 12387220068600; time_start_ns: 1742321678447723200; processing_time_ns: 126492900; time_end_ns: 1742321678636679000; signal_val: None; RSSI_val: None; data: Class ID: 0, Confidence: 0.69, BBox: (219, 170, 284, 310)
Class ID: 2, Confidence: 0.69, BBox: (282, 192, 438, 253)
Class ID: 1, Confidence: 0.54, BBox: (133, 227, 296, 345)
2025-03-18 19:14:38,855 - log_time: 19:14:38.637; iteration: 22; image: 0; image_size: 751504; connection_time: 12387220068600; time_start_ns: 1742321678637694100; processing_time_ns: 155631700; time_end_ns: 1742321678855178500; signal_val: None; RSSI_val: None; data: Class ID: 0, Confidence: 0.69, BBox: (219, 170, 284, 310)
Class ID: 2, Confidence: 0.69, BBox: (282, 192, 438, 253)
Class ID: 1, Confidence: 0.54, BBox: (133, 227, 296, 345)
2025-03-18 19:14:38,988 - log_time: 19:14:38.855; iteration: 23; image: 0; image_size: 751504; connection_time: 12387220068600; time_start_ns: 1742321678855708500; processing_time_ns: 73251800; time_end_ns: 1742321678986561500; signal_val: None; RSSI_val: None; data: Class ID: 0, Confidence: 0.69, BBox: (219, 170, 284, 310)
Class ID: 2, Confidence: 0.69, BBox: (282, 192, 438, 253)
Class ID: 1, Confidence: 0.54, BBox: (133, 227, 296, 345)
2025-03-18 19:14:39,106 - log_time: 19:14:38.988; iteration: 24; image: 0; image_size: 751504; connection_time: 12387220068600; time_start_ns: 1742321678988567900; processing_time_ns: 65620400; time_end_ns: 1742321679106904400; signal_val: None; RSSI_val: None; data: Class ID: 0, Confidence: 0.69, BBox: (219, 170, 284, 310)
Class ID: 2, Confidence: 0.69, BBox: (282, 192, 438, 253)
Class ID: 1, Confidence: 0.54, BBox: (133, 227, 296, 345)
2025-03-18 19:14:39,227 - log_time: 19:14:39.107; iteration: 25; image: 0; image_size: 751504; connection_time: 12387220068600; time_start_ns: 1742321679107395700; processing_time_ns: 68402700; time_end_ns: 1742321679227922300; signal_val: None; RSSI_val: None; data: Class ID: 0, Confidence: 0.69, BBox: (219, 170, 284, 310)
Class ID: 2, Confidence: 0.69, BBox: (282, 192, 438, 253)
Class ID: 1, Confidence: 0.54, BBox: (133, 227, 296, 345)
2025-03-18 19:14:39,348 - log_time: 19:14:39.229; iteration: 26; image: 0; image_size: 751504; connection_time: 12387220068600; time_start_ns: 1742321679229929300; processing_time_ns: 70265200; time_end_ns: 1742321679348243800; signal_val: None; RSSI_val: None; data: Class ID: 0, Confidence: 0.69, BBox: (219, 170, 284, 310)
Class ID: 2, Confidence: 0.69, BBox: (282, 192, 438, 253)
Class ID: 1, Confidence: 0.54, BBox: (133, 227, 296, 345)
2025-03-18 19:14:39,470 - log_time: 19:14:39.349; iteration: 27; image: 0; image_size: 751504; connection_time: 12387220068600; time_start_ns: 1742321679349246700; processing_time_ns: 71610900; time_end_ns: 1742321679470751400; signal_val: None; RSSI_val: None; data: Class ID: 0, Confidence: 0.69, BBox: (219, 170, 284, 310)
Class ID: 2, Confidence: 0.69, BBox: (282, 192, 438, 253)
Class ID: 1, Confidence: 0.54, BBox: (133, 227, 296, 345)
2025-03-18 19:14:39,595 - log_time: 19:14:39.470; iteration: 28; image: 0; image_size: 751504; connection_time: 12387220068600; time_start_ns: 1742321679470751400; processing_time_ns: 75733600; time_end_ns: 1742321679595790500; signal_val: None; RSSI_val: None; data: Class ID: 0, Confidence: 0.69, BBox: (219, 170, 284, 310)
Class ID: 2, Confidence: 0.69, BBox: (282, 192, 438, 253)
Class ID: 1, Confidence: 0.54, BBox: (133, 227, 296, 345)
2025-03-18 19:14:39,733 - log_time: 19:14:39.596; iteration: 29; image: 0; image_size: 751504; connection_time: 12387220068600; time_start_ns: 1742321679596790800; processing_time_ns: 79474900; time_end_ns: 1742321679733667600; signal_val: None; RSSI_val: None; data: Class ID: 0, Confidence: 0.69, BBox: (219, 170, 284, 310)
Class ID: 2, Confidence: 0.69, BBox: (282, 192, 438, 253)
Class ID: 1, Confidence: 0.54, BBox: (133, 227, 296, 345)
2025-03-18 19:14:39,895 - log_time: 19:14:39.733; iteration: 30; image: 0; image_size: 751504; connection_time: 12387220068600; time_start_ns: 1742321679733667600; processing_time_ns: 106041000; time_end_ns: 1742321679895780900; signal_val: None; RSSI_val: None; data: Class ID: 0, Confidence: 0.69, BBox: (219, 170, 284, 310)
Class ID: 2, Confidence: 0.69, BBox: (282, 192, 438, 253)
Class ID: 1, Confidence: 0.54, BBox: (133, 227, 296, 345)
2025-03-18 19:14:40,085 - log_time: 19:14:39.895; iteration: 31; image: 0; image_size: 751504; connection_time: 12387220068600; time_start_ns: 1742321679895780900; processing_time_ns: 134135100; time_end_ns: 1742321680085456400; signal_val: None; RSSI_val: None; data: Class ID: 0, Confidence: 0.69, BBox: (219, 170, 284, 310)
Class ID: 2, Confidence: 0.69, BBox: (282, 192, 438, 253)
Class ID: 1, Confidence: 0.54, BBox: (133, 227, 296, 345)
2025-03-18 19:14:40,387 - log_time: 19:14:40.086; iteration: 32; image: 0; image_size: 751504; connection_time: 12387220068600; time_start_ns: 1742321680086457700; processing_time_ns: 223245600; time_end_ns: 1742321680387081400; signal_val: None; RSSI_val: None; data: Class ID: 0, Confidence: 0.69, BBox: (219, 170, 284, 310)
Class ID: 2, Confidence: 0.69, BBox: (282, 192, 438, 253)
Class ID: 1, Confidence: 0.54, BBox: (133, 227, 296, 345)
2025-03-18 19:14:40,546 - log_time: 19:14:40.389; iteration: 33; image: 0; image_size: 751504; connection_time: 12387220068600; time_start_ns: 1742321680389069700; processing_time_ns: 94283400; time_end_ns: 1742321680546692600; signal_val: None; RSSI_val: None; data: Class ID: 0, Confidence: 0.69, BBox: (219, 170, 284, 310)
Class ID: 2, Confidence: 0.69, BBox: (282, 192, 438, 253)
Class ID: 1, Confidence: 0.54, BBox: (133, 227, 296, 345)
2025-03-18 19:14:40,744 - log_time: 19:14:40.547; iteration: 34; image: 0; image_size: 751504; connection_time: 12387220068600; time_start_ns: 1742321680547693400; processing_time_ns: 123169800; time_end_ns: 1742321680744011000; signal_val: None; RSSI_val: None; data: Class ID: 0, Confidence: 0.69, BBox: (219, 170, 284, 310)
Class ID: 2, Confidence: 0.69, BBox: (282, 192, 438, 253)
Class ID: 1, Confidence: 0.54, BBox: (133, 227, 296, 345)
2025-03-18 19:14:40,880 - log_time: 19:14:40.745; iteration: 35; image: 0; image_size: 751504; connection_time: 12387220068600; time_start_ns: 1742321680745564400; processing_time_ns: 71007700; time_end_ns: 1742321680880455000; signal_val: None; RSSI_val: None; data: Class ID: 0, Confidence: 0.69, BBox: (219, 170, 284, 310)
Class ID: 2, Confidence: 0.69, BBox: (282, 192, 438, 253)
Class ID: 1, Confidence: 0.54, BBox: (133, 227, 296, 345)
2025-03-18 19:14:41,006 - log_time: 19:14:40.880; iteration: 36; image: 0; image_size: 751504; connection_time: 12387220068600; time_start_ns: 1742321680880455000; processing_time_ns: 69814100; time_end_ns: 1742321681006842400; signal_val: None; RSSI_val: None; data: Class ID: 0, Confidence: 0.69, BBox: (219, 170, 284, 310)
Class ID: 2, Confidence: 0.69, BBox: (282, 192, 438, 253)
Class ID: 1, Confidence: 0.54, BBox: (133, 227, 296, 345)
2025-03-18 19:14:41,178 - log_time: 19:14:41.007; iteration: 37; image: 0; image_size: 751504; connection_time: 12387220068600; time_start_ns: 1742321681007420900; processing_time_ns: 117901300; time_end_ns: 1742321681177388600; signal_val: None; RSSI_val: None; data: Class ID: 0, Confidence: 0.69, BBox: (219, 170, 284, 310)
Class ID: 2, Confidence: 0.69, BBox: (282, 192, 438, 253)
Class ID: 1, Confidence: 0.54, BBox: (133, 227, 296, 345)
2025-03-18 19:14:41,309 - log_time: 19:14:41.178; iteration: 38; image: 0; image_size: 751504; connection_time: 12387220068600; time_start_ns: 1742321681178577500; processing_time_ns: 77983700; time_end_ns: 1742321681309520100; signal_val: None; RSSI_val: None; data: Class ID: 0, Confidence: 0.69, BBox: (219, 170, 284, 310)
Class ID: 2, Confidence: 0.69, BBox: (282, 192, 438, 253)
Class ID: 1, Confidence: 0.54, BBox: (133, 227, 296, 345)
2025-03-18 19:14:41,428 - log_time: 19:14:41.309; iteration: 39; image: 0; image_size: 751504; connection_time: 12387220068600; time_start_ns: 1742321681309520100; processing_time_ns: 67138100; time_end_ns: 1742321681428309900; signal_val: None; RSSI_val: None; data: Class ID: 0, Confidence: 0.69, BBox: (219, 170, 284, 310)
Class ID: 2, Confidence: 0.69, BBox: (282, 192, 438, 253)
Class ID: 1, Confidence: 0.54, BBox: (133, 227, 296, 345)
2025-03-18 19:14:41,545 - log_time: 19:14:41.430; iteration: 40; image: 0; image_size: 751504; connection_time: 12387220068600; time_start_ns: 1742321681430277800; processing_time_ns: 67382800; time_end_ns: 1742321681545367700; signal_val: None; RSSI_val: None; data: Class ID: 0, Confidence: 0.69, BBox: (219, 170, 284, 310)
Class ID: 2, Confidence: 0.69, BBox: (282, 192, 438, 253)
Class ID: 1, Confidence: 0.54, BBox: (133, 227, 296, 345)
2025-03-18 19:14:41,670 - log_time: 19:14:41.545; iteration: 41; image: 0; image_size: 751504; connection_time: 12387220068600; time_start_ns: 1742321681545367700; processing_time_ns: 74421200; time_end_ns: 1742321681670510100; signal_val: None; RSSI_val: None; data: Class ID: 0, Confidence: 0.69, BBox: (219, 170, 284, 310)
Class ID: 2, Confidence: 0.69, BBox: (282, 192, 438, 253)
Class ID: 1, Confidence: 0.54, BBox: (133, 227, 296, 345)
2025-03-18 19:14:41,785 - log_time: 19:14:41.670; iteration: 42; image: 0; image_size: 751504; connection_time: 12387220068600; time_start_ns: 1742321681670510100; processing_time_ns: 64999000; time_end_ns: 1742321681785532800; signal_val: None; RSSI_val: None; data: Class ID: 0, Confidence: 0.69, BBox: (219, 170, 284, 310)
Class ID: 2, Confidence: 0.69, BBox: (282, 192, 438, 253)
Class ID: 1, Confidence: 0.54, BBox: (133, 227, 296, 345)
2025-03-18 19:14:41,906 - log_time: 19:14:41.787; iteration: 43; image: 0; image_size: 751504; connection_time: 12387220068600; time_start_ns: 1742321681787539500; processing_time_ns: 67177900; time_end_ns: 1742321681906059900; signal_val: None; RSSI_val: None; data: Class ID: 0, Confidence: 0.69, BBox: (219, 170, 284, 310)
Class ID: 2, Confidence: 0.69, BBox: (282, 192, 438, 253)
Class ID: 1, Confidence: 0.54, BBox: (133, 227, 296, 345)
2025-03-18 19:14:42,018 - log_time: 19:14:41.906; iteration: 44; image: 0; image_size: 751504; connection_time: 12387220068600; time_start_ns: 1742321681906059900; processing_time_ns: 64415400; time_end_ns: 1742321682018813500; signal_val: None; RSSI_val: None; data: Class ID: 0, Confidence: 0.69, BBox: (219, 170, 284, 310)
Class ID: 2, Confidence: 0.69, BBox: (282, 192, 438, 253)
Class ID: 1, Confidence: 0.54, BBox: (133, 227, 296, 345)
2025-03-18 19:14:42,126 - log_time: 19:14:42.018; iteration: 45; image: 0; image_size: 751504; connection_time: 12387220068600; time_start_ns: 1742321682018813500; processing_time_ns: 59811500; time_end_ns: 1742321682126335000; signal_val: None; RSSI_val: None; data: Class ID: 0, Confidence: 0.69, BBox: (219, 170, 284, 310)
Class ID: 2, Confidence: 0.69, BBox: (282, 192, 438, 253)
Class ID: 1, Confidence: 0.54, BBox: (133, 227, 296, 345)
2025-03-18 19:14:42,241 - log_time: 19:14:42.129; iteration: 46; image: 0; image_size: 751504; connection_time: 12387220068600; time_start_ns: 1742321682129723300; processing_time_ns: 63075800; time_end_ns: 1742321682241903100; signal_val: None; RSSI_val: None; data: Class ID: 0, Confidence: 0.69, BBox: (219, 170, 284, 310)
Class ID: 2, Confidence: 0.69, BBox: (282, 192, 438, 253)
Class ID: 1, Confidence: 0.54, BBox: (133, 227, 296, 345)
2025-03-18 19:14:42,354 - log_time: 19:14:42.241; iteration: 47; image: 0; image_size: 751504; connection_time: 12387220068600; time_start_ns: 1742321682241903100; processing_time_ns: 61765600; time_end_ns: 1742321682354607700; signal_val: None; RSSI_val: None; data: Class ID: 0, Confidence: 0.69, BBox: (219, 170, 284, 310)
Class ID: 2, Confidence: 0.69, BBox: (282, 192, 438, 253)
Class ID: 1, Confidence: 0.54, BBox: (133, 227, 296, 345)
2025-03-18 19:14:42,465 - log_time: 19:14:42.354; iteration: 48; image: 0; image_size: 751504; connection_time: 12387220068600; time_start_ns: 1742321682355492300; processing_time_ns: 64288400; time_end_ns: 1742321682465329200; signal_val: None; RSSI_val: None; data: Class ID: 0, Confidence: 0.69, BBox: (219, 170, 284, 310)
Class ID: 2, Confidence: 0.69, BBox: (282, 192, 438, 253)
Class ID: 1, Confidence: 0.54, BBox: (133, 227, 296, 345)
2025-03-18 19:14:42,575 - log_time: 19:14:42.465; iteration: 49; image: 0; image_size: 751504; connection_time: 12387220068600; time_start_ns: 1742321682465329200; processing_time_ns: 62645200; time_end_ns: 1742321682575490700; signal_val: None; RSSI_val: None; data: Class ID: 0, Confidence: 0.69, BBox: (219, 170, 284, 310)
Class ID: 2, Confidence: 0.69, BBox: (282, 192, 438, 253)
Class ID: 1, Confidence: 0.54, BBox: (133, 227, 296, 345)
2025-03-18 19:14:42,689 - log_time: 19:14:42.576; iteration: 50; image: 0; image_size: 751504; connection_time: 12387220068600; time_start_ns: 1742321682576490700; processing_time_ns: 66556200; time_end_ns: 1742321682688669200; signal_val: None; RSSI_val: None; data: Class ID: 0, Confidence: 0.69, BBox: (219, 170, 284, 310)
Class ID: 2, Confidence: 0.69, BBox: (282, 192, 438, 253)
Class ID: 1, Confidence: 0.54, BBox: (133, 227, 296, 345)
2025-03-18 19:14:42,801 - log_time: 19:14:42.689; iteration: 51; image: 0; image_size: 751504; connection_time: 12387220068600; time_start_ns: 1742321682689739600; processing_time_ns: 62796600; time_end_ns: 1742321682801680000; signal_val: None; RSSI_val: None; data: Class ID: 0, Confidence: 0.69, BBox: (219, 170, 284, 310)
Class ID: 2, Confidence: 0.69, BBox: (282, 192, 438, 253)
Class ID: 1, Confidence: 0.54, BBox: (133, 227, 296, 345)
2025-03-18 19:14:42,918 - log_time: 19:14:42.801; iteration: 52; image: 0; image_size: 751504; connection_time: 12387220068600; time_start_ns: 1742321682801680000; processing_time_ns: 63218700; time_end_ns: 1742321682918525800; signal_val: None; RSSI_val: None; data: Class ID: 0, Confidence: 0.69, BBox: (219, 170, 284, 310)
Class ID: 2, Confidence: 0.69, BBox: (282, 192, 438, 253)
Class ID: 1, Confidence: 0.54, BBox: (133, 227, 296, 345)
2025-03-18 19:14:43,031 - log_time: 19:14:42.918; iteration: 53; image: 0; image_size: 751504; connection_time: 12387220068600; time_start_ns: 1742321682918525800; processing_time_ns: 63208300; time_end_ns: 1742321683031072800; signal_val: None; RSSI_val: None; data: Class ID: 0, Confidence: 0.69, BBox: (219, 170, 284, 310)
Class ID: 2, Confidence: 0.69, BBox: (282, 192, 438, 253)
Class ID: 1, Confidence: 0.54, BBox: (133, 227, 296, 345)
2025-03-18 19:14:43,153 - log_time: 19:14:43.031; iteration: 54; image: 0; image_size: 751504; connection_time: 12387220068600; time_start_ns: 1742321683031072800; processing_time_ns: 66604800; time_end_ns: 1742321683153838300; signal_val: None; RSSI_val: None; data: Class ID: 0, Confidence: 0.69, BBox: (219, 170, 284, 310)
Class ID: 2, Confidence: 0.69, BBox: (282, 192, 438, 253)
Class ID: 1, Confidence: 0.54, BBox: (133, 227, 296, 345)
2025-03-18 19:14:43,267 - log_time: 19:14:43.153; iteration: 55; image: 0; image_size: 751504; connection_time: 12387220068600; time_start_ns: 1742321683154342900; processing_time_ns: 67432700; time_end_ns: 1742321683267385700; signal_val: None; RSSI_val: None; data: Class ID: 0, Confidence: 0.69, BBox: (219, 170, 284, 310)
Class ID: 2, Confidence: 0.69, BBox: (282, 192, 438, 253)
Class ID: 1, Confidence: 0.54, BBox: (133, 227, 296, 345)
2025-03-18 19:14:43,382 - log_time: 19:14:43.267; iteration: 56; image: 0; image_size: 751504; connection_time: 12387220068600; time_start_ns: 1742321683267385700; processing_time_ns: 64463900; time_end_ns: 1742321683382907300; signal_val: None; RSSI_val: None; data: Class ID: 0, Confidence: 0.69, BBox: (219, 170, 284, 310)
Class ID: 2, Confidence: 0.69, BBox: (282, 192, 438, 253)
Class ID: 1, Confidence: 0.54, BBox: (133, 227, 296, 345)
2025-03-18 19:14:43,495 - log_time: 19:14:43.382; iteration: 57; image: 0; image_size: 751504; connection_time: 12387220068600; time_start_ns: 1742321683382907300; processing_time_ns: 61791600; time_end_ns: 1742321683494805800; signal_val: None; RSSI_val: None; data: Class ID: 0, Confidence: 0.69, BBox: (219, 170, 284, 310)
Class ID: 2, Confidence: 0.69, BBox: (282, 192, 438, 253)
Class ID: 1, Confidence: 0.54, BBox: (133, 227, 296, 345)
2025-03-18 19:14:43,609 - log_time: 19:14:43.495; iteration: 58; image: 0; image_size: 751504; connection_time: 12387220068600; time_start_ns: 1742321683495806000; processing_time_ns: 66004400; time_end_ns: 1742321683609949600; signal_val: None; RSSI_val: None; data: Class ID: 0, Confidence: 0.69, BBox: (219, 170, 284, 310)
Class ID: 2, Confidence: 0.69, BBox: (282, 192, 438, 253)
Class ID: 1, Confidence: 0.54, BBox: (133, 227, 296, 345)
2025-03-18 19:14:43,720 - log_time: 19:14:43.609; iteration: 59; image: 0; image_size: 751504; connection_time: 12387220068600; time_start_ns: 1742321683609949600; processing_time_ns: 60680000; time_end_ns: 1742321683720976900; signal_val: None; RSSI_val: None; data: Class ID: 0, Confidence: 0.69, BBox: (219, 170, 284, 310)
Class ID: 2, Confidence: 0.69, BBox: (282, 192, 438, 253)
Class ID: 1, Confidence: 0.54, BBox: (133, 227, 296, 345)
2025-03-18 19:14:43,839 - log_time: 19:14:43.720; iteration: 60; image: 0; image_size: 751504; connection_time: 12387220068600; time_start_ns: 1742321683720976900; processing_time_ns: 68232100; time_end_ns: 1742321683838607100; signal_val: None; RSSI_val: None; data: Class ID: 0, Confidence: 0.69, BBox: (219, 170, 284, 310)
Class ID: 2, Confidence: 0.69, BBox: (282, 192, 438, 253)
Class ID: 1, Confidence: 0.54, BBox: (133, 227, 296, 345)
2025-03-18 19:14:43,948 - log_time: 19:14:43.839; iteration: 61; image: 0; image_size: 751504; connection_time: 12387220068600; time_start_ns: 1742321683839614500; processing_time_ns: 74512300; time_end_ns: 1742321683948673100; signal_val: None; RSSI_val: None; data: Class ID: 0, Confidence: 0.69, BBox: (219, 170, 284, 310)
Class ID: 2, Confidence: 0.69, BBox: (282, 192, 438, 253)
Class ID: 1, Confidence: 0.54, BBox: (133, 227, 296, 345)
2025-03-18 19:14:44,095 - log_time: 19:14:43.951; iteration: 62; image: 0; image_size: 751504; connection_time: 12387220068600; time_start_ns: 1742321683951489900; processing_time_ns: 89618100; time_end_ns: 1742321684094945000; signal_val: None; RSSI_val: None; data: Class ID: 0, Confidence: 0.69, BBox: (219, 170, 284, 310)
Class ID: 2, Confidence: 0.69, BBox: (282, 192, 438, 253)
Class ID: 1, Confidence: 0.54, BBox: (133, 227, 296, 345)
2025-03-18 19:14:44,205 - log_time: 19:14:44.095; iteration: 63; image: 0; image_size: 751504; connection_time: 12387220068600; time_start_ns: 1742321684095945100; processing_time_ns: 61203700; time_end_ns: 1742321684205778900; signal_val: None; RSSI_val: None; data: Class ID: 0, Confidence: 0.69, BBox: (219, 170, 284, 310)
Class ID: 2, Confidence: 0.69, BBox: (282, 192, 438, 253)
Class ID: 1, Confidence: 0.54, BBox: (133, 227, 296, 345)
2025-03-18 19:14:44,317 - log_time: 19:14:44.205; iteration: 64; image: 0; image_size: 751504; connection_time: 12387220068600; time_start_ns: 1742321684205778900; processing_time_ns: 60440400; time_end_ns: 1742321684317233900; signal_val: None; RSSI_val: None; data: Class ID: 0, Confidence: 0.69, BBox: (219, 170, 284, 310)
Class ID: 2, Confidence: 0.69, BBox: (282, 192, 438, 253)
Class ID: 1, Confidence: 0.54, BBox: (133, 227, 296, 345)
2025-03-18 19:14:44,442 - log_time: 19:14:44.317; iteration: 65; image: 0; image_size: 751504; connection_time: 12387220068600; time_start_ns: 1742321684317233900; processing_time_ns: 76878600; time_end_ns: 1742321684442791000; signal_val: None; RSSI_val: None; data: Class ID: 0, Confidence: 0.69, BBox: (219, 170, 284, 310)
Class ID: 2, Confidence: 0.69, BBox: (282, 192, 438, 253)
Class ID: 1, Confidence: 0.54, BBox: (133, 227, 296, 345)
2025-03-18 19:14:44,595 - log_time: 19:14:44.443; iteration: 66; image: 0; image_size: 751504; connection_time: 12387220068600; time_start_ns: 1742321684443314300; processing_time_ns: 82169700; time_end_ns: 1742321684595581600; signal_val: None; RSSI_val: None; data: Class ID: 0, Confidence: 0.69, BBox: (219, 170, 284, 310)
Class ID: 2, Confidence: 0.69, BBox: (282, 192, 438, 253)
Class ID: 1, Confidence: 0.54, BBox: (133, 227, 296, 345)
2025-03-18 19:14:44,708 - log_time: 19:14:44.595; iteration: 67; image: 0; image_size: 751504; connection_time: 12387220068600; time_start_ns: 1742321684595581600; processing_time_ns: 63453000; time_end_ns: 1742321684708178300; signal_val: None; RSSI_val: None; data: Class ID: 0, Confidence: 0.69, BBox: (219, 170, 284, 310)
Class ID: 2, Confidence: 0.69, BBox: (282, 192, 438, 253)
Class ID: 1, Confidence: 0.54, BBox: (133, 227, 296, 345)
2025-03-18 19:14:44,820 - log_time: 19:14:44.708; iteration: 68; image: 0; image_size: 751504; connection_time: 12387220068600; time_start_ns: 1742321684708178300; processing_time_ns: 59001600; time_end_ns: 1742321684820137600; signal_val: None; RSSI_val: None; data: Class ID: 0, Confidence: 0.69, BBox: (219, 170, 284, 310)
Class ID: 2, Confidence: 0.69, BBox: (282, 192, 438, 253)
Class ID: 1, Confidence: 0.54, BBox: (133, 227, 296, 345)
2025-03-18 19:14:44,931 - log_time: 19:14:44.820; iteration: 69; image: 0; image_size: 751504; connection_time: 12387220068600; time_start_ns: 1742321684821144000; processing_time_ns: 61788300; time_end_ns: 1742321684931776500; signal_val: None; RSSI_val: None; data: Class ID: 0, Confidence: 0.69, BBox: (219, 170, 284, 310)
Class ID: 2, Confidence: 0.69, BBox: (282, 192, 438, 253)
Class ID: 1, Confidence: 0.54, BBox: (133, 227, 296, 345)
2025-03-18 19:14:45,048 - log_time: 19:14:44.931; iteration: 70; image: 0; image_size: 751504; connection_time: 12387220068600; time_start_ns: 1742321684931776500; processing_time_ns: 67372500; time_end_ns: 1742321685048190200; signal_val: None; RSSI_val: None; data: Class ID: 0, Confidence: 0.69, BBox: (219, 170, 284, 310)
Class ID: 2, Confidence: 0.69, BBox: (282, 192, 438, 253)
Class ID: 1, Confidence: 0.54, BBox: (133, 227, 296, 345)
2025-03-18 19:14:45,167 - log_time: 19:14:45.048; iteration: 71; image: 0; image_size: 751504; connection_time: 12387220068600; time_start_ns: 1742321685048190200; processing_time_ns: 69524700; time_end_ns: 1742321685167100000; signal_val: None; RSSI_val: None; data: Class ID: 0, Confidence: 0.69, BBox: (219, 170, 284, 310)
Class ID: 2, Confidence: 0.69, BBox: (282, 192, 438, 253)
Class ID: 1, Confidence: 0.54, BBox: (133, 227, 296, 345)
2025-03-18 19:14:45,282 - log_time: 19:14:45.167; iteration: 72; image: 0; image_size: 751504; connection_time: 12387220068600; time_start_ns: 1742321685167621000; processing_time_ns: 63877300; time_end_ns: 1742321685282660000; signal_val: None; RSSI_val: None; data: Class ID: 0, Confidence: 0.69, BBox: (219, 170, 284, 310)
Class ID: 2, Confidence: 0.69, BBox: (282, 192, 438, 253)
Class ID: 1, Confidence: 0.54, BBox: (133, 227, 296, 345)
2025-03-18 19:14:45,398 - log_time: 19:14:45.282; iteration: 73; image: 0; image_size: 751504; connection_time: 12387220068600; time_start_ns: 1742321685282660000; processing_time_ns: 64766300; time_end_ns: 1742321685398890200; signal_val: None; RSSI_val: None; data: Class ID: 0, Confidence: 0.69, BBox: (219, 170, 284, 310)
Class ID: 2, Confidence: 0.69, BBox: (282, 192, 438, 253)
Class ID: 1, Confidence: 0.54, BBox: (133, 227, 296, 345)
2025-03-18 19:14:45,509 - log_time: 19:14:45.398; iteration: 74; image: 0; image_size: 751504; connection_time: 12387220068600; time_start_ns: 1742321685398890200; processing_time_ns: 61653800; time_end_ns: 1742321685509419100; signal_val: None; RSSI_val: None; data: Class ID: 0, Confidence: 0.69, BBox: (219, 170, 284, 310)
Class ID: 2, Confidence: 0.69, BBox: (282, 192, 438, 253)
Class ID: 1, Confidence: 0.54, BBox: (133, 227, 296, 345)
2025-03-18 19:14:45,624 - log_time: 19:14:45.509; iteration: 75; image: 0; image_size: 751504; connection_time: 12387220068600; time_start_ns: 1742321685509419100; processing_time_ns: 63743500; time_end_ns: 1742321685623734600; signal_val: None; RSSI_val: None; data: Class ID: 0, Confidence: 0.69, BBox: (219, 170, 284, 310)
Class ID: 2, Confidence: 0.69, BBox: (282, 192, 438, 253)
Class ID: 1, Confidence: 0.54, BBox: (133, 227, 296, 345)
2025-03-18 19:14:45,737 - log_time: 19:14:45.624; iteration: 76; image: 0; image_size: 751504; connection_time: 12387220068600; time_start_ns: 1742321685624734300; processing_time_ns: 63278500; time_end_ns: 1742321685737761700; signal_val: None; RSSI_val: None; data: Class ID: 0, Confidence: 0.69, BBox: (219, 170, 284, 310)
Class ID: 2, Confidence: 0.69, BBox: (282, 192, 438, 253)
Class ID: 1, Confidence: 0.54, BBox: (133, 227, 296, 345)
2025-03-18 19:14:45,849 - log_time: 19:14:45.737; iteration: 77; image: 0; image_size: 751504; connection_time: 12387220068600; time_start_ns: 1742321685738262400; processing_time_ns: 65177700; time_end_ns: 1742321685849449500; signal_val: None; RSSI_val: None; data: Class ID: 0, Confidence: 0.69, BBox: (219, 170, 284, 310)
Class ID: 2, Confidence: 0.69, BBox: (282, 192, 438, 253)
Class ID: 1, Confidence: 0.54, BBox: (133, 227, 296, 345)
2025-03-18 19:14:45,965 - log_time: 19:14:45.851; iteration: 78; image: 0; image_size: 751504; connection_time: 12387220068600; time_start_ns: 1742321685851455200; processing_time_ns: 68631500; time_end_ns: 1742321685965313700; signal_val: None; RSSI_val: None; data: Class ID: 0, Confidence: 0.69, BBox: (219, 170, 284, 310)
Class ID: 2, Confidence: 0.69, BBox: (282, 192, 438, 253)
Class ID: 1, Confidence: 0.54, BBox: (133, 227, 296, 345)
2025-03-18 19:14:46,085 - log_time: 19:14:45.965; iteration: 79; image: 0; image_size: 751504; connection_time: 12387220068600; time_start_ns: 1742321685965313700; processing_time_ns: 72198700; time_end_ns: 1742321686085826000; signal_val: None; RSSI_val: None; data: Class ID: 0, Confidence: 0.69, BBox: (219, 170, 284, 310)
Class ID: 2, Confidence: 0.69, BBox: (282, 192, 438, 253)
Class ID: 1, Confidence: 0.54, BBox: (133, 227, 296, 345)
2025-03-18 19:14:46,199 - log_time: 19:14:46.085; iteration: 80; image: 0; image_size: 751504; connection_time: 12387220068600; time_start_ns: 1742321686085826000; processing_time_ns: 65207800; time_end_ns: 1742321686199381800; signal_val: None; RSSI_val: None; data: Class ID: 0, Confidence: 0.69, BBox: (219, 170, 284, 310)
Class ID: 2, Confidence: 0.69, BBox: (282, 192, 438, 253)
Class ID: 1, Confidence: 0.54, BBox: (133, 227, 296, 345)
2025-03-18 19:14:46,311 - log_time: 19:14:46.199; iteration: 81; image: 0; image_size: 751504; connection_time: 12387220068600; time_start_ns: 1742321686199381800; processing_time_ns: 60693000; time_end_ns: 1742321686311043700; signal_val: None; RSSI_val: None; data: Class ID: 0, Confidence: 0.69, BBox: (219, 170, 284, 310)
Class ID: 2, Confidence: 0.69, BBox: (282, 192, 438, 253)
Class ID: 1, Confidence: 0.54, BBox: (133, 227, 296, 345)
2025-03-18 19:14:46,421 - log_time: 19:14:46.311; iteration: 82; image: 0; image_size: 751504; connection_time: 12387220068600; time_start_ns: 1742321686311043700; processing_time_ns: 61792600; time_end_ns: 1742321686421629900; signal_val: None; RSSI_val: None; data: Class ID: 0, Confidence: 0.69, BBox: (219, 170, 284, 310)
Class ID: 2, Confidence: 0.69, BBox: (282, 192, 438, 253)
Class ID: 1, Confidence: 0.54, BBox: (133, 227, 296, 345)
2025-03-18 19:14:46,532 - log_time: 19:14:46.421; iteration: 83; image: 0; image_size: 751504; connection_time: 12387220068600; time_start_ns: 1742321686421629900; processing_time_ns: 63102700; time_end_ns: 1742321686532711600; signal_val: None; RSSI_val: None; data: Class ID: 0, Confidence: 0.69, BBox: (219, 170, 284, 310)
Class ID: 2, Confidence: 0.69, BBox: (282, 192, 438, 253)
Class ID: 1, Confidence: 0.54, BBox: (133, 227, 296, 345)
2025-03-18 19:14:46,648 - log_time: 19:14:46.532; iteration: 84; image: 0; image_size: 751504; connection_time: 12387220068600; time_start_ns: 1742321686532711600; processing_time_ns: 64293000; time_end_ns: 1742321686648112000; signal_val: None; RSSI_val: None; data: Class ID: 0, Confidence: 0.69, BBox: (219, 170, 284, 310)
Class ID: 2, Confidence: 0.69, BBox: (282, 192, 438, 253)
Class ID: 1, Confidence: 0.54, BBox: (133, 227, 296, 345)
2025-03-18 19:14:46,759 - log_time: 19:14:46.648; iteration: 85; image: 0; image_size: 751504; connection_time: 12387220068600; time_start_ns: 1742321686648112000; processing_time_ns: 60127000; time_end_ns: 1742321686759003900; signal_val: None; RSSI_val: None; data: Class ID: 0, Confidence: 0.69, BBox: (219, 170, 284, 310)
Class ID: 2, Confidence: 0.69, BBox: (282, 192, 438, 253)
Class ID: 1, Confidence: 0.54, BBox: (133, 227, 296, 345)
2025-03-18 19:14:46,874 - log_time: 19:14:46.759; iteration: 86; image: 0; image_size: 751504; connection_time: 12387220068600; time_start_ns: 1742321686759003900; processing_time_ns: 64968100; time_end_ns: 1742321686874451000; signal_val: None; RSSI_val: None; data: Class ID: 0, Confidence: 0.69, BBox: (219, 170, 284, 310)
Class ID: 2, Confidence: 0.69, BBox: (282, 192, 438, 253)
Class ID: 1, Confidence: 0.54, BBox: (133, 227, 296, 345)
2025-03-18 19:14:46,996 - log_time: 19:14:46.876; iteration: 87; image: 0; image_size: 751504; connection_time: 12387220068600; time_start_ns: 1742321686876596000; processing_time_ns: 65550900; time_end_ns: 1742321686996790400; signal_val: None; RSSI_val: None; data: Class ID: 0, Confidence: 0.69, BBox: (219, 170, 284, 310)
Class ID: 2, Confidence: 0.69, BBox: (282, 192, 438, 253)
Class ID: 1, Confidence: 0.54, BBox: (133, 227, 296, 345)
2025-03-18 19:14:47,141 - log_time: 19:14:46.997; iteration: 88; image: 0; image_size: 751504; connection_time: 12387220068600; time_start_ns: 1742321686997791800; processing_time_ns: 61497400; time_end_ns: 1742321687141301800; signal_val: None; RSSI_val: None; data: Class ID: 0, Confidence: 0.69, BBox: (219, 170, 284, 310)
Class ID: 2, Confidence: 0.69, BBox: (282, 192, 438, 253)
Class ID: 1, Confidence: 0.54, BBox: (133, 227, 296, 345)
2025-03-18 19:14:47,260 - log_time: 19:14:47.142; iteration: 89; image: 0; image_size: 751504; connection_time: 12387220068600; time_start_ns: 1742321687142302200; processing_time_ns: 71502900; time_end_ns: 1742321687260215800; signal_val: None; RSSI_val: None; data: Class ID: 0, Confidence: 0.69, BBox: (219, 170, 284, 310)
Class ID: 2, Confidence: 0.69, BBox: (282, 192, 438, 253)
Class ID: 1, Confidence: 0.54, BBox: (133, 227, 296, 345)
2025-03-18 19:14:47,378 - log_time: 19:14:47.260; iteration: 90; image: 0; image_size: 751504; connection_time: 12387220068600; time_start_ns: 1742321687260742800; processing_time_ns: 62138900; time_end_ns: 1742321687378330000; signal_val: None; RSSI_val: None; data: Class ID: 0, Confidence: 0.69, BBox: (219, 170, 284, 310)
Class ID: 2, Confidence: 0.69, BBox: (282, 192, 438, 253)
Class ID: 1, Confidence: 0.54, BBox: (133, 227, 296, 345)
2025-03-18 19:14:47,489 - log_time: 19:14:47.378; iteration: 91; image: 0; image_size: 751504; connection_time: 12387220068600; time_start_ns: 1742321687378330000; processing_time_ns: 59910800; time_end_ns: 1742321687489139700; signal_val: None; RSSI_val: None; data: Class ID: 0, Confidence: 0.69, BBox: (219, 170, 284, 310)
Class ID: 2, Confidence: 0.69, BBox: (282, 192, 438, 253)
Class ID: 1, Confidence: 0.54, BBox: (133, 227, 296, 345)
2025-03-18 19:14:47,598 - log_time: 19:14:47.489; iteration: 92; image: 0; image_size: 751504; connection_time: 12387220068600; time_start_ns: 1742321687489139700; processing_time_ns: 65895000; time_end_ns: 1742321687598649400; signal_val: None; RSSI_val: None; data: Class ID: 0, Confidence: 0.69, BBox: (219, 170, 284, 310)
Class ID: 2, Confidence: 0.69, BBox: (282, 192, 438, 253)
Class ID: 1, Confidence: 0.54, BBox: (133, 227, 296, 345)
2025-03-18 19:14:47,708 - log_time: 19:14:47.598; iteration: 93; image: 0; image_size: 751504; connection_time: 12387220068600; time_start_ns: 1742321687598649400; processing_time_ns: 62333800; time_end_ns: 1742321687708668200; signal_val: None; RSSI_val: None; data: Class ID: 0, Confidence: 0.69, BBox: (219, 170, 284, 310)
Class ID: 2, Confidence: 0.69, BBox: (282, 192, 438, 253)
Class ID: 1, Confidence: 0.54, BBox: (133, 227, 296, 345)
2025-03-18 19:14:47,820 - log_time: 19:14:47.710; iteration: 94; image: 0; image_size: 751504; connection_time: 12387220068600; time_start_ns: 1742321687710762400; processing_time_ns: 63724700; time_end_ns: 1742321687820671100; signal_val: None; RSSI_val: None; data: Class ID: 0, Confidence: 0.69, BBox: (219, 170, 284, 310)
Class ID: 2, Confidence: 0.69, BBox: (282, 192, 438, 253)
Class ID: 1, Confidence: 0.54, BBox: (133, 227, 296, 345)
2025-03-18 19:14:47,933 - log_time: 19:14:47.821; iteration: 95; image: 0; image_size: 751504; connection_time: 12387220068600; time_start_ns: 1742321687821199800; processing_time_ns: 60042200; time_end_ns: 1742321687933486200; signal_val: None; RSSI_val: None; data: Class ID: 0, Confidence: 0.69, BBox: (219, 170, 284, 310)
Class ID: 2, Confidence: 0.69, BBox: (282, 192, 438, 253)
Class ID: 1, Confidence: 0.54, BBox: (133, 227, 296, 345)
2025-03-18 19:14:48,045 - log_time: 19:14:47.933; iteration: 96; image: 0; image_size: 751504; connection_time: 12387220068600; time_start_ns: 1742321687933486200; processing_time_ns: 65803100; time_end_ns: 1742321688045664600; signal_val: None; RSSI_val: None; data: Class ID: 0, Confidence: 0.69, BBox: (219, 170, 284, 310)
Class ID: 2, Confidence: 0.69, BBox: (282, 192, 438, 253)
Class ID: 1, Confidence: 0.54, BBox: (133, 227, 296, 345)
2025-03-18 19:14:48,159 - log_time: 19:14:48.047; iteration: 97; image: 0; image_size: 751504; connection_time: 12387220068600; time_start_ns: 1742321688047670500; processing_time_ns: 60348500; time_end_ns: 1742321688159873300; signal_val: None; RSSI_val: None; data: Class ID: 0, Confidence: 0.69, BBox: (219, 170, 284, 310)
Class ID: 2, Confidence: 0.69, BBox: (282, 192, 438, 253)
Class ID: 1, Confidence: 0.54, BBox: (133, 227, 296, 345)
2025-03-18 19:14:48,268 - log_time: 19:14:48.159; iteration: 98; image: 0; image_size: 751504; connection_time: 12387220068600; time_start_ns: 1742321688159873300; processing_time_ns: 61728700; time_end_ns: 1742321688268421000; signal_val: None; RSSI_val: None; data: Class ID: 0, Confidence: 0.69, BBox: (219, 170, 284, 310)
Class ID: 2, Confidence: 0.69, BBox: (282, 192, 438, 253)
Class ID: 1, Confidence: 0.54, BBox: (133, 227, 296, 345)
2025-03-18 19:14:48,377 - log_time: 19:14:48.268; iteration: 99; image: 0; image_size: 751504; connection_time: 12387220068600; time_start_ns: 1742321688268421000; processing_time_ns: 61848300; time_end_ns: 1742321688377481200; signal_val: None; RSSI_val: None; data: Class ID: 0, Confidence: 0.69, BBox: (219, 170, 284, 310)
Class ID: 2, Confidence: 0.69, BBox: (282, 192, 438, 253)
Class ID: 1, Confidence: 0.54, BBox: (133, 227, 296, 345)
2025-03-18 19:14:48,489 - log_time: 19:14:48.377; iteration: 100; image: 0; image_size: 751504; connection_time: 12387220068600; time_start_ns: 1742321688377481200; processing_time_ns: 62440800; time_end_ns: 1742321688489452900; signal_val: None; RSSI_val: None; data: Class ID: 0, Confidence: 0.69, BBox: (219, 170, 284, 310)
Class ID: 2, Confidence: 0.69, BBox: (282, 192, 438, 253)
Class ID: 1, Confidence: 0.54, BBox: (133, 227, 296, 345)
2025-03-18 19:15:08,002 - log_time: 19:15:07.678; iteration: 0; error: [WinError 10054] An existing connection was forcibly closed by the remote host

