2024-12-18 15:25:55,499 - 15:25:52.598; 0; 0; 751504; 1834745792975100; 1734531952598477500; 2100635447; 1734531955282238500; None; None; [[0.04020798 0.0538734  0.4966591  ... 0.         0.         0.        ]
 [0.04829465 0.03988869 0.35389438 ... 0.         0.         0.        ]
 [0.04906813 0.04189046 0.76354    ... 0.         0.         0.        ]
 ...
 [0.95570725 0.9505526  0.46947667 ... 0.         0.         0.        ]
 [0.9646956  0.96347576 0.3141001  ... 0.         0.         0.        ]
 [0.9678842  0.9662399  0.86862755 ... 0.         0.         0.        ]], [[0.01472127 0.02507995 0.03610119 ... 0.         0.         0.        ]
 [0.01701095 0.01969269 0.41007313 ... 0.         0.         0.        ]
 [0.02192506 0.01726293 0.06714806 ... 0.         0.         0.        ]
 ...
 [0.9744934  0.9762116  0.04547359 ... 0.         0.         0.        ]
 [0.97945    0.9779568  0.3695366  ... 0.         0.         0.        ]
 [0.97892284 0.9831682  0.08277131 ... 0.         0.         0.        ]], [[0.00839736 0.00525467 0.01372874 ... 0.         0.         0.        ]
 [0.00971401 0.01015925 0.01699869 ... 0.         0.         0.        ]
 [0.00966007 0.00707353 0.20932707 ... 0.         0.         0.        ]
 ...
 [0.98985445 0.99153703 0.01703041 ... 0.         0.         0.        ]
 [0.99193925 0.98798174 0.01572772 ... 0.         0.         0.        ]
 [0.9883435  0.9921968  0.18566823 ... 0.         0.         0.        ]]; 1382
2024-12-18 15:25:56,643 - 15:25:55.500; 1; 0; 751504; 1834745792975100; 1734531955503254000; 678215906; 1734531956545763300; None; None; [[0.04020798 0.0538734  0.4966591  ... 0.         0.         0.        ]
 [0.04829465 0.03988869 0.35389438 ... 0.         0.         0.        ]
 [0.04906813 0.04189046 0.76354    ... 0.         0.         0.        ]
 ...
 [0.95570725 0.9505526  0.46947667 ... 0.         0.         0.        ]
 [0.9646956  0.96347576 0.3141001  ... 0.         0.         0.        ]
 [0.9678842  0.9662399  0.86862755 ... 0.         0.         0.        ]], [[0.01472127 0.02507995 0.03610119 ... 0.         0.         0.        ]
 [0.01701095 0.01969269 0.41007313 ... 0.         0.         0.        ]
 [0.02192506 0.01726293 0.06714806 ... 0.         0.         0.        ]
 ...
 [0.9744934  0.9762116  0.04547359 ... 0.         0.         0.        ]
 [0.97945    0.9779568  0.3695366  ... 0.         0.         0.        ]
 [0.97892284 0.9831682  0.08277131 ... 0.         0.         0.        ]], [[0.00839736 0.00525467 0.01372874 ... 0.         0.         0.        ]
 [0.00971401 0.01015925 0.01699869 ... 0.         0.         0.        ]
 [0.00966007 0.00707353 0.20932707 ... 0.         0.         0.        ]
 ...
 [0.98985445 0.99153703 0.01703041 ... 0.         0.         0.        ]
 [0.99193925 0.98798174 0.01572772 ... 0.         0.         0.        ]
 [0.9883435  0.9921968  0.18566823 ... 0.         0.         0.        ]]; 1382
2024-12-18 15:25:57,885 - 15:25:56.651; 2; 0; 751504; 1834745792975100; 1734531956651937100; 679368699; 1734531957775706800; None; None; [[0.04020798 0.0538734  0.4966591  ... 0.         0.         0.        ]
 [0.04829465 0.03988869 0.35389438 ... 0.         0.         0.        ]
 [0.04906813 0.04189046 0.76354    ... 0.         0.         0.        ]
 ...
 [0.95570725 0.9505526  0.46947667 ... 0.         0.         0.        ]
 [0.9646956  0.96347576 0.3141001  ... 0.         0.         0.        ]
 [0.9678842  0.9662399  0.86862755 ... 0.         0.         0.        ]], [[0.01472127 0.02507995 0.03610119 ... 0.         0.         0.        ]
 [0.01701095 0.01969269 0.41007313 ... 0.         0.         0.        ]
 [0.02192506 0.01726293 0.06714806 ... 0.         0.         0.        ]
 ...
 [0.9744934  0.9762116  0.04547359 ... 0.         0.         0.        ]
 [0.97945    0.9779568  0.3695366  ... 0.         0.         0.        ]
 [0.97892284 0.9831682  0.08277131 ... 0.         0.         0.        ]], [[0.00839736 0.00525467 0.01372874 ... 0.         0.         0.        ]
 [0.00971401 0.01015925 0.01699869 ... 0.         0.         0.        ]
 [0.00966007 0.00707353 0.20932707 ... 0.         0.         0.        ]
 ...
 [0.98985445 0.99153703 0.01703041 ... 0.         0.         0.        ]
 [0.99193925 0.98798174 0.01572772 ... 0.         0.         0.        ]
 [0.9883435  0.9921968  0.18566823 ... 0.         0.         0.        ]]; 1382
2024-12-18 15:25:59,035 - 15:25:57.886; 3; 0; 751504; 1834745792975100; 1734531957886195800; 672559409; 1734531958907980400; None; None; [[0.04020798 0.0538734  0.4966591  ... 0.         0.         0.        ]
 [0.04829465 0.03988869 0.35389438 ... 0.         0.         0.        ]
 [0.04906813 0.04189046 0.76354    ... 0.         0.         0.        ]
 ...
 [0.95570725 0.9505526  0.46947667 ... 0.         0.         0.        ]
 [0.9646956  0.96347576 0.3141001  ... 0.         0.         0.        ]
 [0.9678842  0.9662399  0.86862755 ... 0.         0.         0.        ]], [[0.01472127 0.02507995 0.03610119 ... 0.         0.         0.        ]
 [0.01701095 0.01969269 0.41007313 ... 0.         0.         0.        ]
 [0.02192506 0.01726293 0.06714806 ... 0.         0.         0.        ]
 ...
 [0.9744934  0.9762116  0.04547359 ... 0.         0.         0.        ]
 [0.97945    0.9779568  0.3695366  ... 0.         0.         0.        ]
 [0.97892284 0.9831682  0.08277131 ... 0.         0.         0.        ]], [[0.00839736 0.00525467 0.01372874 ... 0.         0.         0.        ]
 [0.00971401 0.01015925 0.01699869 ... 0.         0.         0.        ]
 [0.00966007 0.00707353 0.20932707 ... 0.         0.         0.        ]
 ...
 [0.98985445 0.99153703 0.01703041 ... 0.         0.         0.        ]
 [0.99193925 0.98798174 0.01572772 ... 0.         0.         0.        ]
 [0.9883435  0.9921968  0.18566823 ... 0.         0.         0.        ]]; 1382
2024-12-18 15:26:00,287 - 15:25:59.038; 4; 0; 751504; 1834745792975100; 1734531959038090100; 676687246; 1734531960132940300; None; None; [[0.04020798 0.0538734  0.4966591  ... 0.         0.         0.        ]
 [0.04829465 0.03988869 0.35389438 ... 0.         0.         0.        ]
 [0.04906813 0.04189046 0.76354    ... 0.         0.         0.        ]
 ...
 [0.95570725 0.9505526  0.46947667 ... 0.         0.         0.        ]
 [0.9646956  0.96347576 0.3141001  ... 0.         0.         0.        ]
 [0.9678842  0.9662399  0.86862755 ... 0.         0.         0.        ]], [[0.01472127 0.02507995 0.03610119 ... 0.         0.         0.        ]
 [0.01701095 0.01969269 0.41007313 ... 0.         0.         0.        ]
 [0.02192506 0.01726293 0.06714806 ... 0.         0.         0.        ]
 ...
 [0.9744934  0.9762116  0.04547359 ... 0.         0.         0.        ]
 [0.97945    0.9779568  0.3695366  ... 0.         0.         0.        ]
 [0.97892284 0.9831682  0.08277131 ... 0.         0.         0.        ]], [[0.00839736 0.00525467 0.01372874 ... 0.         0.         0.        ]
 [0.00971401 0.01015925 0.01699869 ... 0.         0.         0.        ]
 [0.00966007 0.00707353 0.20932707 ... 0.         0.         0.        ]
 ...
 [0.98985445 0.99153703 0.01703041 ... 0.         0.         0.        ]
 [0.99193925 0.98798174 0.01572772 ... 0.         0.         0.        ]
 [0.9883435  0.9921968  0.18566823 ... 0.         0.         0.        ]]; 1382
2024-12-18 15:26:01,508 - 15:26:00.289; 5; 0; 751504; 1834745792975100; 1734531960289355700; 677735529; 1734531961346381200; None; None; [[0.04020798 0.0538734  0.4966591  ... 0.         0.         0.        ]
 [0.04829465 0.03988869 0.35389438 ... 0.         0.         0.        ]
 [0.04906813 0.04189046 0.76354    ... 0.         0.         0.        ]
 ...
 [0.95570725 0.9505526  0.46947667 ... 0.         0.         0.        ]
 [0.9646956  0.96347576 0.3141001  ... 0.         0.         0.        ]
 [0.9678842  0.9662399  0.86862755 ... 0.         0.         0.        ]], [[0.01472127 0.02507995 0.03610119 ... 0.         0.         0.        ]
 [0.01701095 0.01969269 0.41007313 ... 0.         0.         0.        ]
 [0.02192506 0.01726293 0.06714806 ... 0.         0.         0.        ]
 ...
 [0.9744934  0.9762116  0.04547359 ... 0.         0.         0.        ]
 [0.97945    0.9779568  0.3695366  ... 0.         0.         0.        ]
 [0.97892284 0.9831682  0.08277131 ... 0.         0.         0.        ]], [[0.00839736 0.00525467 0.01372874 ... 0.         0.         0.        ]
 [0.00971401 0.01015925 0.01699869 ... 0.         0.         0.        ]
 [0.00966007 0.00707353 0.20932707 ... 0.         0.         0.        ]
 ...
 [0.98985445 0.99153703 0.01703041 ... 0.         0.         0.        ]
 [0.99193925 0.98798174 0.01572772 ... 0.         0.         0.        ]
 [0.9883435  0.9921968  0.18566823 ... 0.         0.         0.        ]]; 1382
2024-12-18 15:26:02,718 - 15:26:01.516; 6; 0; 751504; 1834745792975100; 1734531961516556100; 653529306; 1734531962593907600; None; None; [[0.04020798 0.0538734  0.4966591  ... 0.         0.         0.        ]
 [0.04829465 0.03988869 0.35389438 ... 0.         0.         0.        ]
 [0.04906813 0.04189046 0.76354    ... 0.         0.         0.        ]
 ...
 [0.95570725 0.9505526  0.46947667 ... 0.         0.         0.        ]
 [0.9646956  0.96347576 0.3141001  ... 0.         0.         0.        ]
 [0.9678842  0.9662399  0.86862755 ... 0.         0.         0.        ]], [[0.01472127 0.02507995 0.03610119 ... 0.         0.         0.        ]
 [0.01701095 0.01969269 0.41007313 ... 0.         0.         0.        ]
 [0.02192506 0.01726293 0.06714806 ... 0.         0.         0.        ]
 ...
 [0.9744934  0.9762116  0.04547359 ... 0.         0.         0.        ]
 [0.97945    0.9779568  0.3695366  ... 0.         0.         0.        ]
 [0.97892284 0.9831682  0.08277131 ... 0.         0.         0.        ]], [[0.00839736 0.00525467 0.01372874 ... 0.         0.         0.        ]
 [0.00971401 0.01015925 0.01699869 ... 0.         0.         0.        ]
 [0.00966007 0.00707353 0.20932707 ... 0.         0.         0.        ]
 ...
 [0.98985445 0.99153703 0.01703041 ... 0.         0.         0.        ]
 [0.99193925 0.98798174 0.01572772 ... 0.         0.         0.        ]
 [0.9883435  0.9921968  0.18566823 ... 0.         0.         0.        ]]; 1382
2024-12-18 15:26:04,160 - 15:26:02.723; 7; 0; 751504; 1834745792975100; 1734531962723269400; 683766680; 1734531963926411900; None; None; [[0.04020798 0.0538734  0.4966591  ... 0.         0.         0.        ]
 [0.04829465 0.03988869 0.35389438 ... 0.         0.         0.        ]
 [0.04906813 0.04189046 0.76354    ... 0.         0.         0.        ]
 ...
 [0.95570725 0.9505526  0.46947667 ... 0.         0.         0.        ]
 [0.9646956  0.96347576 0.3141001  ... 0.         0.         0.        ]
 [0.9678842  0.9662399  0.86862755 ... 0.         0.         0.        ]], [[0.01472127 0.02507995 0.03610119 ... 0.         0.         0.        ]
 [0.01701095 0.01969269 0.41007313 ... 0.         0.         0.        ]
 [0.02192506 0.01726293 0.06714806 ... 0.         0.         0.        ]
 ...
 [0.9744934  0.9762116  0.04547359 ... 0.         0.         0.        ]
 [0.97945    0.9779568  0.3695366  ... 0.         0.         0.        ]
 [0.97892284 0.9831682  0.08277131 ... 0.         0.         0.        ]], [[0.00839736 0.00525467 0.01372874 ... 0.         0.         0.        ]
 [0.00971401 0.01015925 0.01699869 ... 0.         0.         0.        ]
 [0.00966007 0.00707353 0.20932707 ... 0.         0.         0.        ]
 ...
 [0.98985445 0.99153703 0.01703041 ... 0.         0.         0.        ]
 [0.99193925 0.98798174 0.01572772 ... 0.         0.         0.        ]
 [0.9883435  0.9921968  0.18566823 ... 0.         0.         0.        ]]; 1382
2024-12-18 15:26:05,371 - 15:26:04.163; 8; 0; 751504; 1834745792975100; 1734531964163543300; 682866831; 1734531965258091700; None; None; [[0.04020798 0.0538734  0.4966591  ... 0.         0.         0.        ]
 [0.04829465 0.03988869 0.35389438 ... 0.         0.         0.        ]
 [0.04906813 0.04189046 0.76354    ... 0.         0.         0.        ]
 ...
 [0.95570725 0.9505526  0.46947667 ... 0.         0.         0.        ]
 [0.9646956  0.96347576 0.3141001  ... 0.         0.         0.        ]
 [0.9678842  0.9662399  0.86862755 ... 0.         0.         0.        ]], [[0.01472127 0.02507995 0.03610119 ... 0.         0.         0.        ]
 [0.01701095 0.01969269 0.41007313 ... 0.         0.         0.        ]
 [0.02192506 0.01726293 0.06714806 ... 0.         0.         0.        ]
 ...
 [0.9744934  0.9762116  0.04547359 ... 0.         0.         0.        ]
 [0.97945    0.9779568  0.3695366  ... 0.         0.         0.        ]
 [0.97892284 0.9831682  0.08277131 ... 0.         0.         0.        ]], [[0.00839736 0.00525467 0.01372874 ... 0.         0.         0.        ]
 [0.00971401 0.01015925 0.01699869 ... 0.         0.         0.        ]
 [0.00966007 0.00707353 0.20932707 ... 0.         0.         0.        ]
 ...
 [0.98985445 0.99153703 0.01703041 ... 0.         0.         0.        ]
 [0.99193925 0.98798174 0.01572772 ... 0.         0.         0.        ]
 [0.9883435  0.9921968  0.18566823 ... 0.         0.         0.        ]]; 1382
2024-12-18 15:26:06,524 - 15:26:05.382; 9; 0; 751504; 1834745792975100; 1734531965382219000; 666445788; 1734531966406649800; None; None; [[0.04020798 0.0538734  0.4966591  ... 0.         0.         0.        ]
 [0.04829465 0.03988869 0.35389438 ... 0.         0.         0.        ]
 [0.04906813 0.04189046 0.76354    ... 0.         0.         0.        ]
 ...
 [0.95570725 0.9505526  0.46947667 ... 0.         0.         0.        ]
 [0.9646956  0.96347576 0.3141001  ... 0.         0.         0.        ]
 [0.9678842  0.9662399  0.86862755 ... 0.         0.         0.        ]], [[0.01472127 0.02507995 0.03610119 ... 0.         0.         0.        ]
 [0.01701095 0.01969269 0.41007313 ... 0.         0.         0.        ]
 [0.02192506 0.01726293 0.06714806 ... 0.         0.         0.        ]
 ...
 [0.9744934  0.9762116  0.04547359 ... 0.         0.         0.        ]
 [0.97945    0.9779568  0.3695366  ... 0.         0.         0.        ]
 [0.97892284 0.9831682  0.08277131 ... 0.         0.         0.        ]], [[0.00839736 0.00525467 0.01372874 ... 0.         0.         0.        ]
 [0.00971401 0.01015925 0.01699869 ... 0.         0.         0.        ]
 [0.00966007 0.00707353 0.20932707 ... 0.         0.         0.        ]
 ...
 [0.98985445 0.99153703 0.01703041 ... 0.         0.         0.        ]
 [0.99193925 0.98798174 0.01572772 ... 0.         0.         0.        ]
 [0.9883435  0.9921968  0.18566823 ... 0.         0.         0.        ]]; 1382
2024-12-18 15:26:08,405 - 15:26:06.527; 10; 0; 751504; 1834745792975100; 1734531966527743000; 670239398; 1734531967541996400; None; None; [[0.04020798 0.0538734  0.4966591  ... 0.         0.         0.        ]
 [0.04829465 0.03988869 0.35389438 ... 0.         0.         0.        ]
 [0.04906813 0.04189046 0.76354    ... 0.         0.         0.        ]
 ...
 [0.95570725 0.9505526  0.46947667 ... 0.         0.         0.        ]
 [0.9646956  0.96347576 0.3141001  ... 0.         0.         0.        ]
 [0.9678842  0.9662399  0.86862755 ... 0.         0.         0.        ]], [[0.01472127 0.02507995 0.03610119 ... 0.         0.         0.        ]
 [0.01701095 0.01969269 0.41007313 ... 0.         0.         0.        ]
 [0.02192506 0.01726293 0.06714806 ... 0.         0.         0.        ]
 ...
 [0.9744934  0.9762116  0.04547359 ... 0.         0.         0.        ]
 [0.97945    0.9779568  0.3695366  ... 0.         0.         0.        ]
 [0.97892284 0.9831682  0.08277131 ... 0.         0.         0.        ]], [[0.00839736 0.00525467 0.01372874 ... 0.         0.         0.        ]
 [0.00971401 0.01015925 0.01699869 ... 0.         0.         0.        ]
 [0.00966007 0.00707353 0.20932707 ... 0.         0.         0.        ]
 ...
 [0.98985445 0.99153703 0.01703041 ... 0.         0.         0.        ]
 [0.99193925 0.98798174 0.01572772 ... 0.         0.         0.        ]
 [0.9883435  0.9921968  0.18566823 ... 0.         0.         0.        ]]; 1382
2024-12-18 15:26:09,633 - 15:26:08.415; 11; 0; 751504; 1834745792975100; 1734531968415921100; 668772920; 1734531969453570000; None; None; [[0.04020798 0.0538734  0.4966591  ... 0.         0.         0.        ]
 [0.04829465 0.03988869 0.35389438 ... 0.         0.         0.        ]
 [0.04906813 0.04189046 0.76354    ... 0.         0.         0.        ]
 ...
 [0.95570725 0.9505526  0.46947667 ... 0.         0.         0.        ]
 [0.9646956  0.96347576 0.3141001  ... 0.         0.         0.        ]
 [0.9678842  0.9662399  0.86862755 ... 0.         0.         0.        ]], [[0.01472127 0.02507995 0.03610119 ... 0.         0.         0.        ]
 [0.01701095 0.01969269 0.41007313 ... 0.         0.         0.        ]
 [0.02192506 0.01726293 0.06714806 ... 0.         0.         0.        ]
 ...
 [0.9744934  0.9762116  0.04547359 ... 0.         0.         0.        ]
 [0.97945    0.9779568  0.3695366  ... 0.         0.         0.        ]
 [0.97892284 0.9831682  0.08277131 ... 0.         0.         0.        ]], [[0.00839736 0.00525467 0.01372874 ... 0.         0.         0.        ]
 [0.00971401 0.01015925 0.01699869 ... 0.         0.         0.        ]
 [0.00966007 0.00707353 0.20932707 ... 0.         0.         0.        ]
 ...
 [0.98985445 0.99153703 0.01703041 ... 0.         0.         0.        ]
 [0.99193925 0.98798174 0.01572772 ... 0.         0.         0.        ]
 [0.9883435  0.9921968  0.18566823 ... 0.         0.         0.        ]]; 1382
2024-12-18 15:26:10,855 - 15:26:09.636; 12; 0; 751504; 1834745792975100; 1734531969637980700; 682503515; 1734531970694152100; None; None; [[0.04020798 0.0538734  0.4966591  ... 0.         0.         0.        ]
 [0.04829465 0.03988869 0.35389438 ... 0.         0.         0.        ]
 [0.04906813 0.04189046 0.76354    ... 0.         0.         0.        ]
 ...
 [0.95570725 0.9505526  0.46947667 ... 0.         0.         0.        ]
 [0.9646956  0.96347576 0.3141001  ... 0.         0.         0.        ]
 [0.9678842  0.9662399  0.86862755 ... 0.         0.         0.        ]], [[0.01472127 0.02507995 0.03610119 ... 0.         0.         0.        ]
 [0.01701095 0.01969269 0.41007313 ... 0.         0.         0.        ]
 [0.02192506 0.01726293 0.06714806 ... 0.         0.         0.        ]
 ...
 [0.9744934  0.9762116  0.04547359 ... 0.         0.         0.        ]
 [0.97945    0.9779568  0.3695366  ... 0.         0.         0.        ]
 [0.97892284 0.9831682  0.08277131 ... 0.         0.         0.        ]], [[0.00839736 0.00525467 0.01372874 ... 0.         0.         0.        ]
 [0.00971401 0.01015925 0.01699869 ... 0.         0.         0.        ]
 [0.00966007 0.00707353 0.20932707 ... 0.         0.         0.        ]
 ...
 [0.98985445 0.99153703 0.01703041 ... 0.         0.         0.        ]
 [0.99193925 0.98798174 0.01572772 ... 0.         0.         0.        ]
 [0.9883435  0.9921968  0.18566823 ... 0.         0.         0.        ]]; 1382
2024-12-18 15:26:12,144 - 15:26:10.865; 13; 0; 751504; 1834745792975100; 1734531970866264800; 679975302; 1734531971902451100; None; None; [[0.04020798 0.0538734  0.4966591  ... 0.         0.         0.        ]
 [0.04829465 0.03988869 0.35389438 ... 0.         0.         0.        ]
 [0.04906813 0.04189046 0.76354    ... 0.         0.         0.        ]
 ...
 [0.95570725 0.9505526  0.46947667 ... 0.         0.         0.        ]
 [0.9646956  0.96347576 0.3141001  ... 0.         0.         0.        ]
 [0.9678842  0.9662399  0.86862755 ... 0.         0.         0.        ]], [[0.01472127 0.02507995 0.03610119 ... 0.         0.         0.        ]
 [0.01701095 0.01969269 0.41007313 ... 0.         0.         0.        ]
 [0.02192506 0.01726293 0.06714806 ... 0.         0.         0.        ]
 ...
 [0.9744934  0.9762116  0.04547359 ... 0.         0.         0.        ]
 [0.97945    0.9779568  0.3695366  ... 0.         0.         0.        ]
 [0.97892284 0.9831682  0.08277131 ... 0.         0.         0.        ]], [[0.00839736 0.00525467 0.01372874 ... 0.         0.         0.        ]
 [0.00971401 0.01015925 0.01699869 ... 0.         0.         0.        ]
 [0.00966007 0.00707353 0.20932707 ... 0.         0.         0.        ]
 ...
 [0.98985445 0.99153703 0.01703041 ... 0.         0.         0.        ]
 [0.99193925 0.98798174 0.01572772 ... 0.         0.         0.        ]
 [0.9883435  0.9921968  0.18566823 ... 0.         0.         0.        ]]; 1382
2024-12-18 15:26:13,402 - 15:26:12.150; 14; 0; 751504; 1834745792975100; 1734531972150151000; 678822350; 1734531973234816900; None; None; [[0.04020798 0.0538734  0.4966591  ... 0.         0.         0.        ]
 [0.04829465 0.03988869 0.35389438 ... 0.         0.         0.        ]
 [0.04906813 0.04189046 0.76354    ... 0.         0.         0.        ]
 ...
 [0.95570725 0.9505526  0.46947667 ... 0.         0.         0.        ]
 [0.9646956  0.96347576 0.3141001  ... 0.         0.         0.        ]
 [0.9678842  0.9662399  0.86862755 ... 0.         0.         0.        ]], [[0.01472127 0.02507995 0.03610119 ... 0.         0.         0.        ]
 [0.01701095 0.01969269 0.41007313 ... 0.         0.         0.        ]
 [0.02192506 0.01726293 0.06714806 ... 0.         0.         0.        ]
 ...
 [0.9744934  0.9762116  0.04547359 ... 0.         0.         0.        ]
 [0.97945    0.9779568  0.3695366  ... 0.         0.         0.        ]
 [0.97892284 0.9831682  0.08277131 ... 0.         0.         0.        ]], [[0.00839736 0.00525467 0.01372874 ... 0.         0.         0.        ]
 [0.00971401 0.01015925 0.01699869 ... 0.         0.         0.        ]
 [0.00966007 0.00707353 0.20932707 ... 0.         0.         0.        ]
 ...
 [0.98985445 0.99153703 0.01703041 ... 0.         0.         0.        ]
 [0.99193925 0.98798174 0.01572772 ... 0.         0.         0.        ]
 [0.9883435  0.9921968  0.18566823 ... 0.         0.         0.        ]]; 1382
2024-12-18 15:26:14,641 - 15:26:13.404; 15; 0; 751504; 1834745792975100; 1734531973404481700; 671781042; 1734531974468086800; None; None; [[0.04020798 0.0538734  0.4966591  ... 0.         0.         0.        ]
 [0.04829465 0.03988869 0.35389438 ... 0.         0.         0.        ]
 [0.04906813 0.04189046 0.76354    ... 0.         0.         0.        ]
 ...
 [0.95570725 0.9505526  0.46947667 ... 0.         0.         0.        ]
 [0.9646956  0.96347576 0.3141001  ... 0.         0.         0.        ]
 [0.9678842  0.9662399  0.86862755 ... 0.         0.         0.        ]], [[0.01472127 0.02507995 0.03610119 ... 0.         0.         0.        ]
 [0.01701095 0.01969269 0.41007313 ... 0.         0.         0.        ]
 [0.02192506 0.01726293 0.06714806 ... 0.         0.         0.        ]
 ...
 [0.9744934  0.9762116  0.04547359 ... 0.         0.         0.        ]
 [0.97945    0.9779568  0.3695366  ... 0.         0.         0.        ]
 [0.97892284 0.9831682  0.08277131 ... 0.         0.         0.        ]], [[0.00839736 0.00525467 0.01372874 ... 0.         0.         0.        ]
 [0.00971401 0.01015925 0.01699869 ... 0.         0.         0.        ]
 [0.00966007 0.00707353 0.20932707 ... 0.         0.         0.        ]
 ...
 [0.98985445 0.99153703 0.01703041 ... 0.         0.         0.        ]
 [0.99193925 0.98798174 0.01572772 ... 0.         0.         0.        ]
 [0.9883435  0.9921968  0.18566823 ... 0.         0.         0.        ]]; 1382
2024-12-18 15:26:15,859 - 15:26:14.645; 16; 0; 751504; 1834745792975100; 1734531974645087600; 684486595; 1734531975692627500; None; None; [[0.04020798 0.0538734  0.4966591  ... 0.         0.         0.        ]
 [0.04829465 0.03988869 0.35389438 ... 0.         0.         0.        ]
 [0.04906813 0.04189046 0.76354    ... 0.         0.         0.        ]
 ...
 [0.95570725 0.9505526  0.46947667 ... 0.         0.         0.        ]
 [0.9646956  0.96347576 0.3141001  ... 0.         0.         0.        ]
 [0.9678842  0.9662399  0.86862755 ... 0.         0.         0.        ]], [[0.01472127 0.02507995 0.03610119 ... 0.         0.         0.        ]
 [0.01701095 0.01969269 0.41007313 ... 0.         0.         0.        ]
 [0.02192506 0.01726293 0.06714806 ... 0.         0.         0.        ]
 ...
 [0.9744934  0.9762116  0.04547359 ... 0.         0.         0.        ]
 [0.97945    0.9779568  0.3695366  ... 0.         0.         0.        ]
 [0.97892284 0.9831682  0.08277131 ... 0.         0.         0.        ]], [[0.00839736 0.00525467 0.01372874 ... 0.         0.         0.        ]
 [0.00971401 0.01015925 0.01699869 ... 0.         0.         0.        ]
 [0.00966007 0.00707353 0.20932707 ... 0.         0.         0.        ]
 ...
 [0.98985445 0.99153703 0.01703041 ... 0.         0.         0.        ]
 [0.99193925 0.98798174 0.01572772 ... 0.         0.         0.        ]
 [0.9883435  0.9921968  0.18566823 ... 0.         0.         0.        ]]; 1382
2024-12-18 15:26:17,065 - 15:26:15.859; 17; 0; 751504; 1834745792975100; 1734531975859692100; 681537890; 1734531976910760500; None; None; [[0.04020798 0.0538734  0.4966591  ... 0.         0.         0.        ]
 [0.04829465 0.03988869 0.35389438 ... 0.         0.         0.        ]
 [0.04906813 0.04189046 0.76354    ... 0.         0.         0.        ]
 ...
 [0.95570725 0.9505526  0.46947667 ... 0.         0.         0.        ]
 [0.9646956  0.96347576 0.3141001  ... 0.         0.         0.        ]
 [0.9678842  0.9662399  0.86862755 ... 0.         0.         0.        ]], [[0.01472127 0.02507995 0.03610119 ... 0.         0.         0.        ]
 [0.01701095 0.01969269 0.41007313 ... 0.         0.         0.        ]
 [0.02192506 0.01726293 0.06714806 ... 0.         0.         0.        ]
 ...
 [0.9744934  0.9762116  0.04547359 ... 0.         0.         0.        ]
 [0.97945    0.9779568  0.3695366  ... 0.         0.         0.        ]
 [0.97892284 0.9831682  0.08277131 ... 0.         0.         0.        ]], [[0.00839736 0.00525467 0.01372874 ... 0.         0.         0.        ]
 [0.00971401 0.01015925 0.01699869 ... 0.         0.         0.        ]
 [0.00966007 0.00707353 0.20932707 ... 0.         0.         0.        ]
 ...
 [0.98985445 0.99153703 0.01703041 ... 0.         0.         0.        ]
 [0.99193925 0.98798174 0.01572772 ... 0.         0.         0.        ]
 [0.9883435  0.9921968  0.18566823 ... 0.         0.         0.        ]]; 1382
2024-12-18 15:26:18,337 - 15:26:17.069; 18; 0; 751504; 1834745792975100; 1734531977069634400; 675345641; 1734531978147383800; None; None; [[0.04020798 0.0538734  0.4966591  ... 0.         0.         0.        ]
 [0.04829465 0.03988869 0.35389438 ... 0.         0.         0.        ]
 [0.04906813 0.04189046 0.76354    ... 0.         0.         0.        ]
 ...
 [0.95570725 0.9505526  0.46947667 ... 0.         0.         0.        ]
 [0.9646956  0.96347576 0.3141001  ... 0.         0.         0.        ]
 [0.9678842  0.9662399  0.86862755 ... 0.         0.         0.        ]], [[0.01472127 0.02507995 0.03610119 ... 0.         0.         0.        ]
 [0.01701095 0.01969269 0.41007313 ... 0.         0.         0.        ]
 [0.02192506 0.01726293 0.06714806 ... 0.         0.         0.        ]
 ...
 [0.9744934  0.9762116  0.04547359 ... 0.         0.         0.        ]
 [0.97945    0.9779568  0.3695366  ... 0.         0.         0.        ]
 [0.97892284 0.9831682  0.08277131 ... 0.         0.         0.        ]], [[0.00839736 0.00525467 0.01372874 ... 0.         0.         0.        ]
 [0.00971401 0.01015925 0.01699869 ... 0.         0.         0.        ]
 [0.00966007 0.00707353 0.20932707 ... 0.         0.         0.        ]
 ...
 [0.98985445 0.99153703 0.01703041 ... 0.         0.         0.        ]
 [0.99193925 0.98798174 0.01572772 ... 0.         0.         0.        ]
 [0.9883435  0.9921968  0.18566823 ... 0.         0.         0.        ]]; 1382
2024-12-18 15:26:19,635 - 15:26:18.340; 19; 0; 751504; 1834745792975100; 1734531978340803800; 678629437; 1734531979488626500; None; None; [[0.04020798 0.0538734  0.4966591  ... 0.         0.         0.        ]
 [0.04829465 0.03988869 0.35389438 ... 0.         0.         0.        ]
 [0.04906813 0.04189046 0.76354    ... 0.         0.         0.        ]
 ...
 [0.95570725 0.9505526  0.46947667 ... 0.         0.         0.        ]
 [0.9646956  0.96347576 0.3141001  ... 0.         0.         0.        ]
 [0.9678842  0.9662399  0.86862755 ... 0.         0.         0.        ]], [[0.01472127 0.02507995 0.03610119 ... 0.         0.         0.        ]
 [0.01701095 0.01969269 0.41007313 ... 0.         0.         0.        ]
 [0.02192506 0.01726293 0.06714806 ... 0.         0.         0.        ]
 ...
 [0.9744934  0.9762116  0.04547359 ... 0.         0.         0.        ]
 [0.97945    0.9779568  0.3695366  ... 0.         0.         0.        ]
 [0.97892284 0.9831682  0.08277131 ... 0.         0.         0.        ]], [[0.00839736 0.00525467 0.01372874 ... 0.         0.         0.        ]
 [0.00971401 0.01015925 0.01699869 ... 0.         0.         0.        ]
 [0.00966007 0.00707353 0.20932707 ... 0.         0.         0.        ]
 ...
 [0.98985445 0.99153703 0.01703041 ... 0.         0.         0.        ]
 [0.99193925 0.98798174 0.01572772 ... 0.         0.         0.        ]
 [0.9883435  0.9921968  0.18566823 ... 0.         0.         0.        ]]; 1382
2024-12-18 15:26:20,896 - 15:26:19.638; 20; 0; 751504; 1834745792975100; 1734531979638972800; 690656375; 1734531980731925300; None; None; [[0.04020798 0.0538734  0.4966591  ... 0.         0.         0.        ]
 [0.04829465 0.03988869 0.35389438 ... 0.         0.         0.        ]
 [0.04906813 0.04189046 0.76354    ... 0.         0.         0.        ]
 ...
 [0.95570725 0.9505526  0.46947667 ... 0.         0.         0.        ]
 [0.9646956  0.96347576 0.3141001  ... 0.         0.         0.        ]
 [0.9678842  0.9662399  0.86862755 ... 0.         0.         0.        ]], [[0.01472127 0.02507995 0.03610119 ... 0.         0.         0.        ]
 [0.01701095 0.01969269 0.41007313 ... 0.         0.         0.        ]
 [0.02192506 0.01726293 0.06714806 ... 0.         0.         0.        ]
 ...
 [0.9744934  0.9762116  0.04547359 ... 0.         0.         0.        ]
 [0.97945    0.9779568  0.3695366  ... 0.         0.         0.        ]
 [0.97892284 0.9831682  0.08277131 ... 0.         0.         0.        ]], [[0.00839736 0.00525467 0.01372874 ... 0.         0.         0.        ]
 [0.00971401 0.01015925 0.01699869 ... 0.         0.         0.        ]
 [0.00966007 0.00707353 0.20932707 ... 0.         0.         0.        ]
 ...
 [0.98985445 0.99153703 0.01703041 ... 0.         0.         0.        ]
 [0.99193925 0.98798174 0.01572772 ... 0.         0.         0.        ]
 [0.9883435  0.9921968  0.18566823 ... 0.         0.         0.        ]]; 1382
2024-12-18 15:26:22,128 - 15:26:20.896; 21; 0; 751504; 1834745792975100; 1734531980896256400; 671305265; 1734531981936626900; None; None; [[0.04020798 0.0538734  0.4966591  ... 0.         0.         0.        ]
 [0.04829465 0.03988869 0.35389438 ... 0.         0.         0.        ]
 [0.04906813 0.04189046 0.76354    ... 0.         0.         0.        ]
 ...
 [0.95570725 0.9505526  0.46947667 ... 0.         0.         0.        ]
 [0.9646956  0.96347576 0.3141001  ... 0.         0.         0.        ]
 [0.9678842  0.9662399  0.86862755 ... 0.         0.         0.        ]], [[0.01472127 0.02507995 0.03610119 ... 0.         0.         0.        ]
 [0.01701095 0.01969269 0.41007313 ... 0.         0.         0.        ]
 [0.02192506 0.01726293 0.06714806 ... 0.         0.         0.        ]
 ...
 [0.9744934  0.9762116  0.04547359 ... 0.         0.         0.        ]
 [0.97945    0.9779568  0.3695366  ... 0.         0.         0.        ]
 [0.97892284 0.9831682  0.08277131 ... 0.         0.         0.        ]], [[0.00839736 0.00525467 0.01372874 ... 0.         0.         0.        ]
 [0.00971401 0.01015925 0.01699869 ... 0.         0.         0.        ]
 [0.00966007 0.00707353 0.20932707 ... 0.         0.         0.        ]
 ...
 [0.98985445 0.99153703 0.01703041 ... 0.         0.         0.        ]
 [0.99193925 0.98798174 0.01572772 ... 0.         0.         0.        ]
 [0.9883435  0.9921968  0.18566823 ... 0.         0.         0.        ]]; 1382
2024-12-18 15:26:23,365 - 15:26:22.131; 22; 0; 751504; 1834745792975100; 1734531982131964500; 677403085; 1734531983169710000; None; None; [[0.04020798 0.0538734  0.4966591  ... 0.         0.         0.        ]
 [0.04829465 0.03988869 0.35389438 ... 0.         0.         0.        ]
 [0.04906813 0.04189046 0.76354    ... 0.         0.         0.        ]
 ...
 [0.95570725 0.9505526  0.46947667 ... 0.         0.         0.        ]
 [0.9646956  0.96347576 0.3141001  ... 0.         0.         0.        ]
 [0.9678842  0.9662399  0.86862755 ... 0.         0.         0.        ]], [[0.01472127 0.02507995 0.03610119 ... 0.         0.         0.        ]
 [0.01701095 0.01969269 0.41007313 ... 0.         0.         0.        ]
 [0.02192506 0.01726293 0.06714806 ... 0.         0.         0.        ]
 ...
 [0.9744934  0.9762116  0.04547359 ... 0.         0.         0.        ]
 [0.97945    0.9779568  0.3695366  ... 0.         0.         0.        ]
 [0.97892284 0.9831682  0.08277131 ... 0.         0.         0.        ]], [[0.00839736 0.00525467 0.01372874 ... 0.         0.         0.        ]
 [0.00971401 0.01015925 0.01699869 ... 0.         0.         0.        ]
 [0.00966007 0.00707353 0.20932707 ... 0.         0.         0.        ]
 ...
 [0.98985445 0.99153703 0.01703041 ... 0.         0.         0.        ]
 [0.99193925 0.98798174 0.01572772 ... 0.         0.         0.        ]
 [0.9883435  0.9921968  0.18566823 ... 0.         0.         0.        ]]; 1382
2024-12-18 15:26:24,699 - 15:26:23.369; 23; 0; 751504; 1834745792975100; 1734531983369467200; 676735209; 1734531984505001400; None; None; [[0.04020798 0.0538734  0.4966591  ... 0.         0.         0.        ]
 [0.04829465 0.03988869 0.35389438 ... 0.         0.         0.        ]
 [0.04906813 0.04189046 0.76354    ... 0.         0.         0.        ]
 ...
 [0.95570725 0.9505526  0.46947667 ... 0.         0.         0.        ]
 [0.9646956  0.96347576 0.3141001  ... 0.         0.         0.        ]
 [0.9678842  0.9662399  0.86862755 ... 0.         0.         0.        ]], [[0.01472127 0.02507995 0.03610119 ... 0.         0.         0.        ]
 [0.01701095 0.01969269 0.41007313 ... 0.         0.         0.        ]
 [0.02192506 0.01726293 0.06714806 ... 0.         0.         0.        ]
 ...
 [0.9744934  0.9762116  0.04547359 ... 0.         0.         0.        ]
 [0.97945    0.9779568  0.3695366  ... 0.         0.         0.        ]
 [0.97892284 0.9831682  0.08277131 ... 0.         0.         0.        ]], [[0.00839736 0.00525467 0.01372874 ... 0.         0.         0.        ]
 [0.00971401 0.01015925 0.01699869 ... 0.         0.         0.        ]
 [0.00966007 0.00707353 0.20932707 ... 0.         0.         0.        ]
 ...
 [0.98985445 0.99153703 0.01703041 ... 0.         0.         0.        ]
 [0.99193925 0.98798174 0.01572772 ... 0.         0.         0.        ]
 [0.9883435  0.9921968  0.18566823 ... 0.         0.         0.        ]]; 1382
2024-12-18 15:26:25,978 - 15:26:24.702; 24; 0; 751504; 1834745792975100; 1734531984702000700; 680978932; 1734531985775165500; None; None; [[0.04020798 0.0538734  0.4966591  ... 0.         0.         0.        ]
 [0.04829465 0.03988869 0.35389438 ... 0.         0.         0.        ]
 [0.04906813 0.04189046 0.76354    ... 0.         0.         0.        ]
 ...
 [0.95570725 0.9505526  0.46947667 ... 0.         0.         0.        ]
 [0.9646956  0.96347576 0.3141001  ... 0.         0.         0.        ]
 [0.9678842  0.9662399  0.86862755 ... 0.         0.         0.        ]], [[0.01472127 0.02507995 0.03610119 ... 0.         0.         0.        ]
 [0.01701095 0.01969269 0.41007313 ... 0.         0.         0.        ]
 [0.02192506 0.01726293 0.06714806 ... 0.         0.         0.        ]
 ...
 [0.9744934  0.9762116  0.04547359 ... 0.         0.         0.        ]
 [0.97945    0.9779568  0.3695366  ... 0.         0.         0.        ]
 [0.97892284 0.9831682  0.08277131 ... 0.         0.         0.        ]], [[0.00839736 0.00525467 0.01372874 ... 0.         0.         0.        ]
 [0.00971401 0.01015925 0.01699869 ... 0.         0.         0.        ]
 [0.00966007 0.00707353 0.20932707 ... 0.         0.         0.        ]
 ...
 [0.98985445 0.99153703 0.01703041 ... 0.         0.         0.        ]
 [0.99193925 0.98798174 0.01572772 ... 0.         0.         0.        ]
 [0.9883435  0.9921968  0.18566823 ... 0.         0.         0.        ]]; 1382
2024-12-18 15:26:27,225 - 15:26:25.981; 25; 0; 751504; 1834745792975100; 1734531985981757900; 676125258; 1734531987036183000; None; None; [[0.04020798 0.0538734  0.4966591  ... 0.         0.         0.        ]
 [0.04829465 0.03988869 0.35389438 ... 0.         0.         0.        ]
 [0.04906813 0.04189046 0.76354    ... 0.         0.         0.        ]
 ...
 [0.95570725 0.9505526  0.46947667 ... 0.         0.         0.        ]
 [0.9646956  0.96347576 0.3141001  ... 0.         0.         0.        ]
 [0.9678842  0.9662399  0.86862755 ... 0.         0.         0.        ]], [[0.01472127 0.02507995 0.03610119 ... 0.         0.         0.        ]
 [0.01701095 0.01969269 0.41007313 ... 0.         0.         0.        ]
 [0.02192506 0.01726293 0.06714806 ... 0.         0.         0.        ]
 ...
 [0.9744934  0.9762116  0.04547359 ... 0.         0.         0.        ]
 [0.97945    0.9779568  0.3695366  ... 0.         0.         0.        ]
 [0.97892284 0.9831682  0.08277131 ... 0.         0.         0.        ]], [[0.00839736 0.00525467 0.01372874 ... 0.         0.         0.        ]
 [0.00971401 0.01015925 0.01699869 ... 0.         0.         0.        ]
 [0.00966007 0.00707353 0.20932707 ... 0.         0.         0.        ]
 ...
 [0.98985445 0.99153703 0.01703041 ... 0.         0.         0.        ]
 [0.99193925 0.98798174 0.01572772 ... 0.         0.         0.        ]
 [0.9883435  0.9921968  0.18566823 ... 0.         0.         0.        ]]; 1382
2024-12-18 15:26:28,481 - 15:26:27.229; 26; 0; 751504; 1834745792975100; 1734531987229055500; 677603707; 1734531988295219500; None; None; [[0.04020798 0.0538734  0.4966591  ... 0.         0.         0.        ]
 [0.04829465 0.03988869 0.35389438 ... 0.         0.         0.        ]
 [0.04906813 0.04189046 0.76354    ... 0.         0.         0.        ]
 ...
 [0.95570725 0.9505526  0.46947667 ... 0.         0.         0.        ]
 [0.9646956  0.96347576 0.3141001  ... 0.         0.         0.        ]
 [0.9678842  0.9662399  0.86862755 ... 0.         0.         0.        ]], [[0.01472127 0.02507995 0.03610119 ... 0.         0.         0.        ]
 [0.01701095 0.01969269 0.41007313 ... 0.         0.         0.        ]
 [0.02192506 0.01726293 0.06714806 ... 0.         0.         0.        ]
 ...
 [0.9744934  0.9762116  0.04547359 ... 0.         0.         0.        ]
 [0.97945    0.9779568  0.3695366  ... 0.         0.         0.        ]
 [0.97892284 0.9831682  0.08277131 ... 0.         0.         0.        ]], [[0.00839736 0.00525467 0.01372874 ... 0.         0.         0.        ]
 [0.00971401 0.01015925 0.01699869 ... 0.         0.         0.        ]
 [0.00966007 0.00707353 0.20932707 ... 0.         0.         0.        ]
 ...
 [0.98985445 0.99153703 0.01703041 ... 0.         0.         0.        ]
 [0.99193925 0.98798174 0.01572772 ... 0.         0.         0.        ]
 [0.9883435  0.9921968  0.18566823 ... 0.         0.         0.        ]]; 1382
2024-12-18 15:26:29,819 - 15:26:28.484; 27; 0; 751504; 1834745792975100; 1734531988484489800; 679075175; 1734531989621092800; None; None; [[0.04020798 0.0538734  0.4966591  ... 0.         0.         0.        ]
 [0.04829465 0.03988869 0.35389438 ... 0.         0.         0.        ]
 [0.04906813 0.04189046 0.76354    ... 0.         0.         0.        ]
 ...
 [0.95570725 0.9505526  0.46947667 ... 0.         0.         0.        ]
 [0.9646956  0.96347576 0.3141001  ... 0.         0.         0.        ]
 [0.9678842  0.9662399  0.86862755 ... 0.         0.         0.        ]], [[0.01472127 0.02507995 0.03610119 ... 0.         0.         0.        ]
 [0.01701095 0.01969269 0.41007313 ... 0.         0.         0.        ]
 [0.02192506 0.01726293 0.06714806 ... 0.         0.         0.        ]
 ...
 [0.9744934  0.9762116  0.04547359 ... 0.         0.         0.        ]
 [0.97945    0.9779568  0.3695366  ... 0.         0.         0.        ]
 [0.97892284 0.9831682  0.08277131 ... 0.         0.         0.        ]], [[0.00839736 0.00525467 0.01372874 ... 0.         0.         0.        ]
 [0.00971401 0.01015925 0.01699869 ... 0.         0.         0.        ]
 [0.00966007 0.00707353 0.20932707 ... 0.         0.         0.        ]
 ...
 [0.98985445 0.99153703 0.01703041 ... 0.         0.         0.        ]
 [0.99193925 0.98798174 0.01572772 ... 0.         0.         0.        ]
 [0.9883435  0.9921968  0.18566823 ... 0.         0.         0.        ]]; 1382
2024-12-18 15:26:31,145 - 15:26:29.829; 28; 0; 751504; 1834745792975100; 1734531989829116400; 669496148; 1734531990949425900; None; None; [[0.04020798 0.0538734  0.4966591  ... 0.         0.         0.        ]
 [0.04829465 0.03988869 0.35389438 ... 0.         0.         0.        ]
 [0.04906813 0.04189046 0.76354    ... 0.         0.         0.        ]
 ...
 [0.95570725 0.9505526  0.46947667 ... 0.         0.         0.        ]
 [0.9646956  0.96347576 0.3141001  ... 0.         0.         0.        ]
 [0.9678842  0.9662399  0.86862755 ... 0.         0.         0.        ]], [[0.01472127 0.02507995 0.03610119 ... 0.         0.         0.        ]
 [0.01701095 0.01969269 0.41007313 ... 0.         0.         0.        ]
 [0.02192506 0.01726293 0.06714806 ... 0.         0.         0.        ]
 ...
 [0.9744934  0.9762116  0.04547359 ... 0.         0.         0.        ]
 [0.97945    0.9779568  0.3695366  ... 0.         0.         0.        ]
 [0.97892284 0.9831682  0.08277131 ... 0.         0.         0.        ]], [[0.00839736 0.00525467 0.01372874 ... 0.         0.         0.        ]
 [0.00971401 0.01015925 0.01699869 ... 0.         0.         0.        ]
 [0.00966007 0.00707353 0.20932707 ... 0.         0.         0.        ]
 ...
 [0.98985445 0.99153703 0.01703041 ... 0.         0.         0.        ]
 [0.99193925 0.98798174 0.01572772 ... 0.         0.         0.        ]
 [0.9883435  0.9921968  0.18566823 ... 0.         0.         0.        ]]; 1382
2024-12-18 15:26:32,370 - 15:26:31.145; 29; 0; 751504; 1834745792975100; 1734531991145095000; 681654090; 1734531992178572200; None; None; [[0.04020798 0.0538734  0.4966591  ... 0.         0.         0.        ]
 [0.04829465 0.03988869 0.35389438 ... 0.         0.         0.        ]
 [0.04906813 0.04189046 0.76354    ... 0.         0.         0.        ]
 ...
 [0.95570725 0.9505526  0.46947667 ... 0.         0.         0.        ]
 [0.9646956  0.96347576 0.3141001  ... 0.         0.         0.        ]
 [0.9678842  0.9662399  0.86862755 ... 0.         0.         0.        ]], [[0.01472127 0.02507995 0.03610119 ... 0.         0.         0.        ]
 [0.01701095 0.01969269 0.41007313 ... 0.         0.         0.        ]
 [0.02192506 0.01726293 0.06714806 ... 0.         0.         0.        ]
 ...
 [0.9744934  0.9762116  0.04547359 ... 0.         0.         0.        ]
 [0.97945    0.9779568  0.3695366  ... 0.         0.         0.        ]
 [0.97892284 0.9831682  0.08277131 ... 0.         0.         0.        ]], [[0.00839736 0.00525467 0.01372874 ... 0.         0.         0.        ]
 [0.00971401 0.01015925 0.01699869 ... 0.         0.         0.        ]
 [0.00966007 0.00707353 0.20932707 ... 0.         0.         0.        ]
 ...
 [0.98985445 0.99153703 0.01703041 ... 0.         0.         0.        ]
 [0.99193925 0.98798174 0.01572772 ... 0.         0.         0.        ]
 [0.9883435  0.9921968  0.18566823 ... 0.         0.         0.        ]]; 1382
2024-12-18 15:26:33,703 - 15:26:32.372; 30; 0; 751504; 1834745792975100; 1734531992372243400; 678760950; 1734531993514350700; None; None; [[0.04020798 0.0538734  0.4966591  ... 0.         0.         0.        ]
 [0.04829465 0.03988869 0.35389438 ... 0.         0.         0.        ]
 [0.04906813 0.04189046 0.76354    ... 0.         0.         0.        ]
 ...
 [0.95570725 0.9505526  0.46947667 ... 0.         0.         0.        ]
 [0.9646956  0.96347576 0.3141001  ... 0.         0.         0.        ]
 [0.9678842  0.9662399  0.86862755 ... 0.         0.         0.        ]], [[0.01472127 0.02507995 0.03610119 ... 0.         0.         0.        ]
 [0.01701095 0.01969269 0.41007313 ... 0.         0.         0.        ]
 [0.02192506 0.01726293 0.06714806 ... 0.         0.         0.        ]
 ...
 [0.9744934  0.9762116  0.04547359 ... 0.         0.         0.        ]
 [0.97945    0.9779568  0.3695366  ... 0.         0.         0.        ]
 [0.97892284 0.9831682  0.08277131 ... 0.         0.         0.        ]], [[0.00839736 0.00525467 0.01372874 ... 0.         0.         0.        ]
 [0.00971401 0.01015925 0.01699869 ... 0.         0.         0.        ]
 [0.00966007 0.00707353 0.20932707 ... 0.         0.         0.        ]
 ...
 [0.98985445 0.99153703 0.01703041 ... 0.         0.         0.        ]
 [0.99193925 0.98798174 0.01572772 ... 0.         0.         0.        ]
 [0.9883435  0.9921968  0.18566823 ... 0.         0.         0.        ]]; 1382
2024-12-18 15:26:35,018 - 15:26:33.707; 31; 0; 751504; 1834745792975100; 1734531993712930500; 678904778; 1734531994845332200; None; None; [[0.04020798 0.0538734  0.4966591  ... 0.         0.         0.        ]
 [0.04829465 0.03988869 0.35389438 ... 0.         0.         0.        ]
 [0.04906813 0.04189046 0.76354    ... 0.         0.         0.        ]
 ...
 [0.95570725 0.9505526  0.46947667 ... 0.         0.         0.        ]
 [0.9646956  0.96347576 0.3141001  ... 0.         0.         0.        ]
 [0.9678842  0.9662399  0.86862755 ... 0.         0.         0.        ]], [[0.01472127 0.02507995 0.03610119 ... 0.         0.         0.        ]
 [0.01701095 0.01969269 0.41007313 ... 0.         0.         0.        ]
 [0.02192506 0.01726293 0.06714806 ... 0.         0.         0.        ]
 ...
 [0.9744934  0.9762116  0.04547359 ... 0.         0.         0.        ]
 [0.97945    0.9779568  0.3695366  ... 0.         0.         0.        ]
 [0.97892284 0.9831682  0.08277131 ... 0.         0.         0.        ]], [[0.00839736 0.00525467 0.01372874 ... 0.         0.         0.        ]
 [0.00971401 0.01015925 0.01699869 ... 0.         0.         0.        ]
 [0.00966007 0.00707353 0.20932707 ... 0.         0.         0.        ]
 ...
 [0.98985445 0.99153703 0.01703041 ... 0.         0.         0.        ]
 [0.99193925 0.98798174 0.01572772 ... 0.         0.         0.        ]
 [0.9883435  0.9921968  0.18566823 ... 0.         0.         0.        ]]; 1382
2024-12-18 15:26:36,269 - 15:26:35.018; 32; 0; 751504; 1834745792975100; 1734531995018819700; 669980239; 1734531996069728000; None; None; [[0.04020798 0.0538734  0.4966591  ... 0.         0.         0.        ]
 [0.04829465 0.03988869 0.35389438 ... 0.         0.         0.        ]
 [0.04906813 0.04189046 0.76354    ... 0.         0.         0.        ]
 ...
 [0.95570725 0.9505526  0.46947667 ... 0.         0.         0.        ]
 [0.9646956  0.96347576 0.3141001  ... 0.         0.         0.        ]
 [0.9678842  0.9662399  0.86862755 ... 0.         0.         0.        ]], [[0.01472127 0.02507995 0.03610119 ... 0.         0.         0.        ]
 [0.01701095 0.01969269 0.41007313 ... 0.         0.         0.        ]
 [0.02192506 0.01726293 0.06714806 ... 0.         0.         0.        ]
 ...
 [0.9744934  0.9762116  0.04547359 ... 0.         0.         0.        ]
 [0.97945    0.9779568  0.3695366  ... 0.         0.         0.        ]
 [0.97892284 0.9831682  0.08277131 ... 0.         0.         0.        ]], [[0.00839736 0.00525467 0.01372874 ... 0.         0.         0.        ]
 [0.00971401 0.01015925 0.01699869 ... 0.         0.         0.        ]
 [0.00966007 0.00707353 0.20932707 ... 0.         0.         0.        ]
 ...
 [0.98985445 0.99153703 0.01703041 ... 0.         0.         0.        ]
 [0.99193925 0.98798174 0.01572772 ... 0.         0.         0.        ]
 [0.9883435  0.9921968  0.18566823 ... 0.         0.         0.        ]]; 1382
2024-12-18 15:26:37,502 - 15:26:36.273; 33; 0; 751504; 1834745792975100; 1734531996273224300; 675258849; 1734531997317425600; None; None; [[0.04020798 0.0538734  0.4966591  ... 0.         0.         0.        ]
 [0.04829465 0.03988869 0.35389438 ... 0.         0.         0.        ]
 [0.04906813 0.04189046 0.76354    ... 0.         0.         0.        ]
 ...
 [0.95570725 0.9505526  0.46947667 ... 0.         0.         0.        ]
 [0.9646956  0.96347576 0.3141001  ... 0.         0.         0.        ]
 [0.9678842  0.9662399  0.86862755 ... 0.         0.         0.        ]], [[0.01472127 0.02507995 0.03610119 ... 0.         0.         0.        ]
 [0.01701095 0.01969269 0.41007313 ... 0.         0.         0.        ]
 [0.02192506 0.01726293 0.06714806 ... 0.         0.         0.        ]
 ...
 [0.9744934  0.9762116  0.04547359 ... 0.         0.         0.        ]
 [0.97945    0.9779568  0.3695366  ... 0.         0.         0.        ]
 [0.97892284 0.9831682  0.08277131 ... 0.         0.         0.        ]], [[0.00839736 0.00525467 0.01372874 ... 0.         0.         0.        ]
 [0.00971401 0.01015925 0.01699869 ... 0.         0.         0.        ]
 [0.00966007 0.00707353 0.20932707 ... 0.         0.         0.        ]
 ...
 [0.98985445 0.99153703 0.01703041 ... 0.         0.         0.        ]
 [0.99193925 0.98798174 0.01572772 ... 0.         0.         0.        ]
 [0.9883435  0.9921968  0.18566823 ... 0.         0.         0.        ]]; 1382
2024-12-18 15:26:38,714 - 15:26:37.505; 34; 0; 751504; 1834745792975100; 1734531997505523400; 677981401; 1734531998535394700; None; None; [[0.04020798 0.0538734  0.4966591  ... 0.         0.         0.        ]
 [0.04829465 0.03988869 0.35389438 ... 0.         0.         0.        ]
 [0.04906813 0.04189046 0.76354    ... 0.         0.         0.        ]
 ...
 [0.95570725 0.9505526  0.46947667 ... 0.         0.         0.        ]
 [0.9646956  0.96347576 0.3141001  ... 0.         0.         0.        ]
 [0.9678842  0.9662399  0.86862755 ... 0.         0.         0.        ]], [[0.01472127 0.02507995 0.03610119 ... 0.         0.         0.        ]
 [0.01701095 0.01969269 0.41007313 ... 0.         0.         0.        ]
 [0.02192506 0.01726293 0.06714806 ... 0.         0.         0.        ]
 ...
 [0.9744934  0.9762116  0.04547359 ... 0.         0.         0.        ]
 [0.97945    0.9779568  0.3695366  ... 0.         0.         0.        ]
 [0.97892284 0.9831682  0.08277131 ... 0.         0.         0.        ]], [[0.00839736 0.00525467 0.01372874 ... 0.         0.         0.        ]
 [0.00971401 0.01015925 0.01699869 ... 0.         0.         0.        ]
 [0.00966007 0.00707353 0.20932707 ... 0.         0.         0.        ]
 ...
 [0.98985445 0.99153703 0.01703041 ... 0.         0.         0.        ]
 [0.99193925 0.98798174 0.01572772 ... 0.         0.         0.        ]
 [0.9883435  0.9921968  0.18566823 ... 0.         0.         0.        ]]; 1382
2024-12-18 15:26:40,061 - 15:26:38.719; 35; 0; 751504; 1834745792975100; 1734531998719174200; 675938638; 1734531999861979100; None; None; [[0.04020798 0.0538734  0.4966591  ... 0.         0.         0.        ]
 [0.04829465 0.03988869 0.35389438 ... 0.         0.         0.        ]
 [0.04906813 0.04189046 0.76354    ... 0.         0.         0.        ]
 ...
 [0.95570725 0.9505526  0.46947667 ... 0.         0.         0.        ]
 [0.9646956  0.96347576 0.3141001  ... 0.         0.         0.        ]
 [0.9678842  0.9662399  0.86862755 ... 0.         0.         0.        ]], [[0.01472127 0.02507995 0.03610119 ... 0.         0.         0.        ]
 [0.01701095 0.01969269 0.41007313 ... 0.         0.         0.        ]
 [0.02192506 0.01726293 0.06714806 ... 0.         0.         0.        ]
 ...
 [0.9744934  0.9762116  0.04547359 ... 0.         0.         0.        ]
 [0.97945    0.9779568  0.3695366  ... 0.         0.         0.        ]
 [0.97892284 0.9831682  0.08277131 ... 0.         0.         0.        ]], [[0.00839736 0.00525467 0.01372874 ... 0.         0.         0.        ]
 [0.00971401 0.01015925 0.01699869 ... 0.         0.         0.        ]
 [0.00966007 0.00707353 0.20932707 ... 0.         0.         0.        ]
 ...
 [0.98985445 0.99153703 0.01703041 ... 0.         0.         0.        ]
 [0.99193925 0.98798174 0.01572772 ... 0.         0.         0.        ]
 [0.9883435  0.9921968  0.18566823 ... 0.         0.         0.        ]]; 1382
2024-12-19 11:28:37,486 - 11:28:35.048; 0; 0; 751504; 1906911195996400; 1734604115048341200; 2199405139; 1734604117389367500; None; None; [[0.04020798 0.0538734  0.4966591  ... 0.         0.         0.        ]
 [0.04829465 0.03988869 0.35389438 ... 0.         0.         0.        ]
 [0.04906813 0.04189046 0.76354    ... 0.         0.         0.        ]
 ...
 [0.95570725 0.9505526  0.46947667 ... 0.         0.         0.        ]
 [0.9646956  0.96347576 0.3141001  ... 0.         0.         0.        ]
 [0.9678842  0.9662399  0.86862755 ... 0.         0.         0.        ]], [[0.01472127 0.02507995 0.03610119 ... 0.         0.         0.        ]
 [0.01701095 0.01969269 0.41007313 ... 0.         0.         0.        ]
 [0.02192506 0.01726293 0.06714806 ... 0.         0.         0.        ]
 ...
 [0.9744934  0.9762116  0.04547359 ... 0.         0.         0.        ]
 [0.97945    0.9779568  0.3695366  ... 0.         0.         0.        ]
 [0.97892284 0.9831682  0.08277131 ... 0.         0.         0.        ]], [[0.00839736 0.00525467 0.01372874 ... 0.         0.         0.        ]
 [0.00971401 0.01015925 0.01699869 ... 0.         0.         0.        ]
 [0.00966007 0.00707353 0.20932707 ... 0.         0.         0.        ]
 ...
 [0.98985445 0.99153703 0.01703041 ... 0.         0.         0.        ]
 [0.99193925 0.98798174 0.01572772 ... 0.         0.         0.        ]
 [0.9883435  0.9921968  0.18566823 ... 0.         0.         0.        ]]; 1382
2024-12-19 11:28:38,429 - 11:28:37.487; 1; 0; 751504; 1906911195996400; 1734604117487346500; 740609249; 1734604118363706200; None; None; [[0.04020798 0.0538734  0.4966591  ... 0.         0.         0.        ]
 [0.04829465 0.03988869 0.35389438 ... 0.         0.         0.        ]
 [0.04906813 0.04189046 0.76354    ... 0.         0.         0.        ]
 ...
 [0.95570725 0.9505526  0.46947667 ... 0.         0.         0.        ]
 [0.9646956  0.96347576 0.3141001  ... 0.         0.         0.        ]
 [0.9678842  0.9662399  0.86862755 ... 0.         0.         0.        ]], [[0.01472127 0.02507995 0.03610119 ... 0.         0.         0.        ]
 [0.01701095 0.01969269 0.41007313 ... 0.         0.         0.        ]
 [0.02192506 0.01726293 0.06714806 ... 0.         0.         0.        ]
 ...
 [0.9744934  0.9762116  0.04547359 ... 0.         0.         0.        ]
 [0.97945    0.9779568  0.3695366  ... 0.         0.         0.        ]
 [0.97892284 0.9831682  0.08277131 ... 0.         0.         0.        ]], [[0.00839736 0.00525467 0.01372874 ... 0.         0.         0.        ]
 [0.00971401 0.01015925 0.01699869 ... 0.         0.         0.        ]
 [0.00966007 0.00707353 0.20932707 ... 0.         0.         0.        ]
 ...
 [0.98985445 0.99153703 0.01703041 ... 0.         0.         0.        ]
 [0.99193925 0.98798174 0.01572772 ... 0.         0.         0.        ]
 [0.9883435  0.9921968  0.18566823 ... 0.         0.         0.        ]]; 1382
2024-12-19 11:28:39,356 - 11:28:38.430; 2; 0; 751504; 1906911195996400; 1734604118430529100; 727196953; 1734604119282575000; None; None; [[0.04020798 0.0538734  0.4966591  ... 0.         0.         0.        ]
 [0.04829465 0.03988869 0.35389438 ... 0.         0.         0.        ]
 [0.04906813 0.04189046 0.76354    ... 0.         0.         0.        ]
 ...
 [0.95570725 0.9505526  0.46947667 ... 0.         0.         0.        ]
 [0.9646956  0.96347576 0.3141001  ... 0.         0.         0.        ]
 [0.9678842  0.9662399  0.86862755 ... 0.         0.         0.        ]], [[0.01472127 0.02507995 0.03610119 ... 0.         0.         0.        ]
 [0.01701095 0.01969269 0.41007313 ... 0.         0.         0.        ]
 [0.02192506 0.01726293 0.06714806 ... 0.         0.         0.        ]
 ...
 [0.9744934  0.9762116  0.04547359 ... 0.         0.         0.        ]
 [0.97945    0.9779568  0.3695366  ... 0.         0.         0.        ]
 [0.97892284 0.9831682  0.08277131 ... 0.         0.         0.        ]], [[0.00839736 0.00525467 0.01372874 ... 0.         0.         0.        ]
 [0.00971401 0.01015925 0.01699869 ... 0.         0.         0.        ]
 [0.00966007 0.00707353 0.20932707 ... 0.         0.         0.        ]
 ...
 [0.98985445 0.99153703 0.01703041 ... 0.         0.         0.        ]
 [0.99193925 0.98798174 0.01572772 ... 0.         0.         0.        ]
 [0.9883435  0.9921968  0.18566823 ... 0.         0.         0.        ]]; 1382
2024-12-19 11:28:40,287 - 11:28:39.357; 3; 0; 751504; 1906911195996400; 1734604119357777500; 722405562; 1734604120217302600; None; None; [[0.04020798 0.0538734  0.4966591  ... 0.         0.         0.        ]
 [0.04829465 0.03988869 0.35389438 ... 0.         0.         0.        ]
 [0.04906813 0.04189046 0.76354    ... 0.         0.         0.        ]
 ...
 [0.95570725 0.9505526  0.46947667 ... 0.         0.         0.        ]
 [0.9646956  0.96347576 0.3141001  ... 0.         0.         0.        ]
 [0.9678842  0.9662399  0.86862755 ... 0.         0.         0.        ]], [[0.01472127 0.02507995 0.03610119 ... 0.         0.         0.        ]
 [0.01701095 0.01969269 0.41007313 ... 0.         0.         0.        ]
 [0.02192506 0.01726293 0.06714806 ... 0.         0.         0.        ]
 ...
 [0.9744934  0.9762116  0.04547359 ... 0.         0.         0.        ]
 [0.97945    0.9779568  0.3695366  ... 0.         0.         0.        ]
 [0.97892284 0.9831682  0.08277131 ... 0.         0.         0.        ]], [[0.00839736 0.00525467 0.01372874 ... 0.         0.         0.        ]
 [0.00971401 0.01015925 0.01699869 ... 0.         0.         0.        ]
 [0.00966007 0.00707353 0.20932707 ... 0.         0.         0.        ]
 ...
 [0.98985445 0.99153703 0.01703041 ... 0.         0.         0.        ]
 [0.99193925 0.98798174 0.01572772 ... 0.         0.         0.        ]
 [0.9883435  0.9921968  0.18566823 ... 0.         0.         0.        ]]; 1382
2024-12-19 11:28:41,221 - 11:28:40.288; 4; 0; 751504; 1906911195996400; 1734604120288043700; 732457521; 1734604121155371000; None; None; [[0.04020798 0.0538734  0.4966591  ... 0.         0.         0.        ]
 [0.04829465 0.03988869 0.35389438 ... 0.         0.         0.        ]
 [0.04906813 0.04189046 0.76354    ... 0.         0.         0.        ]
 ...
 [0.95570725 0.9505526  0.46947667 ... 0.         0.         0.        ]
 [0.9646956  0.96347576 0.3141001  ... 0.         0.         0.        ]
 [0.9678842  0.9662399  0.86862755 ... 0.         0.         0.        ]], [[0.01472127 0.02507995 0.03610119 ... 0.         0.         0.        ]
 [0.01701095 0.01969269 0.41007313 ... 0.         0.         0.        ]
 [0.02192506 0.01726293 0.06714806 ... 0.         0.         0.        ]
 ...
 [0.9744934  0.9762116  0.04547359 ... 0.         0.         0.        ]
 [0.97945    0.9779568  0.3695366  ... 0.         0.         0.        ]
 [0.97892284 0.9831682  0.08277131 ... 0.         0.         0.        ]], [[0.00839736 0.00525467 0.01372874 ... 0.         0.         0.        ]
 [0.00971401 0.01015925 0.01699869 ... 0.         0.         0.        ]
 [0.00966007 0.00707353 0.20932707 ... 0.         0.         0.        ]
 ...
 [0.98985445 0.99153703 0.01703041 ... 0.         0.         0.        ]
 [0.99193925 0.98798174 0.01572772 ... 0.         0.         0.        ]
 [0.9883435  0.9921968  0.18566823 ... 0.         0.         0.        ]]; 1382
2024-12-19 11:28:42,165 - 11:28:41.223; 5; 0; 751504; 1906911195996400; 1734604121223827200; 737747093; 1734604122096508900; None; None; [[0.04020798 0.0538734  0.4966591  ... 0.         0.         0.        ]
 [0.04829465 0.03988869 0.35389438 ... 0.         0.         0.        ]
 [0.04906813 0.04189046 0.76354    ... 0.         0.         0.        ]
 ...
 [0.95570725 0.9505526  0.46947667 ... 0.         0.         0.        ]
 [0.9646956  0.96347576 0.3141001  ... 0.         0.         0.        ]
 [0.9678842  0.9662399  0.86862755 ... 0.         0.         0.        ]], [[0.01472127 0.02507995 0.03610119 ... 0.         0.         0.        ]
 [0.01701095 0.01969269 0.41007313 ... 0.         0.         0.        ]
 [0.02192506 0.01726293 0.06714806 ... 0.         0.         0.        ]
 ...
 [0.9744934  0.9762116  0.04547359 ... 0.         0.         0.        ]
 [0.97945    0.9779568  0.3695366  ... 0.         0.         0.        ]
 [0.97892284 0.9831682  0.08277131 ... 0.         0.         0.        ]], [[0.00839736 0.00525467 0.01372874 ... 0.         0.         0.        ]
 [0.00971401 0.01015925 0.01699869 ... 0.         0.         0.        ]
 [0.00966007 0.00707353 0.20932707 ... 0.         0.         0.        ]
 ...
 [0.98985445 0.99153703 0.01703041 ... 0.         0.         0.        ]
 [0.99193925 0.98798174 0.01572772 ... 0.         0.         0.        ]
 [0.9883435  0.9921968  0.18566823 ... 0.         0.         0.        ]]; 1382
2024-12-19 11:28:43,109 - 11:28:42.166; 6; 0; 751504; 1906911195996400; 1734604122166428600; 744148440; 1734604123042238800; None; None; [[0.04020798 0.0538734  0.4966591  ... 0.         0.         0.        ]
 [0.04829465 0.03988869 0.35389438 ... 0.         0.         0.        ]
 [0.04906813 0.04189046 0.76354    ... 0.         0.         0.        ]
 ...
 [0.95570725 0.9505526  0.46947667 ... 0.         0.         0.        ]
 [0.9646956  0.96347576 0.3141001  ... 0.         0.         0.        ]
 [0.9678842  0.9662399  0.86862755 ... 0.         0.         0.        ]], [[0.01472127 0.02507995 0.03610119 ... 0.         0.         0.        ]
 [0.01701095 0.01969269 0.41007313 ... 0.         0.         0.        ]
 [0.02192506 0.01726293 0.06714806 ... 0.         0.         0.        ]
 ...
 [0.9744934  0.9762116  0.04547359 ... 0.         0.         0.        ]
 [0.97945    0.9779568  0.3695366  ... 0.         0.         0.        ]
 [0.97892284 0.9831682  0.08277131 ... 0.         0.         0.        ]], [[0.00839736 0.00525467 0.01372874 ... 0.         0.         0.        ]
 [0.00971401 0.01015925 0.01699869 ... 0.         0.         0.        ]
 [0.00966007 0.00707353 0.20932707 ... 0.         0.         0.        ]
 ...
 [0.98985445 0.99153703 0.01703041 ... 0.         0.         0.        ]
 [0.99193925 0.98798174 0.01572772 ... 0.         0.         0.        ]
 [0.9883435  0.9921968  0.18566823 ... 0.         0.         0.        ]]; 1382
2024-12-19 11:28:44,054 - 11:28:43.110; 7; 0; 751504; 1906911195996400; 1734604123110694300; 744310778; 1734604123986635000; None; None; [[0.04020798 0.0538734  0.4966591  ... 0.         0.         0.        ]
 [0.04829465 0.03988869 0.35389438 ... 0.         0.         0.        ]
 [0.04906813 0.04189046 0.76354    ... 0.         0.         0.        ]
 ...
 [0.95570725 0.9505526  0.46947667 ... 0.         0.         0.        ]
 [0.9646956  0.96347576 0.3141001  ... 0.         0.         0.        ]
 [0.9678842  0.9662399  0.86862755 ... 0.         0.         0.        ]], [[0.01472127 0.02507995 0.03610119 ... 0.         0.         0.        ]
 [0.01701095 0.01969269 0.41007313 ... 0.         0.         0.        ]
 [0.02192506 0.01726293 0.06714806 ... 0.         0.         0.        ]
 ...
 [0.9744934  0.9762116  0.04547359 ... 0.         0.         0.        ]
 [0.97945    0.9779568  0.3695366  ... 0.         0.         0.        ]
 [0.97892284 0.9831682  0.08277131 ... 0.         0.         0.        ]], [[0.00839736 0.00525467 0.01372874 ... 0.         0.         0.        ]
 [0.00971401 0.01015925 0.01699869 ... 0.         0.         0.        ]
 [0.00966007 0.00707353 0.20932707 ... 0.         0.         0.        ]
 ...
 [0.98985445 0.99153703 0.01703041 ... 0.         0.         0.        ]
 [0.99193925 0.98798174 0.01572772 ... 0.         0.         0.        ]
 [0.9883435  0.9921968  0.18566823 ... 0.         0.         0.        ]]; 1382
2024-12-19 11:28:44,964 - 11:28:44.055; 8; 0; 751504; 1906911195996400; 1734604124055814100; 707561608; 1734604124890071200; None; None; [[0.04020798 0.0538734  0.4966591  ... 0.         0.         0.        ]
 [0.04829465 0.03988869 0.35389438 ... 0.         0.         0.        ]
 [0.04906813 0.04189046 0.76354    ... 0.         0.         0.        ]
 ...
 [0.95570725 0.9505526  0.46947667 ... 0.         0.         0.        ]
 [0.9646956  0.96347576 0.3141001  ... 0.         0.         0.        ]
 [0.9678842  0.9662399  0.86862755 ... 0.         0.         0.        ]], [[0.01472127 0.02507995 0.03610119 ... 0.         0.         0.        ]
 [0.01701095 0.01969269 0.41007313 ... 0.         0.         0.        ]
 [0.02192506 0.01726293 0.06714806 ... 0.         0.         0.        ]
 ...
 [0.9744934  0.9762116  0.04547359 ... 0.         0.         0.        ]
 [0.97945    0.9779568  0.3695366  ... 0.         0.         0.        ]
 [0.97892284 0.9831682  0.08277131 ... 0.         0.         0.        ]], [[0.00839736 0.00525467 0.01372874 ... 0.         0.         0.        ]
 [0.00971401 0.01015925 0.01699869 ... 0.         0.         0.        ]
 [0.00966007 0.00707353 0.20932707 ... 0.         0.         0.        ]
 ...
 [0.98985445 0.99153703 0.01703041 ... 0.         0.         0.        ]
 [0.99193925 0.98798174 0.01572772 ... 0.         0.         0.        ]
 [0.9883435  0.9921968  0.18566823 ... 0.         0.         0.        ]]; 1382
2024-12-19 11:28:45,864 - 11:28:44.966; 9; 0; 751504; 1906911195996400; 1734604124966944600; 697555302; 1734604125790919000; None; None; [[0.04020798 0.0538734  0.4966591  ... 0.         0.         0.        ]
 [0.04829465 0.03988869 0.35389438 ... 0.         0.         0.        ]
 [0.04906813 0.04189046 0.76354    ... 0.         0.         0.        ]
 ...
 [0.95570725 0.9505526  0.46947667 ... 0.         0.         0.        ]
 [0.9646956  0.96347576 0.3141001  ... 0.         0.         0.        ]
 [0.9678842  0.9662399  0.86862755 ... 0.         0.         0.        ]], [[0.01472127 0.02507995 0.03610119 ... 0.         0.         0.        ]
 [0.01701095 0.01969269 0.41007313 ... 0.         0.         0.        ]
 [0.02192506 0.01726293 0.06714806 ... 0.         0.         0.        ]
 ...
 [0.9744934  0.9762116  0.04547359 ... 0.         0.         0.        ]
 [0.97945    0.9779568  0.3695366  ... 0.         0.         0.        ]
 [0.97892284 0.9831682  0.08277131 ... 0.         0.         0.        ]], [[0.00839736 0.00525467 0.01372874 ... 0.         0.         0.        ]
 [0.00971401 0.01015925 0.01699869 ... 0.         0.         0.        ]
 [0.00966007 0.00707353 0.20932707 ... 0.         0.         0.        ]
 ...
 [0.98985445 0.99153703 0.01703041 ... 0.         0.         0.        ]
 [0.99193925 0.98798174 0.01572772 ... 0.         0.         0.        ]
 [0.9883435  0.9921968  0.18566823 ... 0.         0.         0.        ]]; 1382
2024-12-19 11:28:46,781 - 11:28:45.865; 10; 0; 751504; 1906911195996400; 1734604125865572800; 719853886; 1734604126715165200; None; None; [[0.04020798 0.0538734  0.4966591  ... 0.         0.         0.        ]
 [0.04829465 0.03988869 0.35389438 ... 0.         0.         0.        ]
 [0.04906813 0.04189046 0.76354    ... 0.         0.         0.        ]
 ...
 [0.95570725 0.9505526  0.46947667 ... 0.         0.         0.        ]
 [0.9646956  0.96347576 0.3141001  ... 0.         0.         0.        ]
 [0.9678842  0.9662399  0.86862755 ... 0.         0.         0.        ]], [[0.01472127 0.02507995 0.03610119 ... 0.         0.         0.        ]
 [0.01701095 0.01969269 0.41007313 ... 0.         0.         0.        ]
 [0.02192506 0.01726293 0.06714806 ... 0.         0.         0.        ]
 ...
 [0.9744934  0.9762116  0.04547359 ... 0.         0.         0.        ]
 [0.97945    0.9779568  0.3695366  ... 0.         0.         0.        ]
 [0.97892284 0.9831682  0.08277131 ... 0.         0.         0.        ]], [[0.00839736 0.00525467 0.01372874 ... 0.         0.         0.        ]
 [0.00971401 0.01015925 0.01699869 ... 0.         0.         0.        ]
 [0.00966007 0.00707353 0.20932707 ... 0.         0.         0.        ]
 ...
 [0.98985445 0.99153703 0.01703041 ... 0.         0.         0.        ]
 [0.99193925 0.98798174 0.01572772 ... 0.         0.         0.        ]
 [0.9883435  0.9921968  0.18566823 ... 0.         0.         0.        ]]; 1382
2024-12-19 11:28:47,704 - 11:28:46.782; 11; 0; 751504; 1906911195996400; 1734604126782349300; 712587519; 1734604127627230100; None; None; [[0.04020798 0.0538734  0.4966591  ... 0.         0.         0.        ]
 [0.04829465 0.03988869 0.35389438 ... 0.         0.         0.        ]
 [0.04906813 0.04189046 0.76354    ... 0.         0.         0.        ]
 ...
 [0.95570725 0.9505526  0.46947667 ... 0.         0.         0.        ]
 [0.9646956  0.96347576 0.3141001  ... 0.         0.         0.        ]
 [0.9678842  0.9662399  0.86862755 ... 0.         0.         0.        ]], [[0.01472127 0.02507995 0.03610119 ... 0.         0.         0.        ]
 [0.01701095 0.01969269 0.41007313 ... 0.         0.         0.        ]
 [0.02192506 0.01726293 0.06714806 ... 0.         0.         0.        ]
 ...
 [0.9744934  0.9762116  0.04547359 ... 0.         0.         0.        ]
 [0.97945    0.9779568  0.3695366  ... 0.         0.         0.        ]
 [0.97892284 0.9831682  0.08277131 ... 0.         0.         0.        ]], [[0.00839736 0.00525467 0.01372874 ... 0.         0.         0.        ]
 [0.00971401 0.01015925 0.01699869 ... 0.         0.         0.        ]
 [0.00966007 0.00707353 0.20932707 ... 0.         0.         0.        ]
 ...
 [0.98985445 0.99153703 0.01703041 ... 0.         0.         0.        ]
 [0.99193925 0.98798174 0.01572772 ... 0.         0.         0.        ]
 [0.9883435  0.9921968  0.18566823 ... 0.         0.         0.        ]]; 1382
2024-12-19 11:28:48,595 - 11:28:47.705; 12; 0; 751504; 1906911195996400; 1734604127705960400; 699481718; 1734604128536919900; None; None; [[0.04020798 0.0538734  0.4966591  ... 0.         0.         0.        ]
 [0.04829465 0.03988869 0.35389438 ... 0.         0.         0.        ]
 [0.04906813 0.04189046 0.76354    ... 0.         0.         0.        ]
 ...
 [0.95570725 0.9505526  0.46947667 ... 0.         0.         0.        ]
 [0.9646956  0.96347576 0.3141001  ... 0.         0.         0.        ]
 [0.9678842  0.9662399  0.86862755 ... 0.         0.         0.        ]], [[0.01472127 0.02507995 0.03610119 ... 0.         0.         0.        ]
 [0.01701095 0.01969269 0.41007313 ... 0.         0.         0.        ]
 [0.02192506 0.01726293 0.06714806 ... 0.         0.         0.        ]
 ...
 [0.9744934  0.9762116  0.04547359 ... 0.         0.         0.        ]
 [0.97945    0.9779568  0.3695366  ... 0.         0.         0.        ]
 [0.97892284 0.9831682  0.08277131 ... 0.         0.         0.        ]], [[0.00839736 0.00525467 0.01372874 ... 0.         0.         0.        ]
 [0.00971401 0.01015925 0.01699869 ... 0.         0.         0.        ]
 [0.00966007 0.00707353 0.20932707 ... 0.         0.         0.        ]
 ...
 [0.98985445 0.99153703 0.01703041 ... 0.         0.         0.        ]
 [0.99193925 0.98798174 0.01572772 ... 0.         0.         0.        ]
 [0.9883435  0.9921968  0.18566823 ... 0.         0.         0.        ]]; 1382
2024-12-19 11:28:49,489 - 11:28:48.596; 13; 0; 751504; 1906911195996400; 1734604128596637300; 698161377; 1734604129422390400; None; None; [[0.04020798 0.0538734  0.4966591  ... 0.         0.         0.        ]
 [0.04829465 0.03988869 0.35389438 ... 0.         0.         0.        ]
 [0.04906813 0.04189046 0.76354    ... 0.         0.         0.        ]
 ...
 [0.95570725 0.9505526  0.46947667 ... 0.         0.         0.        ]
 [0.9646956  0.96347576 0.3141001  ... 0.         0.         0.        ]
 [0.9678842  0.9662399  0.86862755 ... 0.         0.         0.        ]], [[0.01472127 0.02507995 0.03610119 ... 0.         0.         0.        ]
 [0.01701095 0.01969269 0.41007313 ... 0.         0.         0.        ]
 [0.02192506 0.01726293 0.06714806 ... 0.         0.         0.        ]
 ...
 [0.9744934  0.9762116  0.04547359 ... 0.         0.         0.        ]
 [0.97945    0.9779568  0.3695366  ... 0.         0.         0.        ]
 [0.97892284 0.9831682  0.08277131 ... 0.         0.         0.        ]], [[0.00839736 0.00525467 0.01372874 ... 0.         0.         0.        ]
 [0.00971401 0.01015925 0.01699869 ... 0.         0.         0.        ]
 [0.00966007 0.00707353 0.20932707 ... 0.         0.         0.        ]
 ...
 [0.98985445 0.99153703 0.01703041 ... 0.         0.         0.        ]
 [0.99193925 0.98798174 0.01572772 ... 0.         0.         0.        ]
 [0.9883435  0.9921968  0.18566823 ... 0.         0.         0.        ]]; 1382
2024-12-19 11:28:50,382 - 11:28:49.490; 14; 0; 751504; 1906911195996400; 1734604129490054500; 691387096; 1734604130316180800; None; None; [[0.04020798 0.0538734  0.4966591  ... 0.         0.         0.        ]
 [0.04829465 0.03988869 0.35389438 ... 0.         0.         0.        ]
 [0.04906813 0.04189046 0.76354    ... 0.         0.         0.        ]
 ...
 [0.95570725 0.9505526  0.46947667 ... 0.         0.         0.        ]
 [0.9646956  0.96347576 0.3141001  ... 0.         0.         0.        ]
 [0.9678842  0.9662399  0.86862755 ... 0.         0.         0.        ]], [[0.01472127 0.02507995 0.03610119 ... 0.         0.         0.        ]
 [0.01701095 0.01969269 0.41007313 ... 0.         0.         0.        ]
 [0.02192506 0.01726293 0.06714806 ... 0.         0.         0.        ]
 ...
 [0.9744934  0.9762116  0.04547359 ... 0.         0.         0.        ]
 [0.97945    0.9779568  0.3695366  ... 0.         0.         0.        ]
 [0.97892284 0.9831682  0.08277131 ... 0.         0.         0.        ]], [[0.00839736 0.00525467 0.01372874 ... 0.         0.         0.        ]
 [0.00971401 0.01015925 0.01699869 ... 0.         0.         0.        ]
 [0.00966007 0.00707353 0.20932707 ... 0.         0.         0.        ]
 ...
 [0.98985445 0.99153703 0.01703041 ... 0.         0.         0.        ]
 [0.99193925 0.98798174 0.01572772 ... 0.         0.         0.        ]
 [0.9883435  0.9921968  0.18566823 ... 0.         0.         0.        ]]; 1382
2024-12-19 11:28:51,299 - 11:28:50.383; 15; 0; 751504; 1906911195996400; 1734604130383771500; 703711359; 1734604131221214100; None; None; [[0.04020798 0.0538734  0.4966591  ... 0.         0.         0.        ]
 [0.04829465 0.03988869 0.35389438 ... 0.         0.         0.        ]
 [0.04906813 0.04189046 0.76354    ... 0.         0.         0.        ]
 ...
 [0.95570725 0.9505526  0.46947667 ... 0.         0.         0.        ]
 [0.9646956  0.96347576 0.3141001  ... 0.         0.         0.        ]
 [0.9678842  0.9662399  0.86862755 ... 0.         0.         0.        ]], [[0.01472127 0.02507995 0.03610119 ... 0.         0.         0.        ]
 [0.01701095 0.01969269 0.41007313 ... 0.         0.         0.        ]
 [0.02192506 0.01726293 0.06714806 ... 0.         0.         0.        ]
 ...
 [0.9744934  0.9762116  0.04547359 ... 0.         0.         0.        ]
 [0.97945    0.9779568  0.3695366  ... 0.         0.         0.        ]
 [0.97892284 0.9831682  0.08277131 ... 0.         0.         0.        ]], [[0.00839736 0.00525467 0.01372874 ... 0.         0.         0.        ]
 [0.00971401 0.01015925 0.01699869 ... 0.         0.         0.        ]
 [0.00966007 0.00707353 0.20932707 ... 0.         0.         0.        ]
 ...
 [0.98985445 0.99153703 0.01703041 ... 0.         0.         0.        ]
 [0.99193925 0.98798174 0.01572772 ... 0.         0.         0.        ]
 [0.9883435  0.9921968  0.18566823 ... 0.         0.         0.        ]]; 1382
2024-12-19 11:28:52,200 - 11:28:51.300; 16; 0; 751504; 1906911195996400; 1734604131300321200; 703929968; 1734604132138886800; None; None; [[0.04020798 0.0538734  0.4966591  ... 0.         0.         0.        ]
 [0.04829465 0.03988869 0.35389438 ... 0.         0.         0.        ]
 [0.04906813 0.04189046 0.76354    ... 0.         0.         0.        ]
 ...
 [0.95570725 0.9505526  0.46947667 ... 0.         0.         0.        ]
 [0.9646956  0.96347576 0.3141001  ... 0.         0.         0.        ]
 [0.9678842  0.9662399  0.86862755 ... 0.         0.         0.        ]], [[0.01472127 0.02507995 0.03610119 ... 0.         0.         0.        ]
 [0.01701095 0.01969269 0.41007313 ... 0.         0.         0.        ]
 [0.02192506 0.01726293 0.06714806 ... 0.         0.         0.        ]
 ...
 [0.9744934  0.9762116  0.04547359 ... 0.         0.         0.        ]
 [0.97945    0.9779568  0.3695366  ... 0.         0.         0.        ]
 [0.97892284 0.9831682  0.08277131 ... 0.         0.         0.        ]], [[0.00839736 0.00525467 0.01372874 ... 0.         0.         0.        ]
 [0.00971401 0.01015925 0.01699869 ... 0.         0.         0.        ]
 [0.00966007 0.00707353 0.20932707 ... 0.         0.         0.        ]
 ...
 [0.98985445 0.99153703 0.01703041 ... 0.         0.         0.        ]
 [0.99193925 0.98798174 0.01572772 ... 0.         0.         0.        ]
 [0.9883435  0.9921968  0.18566823 ... 0.         0.         0.        ]]; 1382
2024-12-19 11:28:53,109 - 11:28:52.201; 17; 0; 751504; 1906911195996400; 1734604132201756700; 695887160; 1734604133027818100; None; None; [[0.04020798 0.0538734  0.4966591  ... 0.         0.         0.        ]
 [0.04829465 0.03988869 0.35389438 ... 0.         0.         0.        ]
 [0.04906813 0.04189046 0.76354    ... 0.         0.         0.        ]
 ...
 [0.95570725 0.9505526  0.46947667 ... 0.         0.         0.        ]
 [0.9646956  0.96347576 0.3141001  ... 0.         0.         0.        ]
 [0.9678842  0.9662399  0.86862755 ... 0.         0.         0.        ]], [[0.01472127 0.02507995 0.03610119 ... 0.         0.         0.        ]
 [0.01701095 0.01969269 0.41007313 ... 0.         0.         0.        ]
 [0.02192506 0.01726293 0.06714806 ... 0.         0.         0.        ]
 ...
 [0.9744934  0.9762116  0.04547359 ... 0.         0.         0.        ]
 [0.97945    0.9779568  0.3695366  ... 0.         0.         0.        ]
 [0.97892284 0.9831682  0.08277131 ... 0.         0.         0.        ]], [[0.00839736 0.00525467 0.01372874 ... 0.         0.         0.        ]
 [0.00971401 0.01015925 0.01699869 ... 0.         0.         0.        ]
 [0.00966007 0.00707353 0.20932707 ... 0.         0.         0.        ]
 ...
 [0.98985445 0.99153703 0.01703041 ... 0.         0.         0.        ]
 [0.99193925 0.98798174 0.01572772 ... 0.         0.         0.        ]
 [0.9883435  0.9921968  0.18566823 ... 0.         0.         0.        ]]; 1382
2024-12-19 11:28:54,030 - 11:28:53.110; 18; 0; 751504; 1906911195996400; 1734604133110622900; 714068053; 1734604133962794400; None; None; [[0.04020798 0.0538734  0.4966591  ... 0.         0.         0.        ]
 [0.04829465 0.03988869 0.35389438 ... 0.         0.         0.        ]
 [0.04906813 0.04189046 0.76354    ... 0.         0.         0.        ]
 ...
 [0.95570725 0.9505526  0.46947667 ... 0.         0.         0.        ]
 [0.9646956  0.96347576 0.3141001  ... 0.         0.         0.        ]
 [0.9678842  0.9662399  0.86862755 ... 0.         0.         0.        ]], [[0.01472127 0.02507995 0.03610119 ... 0.         0.         0.        ]
 [0.01701095 0.01969269 0.41007313 ... 0.         0.         0.        ]
 [0.02192506 0.01726293 0.06714806 ... 0.         0.         0.        ]
 ...
 [0.9744934  0.9762116  0.04547359 ... 0.         0.         0.        ]
 [0.97945    0.9779568  0.3695366  ... 0.         0.         0.        ]
 [0.97892284 0.9831682  0.08277131 ... 0.         0.         0.        ]], [[0.00839736 0.00525467 0.01372874 ... 0.         0.         0.        ]
 [0.00971401 0.01015925 0.01699869 ... 0.         0.         0.        ]
 [0.00966007 0.00707353 0.20932707 ... 0.         0.         0.        ]
 ...
 [0.98985445 0.99153703 0.01703041 ... 0.         0.         0.        ]
 [0.99193925 0.98798174 0.01572772 ... 0.         0.         0.        ]
 [0.9883435  0.9921968  0.18566823 ... 0.         0.         0.        ]]; 1382
2024-12-19 11:28:54,967 - 11:28:54.031; 19; 0; 751504; 1906911195996400; 1734604134031062500; 736798864; 1734604134896680600; None; None; [[0.04020798 0.0538734  0.4966591  ... 0.         0.         0.        ]
 [0.04829465 0.03988869 0.35389438 ... 0.         0.         0.        ]
 [0.04906813 0.04189046 0.76354    ... 0.         0.         0.        ]
 ...
 [0.95570725 0.9505526  0.46947667 ... 0.         0.         0.        ]
 [0.9646956  0.96347576 0.3141001  ... 0.         0.         0.        ]
 [0.9678842  0.9662399  0.86862755 ... 0.         0.         0.        ]], [[0.01472127 0.02507995 0.03610119 ... 0.         0.         0.        ]
 [0.01701095 0.01969269 0.41007313 ... 0.         0.         0.        ]
 [0.02192506 0.01726293 0.06714806 ... 0.         0.         0.        ]
 ...
 [0.9744934  0.9762116  0.04547359 ... 0.         0.         0.        ]
 [0.97945    0.9779568  0.3695366  ... 0.         0.         0.        ]
 [0.97892284 0.9831682  0.08277131 ... 0.         0.         0.        ]], [[0.00839736 0.00525467 0.01372874 ... 0.         0.         0.        ]
 [0.00971401 0.01015925 0.01699869 ... 0.         0.         0.        ]
 [0.00966007 0.00707353 0.20932707 ... 0.         0.         0.        ]
 ...
 [0.98985445 0.99153703 0.01703041 ... 0.         0.         0.        ]
 [0.99193925 0.98798174 0.01572772 ... 0.         0.         0.        ]
 [0.9883435  0.9921968  0.18566823 ... 0.         0.         0.        ]]; 1382
2024-12-19 11:28:55,906 - 11:28:54.968; 20; 0; 751504; 1906911195996400; 1734604134968033900; 734850142; 1734604135839740200; None; None; [[0.04020798 0.0538734  0.4966591  ... 0.         0.         0.        ]
 [0.04829465 0.03988869 0.35389438 ... 0.         0.         0.        ]
 [0.04906813 0.04189046 0.76354    ... 0.         0.         0.        ]
 ...
 [0.95570725 0.9505526  0.46947667 ... 0.         0.         0.        ]
 [0.9646956  0.96347576 0.3141001  ... 0.         0.         0.        ]
 [0.9678842  0.9662399  0.86862755 ... 0.         0.         0.        ]], [[0.01472127 0.02507995 0.03610119 ... 0.         0.         0.        ]
 [0.01701095 0.01969269 0.41007313 ... 0.         0.         0.        ]
 [0.02192506 0.01726293 0.06714806 ... 0.         0.         0.        ]
 ...
 [0.9744934  0.9762116  0.04547359 ... 0.         0.         0.        ]
 [0.97945    0.9779568  0.3695366  ... 0.         0.         0.        ]
 [0.97892284 0.9831682  0.08277131 ... 0.         0.         0.        ]], [[0.00839736 0.00525467 0.01372874 ... 0.         0.         0.        ]
 [0.00971401 0.01015925 0.01699869 ... 0.         0.         0.        ]
 [0.00966007 0.00707353 0.20932707 ... 0.         0.         0.        ]
 ...
 [0.98985445 0.99153703 0.01703041 ... 0.         0.         0.        ]
 [0.99193925 0.98798174 0.01572772 ... 0.         0.         0.        ]
 [0.9883435  0.9921968  0.18566823 ... 0.         0.         0.        ]]; 1382
2024-12-19 11:28:56,842 - 11:28:55.909; 21; 0; 751504; 1906911195996400; 1734604135909040700; 733260705; 1734604136772515100; None; None; [[0.04020798 0.0538734  0.4966591  ... 0.         0.         0.        ]
 [0.04829465 0.03988869 0.35389438 ... 0.         0.         0.        ]
 [0.04906813 0.04189046 0.76354    ... 0.         0.         0.        ]
 ...
 [0.95570725 0.9505526  0.46947667 ... 0.         0.         0.        ]
 [0.9646956  0.96347576 0.3141001  ... 0.         0.         0.        ]
 [0.9678842  0.9662399  0.86862755 ... 0.         0.         0.        ]], [[0.01472127 0.02507995 0.03610119 ... 0.         0.         0.        ]
 [0.01701095 0.01969269 0.41007313 ... 0.         0.         0.        ]
 [0.02192506 0.01726293 0.06714806 ... 0.         0.         0.        ]
 ...
 [0.9744934  0.9762116  0.04547359 ... 0.         0.         0.        ]
 [0.97945    0.9779568  0.3695366  ... 0.         0.         0.        ]
 [0.97892284 0.9831682  0.08277131 ... 0.         0.         0.        ]], [[0.00839736 0.00525467 0.01372874 ... 0.         0.         0.        ]
 [0.00971401 0.01015925 0.01699869 ... 0.         0.         0.        ]
 [0.00966007 0.00707353 0.20932707 ... 0.         0.         0.        ]
 ...
 [0.98985445 0.99153703 0.01703041 ... 0.         0.         0.        ]
 [0.99193925 0.98798174 0.01572772 ... 0.         0.         0.        ]
 [0.9883435  0.9921968  0.18566823 ... 0.         0.         0.        ]]; 1382
2024-12-19 11:28:57,799 - 11:28:56.843; 22; 0; 751504; 1906911195996400; 1734604136843654700; 744211218; 1734604137725234500; None; None; [[0.04020798 0.0538734  0.4966591  ... 0.         0.         0.        ]
 [0.04829465 0.03988869 0.35389438 ... 0.         0.         0.        ]
 [0.04906813 0.04189046 0.76354    ... 0.         0.         0.        ]
 ...
 [0.95570725 0.9505526  0.46947667 ... 0.         0.         0.        ]
 [0.9646956  0.96347576 0.3141001  ... 0.         0.         0.        ]
 [0.9678842  0.9662399  0.86862755 ... 0.         0.         0.        ]], [[0.01472127 0.02507995 0.03610119 ... 0.         0.         0.        ]
 [0.01701095 0.01969269 0.41007313 ... 0.         0.         0.        ]
 [0.02192506 0.01726293 0.06714806 ... 0.         0.         0.        ]
 ...
 [0.9744934  0.9762116  0.04547359 ... 0.         0.         0.        ]
 [0.97945    0.9779568  0.3695366  ... 0.         0.         0.        ]
 [0.97892284 0.9831682  0.08277131 ... 0.         0.         0.        ]], [[0.00839736 0.00525467 0.01372874 ... 0.         0.         0.        ]
 [0.00971401 0.01015925 0.01699869 ... 0.         0.         0.        ]
 [0.00966007 0.00707353 0.20932707 ... 0.         0.         0.        ]
 ...
 [0.98985445 0.99153703 0.01703041 ... 0.         0.         0.        ]
 [0.99193925 0.98798174 0.01572772 ... 0.         0.         0.        ]
 [0.9883435  0.9921968  0.18566823 ... 0.         0.         0.        ]]; 1382
2024-12-19 11:28:58,741 - 11:28:57.800; 23; 0; 751504; 1906911195996400; 1734604137800869100; 737936224; 1734604138676796300; None; None; [[0.04020798 0.0538734  0.4966591  ... 0.         0.         0.        ]
 [0.04829465 0.03988869 0.35389438 ... 0.         0.         0.        ]
 [0.04906813 0.04189046 0.76354    ... 0.         0.         0.        ]
 ...
 [0.95570725 0.9505526  0.46947667 ... 0.         0.         0.        ]
 [0.9646956  0.96347576 0.3141001  ... 0.         0.         0.        ]
 [0.9678842  0.9662399  0.86862755 ... 0.         0.         0.        ]], [[0.01472127 0.02507995 0.03610119 ... 0.         0.         0.        ]
 [0.01701095 0.01969269 0.41007313 ... 0.         0.         0.        ]
 [0.02192506 0.01726293 0.06714806 ... 0.         0.         0.        ]
 ...
 [0.9744934  0.9762116  0.04547359 ... 0.         0.         0.        ]
 [0.97945    0.9779568  0.3695366  ... 0.         0.         0.        ]
 [0.97892284 0.9831682  0.08277131 ... 0.         0.         0.        ]], [[0.00839736 0.00525467 0.01372874 ... 0.         0.         0.        ]
 [0.00971401 0.01015925 0.01699869 ... 0.         0.         0.        ]
 [0.00966007 0.00707353 0.20932707 ... 0.         0.         0.        ]
 ...
 [0.98985445 0.99153703 0.01703041 ... 0.         0.         0.        ]
 [0.99193925 0.98798174 0.01572772 ... 0.         0.         0.        ]
 [0.9883435  0.9921968  0.18566823 ... 0.         0.         0.        ]]; 1382
2024-12-19 11:28:59,675 - 11:28:58.742; 24; 0; 751504; 1906911195996400; 1734604138742506300; 731669661; 1734604139606499300; None; None; [[0.04020798 0.0538734  0.4966591  ... 0.         0.         0.        ]
 [0.04829465 0.03988869 0.35389438 ... 0.         0.         0.        ]
 [0.04906813 0.04189046 0.76354    ... 0.         0.         0.        ]
 ...
 [0.95570725 0.9505526  0.46947667 ... 0.         0.         0.        ]
 [0.9646956  0.96347576 0.3141001  ... 0.         0.         0.        ]
 [0.9678842  0.9662399  0.86862755 ... 0.         0.         0.        ]], [[0.01472127 0.02507995 0.03610119 ... 0.         0.         0.        ]
 [0.01701095 0.01969269 0.41007313 ... 0.         0.         0.        ]
 [0.02192506 0.01726293 0.06714806 ... 0.         0.         0.        ]
 ...
 [0.9744934  0.9762116  0.04547359 ... 0.         0.         0.        ]
 [0.97945    0.9779568  0.3695366  ... 0.         0.         0.        ]
 [0.97892284 0.9831682  0.08277131 ... 0.         0.         0.        ]], [[0.00839736 0.00525467 0.01372874 ... 0.         0.         0.        ]
 [0.00971401 0.01015925 0.01699869 ... 0.         0.         0.        ]
 [0.00966007 0.00707353 0.20932707 ... 0.         0.         0.        ]
 ...
 [0.98985445 0.99153703 0.01703041 ... 0.         0.         0.        ]
 [0.99193925 0.98798174 0.01572772 ... 0.         0.         0.        ]
 [0.9883435  0.9921968  0.18566823 ... 0.         0.         0.        ]]; 1382
2024-12-19 11:29:00,622 - 11:28:59.676; 25; 0; 751504; 1906911195996400; 1734604139677749000; 741801921; 1734604140550747100; None; None; [[0.04020798 0.0538734  0.4966591  ... 0.         0.         0.        ]
 [0.04829465 0.03988869 0.35389438 ... 0.         0.         0.        ]
 [0.04906813 0.04189046 0.76354    ... 0.         0.         0.        ]
 ...
 [0.95570725 0.9505526  0.46947667 ... 0.         0.         0.        ]
 [0.9646956  0.96347576 0.3141001  ... 0.         0.         0.        ]
 [0.9678842  0.9662399  0.86862755 ... 0.         0.         0.        ]], [[0.01472127 0.02507995 0.03610119 ... 0.         0.         0.        ]
 [0.01701095 0.01969269 0.41007313 ... 0.         0.         0.        ]
 [0.02192506 0.01726293 0.06714806 ... 0.         0.         0.        ]
 ...
 [0.9744934  0.9762116  0.04547359 ... 0.         0.         0.        ]
 [0.97945    0.9779568  0.3695366  ... 0.         0.         0.        ]
 [0.97892284 0.9831682  0.08277131 ... 0.         0.         0.        ]], [[0.00839736 0.00525467 0.01372874 ... 0.         0.         0.        ]
 [0.00971401 0.01015925 0.01699869 ... 0.         0.         0.        ]
 [0.00966007 0.00707353 0.20932707 ... 0.         0.         0.        ]
 ...
 [0.98985445 0.99153703 0.01703041 ... 0.         0.         0.        ]
 [0.99193925 0.98798174 0.01572772 ... 0.         0.         0.        ]
 [0.9883435  0.9921968  0.18566823 ... 0.         0.         0.        ]]; 1382
2024-12-19 11:29:01,555 - 11:29:00.623; 26; 0; 751504; 1906911195996400; 1734604140623466800; 727075189; 1734604141485113200; None; None; [[0.04020798 0.0538734  0.4966591  ... 0.         0.         0.        ]
 [0.04829465 0.03988869 0.35389438 ... 0.         0.         0.        ]
 [0.04906813 0.04189046 0.76354    ... 0.         0.         0.        ]
 ...
 [0.95570725 0.9505526  0.46947667 ... 0.         0.         0.        ]
 [0.9646956  0.96347576 0.3141001  ... 0.         0.         0.        ]
 [0.9678842  0.9662399  0.86862755 ... 0.         0.         0.        ]], [[0.01472127 0.02507995 0.03610119 ... 0.         0.         0.        ]
 [0.01701095 0.01969269 0.41007313 ... 0.         0.         0.        ]
 [0.02192506 0.01726293 0.06714806 ... 0.         0.         0.        ]
 ...
 [0.9744934  0.9762116  0.04547359 ... 0.         0.         0.        ]
 [0.97945    0.9779568  0.3695366  ... 0.         0.         0.        ]
 [0.97892284 0.9831682  0.08277131 ... 0.         0.         0.        ]], [[0.00839736 0.00525467 0.01372874 ... 0.         0.         0.        ]
 [0.00971401 0.01015925 0.01699869 ... 0.         0.         0.        ]
 [0.00966007 0.00707353 0.20932707 ... 0.         0.         0.        ]
 ...
 [0.98985445 0.99153703 0.01703041 ... 0.         0.         0.        ]
 [0.99193925 0.98798174 0.01572772 ... 0.         0.         0.        ]
 [0.9883435  0.9921968  0.18566823 ... 0.         0.         0.        ]]; 1382
2024-12-19 11:29:02,489 - 11:29:01.556; 27; 0; 751504; 1906911195996400; 1734604141556023100; 730111309; 1734604142422911600; None; None; [[0.04020798 0.0538734  0.4966591  ... 0.         0.         0.        ]
 [0.04829465 0.03988869 0.35389438 ... 0.         0.         0.        ]
 [0.04906813 0.04189046 0.76354    ... 0.         0.         0.        ]
 ...
 [0.95570725 0.9505526  0.46947667 ... 0.         0.         0.        ]
 [0.9646956  0.96347576 0.3141001  ... 0.         0.         0.        ]
 [0.9678842  0.9662399  0.86862755 ... 0.         0.         0.        ]], [[0.01472127 0.02507995 0.03610119 ... 0.         0.         0.        ]
 [0.01701095 0.01969269 0.41007313 ... 0.         0.         0.        ]
 [0.02192506 0.01726293 0.06714806 ... 0.         0.         0.        ]
 ...
 [0.9744934  0.9762116  0.04547359 ... 0.         0.         0.        ]
 [0.97945    0.9779568  0.3695366  ... 0.         0.         0.        ]
 [0.97892284 0.9831682  0.08277131 ... 0.         0.         0.        ]], [[0.00839736 0.00525467 0.01372874 ... 0.         0.         0.        ]
 [0.00971401 0.01015925 0.01699869 ... 0.         0.         0.        ]
 [0.00966007 0.00707353 0.20932707 ... 0.         0.         0.        ]
 ...
 [0.98985445 0.99153703 0.01703041 ... 0.         0.         0.        ]
 [0.99193925 0.98798174 0.01572772 ... 0.         0.         0.        ]
 [0.9883435  0.9921968  0.18566823 ... 0.         0.         0.        ]]; 1382
2024-12-19 11:29:03,422 - 11:29:02.490; 28; 0; 751504; 1906911195996400; 1734604142490304900; 731419583; 1734604143352144300; None; None; [[0.04020798 0.0538734  0.4966591  ... 0.         0.         0.        ]
 [0.04829465 0.03988869 0.35389438 ... 0.         0.         0.        ]
 [0.04906813 0.04189046 0.76354    ... 0.         0.         0.        ]
 ...
 [0.95570725 0.9505526  0.46947667 ... 0.         0.         0.        ]
 [0.9646956  0.96347576 0.3141001  ... 0.         0.         0.        ]
 [0.9678842  0.9662399  0.86862755 ... 0.         0.         0.        ]], [[0.01472127 0.02507995 0.03610119 ... 0.         0.         0.        ]
 [0.01701095 0.01969269 0.41007313 ... 0.         0.         0.        ]
 [0.02192506 0.01726293 0.06714806 ... 0.         0.         0.        ]
 ...
 [0.9744934  0.9762116  0.04547359 ... 0.         0.         0.        ]
 [0.97945    0.9779568  0.3695366  ... 0.         0.         0.        ]
 [0.97892284 0.9831682  0.08277131 ... 0.         0.         0.        ]], [[0.00839736 0.00525467 0.01372874 ... 0.         0.         0.        ]
 [0.00971401 0.01015925 0.01699869 ... 0.         0.         0.        ]
 [0.00966007 0.00707353 0.20932707 ... 0.         0.         0.        ]
 ...
 [0.98985445 0.99153703 0.01703041 ... 0.         0.         0.        ]
 [0.99193925 0.98798174 0.01572772 ... 0.         0.         0.        ]
 [0.9883435  0.9921968  0.18566823 ... 0.         0.         0.        ]]; 1382
2024-12-19 11:29:04,359 - 11:29:03.424; 29; 0; 751504; 1906911195996400; 1734604143424659200; 732495304; 1734604144283756500; None; None; [[0.04020798 0.0538734  0.4966591  ... 0.         0.         0.        ]
 [0.04829465 0.03988869 0.35389438 ... 0.         0.         0.        ]
 [0.04906813 0.04189046 0.76354    ... 0.         0.         0.        ]
 ...
 [0.95570725 0.9505526  0.46947667 ... 0.         0.         0.        ]
 [0.9646956  0.96347576 0.3141001  ... 0.         0.         0.        ]
 [0.9678842  0.9662399  0.86862755 ... 0.         0.         0.        ]], [[0.01472127 0.02507995 0.03610119 ... 0.         0.         0.        ]
 [0.01701095 0.01969269 0.41007313 ... 0.         0.         0.        ]
 [0.02192506 0.01726293 0.06714806 ... 0.         0.         0.        ]
 ...
 [0.9744934  0.9762116  0.04547359 ... 0.         0.         0.        ]
 [0.97945    0.9779568  0.3695366  ... 0.         0.         0.        ]
 [0.97892284 0.9831682  0.08277131 ... 0.         0.         0.        ]], [[0.00839736 0.00525467 0.01372874 ... 0.         0.         0.        ]
 [0.00971401 0.01015925 0.01699869 ... 0.         0.         0.        ]
 [0.00966007 0.00707353 0.20932707 ... 0.         0.         0.        ]
 ...
 [0.98985445 0.99153703 0.01703041 ... 0.         0.         0.        ]
 [0.99193925 0.98798174 0.01572772 ... 0.         0.         0.        ]
 [0.9883435  0.9921968  0.18566823 ... 0.         0.         0.        ]]; 1382
2024-12-19 11:29:05,302 - 11:29:04.360; 30; 0; 751504; 1906911195996400; 1734604144360227800; 737440620; 1734604145229997600; None; None; [[0.04020798 0.0538734  0.4966591  ... 0.         0.         0.        ]
 [0.04829465 0.03988869 0.35389438 ... 0.         0.         0.        ]
 [0.04906813 0.04189046 0.76354    ... 0.         0.         0.        ]
 ...
 [0.95570725 0.9505526  0.46947667 ... 0.         0.         0.        ]
 [0.9646956  0.96347576 0.3141001  ... 0.         0.         0.        ]
 [0.9678842  0.9662399  0.86862755 ... 0.         0.         0.        ]], [[0.01472127 0.02507995 0.03610119 ... 0.         0.         0.        ]
 [0.01701095 0.01969269 0.41007313 ... 0.         0.         0.        ]
 [0.02192506 0.01726293 0.06714806 ... 0.         0.         0.        ]
 ...
 [0.9744934  0.9762116  0.04547359 ... 0.         0.         0.        ]
 [0.97945    0.9779568  0.3695366  ... 0.         0.         0.        ]
 [0.97892284 0.9831682  0.08277131 ... 0.         0.         0.        ]], [[0.00839736 0.00525467 0.01372874 ... 0.         0.         0.        ]
 [0.00971401 0.01015925 0.01699869 ... 0.         0.         0.        ]
 [0.00966007 0.00707353 0.20932707 ... 0.         0.         0.        ]
 ...
 [0.98985445 0.99153703 0.01703041 ... 0.         0.         0.        ]
 [0.99193925 0.98798174 0.01572772 ... 0.         0.         0.        ]
 [0.9883435  0.9921968  0.18566823 ... 0.         0.         0.        ]]; 1382
2024-12-19 11:29:06,234 - 11:29:05.302; 31; 0; 751504; 1906911195996400; 1734604145303470600; 729417624; 1734604146164336800; None; None; [[0.04020798 0.0538734  0.4966591  ... 0.         0.         0.        ]
 [0.04829465 0.03988869 0.35389438 ... 0.         0.         0.        ]
 [0.04906813 0.04189046 0.76354    ... 0.         0.         0.        ]
 ...
 [0.95570725 0.9505526  0.46947667 ... 0.         0.         0.        ]
 [0.9646956  0.96347576 0.3141001  ... 0.         0.         0.        ]
 [0.9678842  0.9662399  0.86862755 ... 0.         0.         0.        ]], [[0.01472127 0.02507995 0.03610119 ... 0.         0.         0.        ]
 [0.01701095 0.01969269 0.41007313 ... 0.         0.         0.        ]
 [0.02192506 0.01726293 0.06714806 ... 0.         0.         0.        ]
 ...
 [0.9744934  0.9762116  0.04547359 ... 0.         0.         0.        ]
 [0.97945    0.9779568  0.3695366  ... 0.         0.         0.        ]
 [0.97892284 0.9831682  0.08277131 ... 0.         0.         0.        ]], [[0.00839736 0.00525467 0.01372874 ... 0.         0.         0.        ]
 [0.00971401 0.01015925 0.01699869 ... 0.         0.         0.        ]
 [0.00966007 0.00707353 0.20932707 ... 0.         0.         0.        ]
 ...
 [0.98985445 0.99153703 0.01703041 ... 0.         0.         0.        ]
 [0.99193925 0.98798174 0.01572772 ... 0.         0.         0.        ]
 [0.9883435  0.9921968  0.18566823 ... 0.         0.         0.        ]]; 1382
2024-12-19 11:29:07,184 - 11:29:06.235; 32; 0; 751504; 1906911195996400; 1734604146235220100; 740075391; 1734604147114082300; None; None; [[0.04020798 0.0538734  0.4966591  ... 0.         0.         0.        ]
 [0.04829465 0.03988869 0.35389438 ... 0.         0.         0.        ]
 [0.04906813 0.04189046 0.76354    ... 0.         0.         0.        ]
 ...
 [0.95570725 0.9505526  0.46947667 ... 0.         0.         0.        ]
 [0.9646956  0.96347576 0.3141001  ... 0.         0.         0.        ]
 [0.9678842  0.9662399  0.86862755 ... 0.         0.         0.        ]], [[0.01472127 0.02507995 0.03610119 ... 0.         0.         0.        ]
 [0.01701095 0.01969269 0.41007313 ... 0.         0.         0.        ]
 [0.02192506 0.01726293 0.06714806 ... 0.         0.         0.        ]
 ...
 [0.9744934  0.9762116  0.04547359 ... 0.         0.         0.        ]
 [0.97945    0.9779568  0.3695366  ... 0.         0.         0.        ]
 [0.97892284 0.9831682  0.08277131 ... 0.         0.         0.        ]], [[0.00839736 0.00525467 0.01372874 ... 0.         0.         0.        ]
 [0.00971401 0.01015925 0.01699869 ... 0.         0.         0.        ]
 [0.00966007 0.00707353 0.20932707 ... 0.         0.         0.        ]
 ...
 [0.98985445 0.99153703 0.01703041 ... 0.         0.         0.        ]
 [0.99193925 0.98798174 0.01572772 ... 0.         0.         0.        ]
 [0.9883435  0.9921968  0.18566823 ... 0.         0.         0.        ]]; 1382
2024-12-19 11:29:08,109 - 11:29:07.185; 33; 0; 751504; 1906911195996400; 1734604147185779700; 730388340; 1734604148045731400; None; None; [[0.04020798 0.0538734  0.4966591  ... 0.         0.         0.        ]
 [0.04829465 0.03988869 0.35389438 ... 0.         0.         0.        ]
 [0.04906813 0.04189046 0.76354    ... 0.         0.         0.        ]
 ...
 [0.95570725 0.9505526  0.46947667 ... 0.         0.         0.        ]
 [0.9646956  0.96347576 0.3141001  ... 0.         0.         0.        ]
 [0.9678842  0.9662399  0.86862755 ... 0.         0.         0.        ]], [[0.01472127 0.02507995 0.03610119 ... 0.         0.         0.        ]
 [0.01701095 0.01969269 0.41007313 ... 0.         0.         0.        ]
 [0.02192506 0.01726293 0.06714806 ... 0.         0.         0.        ]
 ...
 [0.9744934  0.9762116  0.04547359 ... 0.         0.         0.        ]
 [0.97945    0.9779568  0.3695366  ... 0.         0.         0.        ]
 [0.97892284 0.9831682  0.08277131 ... 0.         0.         0.        ]], [[0.00839736 0.00525467 0.01372874 ... 0.         0.         0.        ]
 [0.00971401 0.01015925 0.01699869 ... 0.         0.         0.        ]
 [0.00966007 0.00707353 0.20932707 ... 0.         0.         0.        ]
 ...
 [0.98985445 0.99153703 0.01703041 ... 0.         0.         0.        ]
 [0.99193925 0.98798174 0.01572772 ... 0.         0.         0.        ]
 [0.9883435  0.9921968  0.18566823 ... 0.         0.         0.        ]]; 1382
2024-12-19 11:29:09,043 - 11:29:08.111; 34; 0; 751504; 1906911195996400; 1734604148111635500; 726443451; 1734604148980957500; None; None; [[0.04020798 0.0538734  0.4966591  ... 0.         0.         0.        ]
 [0.04829465 0.03988869 0.35389438 ... 0.         0.         0.        ]
 [0.04906813 0.04189046 0.76354    ... 0.         0.         0.        ]
 ...
 [0.95570725 0.9505526  0.46947667 ... 0.         0.         0.        ]
 [0.9646956  0.96347576 0.3141001  ... 0.         0.         0.        ]
 [0.9678842  0.9662399  0.86862755 ... 0.         0.         0.        ]], [[0.01472127 0.02507995 0.03610119 ... 0.         0.         0.        ]
 [0.01701095 0.01969269 0.41007313 ... 0.         0.         0.        ]
 [0.02192506 0.01726293 0.06714806 ... 0.         0.         0.        ]
 ...
 [0.9744934  0.9762116  0.04547359 ... 0.         0.         0.        ]
 [0.97945    0.9779568  0.3695366  ... 0.         0.         0.        ]
 [0.97892284 0.9831682  0.08277131 ... 0.         0.         0.        ]], [[0.00839736 0.00525467 0.01372874 ... 0.         0.         0.        ]
 [0.00971401 0.01015925 0.01699869 ... 0.         0.         0.        ]
 [0.00966007 0.00707353 0.20932707 ... 0.         0.         0.        ]
 ...
 [0.98985445 0.99153703 0.01703041 ... 0.         0.         0.        ]
 [0.99193925 0.98798174 0.01572772 ... 0.         0.         0.        ]
 [0.9883435  0.9921968  0.18566823 ... 0.         0.         0.        ]]; 1382
2024-12-19 11:29:09,966 - 11:29:09.044; 35; 0; 751504; 1906911195996400; 1734604149044622800; 727252678; 1734604149896996000; None; None; [[0.04020798 0.0538734  0.4966591  ... 0.         0.         0.        ]
 [0.04829465 0.03988869 0.35389438 ... 0.         0.         0.        ]
 [0.04906813 0.04189046 0.76354    ... 0.         0.         0.        ]
 ...
 [0.95570725 0.9505526  0.46947667 ... 0.         0.         0.        ]
 [0.9646956  0.96347576 0.3141001  ... 0.         0.         0.        ]
 [0.9678842  0.9662399  0.86862755 ... 0.         0.         0.        ]], [[0.01472127 0.02507995 0.03610119 ... 0.         0.         0.        ]
 [0.01701095 0.01969269 0.41007313 ... 0.         0.         0.        ]
 [0.02192506 0.01726293 0.06714806 ... 0.         0.         0.        ]
 ...
 [0.9744934  0.9762116  0.04547359 ... 0.         0.         0.        ]
 [0.97945    0.9779568  0.3695366  ... 0.         0.         0.        ]
 [0.97892284 0.9831682  0.08277131 ... 0.         0.         0.        ]], [[0.00839736 0.00525467 0.01372874 ... 0.         0.         0.        ]
 [0.00971401 0.01015925 0.01699869 ... 0.         0.         0.        ]
 [0.00966007 0.00707353 0.20932707 ... 0.         0.         0.        ]
 ...
 [0.98985445 0.99153703 0.01703041 ... 0.         0.         0.        ]
 [0.99193925 0.98798174 0.01572772 ... 0.         0.         0.        ]
 [0.9883435  0.9921968  0.18566823 ... 0.         0.         0.        ]]; 1382
2024-12-19 11:29:10,909 - 11:29:09.967; 36; 0; 751504; 1906911195996400; 1734604149967980700; 733095157; 1734604150829433300; None; None; [[0.04020798 0.0538734  0.4966591  ... 0.         0.         0.        ]
 [0.04829465 0.03988869 0.35389438 ... 0.         0.         0.        ]
 [0.04906813 0.04189046 0.76354    ... 0.         0.         0.        ]
 ...
 [0.95570725 0.9505526  0.46947667 ... 0.         0.         0.        ]
 [0.9646956  0.96347576 0.3141001  ... 0.         0.         0.        ]
 [0.9678842  0.9662399  0.86862755 ... 0.         0.         0.        ]], [[0.01472127 0.02507995 0.03610119 ... 0.         0.         0.        ]
 [0.01701095 0.01969269 0.41007313 ... 0.         0.         0.        ]
 [0.02192506 0.01726293 0.06714806 ... 0.         0.         0.        ]
 ...
 [0.9744934  0.9762116  0.04547359 ... 0.         0.         0.        ]
 [0.97945    0.9779568  0.3695366  ... 0.         0.         0.        ]
 [0.97892284 0.9831682  0.08277131 ... 0.         0.         0.        ]], [[0.00839736 0.00525467 0.01372874 ... 0.         0.         0.        ]
 [0.00971401 0.01015925 0.01699869 ... 0.         0.         0.        ]
 [0.00966007 0.00707353 0.20932707 ... 0.         0.         0.        ]
 ...
 [0.98985445 0.99153703 0.01703041 ... 0.         0.         0.        ]
 [0.99193925 0.98798174 0.01572772 ... 0.         0.         0.        ]
 [0.9883435  0.9921968  0.18566823 ... 0.         0.         0.        ]]; 1382
2024-12-19 11:29:11,845 - 11:29:10.910; 37; 0; 751504; 1906911195996400; 1734604150910736000; 725160800; 1734604151769488300; None; None; [[0.04020798 0.0538734  0.4966591  ... 0.         0.         0.        ]
 [0.04829465 0.03988869 0.35389438 ... 0.         0.         0.        ]
 [0.04906813 0.04189046 0.76354    ... 0.         0.         0.        ]
 ...
 [0.95570725 0.9505526  0.46947667 ... 0.         0.         0.        ]
 [0.9646956  0.96347576 0.3141001  ... 0.         0.         0.        ]
 [0.9678842  0.9662399  0.86862755 ... 0.         0.         0.        ]], [[0.01472127 0.02507995 0.03610119 ... 0.         0.         0.        ]
 [0.01701095 0.01969269 0.41007313 ... 0.         0.         0.        ]
 [0.02192506 0.01726293 0.06714806 ... 0.         0.         0.        ]
 ...
 [0.9744934  0.9762116  0.04547359 ... 0.         0.         0.        ]
 [0.97945    0.9779568  0.3695366  ... 0.         0.         0.        ]
 [0.97892284 0.9831682  0.08277131 ... 0.         0.         0.        ]], [[0.00839736 0.00525467 0.01372874 ... 0.         0.         0.        ]
 [0.00971401 0.01015925 0.01699869 ... 0.         0.         0.        ]
 [0.00966007 0.00707353 0.20932707 ... 0.         0.         0.        ]
 ...
 [0.98985445 0.99153703 0.01703041 ... 0.         0.         0.        ]
 [0.99193925 0.98798174 0.01572772 ... 0.         0.         0.        ]
 [0.9883435  0.9921968  0.18566823 ... 0.         0.         0.        ]]; 1382
2024-12-19 11:29:12,777 - 11:29:11.846; 38; 0; 751504; 1906911195996400; 1734604151846722100; 724855364; 1734604152707413100; None; None; [[0.04020798 0.0538734  0.4966591  ... 0.         0.         0.        ]
 [0.04829465 0.03988869 0.35389438 ... 0.         0.         0.        ]
 [0.04906813 0.04189046 0.76354    ... 0.         0.         0.        ]
 ...
 [0.95570725 0.9505526  0.46947667 ... 0.         0.         0.        ]
 [0.9646956  0.96347576 0.3141001  ... 0.         0.         0.        ]
 [0.9678842  0.9662399  0.86862755 ... 0.         0.         0.        ]], [[0.01472127 0.02507995 0.03610119 ... 0.         0.         0.        ]
 [0.01701095 0.01969269 0.41007313 ... 0.         0.         0.        ]
 [0.02192506 0.01726293 0.06714806 ... 0.         0.         0.        ]
 ...
 [0.9744934  0.9762116  0.04547359 ... 0.         0.         0.        ]
 [0.97945    0.9779568  0.3695366  ... 0.         0.         0.        ]
 [0.97892284 0.9831682  0.08277131 ... 0.         0.         0.        ]], [[0.00839736 0.00525467 0.01372874 ... 0.         0.         0.        ]
 [0.00971401 0.01015925 0.01699869 ... 0.         0.         0.        ]
 [0.00966007 0.00707353 0.20932707 ... 0.         0.         0.        ]
 ...
 [0.98985445 0.99153703 0.01703041 ... 0.         0.         0.        ]
 [0.99193925 0.98798174 0.01572772 ... 0.         0.         0.        ]
 [0.9883435  0.9921968  0.18566823 ... 0.         0.         0.        ]]; 1382
2024-12-19 11:29:13,719 - 11:29:12.779; 39; 0; 751504; 1906911195996400; 1734604152779304400; 734369143; 1734604153645872000; None; None; [[0.04020798 0.0538734  0.4966591  ... 0.         0.         0.        ]
 [0.04829465 0.03988869 0.35389438 ... 0.         0.         0.        ]
 [0.04906813 0.04189046 0.76354    ... 0.         0.         0.        ]
 ...
 [0.95570725 0.9505526  0.46947667 ... 0.         0.         0.        ]
 [0.9646956  0.96347576 0.3141001  ... 0.         0.         0.        ]
 [0.9678842  0.9662399  0.86862755 ... 0.         0.         0.        ]], [[0.01472127 0.02507995 0.03610119 ... 0.         0.         0.        ]
 [0.01701095 0.01969269 0.41007313 ... 0.         0.         0.        ]
 [0.02192506 0.01726293 0.06714806 ... 0.         0.         0.        ]
 ...
 [0.9744934  0.9762116  0.04547359 ... 0.         0.         0.        ]
 [0.97945    0.9779568  0.3695366  ... 0.         0.         0.        ]
 [0.97892284 0.9831682  0.08277131 ... 0.         0.         0.        ]], [[0.00839736 0.00525467 0.01372874 ... 0.         0.         0.        ]
 [0.00971401 0.01015925 0.01699869 ... 0.         0.         0.        ]
 [0.00966007 0.00707353 0.20932707 ... 0.         0.         0.        ]
 ...
 [0.98985445 0.99153703 0.01703041 ... 0.         0.         0.        ]
 [0.99193925 0.98798174 0.01572772 ... 0.         0.         0.        ]
 [0.9883435  0.9921968  0.18566823 ... 0.         0.         0.        ]]; 1382
2024-12-19 11:29:14,646 - 11:29:13.720; 40; 0; 751504; 1906911195996400; 1734604153720647500; 729217097; 1734604154577067300; None; None; [[0.04020798 0.0538734  0.4966591  ... 0.         0.         0.        ]
 [0.04829465 0.03988869 0.35389438 ... 0.         0.         0.        ]
 [0.04906813 0.04189046 0.76354    ... 0.         0.         0.        ]
 ...
 [0.95570725 0.9505526  0.46947667 ... 0.         0.         0.        ]
 [0.9646956  0.96347576 0.3141001  ... 0.         0.         0.        ]
 [0.9678842  0.9662399  0.86862755 ... 0.         0.         0.        ]], [[0.01472127 0.02507995 0.03610119 ... 0.         0.         0.        ]
 [0.01701095 0.01969269 0.41007313 ... 0.         0.         0.        ]
 [0.02192506 0.01726293 0.06714806 ... 0.         0.         0.        ]
 ...
 [0.9744934  0.9762116  0.04547359 ... 0.         0.         0.        ]
 [0.97945    0.9779568  0.3695366  ... 0.         0.         0.        ]
 [0.97892284 0.9831682  0.08277131 ... 0.         0.         0.        ]], [[0.00839736 0.00525467 0.01372874 ... 0.         0.         0.        ]
 [0.00971401 0.01015925 0.01699869 ... 0.         0.         0.        ]
 [0.00966007 0.00707353 0.20932707 ... 0.         0.         0.        ]
 ...
 [0.98985445 0.99153703 0.01703041 ... 0.         0.         0.        ]
 [0.99193925 0.98798174 0.01572772 ... 0.         0.         0.        ]
 [0.9883435  0.9921968  0.18566823 ... 0.         0.         0.        ]]; 1382
2024-12-19 11:29:15,594 - 11:29:14.647; 41; 0; 751504; 1906911195996400; 1734604154647660800; 742403270; 1734604155519762700; None; None; [[0.04020798 0.0538734  0.4966591  ... 0.         0.         0.        ]
 [0.04829465 0.03988869 0.35389438 ... 0.         0.         0.        ]
 [0.04906813 0.04189046 0.76354    ... 0.         0.         0.        ]
 ...
 [0.95570725 0.9505526  0.46947667 ... 0.         0.         0.        ]
 [0.9646956  0.96347576 0.3141001  ... 0.         0.         0.        ]
 [0.9678842  0.9662399  0.86862755 ... 0.         0.         0.        ]], [[0.01472127 0.02507995 0.03610119 ... 0.         0.         0.        ]
 [0.01701095 0.01969269 0.41007313 ... 0.         0.         0.        ]
 [0.02192506 0.01726293 0.06714806 ... 0.         0.         0.        ]
 ...
 [0.9744934  0.9762116  0.04547359 ... 0.         0.         0.        ]
 [0.97945    0.9779568  0.3695366  ... 0.         0.         0.        ]
 [0.97892284 0.9831682  0.08277131 ... 0.         0.         0.        ]], [[0.00839736 0.00525467 0.01372874 ... 0.         0.         0.        ]
 [0.00971401 0.01015925 0.01699869 ... 0.         0.         0.        ]
 [0.00966007 0.00707353 0.20932707 ... 0.         0.         0.        ]
 ...
 [0.98985445 0.99153703 0.01703041 ... 0.         0.         0.        ]
 [0.99193925 0.98798174 0.01572772 ... 0.         0.         0.        ]
 [0.9883435  0.9921968  0.18566823 ... 0.         0.         0.        ]]; 1382
2024-12-19 11:29:16,547 - 11:29:15.594; 42; 0; 751504; 1906911195996400; 1734604155594310200; 751223061; 1734604156473753200; None; None; [[0.04020798 0.0538734  0.4966591  ... 0.         0.         0.        ]
 [0.04829465 0.03988869 0.35389438 ... 0.         0.         0.        ]
 [0.04906813 0.04189046 0.76354    ... 0.         0.         0.        ]
 ...
 [0.95570725 0.9505526  0.46947667 ... 0.         0.         0.        ]
 [0.9646956  0.96347576 0.3141001  ... 0.         0.         0.        ]
 [0.9678842  0.9662399  0.86862755 ... 0.         0.         0.        ]], [[0.01472127 0.02507995 0.03610119 ... 0.         0.         0.        ]
 [0.01701095 0.01969269 0.41007313 ... 0.         0.         0.        ]
 [0.02192506 0.01726293 0.06714806 ... 0.         0.         0.        ]
 ...
 [0.9744934  0.9762116  0.04547359 ... 0.         0.         0.        ]
 [0.97945    0.9779568  0.3695366  ... 0.         0.         0.        ]
 [0.97892284 0.9831682  0.08277131 ... 0.         0.         0.        ]], [[0.00839736 0.00525467 0.01372874 ... 0.         0.         0.        ]
 [0.00971401 0.01015925 0.01699869 ... 0.         0.         0.        ]
 [0.00966007 0.00707353 0.20932707 ... 0.         0.         0.        ]
 ...
 [0.98985445 0.99153703 0.01703041 ... 0.         0.         0.        ]
 [0.99193925 0.98798174 0.01572772 ... 0.         0.         0.        ]
 [0.9883435  0.9921968  0.18566823 ... 0.         0.         0.        ]]; 1382
2024-12-19 11:29:17,493 - 11:29:16.548; 43; 0; 751504; 1906911195996400; 1734604156548243200; 731603291; 1734604157420423600; None; None; [[0.04020798 0.0538734  0.4966591  ... 0.         0.         0.        ]
 [0.04829465 0.03988869 0.35389438 ... 0.         0.         0.        ]
 [0.04906813 0.04189046 0.76354    ... 0.         0.         0.        ]
 ...
 [0.95570725 0.9505526  0.46947667 ... 0.         0.         0.        ]
 [0.9646956  0.96347576 0.3141001  ... 0.         0.         0.        ]
 [0.9678842  0.9662399  0.86862755 ... 0.         0.         0.        ]], [[0.01472127 0.02507995 0.03610119 ... 0.         0.         0.        ]
 [0.01701095 0.01969269 0.41007313 ... 0.         0.         0.        ]
 [0.02192506 0.01726293 0.06714806 ... 0.         0.         0.        ]
 ...
 [0.9744934  0.9762116  0.04547359 ... 0.         0.         0.        ]
 [0.97945    0.9779568  0.3695366  ... 0.         0.         0.        ]
 [0.97892284 0.9831682  0.08277131 ... 0.         0.         0.        ]], [[0.00839736 0.00525467 0.01372874 ... 0.         0.         0.        ]
 [0.00971401 0.01015925 0.01699869 ... 0.         0.         0.        ]
 [0.00966007 0.00707353 0.20932707 ... 0.         0.         0.        ]
 ...
 [0.98985445 0.99153703 0.01703041 ... 0.         0.         0.        ]
 [0.99193925 0.98798174 0.01572772 ... 0.         0.         0.        ]
 [0.9883435  0.9921968  0.18566823 ... 0.         0.         0.        ]]; 1382
2024-12-19 11:29:18,436 - 11:29:17.494; 44; 0; 751504; 1906911195996400; 1734604157494048400; 737757123; 1734604158364070200; None; None; [[0.04020798 0.0538734  0.4966591  ... 0.         0.         0.        ]
 [0.04829465 0.03988869 0.35389438 ... 0.         0.         0.        ]
 [0.04906813 0.04189046 0.76354    ... 0.         0.         0.        ]
 ...
 [0.95570725 0.9505526  0.46947667 ... 0.         0.         0.        ]
 [0.9646956  0.96347576 0.3141001  ... 0.         0.         0.        ]
 [0.9678842  0.9662399  0.86862755 ... 0.         0.         0.        ]], [[0.01472127 0.02507995 0.03610119 ... 0.         0.         0.        ]
 [0.01701095 0.01969269 0.41007313 ... 0.         0.         0.        ]
 [0.02192506 0.01726293 0.06714806 ... 0.         0.         0.        ]
 ...
 [0.9744934  0.9762116  0.04547359 ... 0.         0.         0.        ]
 [0.97945    0.9779568  0.3695366  ... 0.         0.         0.        ]
 [0.97892284 0.9831682  0.08277131 ... 0.         0.         0.        ]], [[0.00839736 0.00525467 0.01372874 ... 0.         0.         0.        ]
 [0.00971401 0.01015925 0.01699869 ... 0.         0.         0.        ]
 [0.00966007 0.00707353 0.20932707 ... 0.         0.         0.        ]
 ...
 [0.98985445 0.99153703 0.01703041 ... 0.         0.         0.        ]
 [0.99193925 0.98798174 0.01572772 ... 0.         0.         0.        ]
 [0.9883435  0.9921968  0.18566823 ... 0.         0.         0.        ]]; 1382
2024-12-19 11:29:19,365 - 11:29:18.437; 45; 0; 751504; 1906911195996400; 1734604158437694900; 731645364; 1734604159297683200; None; None; [[0.04020798 0.0538734  0.4966591  ... 0.         0.         0.        ]
 [0.04829465 0.03988869 0.35389438 ... 0.         0.         0.        ]
 [0.04906813 0.04189046 0.76354    ... 0.         0.         0.        ]
 ...
 [0.95570725 0.9505526  0.46947667 ... 0.         0.         0.        ]
 [0.9646956  0.96347576 0.3141001  ... 0.         0.         0.        ]
 [0.9678842  0.9662399  0.86862755 ... 0.         0.         0.        ]], [[0.01472127 0.02507995 0.03610119 ... 0.         0.         0.        ]
 [0.01701095 0.01969269 0.41007313 ... 0.         0.         0.        ]
 [0.02192506 0.01726293 0.06714806 ... 0.         0.         0.        ]
 ...
 [0.9744934  0.9762116  0.04547359 ... 0.         0.         0.        ]
 [0.97945    0.9779568  0.3695366  ... 0.         0.         0.        ]
 [0.97892284 0.9831682  0.08277131 ... 0.         0.         0.        ]], [[0.00839736 0.00525467 0.01372874 ... 0.         0.         0.        ]
 [0.00971401 0.01015925 0.01699869 ... 0.         0.         0.        ]
 [0.00966007 0.00707353 0.20932707 ... 0.         0.         0.        ]
 ...
 [0.98985445 0.99153703 0.01703041 ... 0.         0.         0.        ]
 [0.99193925 0.98798174 0.01572772 ... 0.         0.         0.        ]
 [0.9883435  0.9921968  0.18566823 ... 0.         0.         0.        ]]; 1382
2024-12-19 11:29:20,314 - 11:29:19.366; 46; 0; 751504; 1906911195996400; 1734604159366466200; 740763019; 1734604160244918600; None; None; [[0.04020798 0.0538734  0.4966591  ... 0.         0.         0.        ]
 [0.04829465 0.03988869 0.35389438 ... 0.         0.         0.        ]
 [0.04906813 0.04189046 0.76354    ... 0.         0.         0.        ]
 ...
 [0.95570725 0.9505526  0.46947667 ... 0.         0.         0.        ]
 [0.9646956  0.96347576 0.3141001  ... 0.         0.         0.        ]
 [0.9678842  0.9662399  0.86862755 ... 0.         0.         0.        ]], [[0.01472127 0.02507995 0.03610119 ... 0.         0.         0.        ]
 [0.01701095 0.01969269 0.41007313 ... 0.         0.         0.        ]
 [0.02192506 0.01726293 0.06714806 ... 0.         0.         0.        ]
 ...
 [0.9744934  0.9762116  0.04547359 ... 0.         0.         0.        ]
 [0.97945    0.9779568  0.3695366  ... 0.         0.         0.        ]
 [0.97892284 0.9831682  0.08277131 ... 0.         0.         0.        ]], [[0.00839736 0.00525467 0.01372874 ... 0.         0.         0.        ]
 [0.00971401 0.01015925 0.01699869 ... 0.         0.         0.        ]
 [0.00966007 0.00707353 0.20932707 ... 0.         0.         0.        ]
 ...
 [0.98985445 0.99153703 0.01703041 ... 0.         0.         0.        ]
 [0.99193925 0.98798174 0.01572772 ... 0.         0.         0.        ]
 [0.9883435  0.9921968  0.18566823 ... 0.         0.         0.        ]]; 1382
2024-12-19 11:29:21,273 - 11:29:20.315; 47; 0; 751504; 1906911195996400; 1734604160315150800; 745753247; 1734604161200971800; None; None; [[0.04020798 0.0538734  0.4966591  ... 0.         0.         0.        ]
 [0.04829465 0.03988869 0.35389438 ... 0.         0.         0.        ]
 [0.04906813 0.04189046 0.76354    ... 0.         0.         0.        ]
 ...
 [0.95570725 0.9505526  0.46947667 ... 0.         0.         0.        ]
 [0.9646956  0.96347576 0.3141001  ... 0.         0.         0.        ]
 [0.9678842  0.9662399  0.86862755 ... 0.         0.         0.        ]], [[0.01472127 0.02507995 0.03610119 ... 0.         0.         0.        ]
 [0.01701095 0.01969269 0.41007313 ... 0.         0.         0.        ]
 [0.02192506 0.01726293 0.06714806 ... 0.         0.         0.        ]
 ...
 [0.9744934  0.9762116  0.04547359 ... 0.         0.         0.        ]
 [0.97945    0.9779568  0.3695366  ... 0.         0.         0.        ]
 [0.97892284 0.9831682  0.08277131 ... 0.         0.         0.        ]], [[0.00839736 0.00525467 0.01372874 ... 0.         0.         0.        ]
 [0.00971401 0.01015925 0.01699869 ... 0.         0.         0.        ]
 [0.00966007 0.00707353 0.20932707 ... 0.         0.         0.        ]
 ...
 [0.98985445 0.99153703 0.01703041 ... 0.         0.         0.        ]
 [0.99193925 0.98798174 0.01572772 ... 0.         0.         0.        ]
 [0.9883435  0.9921968  0.18566823 ... 0.         0.         0.        ]]; 1382
2024-12-19 11:29:22,213 - 11:29:21.275; 48; 0; 751504; 1906911195996400; 1734604161275076800; 745025692; 1734604162147935700; None; None; [[0.04020798 0.0538734  0.4966591  ... 0.         0.         0.        ]
 [0.04829465 0.03988869 0.35389438 ... 0.         0.         0.        ]
 [0.04906813 0.04189046 0.76354    ... 0.         0.         0.        ]
 ...
 [0.95570725 0.9505526  0.46947667 ... 0.         0.         0.        ]
 [0.9646956  0.96347576 0.3141001  ... 0.         0.         0.        ]
 [0.9678842  0.9662399  0.86862755 ... 0.         0.         0.        ]], [[0.01472127 0.02507995 0.03610119 ... 0.         0.         0.        ]
 [0.01701095 0.01969269 0.41007313 ... 0.         0.         0.        ]
 [0.02192506 0.01726293 0.06714806 ... 0.         0.         0.        ]
 ...
 [0.9744934  0.9762116  0.04547359 ... 0.         0.         0.        ]
 [0.97945    0.9779568  0.3695366  ... 0.         0.         0.        ]
 [0.97892284 0.9831682  0.08277131 ... 0.         0.         0.        ]], [[0.00839736 0.00525467 0.01372874 ... 0.         0.         0.        ]
 [0.00971401 0.01015925 0.01699869 ... 0.         0.         0.        ]
 [0.00966007 0.00707353 0.20932707 ... 0.         0.         0.        ]
 ...
 [0.98985445 0.99153703 0.01703041 ... 0.         0.         0.        ]
 [0.99193925 0.98798174 0.01572772 ... 0.         0.         0.        ]
 [0.9883435  0.9921968  0.18566823 ... 0.         0.         0.        ]]; 1382
2024-12-19 11:29:23,170 - 11:29:22.214; 49; 0; 751504; 1906911195996400; 1734604162214689000; 747157929; 1734604163101156400; None; None; [[0.04020798 0.0538734  0.4966591  ... 0.         0.         0.        ]
 [0.04829465 0.03988869 0.35389438 ... 0.         0.         0.        ]
 [0.04906813 0.04189046 0.76354    ... 0.         0.         0.        ]
 ...
 [0.95570725 0.9505526  0.46947667 ... 0.         0.         0.        ]
 [0.9646956  0.96347576 0.3141001  ... 0.         0.         0.        ]
 [0.9678842  0.9662399  0.86862755 ... 0.         0.         0.        ]], [[0.01472127 0.02507995 0.03610119 ... 0.         0.         0.        ]
 [0.01701095 0.01969269 0.41007313 ... 0.         0.         0.        ]
 [0.02192506 0.01726293 0.06714806 ... 0.         0.         0.        ]
 ...
 [0.9744934  0.9762116  0.04547359 ... 0.         0.         0.        ]
 [0.97945    0.9779568  0.3695366  ... 0.         0.         0.        ]
 [0.97892284 0.9831682  0.08277131 ... 0.         0.         0.        ]], [[0.00839736 0.00525467 0.01372874 ... 0.         0.         0.        ]
 [0.00971401 0.01015925 0.01699869 ... 0.         0.         0.        ]
 [0.00966007 0.00707353 0.20932707 ... 0.         0.         0.        ]
 ...
 [0.98985445 0.99153703 0.01703041 ... 0.         0.         0.        ]
 [0.99193925 0.98798174 0.01572772 ... 0.         0.         0.        ]
 [0.9883435  0.9921968  0.18566823 ... 0.         0.         0.        ]]; 1382
2024-12-19 11:29:24,117 - 11:29:23.171; 50; 0; 751504; 1906911195996400; 1734604163172538900; 742023676; 1734604164052060200; None; None; [[0.04020798 0.0538734  0.4966591  ... 0.         0.         0.        ]
 [0.04829465 0.03988869 0.35389438 ... 0.         0.         0.        ]
 [0.04906813 0.04189046 0.76354    ... 0.         0.         0.        ]
 ...
 [0.95570725 0.9505526  0.46947667 ... 0.         0.         0.        ]
 [0.9646956  0.96347576 0.3141001  ... 0.         0.         0.        ]
 [0.9678842  0.9662399  0.86862755 ... 0.         0.         0.        ]], [[0.01472127 0.02507995 0.03610119 ... 0.         0.         0.        ]
 [0.01701095 0.01969269 0.41007313 ... 0.         0.         0.        ]
 [0.02192506 0.01726293 0.06714806 ... 0.         0.         0.        ]
 ...
 [0.9744934  0.9762116  0.04547359 ... 0.         0.         0.        ]
 [0.97945    0.9779568  0.3695366  ... 0.         0.         0.        ]
 [0.97892284 0.9831682  0.08277131 ... 0.         0.         0.        ]], [[0.00839736 0.00525467 0.01372874 ... 0.         0.         0.        ]
 [0.00971401 0.01015925 0.01699869 ... 0.         0.         0.        ]
 [0.00966007 0.00707353 0.20932707 ... 0.         0.         0.        ]
 ...
 [0.98985445 0.99153703 0.01703041 ... 0.         0.         0.        ]
 [0.99193925 0.98798174 0.01572772 ... 0.         0.         0.        ]
 [0.9883435  0.9921968  0.18566823 ... 0.         0.         0.        ]]; 1382
2024-12-19 11:29:25,061 - 11:29:24.118; 51; 0; 751504; 1906911195996400; 1734604164118665200; 739852669; 1734604164996675400; None; None; [[0.04020798 0.0538734  0.4966591  ... 0.         0.         0.        ]
 [0.04829465 0.03988869 0.35389438 ... 0.         0.         0.        ]
 [0.04906813 0.04189046 0.76354    ... 0.         0.         0.        ]
 ...
 [0.95570725 0.9505526  0.46947667 ... 0.         0.         0.        ]
 [0.9646956  0.96347576 0.3141001  ... 0.         0.         0.        ]
 [0.9678842  0.9662399  0.86862755 ... 0.         0.         0.        ]], [[0.01472127 0.02507995 0.03610119 ... 0.         0.         0.        ]
 [0.01701095 0.01969269 0.41007313 ... 0.         0.         0.        ]
 [0.02192506 0.01726293 0.06714806 ... 0.         0.         0.        ]
 ...
 [0.9744934  0.9762116  0.04547359 ... 0.         0.         0.        ]
 [0.97945    0.9779568  0.3695366  ... 0.         0.         0.        ]
 [0.97892284 0.9831682  0.08277131 ... 0.         0.         0.        ]], [[0.00839736 0.00525467 0.01372874 ... 0.         0.         0.        ]
 [0.00971401 0.01015925 0.01699869 ... 0.         0.         0.        ]
 [0.00966007 0.00707353 0.20932707 ... 0.         0.         0.        ]
 ...
 [0.98985445 0.99153703 0.01703041 ... 0.         0.         0.        ]
 [0.99193925 0.98798174 0.01572772 ... 0.         0.         0.        ]
 [0.9883435  0.9921968  0.18566823 ... 0.         0.         0.        ]]; 1382
2024-12-19 11:29:26,001 - 11:29:25.062; 52; 0; 751504; 1906911195996400; 1734604165062226300; 744108944; 1734604165933687800; None; None; [[0.04020798 0.0538734  0.4966591  ... 0.         0.         0.        ]
 [0.04829465 0.03988869 0.35389438 ... 0.         0.         0.        ]
 [0.04906813 0.04189046 0.76354    ... 0.         0.         0.        ]
 ...
 [0.95570725 0.9505526  0.46947667 ... 0.         0.         0.        ]
 [0.9646956  0.96347576 0.3141001  ... 0.         0.         0.        ]
 [0.9678842  0.9662399  0.86862755 ... 0.         0.         0.        ]], [[0.01472127 0.02507995 0.03610119 ... 0.         0.         0.        ]
 [0.01701095 0.01969269 0.41007313 ... 0.         0.         0.        ]
 [0.02192506 0.01726293 0.06714806 ... 0.         0.         0.        ]
 ...
 [0.9744934  0.9762116  0.04547359 ... 0.         0.         0.        ]
 [0.97945    0.9779568  0.3695366  ... 0.         0.         0.        ]
 [0.97892284 0.9831682  0.08277131 ... 0.         0.         0.        ]], [[0.00839736 0.00525467 0.01372874 ... 0.         0.         0.        ]
 [0.00971401 0.01015925 0.01699869 ... 0.         0.         0.        ]
 [0.00966007 0.00707353 0.20932707 ... 0.         0.         0.        ]
 ...
 [0.98985445 0.99153703 0.01703041 ... 0.         0.         0.        ]
 [0.99193925 0.98798174 0.01572772 ... 0.         0.         0.        ]
 [0.9883435  0.9921968  0.18566823 ... 0.         0.         0.        ]]; 1382
2024-12-19 11:29:26,925 - 11:29:26.004; 53; 0; 751504; 1906911195996400; 1734604166004032500; 721444592; 1734604166864714000; None; None; [[0.04020798 0.0538734  0.4966591  ... 0.         0.         0.        ]
 [0.04829465 0.03988869 0.35389438 ... 0.         0.         0.        ]
 [0.04906813 0.04189046 0.76354    ... 0.         0.         0.        ]
 ...
 [0.95570725 0.9505526  0.46947667 ... 0.         0.         0.        ]
 [0.9646956  0.96347576 0.3141001  ... 0.         0.         0.        ]
 [0.9678842  0.9662399  0.86862755 ... 0.         0.         0.        ]], [[0.01472127 0.02507995 0.03610119 ... 0.         0.         0.        ]
 [0.01701095 0.01969269 0.41007313 ... 0.         0.         0.        ]
 [0.02192506 0.01726293 0.06714806 ... 0.         0.         0.        ]
 ...
 [0.9744934  0.9762116  0.04547359 ... 0.         0.         0.        ]
 [0.97945    0.9779568  0.3695366  ... 0.         0.         0.        ]
 [0.97892284 0.9831682  0.08277131 ... 0.         0.         0.        ]], [[0.00839736 0.00525467 0.01372874 ... 0.         0.         0.        ]
 [0.00971401 0.01015925 0.01699869 ... 0.         0.         0.        ]
 [0.00966007 0.00707353 0.20932707 ... 0.         0.         0.        ]
 ...
 [0.98985445 0.99153703 0.01703041 ... 0.         0.         0.        ]
 [0.99193925 0.98798174 0.01572772 ... 0.         0.         0.        ]
 [0.9883435  0.9921968  0.18566823 ... 0.         0.         0.        ]]; 1382
2024-12-19 11:29:27,825 - 11:29:26.926; 54; 0; 751504; 1906911195996400; 1734604166926108300; 691382287; 1734604167752255600; None; None; [[0.04020798 0.0538734  0.4966591  ... 0.         0.         0.        ]
 [0.04829465 0.03988869 0.35389438 ... 0.         0.         0.        ]
 [0.04906813 0.04189046 0.76354    ... 0.         0.         0.        ]
 ...
 [0.95570725 0.9505526  0.46947667 ... 0.         0.         0.        ]
 [0.9646956  0.96347576 0.3141001  ... 0.         0.         0.        ]
 [0.9678842  0.9662399  0.86862755 ... 0.         0.         0.        ]], [[0.01472127 0.02507995 0.03610119 ... 0.         0.         0.        ]
 [0.01701095 0.01969269 0.41007313 ... 0.         0.         0.        ]
 [0.02192506 0.01726293 0.06714806 ... 0.         0.         0.        ]
 ...
 [0.9744934  0.9762116  0.04547359 ... 0.         0.         0.        ]
 [0.97945    0.9779568  0.3695366  ... 0.         0.         0.        ]
 [0.97892284 0.9831682  0.08277131 ... 0.         0.         0.        ]], [[0.00839736 0.00525467 0.01372874 ... 0.         0.         0.        ]
 [0.00971401 0.01015925 0.01699869 ... 0.         0.         0.        ]
 [0.00966007 0.00707353 0.20932707 ... 0.         0.         0.        ]
 ...
 [0.98985445 0.99153703 0.01703041 ... 0.         0.         0.        ]
 [0.99193925 0.98798174 0.01572772 ... 0.         0.         0.        ]
 [0.9883435  0.9921968  0.18566823 ... 0.         0.         0.        ]]; 1382
2024-12-19 11:29:28,707 - 11:29:27.826; 55; 0; 751504; 1906911195996400; 1734604167826409800; 690515252; 1734604168644040100; None; None; [[0.04020798 0.0538734  0.4966591  ... 0.         0.         0.        ]
 [0.04829465 0.03988869 0.35389438 ... 0.         0.         0.        ]
 [0.04906813 0.04189046 0.76354    ... 0.         0.         0.        ]
 ...
 [0.95570725 0.9505526  0.46947667 ... 0.         0.         0.        ]
 [0.9646956  0.96347576 0.3141001  ... 0.         0.         0.        ]
 [0.9678842  0.9662399  0.86862755 ... 0.         0.         0.        ]], [[0.01472127 0.02507995 0.03610119 ... 0.         0.         0.        ]
 [0.01701095 0.01969269 0.41007313 ... 0.         0.         0.        ]
 [0.02192506 0.01726293 0.06714806 ... 0.         0.         0.        ]
 ...
 [0.9744934  0.9762116  0.04547359 ... 0.         0.         0.        ]
 [0.97945    0.9779568  0.3695366  ... 0.         0.         0.        ]
 [0.97892284 0.9831682  0.08277131 ... 0.         0.         0.        ]], [[0.00839736 0.00525467 0.01372874 ... 0.         0.         0.        ]
 [0.00971401 0.01015925 0.01699869 ... 0.         0.         0.        ]
 [0.00966007 0.00707353 0.20932707 ... 0.         0.         0.        ]
 ...
 [0.98985445 0.99153703 0.01703041 ... 0.         0.         0.        ]
 [0.99193925 0.98798174 0.01572772 ... 0.         0.         0.        ]
 [0.9883435  0.9921968  0.18566823 ... 0.         0.         0.        ]]; 1382
2024-12-19 11:29:29,597 - 11:29:28.708; 56; 0; 751504; 1906911195996400; 1734604168708870400; 692943134; 1734604169529454400; None; None; [[0.04020798 0.0538734  0.4966591  ... 0.         0.         0.        ]
 [0.04829465 0.03988869 0.35389438 ... 0.         0.         0.        ]
 [0.04906813 0.04189046 0.76354    ... 0.         0.         0.        ]
 ...
 [0.95570725 0.9505526  0.46947667 ... 0.         0.         0.        ]
 [0.9646956  0.96347576 0.3141001  ... 0.         0.         0.        ]
 [0.9678842  0.9662399  0.86862755 ... 0.         0.         0.        ]], [[0.01472127 0.02507995 0.03610119 ... 0.         0.         0.        ]
 [0.01701095 0.01969269 0.41007313 ... 0.         0.         0.        ]
 [0.02192506 0.01726293 0.06714806 ... 0.         0.         0.        ]
 ...
 [0.9744934  0.9762116  0.04547359 ... 0.         0.         0.        ]
 [0.97945    0.9779568  0.3695366  ... 0.         0.         0.        ]
 [0.97892284 0.9831682  0.08277131 ... 0.         0.         0.        ]], [[0.00839736 0.00525467 0.01372874 ... 0.         0.         0.        ]
 [0.00971401 0.01015925 0.01699869 ... 0.         0.         0.        ]
 [0.00966007 0.00707353 0.20932707 ... 0.         0.         0.        ]
 ...
 [0.98985445 0.99153703 0.01703041 ... 0.         0.         0.        ]
 [0.99193925 0.98798174 0.01572772 ... 0.         0.         0.        ]
 [0.9883435  0.9921968  0.18566823 ... 0.         0.         0.        ]]; 1382
2024-12-19 11:29:30,506 - 11:29:29.598; 57; 0; 751504; 1906911195996400; 1734604169598120600; 696959026; 1734604170431446600; None; None; [[0.04020798 0.0538734  0.4966591  ... 0.         0.         0.        ]
 [0.04829465 0.03988869 0.35389438 ... 0.         0.         0.        ]
 [0.04906813 0.04189046 0.76354    ... 0.         0.         0.        ]
 ...
 [0.95570725 0.9505526  0.46947667 ... 0.         0.         0.        ]
 [0.9646956  0.96347576 0.3141001  ... 0.         0.         0.        ]
 [0.9678842  0.9662399  0.86862755 ... 0.         0.         0.        ]], [[0.01472127 0.02507995 0.03610119 ... 0.         0.         0.        ]
 [0.01701095 0.01969269 0.41007313 ... 0.         0.         0.        ]
 [0.02192506 0.01726293 0.06714806 ... 0.         0.         0.        ]
 ...
 [0.9744934  0.9762116  0.04547359 ... 0.         0.         0.        ]
 [0.97945    0.9779568  0.3695366  ... 0.         0.         0.        ]
 [0.97892284 0.9831682  0.08277131 ... 0.         0.         0.        ]], [[0.00839736 0.00525467 0.01372874 ... 0.         0.         0.        ]
 [0.00971401 0.01015925 0.01699869 ... 0.         0.         0.        ]
 [0.00966007 0.00707353 0.20932707 ... 0.         0.         0.        ]
 ...
 [0.98985445 0.99153703 0.01703041 ... 0.         0.         0.        ]
 [0.99193925 0.98798174 0.01572772 ... 0.         0.         0.        ]
 [0.9883435  0.9921968  0.18566823 ... 0.         0.         0.        ]]; 1382
2024-12-19 11:29:31,398 - 11:29:30.507; 58; 0; 751504; 1906911195996400; 1734604170507985500; 697302688; 1734604171332182900; None; None; [[0.04020798 0.0538734  0.4966591  ... 0.         0.         0.        ]
 [0.04829465 0.03988869 0.35389438 ... 0.         0.         0.        ]
 [0.04906813 0.04189046 0.76354    ... 0.         0.         0.        ]
 ...
 [0.95570725 0.9505526  0.46947667 ... 0.         0.         0.        ]
 [0.9646956  0.96347576 0.3141001  ... 0.         0.         0.        ]
 [0.9678842  0.9662399  0.86862755 ... 0.         0.         0.        ]], [[0.01472127 0.02507995 0.03610119 ... 0.         0.         0.        ]
 [0.01701095 0.01969269 0.41007313 ... 0.         0.         0.        ]
 [0.02192506 0.01726293 0.06714806 ... 0.         0.         0.        ]
 ...
 [0.9744934  0.9762116  0.04547359 ... 0.         0.         0.        ]
 [0.97945    0.9779568  0.3695366  ... 0.         0.         0.        ]
 [0.97892284 0.9831682  0.08277131 ... 0.         0.         0.        ]], [[0.00839736 0.00525467 0.01372874 ... 0.         0.         0.        ]
 [0.00971401 0.01015925 0.01699869 ... 0.         0.         0.        ]
 [0.00966007 0.00707353 0.20932707 ... 0.         0.         0.        ]
 ...
 [0.98985445 0.99153703 0.01703041 ... 0.         0.         0.        ]
 [0.99193925 0.98798174 0.01572772 ... 0.         0.         0.        ]
 [0.9883435  0.9921968  0.18566823 ... 0.         0.         0.        ]]; 1382
2024-12-19 11:29:32,304 - 11:29:31.399; 59; 0; 751504; 1906911195996400; 1734604171399419400; 693156177; 1734604172224555100; None; None; [[0.04020798 0.0538734  0.4966591  ... 0.         0.         0.        ]
 [0.04829465 0.03988869 0.35389438 ... 0.         0.         0.        ]
 [0.04906813 0.04189046 0.76354    ... 0.         0.         0.        ]
 ...
 [0.95570725 0.9505526  0.46947667 ... 0.         0.         0.        ]
 [0.9646956  0.96347576 0.3141001  ... 0.         0.         0.        ]
 [0.9678842  0.9662399  0.86862755 ... 0.         0.         0.        ]], [[0.01472127 0.02507995 0.03610119 ... 0.         0.         0.        ]
 [0.01701095 0.01969269 0.41007313 ... 0.         0.         0.        ]
 [0.02192506 0.01726293 0.06714806 ... 0.         0.         0.        ]
 ...
 [0.9744934  0.9762116  0.04547359 ... 0.         0.         0.        ]
 [0.97945    0.9779568  0.3695366  ... 0.         0.         0.        ]
 [0.97892284 0.9831682  0.08277131 ... 0.         0.         0.        ]], [[0.00839736 0.00525467 0.01372874 ... 0.         0.         0.        ]
 [0.00971401 0.01015925 0.01699869 ... 0.         0.         0.        ]
 [0.00966007 0.00707353 0.20932707 ... 0.         0.         0.        ]
 ...
 [0.98985445 0.99153703 0.01703041 ... 0.         0.         0.        ]
 [0.99193925 0.98798174 0.01572772 ... 0.         0.         0.        ]
 [0.9883435  0.9921968  0.18566823 ... 0.         0.         0.        ]]; 1382
2024-12-19 11:29:33,195 - 11:29:32.306; 60; 0; 751504; 1906911195996400; 1734604172306191700; 697784730; 1734604173129700300; None; None; [[0.04020798 0.0538734  0.4966591  ... 0.         0.         0.        ]
 [0.04829465 0.03988869 0.35389438 ... 0.         0.         0.        ]
 [0.04906813 0.04189046 0.76354    ... 0.         0.         0.        ]
 ...
 [0.95570725 0.9505526  0.46947667 ... 0.         0.         0.        ]
 [0.9646956  0.96347576 0.3141001  ... 0.         0.         0.        ]
 [0.9678842  0.9662399  0.86862755 ... 0.         0.         0.        ]], [[0.01472127 0.02507995 0.03610119 ... 0.         0.         0.        ]
 [0.01701095 0.01969269 0.41007313 ... 0.         0.         0.        ]
 [0.02192506 0.01726293 0.06714806 ... 0.         0.         0.        ]
 ...
 [0.9744934  0.9762116  0.04547359 ... 0.         0.         0.        ]
 [0.97945    0.9779568  0.3695366  ... 0.         0.         0.        ]
 [0.97892284 0.9831682  0.08277131 ... 0.         0.         0.        ]], [[0.00839736 0.00525467 0.01372874 ... 0.         0.         0.        ]
 [0.00971401 0.01015925 0.01699869 ... 0.         0.         0.        ]
 [0.00966007 0.00707353 0.20932707 ... 0.         0.         0.        ]
 ...
 [0.98985445 0.99153703 0.01703041 ... 0.         0.         0.        ]
 [0.99193925 0.98798174 0.01572772 ... 0.         0.         0.        ]
 [0.9883435  0.9921968  0.18566823 ... 0.         0.         0.        ]]; 1382
2024-12-19 11:29:34,083 - 11:29:33.196; 61; 0; 751504; 1906911195996400; 1734604173196964400; 694277207; 1734604174019398600; None; None; [[0.04020798 0.0538734  0.4966591  ... 0.         0.         0.        ]
 [0.04829465 0.03988869 0.35389438 ... 0.         0.         0.        ]
 [0.04906813 0.04189046 0.76354    ... 0.         0.         0.        ]
 ...
 [0.95570725 0.9505526  0.46947667 ... 0.         0.         0.        ]
 [0.9646956  0.96347576 0.3141001  ... 0.         0.         0.        ]
 [0.9678842  0.9662399  0.86862755 ... 0.         0.         0.        ]], [[0.01472127 0.02507995 0.03610119 ... 0.         0.         0.        ]
 [0.01701095 0.01969269 0.41007313 ... 0.         0.         0.        ]
 [0.02192506 0.01726293 0.06714806 ... 0.         0.         0.        ]
 ...
 [0.9744934  0.9762116  0.04547359 ... 0.         0.         0.        ]
 [0.97945    0.9779568  0.3695366  ... 0.         0.         0.        ]
 [0.97892284 0.9831682  0.08277131 ... 0.         0.         0.        ]], [[0.00839736 0.00525467 0.01372874 ... 0.         0.         0.        ]
 [0.00971401 0.01015925 0.01699869 ... 0.         0.         0.        ]
 [0.00966007 0.00707353 0.20932707 ... 0.         0.         0.        ]
 ...
 [0.98985445 0.99153703 0.01703041 ... 0.         0.         0.        ]
 [0.99193925 0.98798174 0.01572772 ... 0.         0.         0.        ]
 [0.9883435  0.9921968  0.18566823 ... 0.         0.         0.        ]]; 1382
2024-12-19 11:29:34,977 - 11:29:34.084; 62; 0; 751504; 1906911195996400; 1734604174084529400; 694285074; 1734604174913923700; None; None; [[0.04020798 0.0538734  0.4966591  ... 0.         0.         0.        ]
 [0.04829465 0.03988869 0.35389438 ... 0.         0.         0.        ]
 [0.04906813 0.04189046 0.76354    ... 0.         0.         0.        ]
 ...
 [0.95570725 0.9505526  0.46947667 ... 0.         0.         0.        ]
 [0.9646956  0.96347576 0.3141001  ... 0.         0.         0.        ]
 [0.9678842  0.9662399  0.86862755 ... 0.         0.         0.        ]], [[0.01472127 0.02507995 0.03610119 ... 0.         0.         0.        ]
 [0.01701095 0.01969269 0.41007313 ... 0.         0.         0.        ]
 [0.02192506 0.01726293 0.06714806 ... 0.         0.         0.        ]
 ...
 [0.9744934  0.9762116  0.04547359 ... 0.         0.         0.        ]
 [0.97945    0.9779568  0.3695366  ... 0.         0.         0.        ]
 [0.97892284 0.9831682  0.08277131 ... 0.         0.         0.        ]], [[0.00839736 0.00525467 0.01372874 ... 0.         0.         0.        ]
 [0.00971401 0.01015925 0.01699869 ... 0.         0.         0.        ]
 [0.00966007 0.00707353 0.20932707 ... 0.         0.         0.        ]
 ...
 [0.98985445 0.99153703 0.01703041 ... 0.         0.         0.        ]
 [0.99193925 0.98798174 0.01572772 ... 0.         0.         0.        ]
 [0.9883435  0.9921968  0.18566823 ... 0.         0.         0.        ]]; 1382
2024-12-19 11:29:35,851 - 11:29:34.978; 63; 0; 751504; 1906911195996400; 1734604174978806200; 689047867; 1734604175793031500; None; None; [[0.04020798 0.0538734  0.4966591  ... 0.         0.         0.        ]
 [0.04829465 0.03988869 0.35389438 ... 0.         0.         0.        ]
 [0.04906813 0.04189046 0.76354    ... 0.         0.         0.        ]
 ...
 [0.95570725 0.9505526  0.46947667 ... 0.         0.         0.        ]
 [0.9646956  0.96347576 0.3141001  ... 0.         0.         0.        ]
 [0.9678842  0.9662399  0.86862755 ... 0.         0.         0.        ]], [[0.01472127 0.02507995 0.03610119 ... 0.         0.         0.        ]
 [0.01701095 0.01969269 0.41007313 ... 0.         0.         0.        ]
 [0.02192506 0.01726293 0.06714806 ... 0.         0.         0.        ]
 ...
 [0.9744934  0.9762116  0.04547359 ... 0.         0.         0.        ]
 [0.97945    0.9779568  0.3695366  ... 0.         0.         0.        ]
 [0.97892284 0.9831682  0.08277131 ... 0.         0.         0.        ]], [[0.00839736 0.00525467 0.01372874 ... 0.         0.         0.        ]
 [0.00971401 0.01015925 0.01699869 ... 0.         0.         0.        ]
 [0.00966007 0.00707353 0.20932707 ... 0.         0.         0.        ]
 ...
 [0.98985445 0.99153703 0.01703041 ... 0.         0.         0.        ]
 [0.99193925 0.98798174 0.01572772 ... 0.         0.         0.        ]
 [0.9883435  0.9921968  0.18566823 ... 0.         0.         0.        ]]; 1382
2024-12-19 11:29:36,755 - 11:29:35.852; 64; 0; 751504; 1906911195996400; 1734604175852679600; 697765426; 1734604176687918100; None; None; [[0.04020798 0.0538734  0.4966591  ... 0.         0.         0.        ]
 [0.04829465 0.03988869 0.35389438 ... 0.         0.         0.        ]
 [0.04906813 0.04189046 0.76354    ... 0.         0.         0.        ]
 ...
 [0.95570725 0.9505526  0.46947667 ... 0.         0.         0.        ]
 [0.9646956  0.96347576 0.3141001  ... 0.         0.         0.        ]
 [0.9678842  0.9662399  0.86862755 ... 0.         0.         0.        ]], [[0.01472127 0.02507995 0.03610119 ... 0.         0.         0.        ]
 [0.01701095 0.01969269 0.41007313 ... 0.         0.         0.        ]
 [0.02192506 0.01726293 0.06714806 ... 0.         0.         0.        ]
 ...
 [0.9744934  0.9762116  0.04547359 ... 0.         0.         0.        ]
 [0.97945    0.9779568  0.3695366  ... 0.         0.         0.        ]
 [0.97892284 0.9831682  0.08277131 ... 0.         0.         0.        ]], [[0.00839736 0.00525467 0.01372874 ... 0.         0.         0.        ]
 [0.00971401 0.01015925 0.01699869 ... 0.         0.         0.        ]
 [0.00966007 0.00707353 0.20932707 ... 0.         0.         0.        ]
 ...
 [0.98985445 0.99153703 0.01703041 ... 0.         0.         0.        ]
 [0.99193925 0.98798174 0.01572772 ... 0.         0.         0.        ]
 [0.9883435  0.9921968  0.18566823 ... 0.         0.         0.        ]]; 1382
2024-12-19 11:29:37,666 - 11:29:36.756; 65; 0; 751504; 1906911195996400; 1734604176756999800; 693675606; 1734604177582960800; None; None; [[0.04020798 0.0538734  0.4966591  ... 0.         0.         0.        ]
 [0.04829465 0.03988869 0.35389438 ... 0.         0.         0.        ]
 [0.04906813 0.04189046 0.76354    ... 0.         0.         0.        ]
 ...
 [0.95570725 0.9505526  0.46947667 ... 0.         0.         0.        ]
 [0.9646956  0.96347576 0.3141001  ... 0.         0.         0.        ]
 [0.9678842  0.9662399  0.86862755 ... 0.         0.         0.        ]], [[0.01472127 0.02507995 0.03610119 ... 0.         0.         0.        ]
 [0.01701095 0.01969269 0.41007313 ... 0.         0.         0.        ]
 [0.02192506 0.01726293 0.06714806 ... 0.         0.         0.        ]
 ...
 [0.9744934  0.9762116  0.04547359 ... 0.         0.         0.        ]
 [0.97945    0.9779568  0.3695366  ... 0.         0.         0.        ]
 [0.97892284 0.9831682  0.08277131 ... 0.         0.         0.        ]], [[0.00839736 0.00525467 0.01372874 ... 0.         0.         0.        ]
 [0.00971401 0.01015925 0.01699869 ... 0.         0.         0.        ]
 [0.00966007 0.00707353 0.20932707 ... 0.         0.         0.        ]
 ...
 [0.98985445 0.99153703 0.01703041 ... 0.         0.         0.        ]
 [0.99193925 0.98798174 0.01572772 ... 0.         0.         0.        ]
 [0.9883435  0.9921968  0.18566823 ... 0.         0.         0.        ]]; 1382
2024-12-19 11:29:38,568 - 11:29:37.668; 66; 0; 751504; 1906911195996400; 1734604177668720600; 695051713; 1734604178498304400; None; None; [[0.04020798 0.0538734  0.4966591  ... 0.         0.         0.        ]
 [0.04829465 0.03988869 0.35389438 ... 0.         0.         0.        ]
 [0.04906813 0.04189046 0.76354    ... 0.         0.         0.        ]
 ...
 [0.95570725 0.9505526  0.46947667 ... 0.         0.         0.        ]
 [0.9646956  0.96347576 0.3141001  ... 0.         0.         0.        ]
 [0.9678842  0.9662399  0.86862755 ... 0.         0.         0.        ]], [[0.01472127 0.02507995 0.03610119 ... 0.         0.         0.        ]
 [0.01701095 0.01969269 0.41007313 ... 0.         0.         0.        ]
 [0.02192506 0.01726293 0.06714806 ... 0.         0.         0.        ]
 ...
 [0.9744934  0.9762116  0.04547359 ... 0.         0.         0.        ]
 [0.97945    0.9779568  0.3695366  ... 0.         0.         0.        ]
 [0.97892284 0.9831682  0.08277131 ... 0.         0.         0.        ]], [[0.00839736 0.00525467 0.01372874 ... 0.         0.         0.        ]
 [0.00971401 0.01015925 0.01699869 ... 0.         0.         0.        ]
 [0.00966007 0.00707353 0.20932707 ... 0.         0.         0.        ]
 ...
 [0.98985445 0.99153703 0.01703041 ... 0.         0.         0.        ]
 [0.99193925 0.98798174 0.01572772 ... 0.         0.         0.        ]
 [0.9883435  0.9921968  0.18566823 ... 0.         0.         0.        ]]; 1382
2024-12-19 11:29:39,462 - 11:29:38.569; 67; 0; 751504; 1906911195996400; 1734604178569101200; 694924399; 1734604179394383700; None; None; [[0.04020798 0.0538734  0.4966591  ... 0.         0.         0.        ]
 [0.04829465 0.03988869 0.35389438 ... 0.         0.         0.        ]
 [0.04906813 0.04189046 0.76354    ... 0.         0.         0.        ]
 ...
 [0.95570725 0.9505526  0.46947667 ... 0.         0.         0.        ]
 [0.9646956  0.96347576 0.3141001  ... 0.         0.         0.        ]
 [0.9678842  0.9662399  0.86862755 ... 0.         0.         0.        ]], [[0.01472127 0.02507995 0.03610119 ... 0.         0.         0.        ]
 [0.01701095 0.01969269 0.41007313 ... 0.         0.         0.        ]
 [0.02192506 0.01726293 0.06714806 ... 0.         0.         0.        ]
 ...
 [0.9744934  0.9762116  0.04547359 ... 0.         0.         0.        ]
 [0.97945    0.9779568  0.3695366  ... 0.         0.         0.        ]
 [0.97892284 0.9831682  0.08277131 ... 0.         0.         0.        ]], [[0.00839736 0.00525467 0.01372874 ... 0.         0.         0.        ]
 [0.00971401 0.01015925 0.01699869 ... 0.         0.         0.        ]
 [0.00966007 0.00707353 0.20932707 ... 0.         0.         0.        ]
 ...
 [0.98985445 0.99153703 0.01703041 ... 0.         0.         0.        ]
 [0.99193925 0.98798174 0.01572772 ... 0.         0.         0.        ]
 [0.9883435  0.9921968  0.18566823 ... 0.         0.         0.        ]]; 1382
2024-12-19 11:29:40,357 - 11:29:39.463; 68; 0; 751504; 1906911195996400; 1734604179463926200; 699489749; 1734604180297276700; None; None; [[0.04020798 0.0538734  0.4966591  ... 0.         0.         0.        ]
 [0.04829465 0.03988869 0.35389438 ... 0.         0.         0.        ]
 [0.04906813 0.04189046 0.76354    ... 0.         0.         0.        ]
 ...
 [0.95570725 0.9505526  0.46947667 ... 0.         0.         0.        ]
 [0.9646956  0.96347576 0.3141001  ... 0.         0.         0.        ]
 [0.9678842  0.9662399  0.86862755 ... 0.         0.         0.        ]], [[0.01472127 0.02507995 0.03610119 ... 0.         0.         0.        ]
 [0.01701095 0.01969269 0.41007313 ... 0.         0.         0.        ]
 [0.02192506 0.01726293 0.06714806 ... 0.         0.         0.        ]
 ...
 [0.9744934  0.9762116  0.04547359 ... 0.         0.         0.        ]
 [0.97945    0.9779568  0.3695366  ... 0.         0.         0.        ]
 [0.97892284 0.9831682  0.08277131 ... 0.         0.         0.        ]], [[0.00839736 0.00525467 0.01372874 ... 0.         0.         0.        ]
 [0.00971401 0.01015925 0.01699869 ... 0.         0.         0.        ]
 [0.00966007 0.00707353 0.20932707 ... 0.         0.         0.        ]
 ...
 [0.98985445 0.99153703 0.01703041 ... 0.         0.         0.        ]
 [0.99193925 0.98798174 0.01572772 ... 0.         0.         0.        ]
 [0.9883435  0.9921968  0.18566823 ... 0.         0.         0.        ]]; 1382
2024-12-19 11:29:41,260 - 11:29:40.358; 69; 0; 751504; 1906911195996400; 1734604180358070600; 695036715; 1734604181186660200; None; None; [[0.04020798 0.0538734  0.4966591  ... 0.         0.         0.        ]
 [0.04829465 0.03988869 0.35389438 ... 0.         0.         0.        ]
 [0.04906813 0.04189046 0.76354    ... 0.         0.         0.        ]
 ...
 [0.95570725 0.9505526  0.46947667 ... 0.         0.         0.        ]
 [0.9646956  0.96347576 0.3141001  ... 0.         0.         0.        ]
 [0.9678842  0.9662399  0.86862755 ... 0.         0.         0.        ]], [[0.01472127 0.02507995 0.03610119 ... 0.         0.         0.        ]
 [0.01701095 0.01969269 0.41007313 ... 0.         0.         0.        ]
 [0.02192506 0.01726293 0.06714806 ... 0.         0.         0.        ]
 ...
 [0.9744934  0.9762116  0.04547359 ... 0.         0.         0.        ]
 [0.97945    0.9779568  0.3695366  ... 0.         0.         0.        ]
 [0.97892284 0.9831682  0.08277131 ... 0.         0.         0.        ]], [[0.00839736 0.00525467 0.01372874 ... 0.         0.         0.        ]
 [0.00971401 0.01015925 0.01699869 ... 0.         0.         0.        ]
 [0.00966007 0.00707353 0.20932707 ... 0.         0.         0.        ]
 ...
 [0.98985445 0.99153703 0.01703041 ... 0.         0.         0.        ]
 [0.99193925 0.98798174 0.01572772 ... 0.         0.         0.        ]
 [0.9883435  0.9921968  0.18566823 ... 0.         0.         0.        ]]; 1382
2024-12-19 11:29:42,160 - 11:29:41.261; 70; 0; 751504; 1906911195996400; 1734604181261018000; 697194471; 1734604182094248500; None; None; [[0.04020798 0.0538734  0.4966591  ... 0.         0.         0.        ]
 [0.04829465 0.03988869 0.35389438 ... 0.         0.         0.        ]
 [0.04906813 0.04189046 0.76354    ... 0.         0.         0.        ]
 ...
 [0.95570725 0.9505526  0.46947667 ... 0.         0.         0.        ]
 [0.9646956  0.96347576 0.3141001  ... 0.         0.         0.        ]
 [0.9678842  0.9662399  0.86862755 ... 0.         0.         0.        ]], [[0.01472127 0.02507995 0.03610119 ... 0.         0.         0.        ]
 [0.01701095 0.01969269 0.41007313 ... 0.         0.         0.        ]
 [0.02192506 0.01726293 0.06714806 ... 0.         0.         0.        ]
 ...
 [0.9744934  0.9762116  0.04547359 ... 0.         0.         0.        ]
 [0.97945    0.9779568  0.3695366  ... 0.         0.         0.        ]
 [0.97892284 0.9831682  0.08277131 ... 0.         0.         0.        ]], [[0.00839736 0.00525467 0.01372874 ... 0.         0.         0.        ]
 [0.00971401 0.01015925 0.01699869 ... 0.         0.         0.        ]
 [0.00966007 0.00707353 0.20932707 ... 0.         0.         0.        ]
 ...
 [0.98985445 0.99153703 0.01703041 ... 0.         0.         0.        ]
 [0.99193925 0.98798174 0.01572772 ... 0.         0.         0.        ]
 [0.9883435  0.9921968  0.18566823 ... 0.         0.         0.        ]]; 1382
2024-12-19 11:29:43,041 - 11:29:42.161; 71; 0; 751504; 1906911195996400; 1734604182161227700; 685545666; 1734604182977073300; None; None; [[0.04020798 0.0538734  0.4966591  ... 0.         0.         0.        ]
 [0.04829465 0.03988869 0.35389438 ... 0.         0.         0.        ]
 [0.04906813 0.04189046 0.76354    ... 0.         0.         0.        ]
 ...
 [0.95570725 0.9505526  0.46947667 ... 0.         0.         0.        ]
 [0.9646956  0.96347576 0.3141001  ... 0.         0.         0.        ]
 [0.9678842  0.9662399  0.86862755 ... 0.         0.         0.        ]], [[0.01472127 0.02507995 0.03610119 ... 0.         0.         0.        ]
 [0.01701095 0.01969269 0.41007313 ... 0.         0.         0.        ]
 [0.02192506 0.01726293 0.06714806 ... 0.         0.         0.        ]
 ...
 [0.9744934  0.9762116  0.04547359 ... 0.         0.         0.        ]
 [0.97945    0.9779568  0.3695366  ... 0.         0.         0.        ]
 [0.97892284 0.9831682  0.08277131 ... 0.         0.         0.        ]], [[0.00839736 0.00525467 0.01372874 ... 0.         0.         0.        ]
 [0.00971401 0.01015925 0.01699869 ... 0.         0.         0.        ]
 [0.00966007 0.00707353 0.20932707 ... 0.         0.         0.        ]
 ...
 [0.98985445 0.99153703 0.01703041 ... 0.         0.         0.        ]
 [0.99193925 0.98798174 0.01572772 ... 0.         0.         0.        ]
 [0.9883435  0.9921968  0.18566823 ... 0.         0.         0.        ]]; 1382
2024-12-19 11:29:43,947 - 11:29:43.042; 72; 0; 751504; 1906911195996400; 1734604183042515000; 691358943; 1734604183868919400; None; None; [[0.04020798 0.0538734  0.4966591  ... 0.         0.         0.        ]
 [0.04829465 0.03988869 0.35389438 ... 0.         0.         0.        ]
 [0.04906813 0.04189046 0.76354    ... 0.         0.         0.        ]
 ...
 [0.95570725 0.9505526  0.46947667 ... 0.         0.         0.        ]
 [0.9646956  0.96347576 0.3141001  ... 0.         0.         0.        ]
 [0.9678842  0.9662399  0.86862755 ... 0.         0.         0.        ]], [[0.01472127 0.02507995 0.03610119 ... 0.         0.         0.        ]
 [0.01701095 0.01969269 0.41007313 ... 0.         0.         0.        ]
 [0.02192506 0.01726293 0.06714806 ... 0.         0.         0.        ]
 ...
 [0.9744934  0.9762116  0.04547359 ... 0.         0.         0.        ]
 [0.97945    0.9779568  0.3695366  ... 0.         0.         0.        ]
 [0.97892284 0.9831682  0.08277131 ... 0.         0.         0.        ]], [[0.00839736 0.00525467 0.01372874 ... 0.         0.         0.        ]
 [0.00971401 0.01015925 0.01699869 ... 0.         0.         0.        ]
 [0.00966007 0.00707353 0.20932707 ... 0.         0.         0.        ]
 ...
 [0.98985445 0.99153703 0.01703041 ... 0.         0.         0.        ]
 [0.99193925 0.98798174 0.01572772 ... 0.         0.         0.        ]
 [0.9883435  0.9921968  0.18566823 ... 0.         0.         0.        ]]; 1382
2024-12-19 11:29:44,846 - 11:29:43.950; 73; 0; 751504; 1906911195996400; 1734604183950116300; 689847829; 1734604184768379600; None; None; [[0.04020798 0.0538734  0.4966591  ... 0.         0.         0.        ]
 [0.04829465 0.03988869 0.35389438 ... 0.         0.         0.        ]
 [0.04906813 0.04189046 0.76354    ... 0.         0.         0.        ]
 ...
 [0.95570725 0.9505526  0.46947667 ... 0.         0.         0.        ]
 [0.9646956  0.96347576 0.3141001  ... 0.         0.         0.        ]
 [0.9678842  0.9662399  0.86862755 ... 0.         0.         0.        ]], [[0.01472127 0.02507995 0.03610119 ... 0.         0.         0.        ]
 [0.01701095 0.01969269 0.41007313 ... 0.         0.         0.        ]
 [0.02192506 0.01726293 0.06714806 ... 0.         0.         0.        ]
 ...
 [0.9744934  0.9762116  0.04547359 ... 0.         0.         0.        ]
 [0.97945    0.9779568  0.3695366  ... 0.         0.         0.        ]
 [0.97892284 0.9831682  0.08277131 ... 0.         0.         0.        ]], [[0.00839736 0.00525467 0.01372874 ... 0.         0.         0.        ]
 [0.00971401 0.01015925 0.01699869 ... 0.         0.         0.        ]
 [0.00966007 0.00707353 0.20932707 ... 0.         0.         0.        ]
 ...
 [0.98985445 0.99153703 0.01703041 ... 0.         0.         0.        ]
 [0.99193925 0.98798174 0.01572772 ... 0.         0.         0.        ]
 [0.9883435  0.9921968  0.18566823 ... 0.         0.         0.        ]]; 1382
2024-12-19 11:29:45,757 - 11:29:44.849; 74; 0; 751504; 1906911195996400; 1734604184849129800; 697405362; 1734604185681770300; None; None; [[0.04020798 0.0538734  0.4966591  ... 0.         0.         0.        ]
 [0.04829465 0.03988869 0.35389438 ... 0.         0.         0.        ]
 [0.04906813 0.04189046 0.76354    ... 0.         0.         0.        ]
 ...
 [0.95570725 0.9505526  0.46947667 ... 0.         0.         0.        ]
 [0.9646956  0.96347576 0.3141001  ... 0.         0.         0.        ]
 [0.9678842  0.9662399  0.86862755 ... 0.         0.         0.        ]], [[0.01472127 0.02507995 0.03610119 ... 0.         0.         0.        ]
 [0.01701095 0.01969269 0.41007313 ... 0.         0.         0.        ]
 [0.02192506 0.01726293 0.06714806 ... 0.         0.         0.        ]
 ...
 [0.9744934  0.9762116  0.04547359 ... 0.         0.         0.        ]
 [0.97945    0.9779568  0.3695366  ... 0.         0.         0.        ]
 [0.97892284 0.9831682  0.08277131 ... 0.         0.         0.        ]], [[0.00839736 0.00525467 0.01372874 ... 0.         0.         0.        ]
 [0.00971401 0.01015925 0.01699869 ... 0.         0.         0.        ]
 [0.00966007 0.00707353 0.20932707 ... 0.         0.         0.        ]
 ...
 [0.98985445 0.99153703 0.01703041 ... 0.         0.         0.        ]
 [0.99193925 0.98798174 0.01572772 ... 0.         0.         0.        ]
 [0.9883435  0.9921968  0.18566823 ... 0.         0.         0.        ]]; 1382
2024-12-19 11:29:46,656 - 11:29:45.758; 75; 0; 751504; 1906911195996400; 1734604185758575600; 694292146; 1734604186583910700; None; None; [[0.04020798 0.0538734  0.4966591  ... 0.         0.         0.        ]
 [0.04829465 0.03988869 0.35389438 ... 0.         0.         0.        ]
 [0.04906813 0.04189046 0.76354    ... 0.         0.         0.        ]
 ...
 [0.95570725 0.9505526  0.46947667 ... 0.         0.         0.        ]
 [0.9646956  0.96347576 0.3141001  ... 0.         0.         0.        ]
 [0.9678842  0.9662399  0.86862755 ... 0.         0.         0.        ]], [[0.01472127 0.02507995 0.03610119 ... 0.         0.         0.        ]
 [0.01701095 0.01969269 0.41007313 ... 0.         0.         0.        ]
 [0.02192506 0.01726293 0.06714806 ... 0.         0.         0.        ]
 ...
 [0.9744934  0.9762116  0.04547359 ... 0.         0.         0.        ]
 [0.97945    0.9779568  0.3695366  ... 0.         0.         0.        ]
 [0.97892284 0.9831682  0.08277131 ... 0.         0.         0.        ]], [[0.00839736 0.00525467 0.01372874 ... 0.         0.         0.        ]
 [0.00971401 0.01015925 0.01699869 ... 0.         0.         0.        ]
 [0.00966007 0.00707353 0.20932707 ... 0.         0.         0.        ]
 ...
 [0.98985445 0.99153703 0.01703041 ... 0.         0.         0.        ]
 [0.99193925 0.98798174 0.01572772 ... 0.         0.         0.        ]
 [0.9883435  0.9921968  0.18566823 ... 0.         0.         0.        ]]; 1382
2024-12-19 11:29:47,543 - 11:29:46.657; 76; 0; 751504; 1906911195996400; 1734604186657705200; 696879808; 1734604187480313900; None; None; [[0.04020798 0.0538734  0.4966591  ... 0.         0.         0.        ]
 [0.04829465 0.03988869 0.35389438 ... 0.         0.         0.        ]
 [0.04906813 0.04189046 0.76354    ... 0.         0.         0.        ]
 ...
 [0.95570725 0.9505526  0.46947667 ... 0.         0.         0.        ]
 [0.9646956  0.96347576 0.3141001  ... 0.         0.         0.        ]
 [0.9678842  0.9662399  0.86862755 ... 0.         0.         0.        ]], [[0.01472127 0.02507995 0.03610119 ... 0.         0.         0.        ]
 [0.01701095 0.01969269 0.41007313 ... 0.         0.         0.        ]
 [0.02192506 0.01726293 0.06714806 ... 0.         0.         0.        ]
 ...
 [0.9744934  0.9762116  0.04547359 ... 0.         0.         0.        ]
 [0.97945    0.9779568  0.3695366  ... 0.         0.         0.        ]
 [0.97892284 0.9831682  0.08277131 ... 0.         0.         0.        ]], [[0.00839736 0.00525467 0.01372874 ... 0.         0.         0.        ]
 [0.00971401 0.01015925 0.01699869 ... 0.         0.         0.        ]
 [0.00966007 0.00707353 0.20932707 ... 0.         0.         0.        ]
 ...
 [0.98985445 0.99153703 0.01703041 ... 0.         0.         0.        ]
 [0.99193925 0.98798174 0.01572772 ... 0.         0.         0.        ]
 [0.9883435  0.9921968  0.18566823 ... 0.         0.         0.        ]]; 1382
2024-12-19 11:29:48,444 - 11:29:47.544; 77; 0; 751504; 1906911195996400; 1734604187544685100; 697116300; 1734604188379219700; None; None; [[0.04020798 0.0538734  0.4966591  ... 0.         0.         0.        ]
 [0.04829465 0.03988869 0.35389438 ... 0.         0.         0.        ]
 [0.04906813 0.04189046 0.76354    ... 0.         0.         0.        ]
 ...
 [0.95570725 0.9505526  0.46947667 ... 0.         0.         0.        ]
 [0.9646956  0.96347576 0.3141001  ... 0.         0.         0.        ]
 [0.9678842  0.9662399  0.86862755 ... 0.         0.         0.        ]], [[0.01472127 0.02507995 0.03610119 ... 0.         0.         0.        ]
 [0.01701095 0.01969269 0.41007313 ... 0.         0.         0.        ]
 [0.02192506 0.01726293 0.06714806 ... 0.         0.         0.        ]
 ...
 [0.9744934  0.9762116  0.04547359 ... 0.         0.         0.        ]
 [0.97945    0.9779568  0.3695366  ... 0.         0.         0.        ]
 [0.97892284 0.9831682  0.08277131 ... 0.         0.         0.        ]], [[0.00839736 0.00525467 0.01372874 ... 0.         0.         0.        ]
 [0.00971401 0.01015925 0.01699869 ... 0.         0.         0.        ]
 [0.00966007 0.00707353 0.20932707 ... 0.         0.         0.        ]
 ...
 [0.98985445 0.99153703 0.01703041 ... 0.         0.         0.        ]
 [0.99193925 0.98798174 0.01572772 ... 0.         0.         0.        ]
 [0.9883435  0.9921968  0.18566823 ... 0.         0.         0.        ]]; 1382
2024-12-19 11:29:49,343 - 11:29:48.445; 78; 0; 751504; 1906911195996400; 1734604188445614200; 695281231; 1734604189272952400; None; None; [[0.04020798 0.0538734  0.4966591  ... 0.         0.         0.        ]
 [0.04829465 0.03988869 0.35389438 ... 0.         0.         0.        ]
 [0.04906813 0.04189046 0.76354    ... 0.         0.         0.        ]
 ...
 [0.95570725 0.9505526  0.46947667 ... 0.         0.         0.        ]
 [0.9646956  0.96347576 0.3141001  ... 0.         0.         0.        ]
 [0.9678842  0.9662399  0.86862755 ... 0.         0.         0.        ]], [[0.01472127 0.02507995 0.03610119 ... 0.         0.         0.        ]
 [0.01701095 0.01969269 0.41007313 ... 0.         0.         0.        ]
 [0.02192506 0.01726293 0.06714806 ... 0.         0.         0.        ]
 ...
 [0.9744934  0.9762116  0.04547359 ... 0.         0.         0.        ]
 [0.97945    0.9779568  0.3695366  ... 0.         0.         0.        ]
 [0.97892284 0.9831682  0.08277131 ... 0.         0.         0.        ]], [[0.00839736 0.00525467 0.01372874 ... 0.         0.         0.        ]
 [0.00971401 0.01015925 0.01699869 ... 0.         0.         0.        ]
 [0.00966007 0.00707353 0.20932707 ... 0.         0.         0.        ]
 ...
 [0.98985445 0.99153703 0.01703041 ... 0.         0.         0.        ]
 [0.99193925 0.98798174 0.01572772 ... 0.         0.         0.        ]
 [0.9883435  0.9921968  0.18566823 ... 0.         0.         0.        ]]; 1382
2024-12-19 11:29:50,228 - 11:29:49.345; 79; 0; 751504; 1906911195996400; 1734604189345875600; 691559447; 1734604190166376200; None; None; [[0.04020798 0.0538734  0.4966591  ... 0.         0.         0.        ]
 [0.04829465 0.03988869 0.35389438 ... 0.         0.         0.        ]
 [0.04906813 0.04189046 0.76354    ... 0.         0.         0.        ]
 ...
 [0.95570725 0.9505526  0.46947667 ... 0.         0.         0.        ]
 [0.9646956  0.96347576 0.3141001  ... 0.         0.         0.        ]
 [0.9678842  0.9662399  0.86862755 ... 0.         0.         0.        ]], [[0.01472127 0.02507995 0.03610119 ... 0.         0.         0.        ]
 [0.01701095 0.01969269 0.41007313 ... 0.         0.         0.        ]
 [0.02192506 0.01726293 0.06714806 ... 0.         0.         0.        ]
 ...
 [0.9744934  0.9762116  0.04547359 ... 0.         0.         0.        ]
 [0.97945    0.9779568  0.3695366  ... 0.         0.         0.        ]
 [0.97892284 0.9831682  0.08277131 ... 0.         0.         0.        ]], [[0.00839736 0.00525467 0.01372874 ... 0.         0.         0.        ]
 [0.00971401 0.01015925 0.01699869 ... 0.         0.         0.        ]
 [0.00966007 0.00707353 0.20932707 ... 0.         0.         0.        ]
 ...
 [0.98985445 0.99153703 0.01703041 ... 0.         0.         0.        ]
 [0.99193925 0.98798174 0.01572772 ... 0.         0.         0.        ]
 [0.9883435  0.9921968  0.18566823 ... 0.         0.         0.        ]]; 1382
2024-12-19 11:29:51,128 - 11:29:50.229; 80; 0; 751504; 1906911195996400; 1734604190229865100; 691844538; 1734604191062254200; None; None; [[0.04020798 0.0538734  0.4966591  ... 0.         0.         0.        ]
 [0.04829465 0.03988869 0.35389438 ... 0.         0.         0.        ]
 [0.04906813 0.04189046 0.76354    ... 0.         0.         0.        ]
 ...
 [0.95570725 0.9505526  0.46947667 ... 0.         0.         0.        ]
 [0.9646956  0.96347576 0.3141001  ... 0.         0.         0.        ]
 [0.9678842  0.9662399  0.86862755 ... 0.         0.         0.        ]], [[0.01472127 0.02507995 0.03610119 ... 0.         0.         0.        ]
 [0.01701095 0.01969269 0.41007313 ... 0.         0.         0.        ]
 [0.02192506 0.01726293 0.06714806 ... 0.         0.         0.        ]
 ...
 [0.9744934  0.9762116  0.04547359 ... 0.         0.         0.        ]
 [0.97945    0.9779568  0.3695366  ... 0.         0.         0.        ]
 [0.97892284 0.9831682  0.08277131 ... 0.         0.         0.        ]], [[0.00839736 0.00525467 0.01372874 ... 0.         0.         0.        ]
 [0.00971401 0.01015925 0.01699869 ... 0.         0.         0.        ]
 [0.00966007 0.00707353 0.20932707 ... 0.         0.         0.        ]
 ...
 [0.98985445 0.99153703 0.01703041 ... 0.         0.         0.        ]
 [0.99193925 0.98798174 0.01572772 ... 0.         0.         0.        ]
 [0.9883435  0.9921968  0.18566823 ... 0.         0.         0.        ]]; 1382
2024-12-19 11:29:52,030 - 11:29:51.129; 81; 0; 751504; 1906911195996400; 1734604191129383600; 689719145; 1734604191957300200; None; None; [[0.04020798 0.0538734  0.4966591  ... 0.         0.         0.        ]
 [0.04829465 0.03988869 0.35389438 ... 0.         0.         0.        ]
 [0.04906813 0.04189046 0.76354    ... 0.         0.         0.        ]
 ...
 [0.95570725 0.9505526  0.46947667 ... 0.         0.         0.        ]
 [0.9646956  0.96347576 0.3141001  ... 0.         0.         0.        ]
 [0.9678842  0.9662399  0.86862755 ... 0.         0.         0.        ]], [[0.01472127 0.02507995 0.03610119 ... 0.         0.         0.        ]
 [0.01701095 0.01969269 0.41007313 ... 0.         0.         0.        ]
 [0.02192506 0.01726293 0.06714806 ... 0.         0.         0.        ]
 ...
 [0.9744934  0.9762116  0.04547359 ... 0.         0.         0.        ]
 [0.97945    0.9779568  0.3695366  ... 0.         0.         0.        ]
 [0.97892284 0.9831682  0.08277131 ... 0.         0.         0.        ]], [[0.00839736 0.00525467 0.01372874 ... 0.         0.         0.        ]
 [0.00971401 0.01015925 0.01699869 ... 0.         0.         0.        ]
 [0.00966007 0.00707353 0.20932707 ... 0.         0.         0.        ]
 ...
 [0.98985445 0.99153703 0.01703041 ... 0.         0.         0.        ]
 [0.99193925 0.98798174 0.01572772 ... 0.         0.         0.        ]
 [0.9883435  0.9921968  0.18566823 ... 0.         0.         0.        ]]; 1382
2024-12-19 11:29:52,915 - 11:29:52.031; 82; 0; 751504; 1906911195996400; 1734604192031731000; 686520838; 1734604192848356300; None; None; [[0.04020798 0.0538734  0.4966591  ... 0.         0.         0.        ]
 [0.04829465 0.03988869 0.35389438 ... 0.         0.         0.        ]
 [0.04906813 0.04189046 0.76354    ... 0.         0.         0.        ]
 ...
 [0.95570725 0.9505526  0.46947667 ... 0.         0.         0.        ]
 [0.9646956  0.96347576 0.3141001  ... 0.         0.         0.        ]
 [0.9678842  0.9662399  0.86862755 ... 0.         0.         0.        ]], [[0.01472127 0.02507995 0.03610119 ... 0.         0.         0.        ]
 [0.01701095 0.01969269 0.41007313 ... 0.         0.         0.        ]
 [0.02192506 0.01726293 0.06714806 ... 0.         0.         0.        ]
 ...
 [0.9744934  0.9762116  0.04547359 ... 0.         0.         0.        ]
 [0.97945    0.9779568  0.3695366  ... 0.         0.         0.        ]
 [0.97892284 0.9831682  0.08277131 ... 0.         0.         0.        ]], [[0.00839736 0.00525467 0.01372874 ... 0.         0.         0.        ]
 [0.00971401 0.01015925 0.01699869 ... 0.         0.         0.        ]
 [0.00966007 0.00707353 0.20932707 ... 0.         0.         0.        ]
 ...
 [0.98985445 0.99153703 0.01703041 ... 0.         0.         0.        ]
 [0.99193925 0.98798174 0.01572772 ... 0.         0.         0.        ]
 [0.9883435  0.9921968  0.18566823 ... 0.         0.         0.        ]]; 1382
2024-12-19 11:29:53,809 - 11:29:52.916; 83; 0; 751504; 1906911195996400; 1734604192916285100; 700204725; 1734604193741700300; None; None; [[0.04020798 0.0538734  0.4966591  ... 0.         0.         0.        ]
 [0.04829465 0.03988869 0.35389438 ... 0.         0.         0.        ]
 [0.04906813 0.04189046 0.76354    ... 0.         0.         0.        ]
 ...
 [0.95570725 0.9505526  0.46947667 ... 0.         0.         0.        ]
 [0.9646956  0.96347576 0.3141001  ... 0.         0.         0.        ]
 [0.9678842  0.9662399  0.86862755 ... 0.         0.         0.        ]], [[0.01472127 0.02507995 0.03610119 ... 0.         0.         0.        ]
 [0.01701095 0.01969269 0.41007313 ... 0.         0.         0.        ]
 [0.02192506 0.01726293 0.06714806 ... 0.         0.         0.        ]
 ...
 [0.9744934  0.9762116  0.04547359 ... 0.         0.         0.        ]
 [0.97945    0.9779568  0.3695366  ... 0.         0.         0.        ]
 [0.97892284 0.9831682  0.08277131 ... 0.         0.         0.        ]], [[0.00839736 0.00525467 0.01372874 ... 0.         0.         0.        ]
 [0.00971401 0.01015925 0.01699869 ... 0.         0.         0.        ]
 [0.00966007 0.00707353 0.20932707 ... 0.         0.         0.        ]
 ...
 [0.98985445 0.99153703 0.01703041 ... 0.         0.         0.        ]
 [0.99193925 0.98798174 0.01572772 ... 0.         0.         0.        ]
 [0.9883435  0.9921968  0.18566823 ... 0.         0.         0.        ]]; 1382
2024-12-19 11:29:54,716 - 11:29:53.811; 84; 0; 751504; 1906911195996400; 1734604193811505500; 701366839; 1734604194650973400; None; None; [[0.04020798 0.0538734  0.4966591  ... 0.         0.         0.        ]
 [0.04829465 0.03988869 0.35389438 ... 0.         0.         0.        ]
 [0.04906813 0.04189046 0.76354    ... 0.         0.         0.        ]
 ...
 [0.95570725 0.9505526  0.46947667 ... 0.         0.         0.        ]
 [0.9646956  0.96347576 0.3141001  ... 0.         0.         0.        ]
 [0.9678842  0.9662399  0.86862755 ... 0.         0.         0.        ]], [[0.01472127 0.02507995 0.03610119 ... 0.         0.         0.        ]
 [0.01701095 0.01969269 0.41007313 ... 0.         0.         0.        ]
 [0.02192506 0.01726293 0.06714806 ... 0.         0.         0.        ]
 ...
 [0.9744934  0.9762116  0.04547359 ... 0.         0.         0.        ]
 [0.97945    0.9779568  0.3695366  ... 0.         0.         0.        ]
 [0.97892284 0.9831682  0.08277131 ... 0.         0.         0.        ]], [[0.00839736 0.00525467 0.01372874 ... 0.         0.         0.        ]
 [0.00971401 0.01015925 0.01699869 ... 0.         0.         0.        ]
 [0.00966007 0.00707353 0.20932707 ... 0.         0.         0.        ]
 ...
 [0.98985445 0.99153703 0.01703041 ... 0.         0.         0.        ]
 [0.99193925 0.98798174 0.01572772 ... 0.         0.         0.        ]
 [0.9883435  0.9921968  0.18566823 ... 0.         0.         0.        ]]; 1382
2024-12-19 11:29:55,609 - 11:29:54.718; 85; 0; 751504; 1906911195996400; 1734604194718185300; 691648521; 1734604195538772500; None; None; [[0.04020798 0.0538734  0.4966591  ... 0.         0.         0.        ]
 [0.04829465 0.03988869 0.35389438 ... 0.         0.         0.        ]
 [0.04906813 0.04189046 0.76354    ... 0.         0.         0.        ]
 ...
 [0.95570725 0.9505526  0.46947667 ... 0.         0.         0.        ]
 [0.9646956  0.96347576 0.3141001  ... 0.         0.         0.        ]
 [0.9678842  0.9662399  0.86862755 ... 0.         0.         0.        ]], [[0.01472127 0.02507995 0.03610119 ... 0.         0.         0.        ]
 [0.01701095 0.01969269 0.41007313 ... 0.         0.         0.        ]
 [0.02192506 0.01726293 0.06714806 ... 0.         0.         0.        ]
 ...
 [0.9744934  0.9762116  0.04547359 ... 0.         0.         0.        ]
 [0.97945    0.9779568  0.3695366  ... 0.         0.         0.        ]
 [0.97892284 0.9831682  0.08277131 ... 0.         0.         0.        ]], [[0.00839736 0.00525467 0.01372874 ... 0.         0.         0.        ]
 [0.00971401 0.01015925 0.01699869 ... 0.         0.         0.        ]
 [0.00966007 0.00707353 0.20932707 ... 0.         0.         0.        ]
 ...
 [0.98985445 0.99153703 0.01703041 ... 0.         0.         0.        ]
 [0.99193925 0.98798174 0.01572772 ... 0.         0.         0.        ]
 [0.9883435  0.9921968  0.18566823 ... 0.         0.         0.        ]]; 1382
2024-12-19 11:29:56,532 - 11:29:55.610; 86; 0; 751504; 1906911195996400; 1734604195611374900; 711799068; 1734604196460811800; None; None; [[0.04020798 0.0538734  0.4966591  ... 0.         0.         0.        ]
 [0.04829465 0.03988869 0.35389438 ... 0.         0.         0.        ]
 [0.04906813 0.04189046 0.76354    ... 0.         0.         0.        ]
 ...
 [0.95570725 0.9505526  0.46947667 ... 0.         0.         0.        ]
 [0.9646956  0.96347576 0.3141001  ... 0.         0.         0.        ]
 [0.9678842  0.9662399  0.86862755 ... 0.         0.         0.        ]], [[0.01472127 0.02507995 0.03610119 ... 0.         0.         0.        ]
 [0.01701095 0.01969269 0.41007313 ... 0.         0.         0.        ]
 [0.02192506 0.01726293 0.06714806 ... 0.         0.         0.        ]
 ...
 [0.9744934  0.9762116  0.04547359 ... 0.         0.         0.        ]
 [0.97945    0.9779568  0.3695366  ... 0.         0.         0.        ]
 [0.97892284 0.9831682  0.08277131 ... 0.         0.         0.        ]], [[0.00839736 0.00525467 0.01372874 ... 0.         0.         0.        ]
 [0.00971401 0.01015925 0.01699869 ... 0.         0.         0.        ]
 [0.00966007 0.00707353 0.20932707 ... 0.         0.         0.        ]
 ...
 [0.98985445 0.99153703 0.01703041 ... 0.         0.         0.        ]
 [0.99193925 0.98798174 0.01572772 ... 0.         0.         0.        ]
 [0.9883435  0.9921968  0.18566823 ... 0.         0.         0.        ]]; 1382
2024-12-19 11:29:57,426 - 11:29:56.533; 87; 0; 751504; 1906911195996400; 1734604196533013700; 699329053; 1734604197361475000; None; None; [[0.04020798 0.0538734  0.4966591  ... 0.         0.         0.        ]
 [0.04829465 0.03988869 0.35389438 ... 0.         0.         0.        ]
 [0.04906813 0.04189046 0.76354    ... 0.         0.         0.        ]
 ...
 [0.95570725 0.9505526  0.46947667 ... 0.         0.         0.        ]
 [0.9646956  0.96347576 0.3141001  ... 0.         0.         0.        ]
 [0.9678842  0.9662399  0.86862755 ... 0.         0.         0.        ]], [[0.01472127 0.02507995 0.03610119 ... 0.         0.         0.        ]
 [0.01701095 0.01969269 0.41007313 ... 0.         0.         0.        ]
 [0.02192506 0.01726293 0.06714806 ... 0.         0.         0.        ]
 ...
 [0.9744934  0.9762116  0.04547359 ... 0.         0.         0.        ]
 [0.97945    0.9779568  0.3695366  ... 0.         0.         0.        ]
 [0.97892284 0.9831682  0.08277131 ... 0.         0.         0.        ]], [[0.00839736 0.00525467 0.01372874 ... 0.         0.         0.        ]
 [0.00971401 0.01015925 0.01699869 ... 0.         0.         0.        ]
 [0.00966007 0.00707353 0.20932707 ... 0.         0.         0.        ]
 ...
 [0.98985445 0.99153703 0.01703041 ... 0.         0.         0.        ]
 [0.99193925 0.98798174 0.01572772 ... 0.         0.         0.        ]
 [0.9883435  0.9921968  0.18566823 ... 0.         0.         0.        ]]; 1382
2024-12-19 11:29:58,333 - 11:29:57.427; 88; 0; 751504; 1906911195996400; 1734604197427561600; 707460461; 1734604198273949200; None; None; [[0.04020798 0.0538734  0.4966591  ... 0.         0.         0.        ]
 [0.04829465 0.03988869 0.35389438 ... 0.         0.         0.        ]
 [0.04906813 0.04189046 0.76354    ... 0.         0.         0.        ]
 ...
 [0.95570725 0.9505526  0.46947667 ... 0.         0.         0.        ]
 [0.9646956  0.96347576 0.3141001  ... 0.         0.         0.        ]
 [0.9678842  0.9662399  0.86862755 ... 0.         0.         0.        ]], [[0.01472127 0.02507995 0.03610119 ... 0.         0.         0.        ]
 [0.01701095 0.01969269 0.41007313 ... 0.         0.         0.        ]
 [0.02192506 0.01726293 0.06714806 ... 0.         0.         0.        ]
 ...
 [0.9744934  0.9762116  0.04547359 ... 0.         0.         0.        ]
 [0.97945    0.9779568  0.3695366  ... 0.         0.         0.        ]
 [0.97892284 0.9831682  0.08277131 ... 0.         0.         0.        ]], [[0.00839736 0.00525467 0.01372874 ... 0.         0.         0.        ]
 [0.00971401 0.01015925 0.01699869 ... 0.         0.         0.        ]
 [0.00966007 0.00707353 0.20932707 ... 0.         0.         0.        ]
 ...
 [0.98985445 0.99153703 0.01703041 ... 0.         0.         0.        ]
 [0.99193925 0.98798174 0.01572772 ... 0.         0.         0.        ]
 [0.9883435  0.9921968  0.18566823 ... 0.         0.         0.        ]]; 1382
2024-12-19 11:29:59,231 - 11:29:58.334; 89; 0; 751504; 1906911195996400; 1734604198334329200; 702320859; 1734604199164477200; None; None; [[0.04020798 0.0538734  0.4966591  ... 0.         0.         0.        ]
 [0.04829465 0.03988869 0.35389438 ... 0.         0.         0.        ]
 [0.04906813 0.04189046 0.76354    ... 0.         0.         0.        ]
 ...
 [0.95570725 0.9505526  0.46947667 ... 0.         0.         0.        ]
 [0.9646956  0.96347576 0.3141001  ... 0.         0.         0.        ]
 [0.9678842  0.9662399  0.86862755 ... 0.         0.         0.        ]], [[0.01472127 0.02507995 0.03610119 ... 0.         0.         0.        ]
 [0.01701095 0.01969269 0.41007313 ... 0.         0.         0.        ]
 [0.02192506 0.01726293 0.06714806 ... 0.         0.         0.        ]
 ...
 [0.9744934  0.9762116  0.04547359 ... 0.         0.         0.        ]
 [0.97945    0.9779568  0.3695366  ... 0.         0.         0.        ]
 [0.97892284 0.9831682  0.08277131 ... 0.         0.         0.        ]], [[0.00839736 0.00525467 0.01372874 ... 0.         0.         0.        ]
 [0.00971401 0.01015925 0.01699869 ... 0.         0.         0.        ]
 [0.00966007 0.00707353 0.20932707 ... 0.         0.         0.        ]
 ...
 [0.98985445 0.99153703 0.01703041 ... 0.         0.         0.        ]
 [0.99193925 0.98798174 0.01572772 ... 0.         0.         0.        ]
 [0.9883435  0.9921968  0.18566823 ... 0.         0.         0.        ]]; 1382
2024-12-19 11:30:00,140 - 11:29:59.232; 90; 0; 751504; 1906911195996400; 1734604199232779500; 690802786; 1734604200051255200; None; None; [[0.04020798 0.0538734  0.4966591  ... 0.         0.         0.        ]
 [0.04829465 0.03988869 0.35389438 ... 0.         0.         0.        ]
 [0.04906813 0.04189046 0.76354    ... 0.         0.         0.        ]
 ...
 [0.95570725 0.9505526  0.46947667 ... 0.         0.         0.        ]
 [0.9646956  0.96347576 0.3141001  ... 0.         0.         0.        ]
 [0.9678842  0.9662399  0.86862755 ... 0.         0.         0.        ]], [[0.01472127 0.02507995 0.03610119 ... 0.         0.         0.        ]
 [0.01701095 0.01969269 0.41007313 ... 0.         0.         0.        ]
 [0.02192506 0.01726293 0.06714806 ... 0.         0.         0.        ]
 ...
 [0.9744934  0.9762116  0.04547359 ... 0.         0.         0.        ]
 [0.97945    0.9779568  0.3695366  ... 0.         0.         0.        ]
 [0.97892284 0.9831682  0.08277131 ... 0.         0.         0.        ]], [[0.00839736 0.00525467 0.01372874 ... 0.         0.         0.        ]
 [0.00971401 0.01015925 0.01699869 ... 0.         0.         0.        ]
 [0.00966007 0.00707353 0.20932707 ... 0.         0.         0.        ]
 ...
 [0.98985445 0.99153703 0.01703041 ... 0.         0.         0.        ]
 [0.99193925 0.98798174 0.01572772 ... 0.         0.         0.        ]
 [0.9883435  0.9921968  0.18566823 ... 0.         0.         0.        ]]; 1382
2024-12-19 11:30:01,036 - 11:30:00.142; 91; 0; 751504; 1906911195996400; 1734604200142622600; 693027754; 1734604200969236600; None; None; [[0.04020798 0.0538734  0.4966591  ... 0.         0.         0.        ]
 [0.04829465 0.03988869 0.35389438 ... 0.         0.         0.        ]
 [0.04906813 0.04189046 0.76354    ... 0.         0.         0.        ]
 ...
 [0.95570725 0.9505526  0.46947667 ... 0.         0.         0.        ]
 [0.9646956  0.96347576 0.3141001  ... 0.         0.         0.        ]
 [0.9678842  0.9662399  0.86862755 ... 0.         0.         0.        ]], [[0.01472127 0.02507995 0.03610119 ... 0.         0.         0.        ]
 [0.01701095 0.01969269 0.41007313 ... 0.         0.         0.        ]
 [0.02192506 0.01726293 0.06714806 ... 0.         0.         0.        ]
 ...
 [0.9744934  0.9762116  0.04547359 ... 0.         0.         0.        ]
 [0.97945    0.9779568  0.3695366  ... 0.         0.         0.        ]
 [0.97892284 0.9831682  0.08277131 ... 0.         0.         0.        ]], [[0.00839736 0.00525467 0.01372874 ... 0.         0.         0.        ]
 [0.00971401 0.01015925 0.01699869 ... 0.         0.         0.        ]
 [0.00966007 0.00707353 0.20932707 ... 0.         0.         0.        ]
 ...
 [0.98985445 0.99153703 0.01703041 ... 0.         0.         0.        ]
 [0.99193925 0.98798174 0.01572772 ... 0.         0.         0.        ]
 [0.9883435  0.9921968  0.18566823 ... 0.         0.         0.        ]]; 1382
2024-12-19 11:30:01,926 - 11:30:01.037; 92; 0; 751504; 1906911195996400; 1734604201037137900; 693602299; 1734604201860382300; None; None; [[0.04020798 0.0538734  0.4966591  ... 0.         0.         0.        ]
 [0.04829465 0.03988869 0.35389438 ... 0.         0.         0.        ]
 [0.04906813 0.04189046 0.76354    ... 0.         0.         0.        ]
 ...
 [0.95570725 0.9505526  0.46947667 ... 0.         0.         0.        ]
 [0.9646956  0.96347576 0.3141001  ... 0.         0.         0.        ]
 [0.9678842  0.9662399  0.86862755 ... 0.         0.         0.        ]], [[0.01472127 0.02507995 0.03610119 ... 0.         0.         0.        ]
 [0.01701095 0.01969269 0.41007313 ... 0.         0.         0.        ]
 [0.02192506 0.01726293 0.06714806 ... 0.         0.         0.        ]
 ...
 [0.9744934  0.9762116  0.04547359 ... 0.         0.         0.        ]
 [0.97945    0.9779568  0.3695366  ... 0.         0.         0.        ]
 [0.97892284 0.9831682  0.08277131 ... 0.         0.         0.        ]], [[0.00839736 0.00525467 0.01372874 ... 0.         0.         0.        ]
 [0.00971401 0.01015925 0.01699869 ... 0.         0.         0.        ]
 [0.00966007 0.00707353 0.20932707 ... 0.         0.         0.        ]
 ...
 [0.98985445 0.99153703 0.01703041 ... 0.         0.         0.        ]
 [0.99193925 0.98798174 0.01572772 ... 0.         0.         0.        ]
 [0.9883435  0.9921968  0.18566823 ... 0.         0.         0.        ]]; 1382
2024-12-19 11:30:02,819 - 11:30:01.926; 93; 0; 751504; 1906911195996400; 1734604201926024700; 695164728; 1734604202751855000; None; None; [[0.04020798 0.0538734  0.4966591  ... 0.         0.         0.        ]
 [0.04829465 0.03988869 0.35389438 ... 0.         0.         0.        ]
 [0.04906813 0.04189046 0.76354    ... 0.         0.         0.        ]
 ...
 [0.95570725 0.9505526  0.46947667 ... 0.         0.         0.        ]
 [0.9646956  0.96347576 0.3141001  ... 0.         0.         0.        ]
 [0.9678842  0.9662399  0.86862755 ... 0.         0.         0.        ]], [[0.01472127 0.02507995 0.03610119 ... 0.         0.         0.        ]
 [0.01701095 0.01969269 0.41007313 ... 0.         0.         0.        ]
 [0.02192506 0.01726293 0.06714806 ... 0.         0.         0.        ]
 ...
 [0.9744934  0.9762116  0.04547359 ... 0.         0.         0.        ]
 [0.97945    0.9779568  0.3695366  ... 0.         0.         0.        ]
 [0.97892284 0.9831682  0.08277131 ... 0.         0.         0.        ]], [[0.00839736 0.00525467 0.01372874 ... 0.         0.         0.        ]
 [0.00971401 0.01015925 0.01699869 ... 0.         0.         0.        ]
 [0.00966007 0.00707353 0.20932707 ... 0.         0.         0.        ]
 ...
 [0.98985445 0.99153703 0.01703041 ... 0.         0.         0.        ]
 [0.99193925 0.98798174 0.01572772 ... 0.         0.         0.        ]
 [0.9883435  0.9921968  0.18566823 ... 0.         0.         0.        ]]; 1382
2024-12-19 11:30:03,719 - 11:30:02.820; 94; 0; 751504; 1906911195996400; 1734604202820862500; 697808071; 1734604203658156200; None; None; [[0.04020798 0.0538734  0.4966591  ... 0.         0.         0.        ]
 [0.04829465 0.03988869 0.35389438 ... 0.         0.         0.        ]
 [0.04906813 0.04189046 0.76354    ... 0.         0.         0.        ]
 ...
 [0.95570725 0.9505526  0.46947667 ... 0.         0.         0.        ]
 [0.9646956  0.96347576 0.3141001  ... 0.         0.         0.        ]
 [0.9678842  0.9662399  0.86862755 ... 0.         0.         0.        ]], [[0.01472127 0.02507995 0.03610119 ... 0.         0.         0.        ]
 [0.01701095 0.01969269 0.41007313 ... 0.         0.         0.        ]
 [0.02192506 0.01726293 0.06714806 ... 0.         0.         0.        ]
 ...
 [0.9744934  0.9762116  0.04547359 ... 0.         0.         0.        ]
 [0.97945    0.9779568  0.3695366  ... 0.         0.         0.        ]
 [0.97892284 0.9831682  0.08277131 ... 0.         0.         0.        ]], [[0.00839736 0.00525467 0.01372874 ... 0.         0.         0.        ]
 [0.00971401 0.01015925 0.01699869 ... 0.         0.         0.        ]
 [0.00966007 0.00707353 0.20932707 ... 0.         0.         0.        ]
 ...
 [0.98985445 0.99153703 0.01703041 ... 0.         0.         0.        ]
 [0.99193925 0.98798174 0.01572772 ... 0.         0.         0.        ]
 [0.9883435  0.9921968  0.18566823 ... 0.         0.         0.        ]]; 1382
2024-12-19 11:30:04,618 - 11:30:03.720; 95; 0; 751504; 1906911195996400; 1734604203720789300; 690975444; 1734604204542151400; None; None; [[0.04020798 0.0538734  0.4966591  ... 0.         0.         0.        ]
 [0.04829465 0.03988869 0.35389438 ... 0.         0.         0.        ]
 [0.04906813 0.04189046 0.76354    ... 0.         0.         0.        ]
 ...
 [0.95570725 0.9505526  0.46947667 ... 0.         0.         0.        ]
 [0.9646956  0.96347576 0.3141001  ... 0.         0.         0.        ]
 [0.9678842  0.9662399  0.86862755 ... 0.         0.         0.        ]], [[0.01472127 0.02507995 0.03610119 ... 0.         0.         0.        ]
 [0.01701095 0.01969269 0.41007313 ... 0.         0.         0.        ]
 [0.02192506 0.01726293 0.06714806 ... 0.         0.         0.        ]
 ...
 [0.9744934  0.9762116  0.04547359 ... 0.         0.         0.        ]
 [0.97945    0.9779568  0.3695366  ... 0.         0.         0.        ]
 [0.97892284 0.9831682  0.08277131 ... 0.         0.         0.        ]], [[0.00839736 0.00525467 0.01372874 ... 0.         0.         0.        ]
 [0.00971401 0.01015925 0.01699869 ... 0.         0.         0.        ]
 [0.00966007 0.00707353 0.20932707 ... 0.         0.         0.        ]
 ...
 [0.98985445 0.99153703 0.01703041 ... 0.         0.         0.        ]
 [0.99193925 0.98798174 0.01572772 ... 0.         0.         0.        ]
 [0.9883435  0.9921968  0.18566823 ... 0.         0.         0.        ]]; 1382
2024-12-19 11:30:05,786 - 11:30:04.620; 96; 0; 751504; 1906911195996400; 1734604204620744700; 704048843; 1734604205461994300; None; None; [[0.04020798 0.0538734  0.4966591  ... 0.         0.         0.        ]
 [0.04829465 0.03988869 0.35389438 ... 0.         0.         0.        ]
 [0.04906813 0.04189046 0.76354    ... 0.         0.         0.        ]
 ...
 [0.95570725 0.9505526  0.46947667 ... 0.         0.         0.        ]
 [0.9646956  0.96347576 0.3141001  ... 0.         0.         0.        ]
 [0.9678842  0.9662399  0.86862755 ... 0.         0.         0.        ]], [[0.01472127 0.02507995 0.03610119 ... 0.         0.         0.        ]
 [0.01701095 0.01969269 0.41007313 ... 0.         0.         0.        ]
 [0.02192506 0.01726293 0.06714806 ... 0.         0.         0.        ]
 ...
 [0.9744934  0.9762116  0.04547359 ... 0.         0.         0.        ]
 [0.97945    0.9779568  0.3695366  ... 0.         0.         0.        ]
 [0.97892284 0.9831682  0.08277131 ... 0.         0.         0.        ]], [[0.00839736 0.00525467 0.01372874 ... 0.         0.         0.        ]
 [0.00971401 0.01015925 0.01699869 ... 0.         0.         0.        ]
 [0.00966007 0.00707353 0.20932707 ... 0.         0.         0.        ]
 ...
 [0.98985445 0.99153703 0.01703041 ... 0.         0.         0.        ]
 [0.99193925 0.98798174 0.01572772 ... 0.         0.         0.        ]
 [0.9883435  0.9921968  0.18566823 ... 0.         0.         0.        ]]; 1382
2024-12-19 11:30:06,814 - 11:30:05.786; 97; 0; 751504; 1906911195996400; 1734604205786523600; 696870780; 1734604206622809200; None; None; [[0.04020798 0.0538734  0.4966591  ... 0.         0.         0.        ]
 [0.04829465 0.03988869 0.35389438 ... 0.         0.         0.        ]
 [0.04906813 0.04189046 0.76354    ... 0.         0.         0.        ]
 ...
 [0.95570725 0.9505526  0.46947667 ... 0.         0.         0.        ]
 [0.9646956  0.96347576 0.3141001  ... 0.         0.         0.        ]
 [0.9678842  0.9662399  0.86862755 ... 0.         0.         0.        ]], [[0.01472127 0.02507995 0.03610119 ... 0.         0.         0.        ]
 [0.01701095 0.01969269 0.41007313 ... 0.         0.         0.        ]
 [0.02192506 0.01726293 0.06714806 ... 0.         0.         0.        ]
 ...
 [0.9744934  0.9762116  0.04547359 ... 0.         0.         0.        ]
 [0.97945    0.9779568  0.3695366  ... 0.         0.         0.        ]
 [0.97892284 0.9831682  0.08277131 ... 0.         0.         0.        ]], [[0.00839736 0.00525467 0.01372874 ... 0.         0.         0.        ]
 [0.00971401 0.01015925 0.01699869 ... 0.         0.         0.        ]
 [0.00966007 0.00707353 0.20932707 ... 0.         0.         0.        ]
 ...
 [0.98985445 0.99153703 0.01703041 ... 0.         0.         0.        ]
 [0.99193925 0.98798174 0.01572772 ... 0.         0.         0.        ]
 [0.9883435  0.9921968  0.18566823 ... 0.         0.         0.        ]]; 1382
2024-12-19 11:30:07,712 - 11:30:06.816; 98; 0; 751504; 1906911195996400; 1734604206816429000; 702719148; 1734604207643288300; None; None; [[0.04020798 0.0538734  0.4966591  ... 0.         0.         0.        ]
 [0.04829465 0.03988869 0.35389438 ... 0.         0.         0.        ]
 [0.04906813 0.04189046 0.76354    ... 0.         0.         0.        ]
 ...
 [0.95570725 0.9505526  0.46947667 ... 0.         0.         0.        ]
 [0.9646956  0.96347576 0.3141001  ... 0.         0.         0.        ]
 [0.9678842  0.9662399  0.86862755 ... 0.         0.         0.        ]], [[0.01472127 0.02507995 0.03610119 ... 0.         0.         0.        ]
 [0.01701095 0.01969269 0.41007313 ... 0.         0.         0.        ]
 [0.02192506 0.01726293 0.06714806 ... 0.         0.         0.        ]
 ...
 [0.9744934  0.9762116  0.04547359 ... 0.         0.         0.        ]
 [0.97945    0.9779568  0.3695366  ... 0.         0.         0.        ]
 [0.97892284 0.9831682  0.08277131 ... 0.         0.         0.        ]], [[0.00839736 0.00525467 0.01372874 ... 0.         0.         0.        ]
 [0.00971401 0.01015925 0.01699869 ... 0.         0.         0.        ]
 [0.00966007 0.00707353 0.20932707 ... 0.         0.         0.        ]
 ...
 [0.98985445 0.99153703 0.01703041 ... 0.         0.         0.        ]
 [0.99193925 0.98798174 0.01572772 ... 0.         0.         0.        ]
 [0.9883435  0.9921968  0.18566823 ... 0.         0.         0.        ]]; 1382
2024-12-19 11:30:08,653 - 11:30:07.714; 99; 0; 751504; 1906911195996400; 1734604207714909600; 736261920; 1734604208575803100; None; None; [[0.04020798 0.0538734  0.4966591  ... 0.         0.         0.        ]
 [0.04829465 0.03988869 0.35389438 ... 0.         0.         0.        ]
 [0.04906813 0.04189046 0.76354    ... 0.         0.         0.        ]
 ...
 [0.95570725 0.9505526  0.46947667 ... 0.         0.         0.        ]
 [0.9646956  0.96347576 0.3141001  ... 0.         0.         0.        ]
 [0.9678842  0.9662399  0.86862755 ... 0.         0.         0.        ]], [[0.01472127 0.02507995 0.03610119 ... 0.         0.         0.        ]
 [0.01701095 0.01969269 0.41007313 ... 0.         0.         0.        ]
 [0.02192506 0.01726293 0.06714806 ... 0.         0.         0.        ]
 ...
 [0.9744934  0.9762116  0.04547359 ... 0.         0.         0.        ]
 [0.97945    0.9779568  0.3695366  ... 0.         0.         0.        ]
 [0.97892284 0.9831682  0.08277131 ... 0.         0.         0.        ]], [[0.00839736 0.00525467 0.01372874 ... 0.         0.         0.        ]
 [0.00971401 0.01015925 0.01699869 ... 0.         0.         0.        ]
 [0.00966007 0.00707353 0.20932707 ... 0.         0.         0.        ]
 ...
 [0.98985445 0.99153703 0.01703041 ... 0.         0.         0.        ]
 [0.99193925 0.98798174 0.01572772 ... 0.         0.         0.        ]
 [0.9883435  0.9921968  0.18566823 ... 0.         0.         0.        ]]; 1382
2024-12-19 11:30:09,821 - 11:30:08.654; 100; 0; 751504; 1906911195996400; 1734604208654904200; 730496416; 1734604209521434800; None; None; [[0.04020798 0.0538734  0.4966591  ... 0.         0.         0.        ]
 [0.04829465 0.03988869 0.35389438 ... 0.         0.         0.        ]
 [0.04906813 0.04189046 0.76354    ... 0.         0.         0.        ]
 ...
 [0.95570725 0.9505526  0.46947667 ... 0.         0.         0.        ]
 [0.9646956  0.96347576 0.3141001  ... 0.         0.         0.        ]
 [0.9678842  0.9662399  0.86862755 ... 0.         0.         0.        ]], [[0.01472127 0.02507995 0.03610119 ... 0.         0.         0.        ]
 [0.01701095 0.01969269 0.41007313 ... 0.         0.         0.        ]
 [0.02192506 0.01726293 0.06714806 ... 0.         0.         0.        ]
 ...
 [0.9744934  0.9762116  0.04547359 ... 0.         0.         0.        ]
 [0.97945    0.9779568  0.3695366  ... 0.         0.         0.        ]
 [0.97892284 0.9831682  0.08277131 ... 0.         0.         0.        ]], [[0.00839736 0.00525467 0.01372874 ... 0.         0.         0.        ]
 [0.00971401 0.01015925 0.01699869 ... 0.         0.         0.        ]
 [0.00966007 0.00707353 0.20932707 ... 0.         0.         0.        ]
 ...
 [0.98985445 0.99153703 0.01703041 ... 0.         0.         0.        ]
 [0.99193925 0.98798174 0.01572772 ... 0.         0.         0.        ]
 [0.9883435  0.9921968  0.18566823 ... 0.         0.         0.        ]]; 1382
2024-12-19 16:41:44,904 - 16:41:40.954; 0; 0; 751504; 1925697165621800; 1734622900954282800; 2623996649; 1734622904816374600; None; None; [[0.04020798 0.0538734  0.4966591  ... 0.         0.         0.        ]
 [0.04829465 0.03988869 0.35389438 ... 0.         0.         0.        ]
 [0.04906813 0.04189046 0.76354    ... 0.         0.         0.        ]
 ...
 [0.95570725 0.9505526  0.46947667 ... 0.         0.         0.        ]
 [0.9646956  0.96347576 0.3141001  ... 0.         0.         0.        ]
 [0.9678842  0.9662399  0.86862755 ... 0.         0.         0.        ]], [[0.01472127 0.02507995 0.03610119 ... 0.         0.         0.        ]
 [0.01701095 0.01969269 0.41007313 ... 0.         0.         0.        ]
 [0.02192506 0.01726293 0.06714806 ... 0.         0.         0.        ]
 ...
 [0.9744934  0.9762116  0.04547359 ... 0.         0.         0.        ]
 [0.97945    0.9779568  0.3695366  ... 0.         0.         0.        ]
 [0.97892284 0.9831682  0.08277131 ... 0.         0.         0.        ]], [[0.00839736 0.00525467 0.01372874 ... 0.         0.         0.        ]
 [0.00971401 0.01015925 0.01699869 ... 0.         0.         0.        ]
 [0.00966007 0.00707353 0.20932707 ... 0.         0.         0.        ]
 ...
 [0.98985445 0.99153703 0.01703041 ... 0.         0.         0.        ]
 [0.99193925 0.98798174 0.01572772 ... 0.         0.         0.        ]
 [0.9883435  0.9921968  0.18566823 ... 0.         0.         0.        ]]; 1382
2024-12-19 16:41:45,791 - 16:41:44.906; 1; 0; 751504; 1925697165621800; 1734622904906629800; 693382839; 1734622905735274800; None; None; [[0.04020798 0.0538734  0.4966591  ... 0.         0.         0.        ]
 [0.04829465 0.03988869 0.35389438 ... 0.         0.         0.        ]
 [0.04906813 0.04189046 0.76354    ... 0.         0.         0.        ]
 ...
 [0.95570725 0.9505526  0.46947667 ... 0.         0.         0.        ]
 [0.9646956  0.96347576 0.3141001  ... 0.         0.         0.        ]
 [0.9678842  0.9662399  0.86862755 ... 0.         0.         0.        ]], [[0.01472127 0.02507995 0.03610119 ... 0.         0.         0.        ]
 [0.01701095 0.01969269 0.41007313 ... 0.         0.         0.        ]
 [0.02192506 0.01726293 0.06714806 ... 0.         0.         0.        ]
 ...
 [0.9744934  0.9762116  0.04547359 ... 0.         0.         0.        ]
 [0.97945    0.9779568  0.3695366  ... 0.         0.         0.        ]
 [0.97892284 0.9831682  0.08277131 ... 0.         0.         0.        ]], [[0.00839736 0.00525467 0.01372874 ... 0.         0.         0.        ]
 [0.00971401 0.01015925 0.01699869 ... 0.         0.         0.        ]
 [0.00966007 0.00707353 0.20932707 ... 0.         0.         0.        ]
 ...
 [0.98985445 0.99153703 0.01703041 ... 0.         0.         0.        ]
 [0.99193925 0.98798174 0.01572772 ... 0.         0.         0.        ]
 [0.9883435  0.9921968  0.18566823 ... 0.         0.         0.        ]]; 1382
2024-12-19 16:41:46,679 - 16:41:45.791; 2; 0; 751504; 1925697165621800; 1734622905792241600; 680624827; 1734622906610083500; None; None; [[0.04020798 0.0538734  0.4966591  ... 0.         0.         0.        ]
 [0.04829465 0.03988869 0.35389438 ... 0.         0.         0.        ]
 [0.04906813 0.04189046 0.76354    ... 0.         0.         0.        ]
 ...
 [0.95570725 0.9505526  0.46947667 ... 0.         0.         0.        ]
 [0.9646956  0.96347576 0.3141001  ... 0.         0.         0.        ]
 [0.9678842  0.9662399  0.86862755 ... 0.         0.         0.        ]], [[0.01472127 0.02507995 0.03610119 ... 0.         0.         0.        ]
 [0.01701095 0.01969269 0.41007313 ... 0.         0.         0.        ]
 [0.02192506 0.01726293 0.06714806 ... 0.         0.         0.        ]
 ...
 [0.9744934  0.9762116  0.04547359 ... 0.         0.         0.        ]
 [0.97945    0.9779568  0.3695366  ... 0.         0.         0.        ]
 [0.97892284 0.9831682  0.08277131 ... 0.         0.         0.        ]], [[0.00839736 0.00525467 0.01372874 ... 0.         0.         0.        ]
 [0.00971401 0.01015925 0.01699869 ... 0.         0.         0.        ]
 [0.00966007 0.00707353 0.20932707 ... 0.         0.         0.        ]
 ...
 [0.98985445 0.99153703 0.01703041 ... 0.         0.         0.        ]
 [0.99193925 0.98798174 0.01572772 ... 0.         0.         0.        ]
 [0.9883435  0.9921968  0.18566823 ... 0.         0.         0.        ]]; 1382
2024-12-19 16:41:47,585 - 16:41:46.679; 3; 0; 751504; 1925697165621800; 1734622906679182000; 672576203; 1734622907478404700; None; None; [[0.04020798 0.0538734  0.4966591  ... 0.         0.         0.        ]
 [0.04829465 0.03988869 0.35389438 ... 0.         0.         0.        ]
 [0.04906813 0.04189046 0.76354    ... 0.         0.         0.        ]
 ...
 [0.95570725 0.9505526  0.46947667 ... 0.         0.         0.        ]
 [0.9646956  0.96347576 0.3141001  ... 0.         0.         0.        ]
 [0.9678842  0.9662399  0.86862755 ... 0.         0.         0.        ]], [[0.01472127 0.02507995 0.03610119 ... 0.         0.         0.        ]
 [0.01701095 0.01969269 0.41007313 ... 0.         0.         0.        ]
 [0.02192506 0.01726293 0.06714806 ... 0.         0.         0.        ]
 ...
 [0.9744934  0.9762116  0.04547359 ... 0.         0.         0.        ]
 [0.97945    0.9779568  0.3695366  ... 0.         0.         0.        ]
 [0.97892284 0.9831682  0.08277131 ... 0.         0.         0.        ]], [[0.00839736 0.00525467 0.01372874 ... 0.         0.         0.        ]
 [0.00971401 0.01015925 0.01699869 ... 0.         0.         0.        ]
 [0.00966007 0.00707353 0.20932707 ... 0.         0.         0.        ]
 ...
 [0.98985445 0.99153703 0.01703041 ... 0.         0.         0.        ]
 [0.99193925 0.98798174 0.01572772 ... 0.         0.         0.        ]
 [0.9883435  0.9921968  0.18566823 ... 0.         0.         0.        ]]; 1382
2024-12-19 16:41:48,473 - 16:41:47.585; 4; 0; 751504; 1925697165621800; 1734622907585732800; 682032897; 1734622908401695000; None; None; [[0.04020798 0.0538734  0.4966591  ... 0.         0.         0.        ]
 [0.04829465 0.03988869 0.35389438 ... 0.         0.         0.        ]
 [0.04906813 0.04189046 0.76354    ... 0.         0.         0.        ]
 ...
 [0.95570725 0.9505526  0.46947667 ... 0.         0.         0.        ]
 [0.9646956  0.96347576 0.3141001  ... 0.         0.         0.        ]
 [0.9678842  0.9662399  0.86862755 ... 0.         0.         0.        ]], [[0.01472127 0.02507995 0.03610119 ... 0.         0.         0.        ]
 [0.01701095 0.01969269 0.41007313 ... 0.         0.         0.        ]
 [0.02192506 0.01726293 0.06714806 ... 0.         0.         0.        ]
 ...
 [0.9744934  0.9762116  0.04547359 ... 0.         0.         0.        ]
 [0.97945    0.9779568  0.3695366  ... 0.         0.         0.        ]
 [0.97892284 0.9831682  0.08277131 ... 0.         0.         0.        ]], [[0.00839736 0.00525467 0.01372874 ... 0.         0.         0.        ]
 [0.00971401 0.01015925 0.01699869 ... 0.         0.         0.        ]
 [0.00966007 0.00707353 0.20932707 ... 0.         0.         0.        ]
 ...
 [0.98985445 0.99153703 0.01703041 ... 0.         0.         0.        ]
 [0.99193925 0.98798174 0.01572772 ... 0.         0.         0.        ]
 [0.9883435  0.9921968  0.18566823 ... 0.         0.         0.        ]]; 1382
2024-12-19 16:41:49,355 - 16:41:48.473; 5; 0; 751504; 1925697165621800; 1734622908473349900; 693195398; 1734622909296516800; None; None; [[0.04020798 0.0538734  0.4966591  ... 0.         0.         0.        ]
 [0.04829465 0.03988869 0.35389438 ... 0.         0.         0.        ]
 [0.04906813 0.04189046 0.76354    ... 0.         0.         0.        ]
 ...
 [0.95570725 0.9505526  0.46947667 ... 0.         0.         0.        ]
 [0.9646956  0.96347576 0.3141001  ... 0.         0.         0.        ]
 [0.9678842  0.9662399  0.86862755 ... 0.         0.         0.        ]], [[0.01472127 0.02507995 0.03610119 ... 0.         0.         0.        ]
 [0.01701095 0.01969269 0.41007313 ... 0.         0.         0.        ]
 [0.02192506 0.01726293 0.06714806 ... 0.         0.         0.        ]
 ...
 [0.9744934  0.9762116  0.04547359 ... 0.         0.         0.        ]
 [0.97945    0.9779568  0.3695366  ... 0.         0.         0.        ]
 [0.97892284 0.9831682  0.08277131 ... 0.         0.         0.        ]], [[0.00839736 0.00525467 0.01372874 ... 0.         0.         0.        ]
 [0.00971401 0.01015925 0.01699869 ... 0.         0.         0.        ]
 [0.00966007 0.00707353 0.20932707 ... 0.         0.         0.        ]
 ...
 [0.98985445 0.99153703 0.01703041 ... 0.         0.         0.        ]
 [0.99193925 0.98798174 0.01572772 ... 0.         0.         0.        ]
 [0.9883435  0.9921968  0.18566823 ... 0.         0.         0.        ]]; 1382
2024-12-19 16:41:50,227 - 16:41:49.356; 6; 0; 751504; 1925697165621800; 1734622909356871700; 674622032; 1734622910164118700; None; None; [[0.04020798 0.0538734  0.4966591  ... 0.         0.         0.        ]
 [0.04829465 0.03988869 0.35389438 ... 0.         0.         0.        ]
 [0.04906813 0.04189046 0.76354    ... 0.         0.         0.        ]
 ...
 [0.95570725 0.9505526  0.46947667 ... 0.         0.         0.        ]
 [0.9646956  0.96347576 0.3141001  ... 0.         0.         0.        ]
 [0.9678842  0.9662399  0.86862755 ... 0.         0.         0.        ]], [[0.01472127 0.02507995 0.03610119 ... 0.         0.         0.        ]
 [0.01701095 0.01969269 0.41007313 ... 0.         0.         0.        ]
 [0.02192506 0.01726293 0.06714806 ... 0.         0.         0.        ]
 ...
 [0.9744934  0.9762116  0.04547359 ... 0.         0.         0.        ]
 [0.97945    0.9779568  0.3695366  ... 0.         0.         0.        ]
 [0.97892284 0.9831682  0.08277131 ... 0.         0.         0.        ]], [[0.00839736 0.00525467 0.01372874 ... 0.         0.         0.        ]
 [0.00971401 0.01015925 0.01699869 ... 0.         0.         0.        ]
 [0.00966007 0.00707353 0.20932707 ... 0.         0.         0.        ]
 ...
 [0.98985445 0.99153703 0.01703041 ... 0.         0.         0.        ]
 [0.99193925 0.98798174 0.01572772 ... 0.         0.         0.        ]
 [0.9883435  0.9921968  0.18566823 ... 0.         0.         0.        ]]; 1382
2024-12-19 16:41:51,126 - 16:41:50.228; 7; 0; 751504; 1925697165621800; 1734622910228968700; 685445577; 1734622911052352400; None; None; [[0.04020798 0.0538734  0.4966591  ... 0.         0.         0.        ]
 [0.04829465 0.03988869 0.35389438 ... 0.         0.         0.        ]
 [0.04906813 0.04189046 0.76354    ... 0.         0.         0.        ]
 ...
 [0.95570725 0.9505526  0.46947667 ... 0.         0.         0.        ]
 [0.9646956  0.96347576 0.3141001  ... 0.         0.         0.        ]
 [0.9678842  0.9662399  0.86862755 ... 0.         0.         0.        ]], [[0.01472127 0.02507995 0.03610119 ... 0.         0.         0.        ]
 [0.01701095 0.01969269 0.41007313 ... 0.         0.         0.        ]
 [0.02192506 0.01726293 0.06714806 ... 0.         0.         0.        ]
 ...
 [0.9744934  0.9762116  0.04547359 ... 0.         0.         0.        ]
 [0.97945    0.9779568  0.3695366  ... 0.         0.         0.        ]
 [0.97892284 0.9831682  0.08277131 ... 0.         0.         0.        ]], [[0.00839736 0.00525467 0.01372874 ... 0.         0.         0.        ]
 [0.00971401 0.01015925 0.01699869 ... 0.         0.         0.        ]
 [0.00966007 0.00707353 0.20932707 ... 0.         0.         0.        ]
 ...
 [0.98985445 0.99153703 0.01703041 ... 0.         0.         0.        ]
 [0.99193925 0.98798174 0.01572772 ... 0.         0.         0.        ]
 [0.9883435  0.9921968  0.18566823 ... 0.         0.         0.        ]]; 1382
2024-12-19 16:41:51,994 - 16:41:51.128; 8; 0; 751504; 1925697165621800; 1734622911128996100; 672547691; 1734622911933692400; None; None; [[0.04020798 0.0538734  0.4966591  ... 0.         0.         0.        ]
 [0.04829465 0.03988869 0.35389438 ... 0.         0.         0.        ]
 [0.04906813 0.04189046 0.76354    ... 0.         0.         0.        ]
 ...
 [0.95570725 0.9505526  0.46947667 ... 0.         0.         0.        ]
 [0.9646956  0.96347576 0.3141001  ... 0.         0.         0.        ]
 [0.9678842  0.9662399  0.86862755 ... 0.         0.         0.        ]], [[0.01472127 0.02507995 0.03610119 ... 0.         0.         0.        ]
 [0.01701095 0.01969269 0.41007313 ... 0.         0.         0.        ]
 [0.02192506 0.01726293 0.06714806 ... 0.         0.         0.        ]
 ...
 [0.9744934  0.9762116  0.04547359 ... 0.         0.         0.        ]
 [0.97945    0.9779568  0.3695366  ... 0.         0.         0.        ]
 [0.97892284 0.9831682  0.08277131 ... 0.         0.         0.        ]], [[0.00839736 0.00525467 0.01372874 ... 0.         0.         0.        ]
 [0.00971401 0.01015925 0.01699869 ... 0.         0.         0.        ]
 [0.00966007 0.00707353 0.20932707 ... 0.         0.         0.        ]
 ...
 [0.98985445 0.99153703 0.01703041 ... 0.         0.         0.        ]
 [0.99193925 0.98798174 0.01572772 ... 0.         0.         0.        ]
 [0.9883435  0.9921968  0.18566823 ... 0.         0.         0.        ]]; 1382
2024-12-19 16:41:52,880 - 16:41:51.996; 9; 0; 751504; 1925697165621800; 1734622911996020300; 682564769; 1734622912815821500; None; None; [[0.04020798 0.0538734  0.4966591  ... 0.         0.         0.        ]
 [0.04829465 0.03988869 0.35389438 ... 0.         0.         0.        ]
 [0.04906813 0.04189046 0.76354    ... 0.         0.         0.        ]
 ...
 [0.95570725 0.9505526  0.46947667 ... 0.         0.         0.        ]
 [0.9646956  0.96347576 0.3141001  ... 0.         0.         0.        ]
 [0.9678842  0.9662399  0.86862755 ... 0.         0.         0.        ]], [[0.01472127 0.02507995 0.03610119 ... 0.         0.         0.        ]
 [0.01701095 0.01969269 0.41007313 ... 0.         0.         0.        ]
 [0.02192506 0.01726293 0.06714806 ... 0.         0.         0.        ]
 ...
 [0.9744934  0.9762116  0.04547359 ... 0.         0.         0.        ]
 [0.97945    0.9779568  0.3695366  ... 0.         0.         0.        ]
 [0.97892284 0.9831682  0.08277131 ... 0.         0.         0.        ]], [[0.00839736 0.00525467 0.01372874 ... 0.         0.         0.        ]
 [0.00971401 0.01015925 0.01699869 ... 0.         0.         0.        ]
 [0.00966007 0.00707353 0.20932707 ... 0.         0.         0.        ]
 ...
 [0.98985445 0.99153703 0.01703041 ... 0.         0.         0.        ]
 [0.99193925 0.98798174 0.01572772 ... 0.         0.         0.        ]
 [0.9883435  0.9921968  0.18566823 ... 0.         0.         0.        ]]; 1382
2024-12-19 16:41:53,804 - 16:41:52.880; 10; 0; 751504; 1925697165621800; 1734622912880188900; 690182948; 1734622913703811200; None; None; [[0.04020798 0.0538734  0.4966591  ... 0.         0.         0.        ]
 [0.04829465 0.03988869 0.35389438 ... 0.         0.         0.        ]
 [0.04906813 0.04189046 0.76354    ... 0.         0.         0.        ]
 ...
 [0.95570725 0.9505526  0.46947667 ... 0.         0.         0.        ]
 [0.9646956  0.96347576 0.3141001  ... 0.         0.         0.        ]
 [0.9678842  0.9662399  0.86862755 ... 0.         0.         0.        ]], [[0.01472127 0.02507995 0.03610119 ... 0.         0.         0.        ]
 [0.01701095 0.01969269 0.41007313 ... 0.         0.         0.        ]
 [0.02192506 0.01726293 0.06714806 ... 0.         0.         0.        ]
 ...
 [0.9744934  0.9762116  0.04547359 ... 0.         0.         0.        ]
 [0.97945    0.9779568  0.3695366  ... 0.         0.         0.        ]
 [0.97892284 0.9831682  0.08277131 ... 0.         0.         0.        ]], [[0.00839736 0.00525467 0.01372874 ... 0.         0.         0.        ]
 [0.00971401 0.01015925 0.01699869 ... 0.         0.         0.        ]
 [0.00966007 0.00707353 0.20932707 ... 0.         0.         0.        ]
 ...
 [0.98985445 0.99153703 0.01703041 ... 0.         0.         0.        ]
 [0.99193925 0.98798174 0.01572772 ... 0.         0.         0.        ]
 [0.9883435  0.9921968  0.18566823 ... 0.         0.         0.        ]]; 1382
2024-12-19 16:41:54,671 - 16:41:53.805; 11; 0; 751504; 1925697165621800; 1734622913805837800; 676145972; 1734622914609822300; None; None; [[0.04020798 0.0538734  0.4966591  ... 0.         0.         0.        ]
 [0.04829465 0.03988869 0.35389438 ... 0.         0.         0.        ]
 [0.04906813 0.04189046 0.76354    ... 0.         0.         0.        ]
 ...
 [0.95570725 0.9505526  0.46947667 ... 0.         0.         0.        ]
 [0.9646956  0.96347576 0.3141001  ... 0.         0.         0.        ]
 [0.9678842  0.9662399  0.86862755 ... 0.         0.         0.        ]], [[0.01472127 0.02507995 0.03610119 ... 0.         0.         0.        ]
 [0.01701095 0.01969269 0.41007313 ... 0.         0.         0.        ]
 [0.02192506 0.01726293 0.06714806 ... 0.         0.         0.        ]
 ...
 [0.9744934  0.9762116  0.04547359 ... 0.         0.         0.        ]
 [0.97945    0.9779568  0.3695366  ... 0.         0.         0.        ]
 [0.97892284 0.9831682  0.08277131 ... 0.         0.         0.        ]], [[0.00839736 0.00525467 0.01372874 ... 0.         0.         0.        ]
 [0.00971401 0.01015925 0.01699869 ... 0.         0.         0.        ]
 [0.00966007 0.00707353 0.20932707 ... 0.         0.         0.        ]
 ...
 [0.98985445 0.99153703 0.01703041 ... 0.         0.         0.        ]
 [0.99193925 0.98798174 0.01572772 ... 0.         0.         0.        ]
 [0.9883435  0.9921968  0.18566823 ... 0.         0.         0.        ]]; 1382
2024-12-19 16:41:55,562 - 16:41:54.672; 12; 0; 751504; 1925697165621800; 1734622914672881700; 681279465; 1734622915491086900; None; None; [[0.04020798 0.0538734  0.4966591  ... 0.         0.         0.        ]
 [0.04829465 0.03988869 0.35389438 ... 0.         0.         0.        ]
 [0.04906813 0.04189046 0.76354    ... 0.         0.         0.        ]
 ...
 [0.95570725 0.9505526  0.46947667 ... 0.         0.         0.        ]
 [0.9646956  0.96347576 0.3141001  ... 0.         0.         0.        ]
 [0.9678842  0.9662399  0.86862755 ... 0.         0.         0.        ]], [[0.01472127 0.02507995 0.03610119 ... 0.         0.         0.        ]
 [0.01701095 0.01969269 0.41007313 ... 0.         0.         0.        ]
 [0.02192506 0.01726293 0.06714806 ... 0.         0.         0.        ]
 ...
 [0.9744934  0.9762116  0.04547359 ... 0.         0.         0.        ]
 [0.97945    0.9779568  0.3695366  ... 0.         0.         0.        ]
 [0.97892284 0.9831682  0.08277131 ... 0.         0.         0.        ]], [[0.00839736 0.00525467 0.01372874 ... 0.         0.         0.        ]
 [0.00971401 0.01015925 0.01699869 ... 0.         0.         0.        ]
 [0.00966007 0.00707353 0.20932707 ... 0.         0.         0.        ]
 ...
 [0.98985445 0.99153703 0.01703041 ... 0.         0.         0.        ]
 [0.99193925 0.98798174 0.01572772 ... 0.         0.         0.        ]
 [0.9883435  0.9921968  0.18566823 ... 0.         0.         0.        ]]; 1382
2024-12-19 16:41:56,442 - 16:41:55.562; 13; 0; 751504; 1925697165621800; 1734622915562880400; 678851589; 1734622916370254200; None; None; [[0.04020798 0.0538734  0.4966591  ... 0.         0.         0.        ]
 [0.04829465 0.03988869 0.35389438 ... 0.         0.         0.        ]
 [0.04906813 0.04189046 0.76354    ... 0.         0.         0.        ]
 ...
 [0.95570725 0.9505526  0.46947667 ... 0.         0.         0.        ]
 [0.9646956  0.96347576 0.3141001  ... 0.         0.         0.        ]
 [0.9678842  0.9662399  0.86862755 ... 0.         0.         0.        ]], [[0.01472127 0.02507995 0.03610119 ... 0.         0.         0.        ]
 [0.01701095 0.01969269 0.41007313 ... 0.         0.         0.        ]
 [0.02192506 0.01726293 0.06714806 ... 0.         0.         0.        ]
 ...
 [0.9744934  0.9762116  0.04547359 ... 0.         0.         0.        ]
 [0.97945    0.9779568  0.3695366  ... 0.         0.         0.        ]
 [0.97892284 0.9831682  0.08277131 ... 0.         0.         0.        ]], [[0.00839736 0.00525467 0.01372874 ... 0.         0.         0.        ]
 [0.00971401 0.01015925 0.01699869 ... 0.         0.         0.        ]
 [0.00966007 0.00707353 0.20932707 ... 0.         0.         0.        ]
 ...
 [0.98985445 0.99153703 0.01703041 ... 0.         0.         0.        ]
 [0.99193925 0.98798174 0.01572772 ... 0.         0.         0.        ]
 [0.9883435  0.9921968  0.18566823 ... 0.         0.         0.        ]]; 1382
2024-12-19 16:41:57,323 - 16:41:56.443; 14; 0; 751504; 1925697165621800; 1734622916443932300; 680079714; 1734622917253637000; None; None; [[0.04020798 0.0538734  0.4966591  ... 0.         0.         0.        ]
 [0.04829465 0.03988869 0.35389438 ... 0.         0.         0.        ]
 [0.04906813 0.04189046 0.76354    ... 0.         0.         0.        ]
 ...
 [0.95570725 0.9505526  0.46947667 ... 0.         0.         0.        ]
 [0.9646956  0.96347576 0.3141001  ... 0.         0.         0.        ]
 [0.9678842  0.9662399  0.86862755 ... 0.         0.         0.        ]], [[0.01472127 0.02507995 0.03610119 ... 0.         0.         0.        ]
 [0.01701095 0.01969269 0.41007313 ... 0.         0.         0.        ]
 [0.02192506 0.01726293 0.06714806 ... 0.         0.         0.        ]
 ...
 [0.9744934  0.9762116  0.04547359 ... 0.         0.         0.        ]
 [0.97945    0.9779568  0.3695366  ... 0.         0.         0.        ]
 [0.97892284 0.9831682  0.08277131 ... 0.         0.         0.        ]], [[0.00839736 0.00525467 0.01372874 ... 0.         0.         0.        ]
 [0.00971401 0.01015925 0.01699869 ... 0.         0.         0.        ]
 [0.00966007 0.00707353 0.20932707 ... 0.         0.         0.        ]
 ...
 [0.98985445 0.99153703 0.01703041 ... 0.         0.         0.        ]
 [0.99193925 0.98798174 0.01572772 ... 0.         0.         0.        ]
 [0.9883435  0.9921968  0.18566823 ... 0.         0.         0.        ]]; 1382
2024-12-19 16:41:58,184 - 16:41:57.324; 15; 0; 751504; 1925697165621800; 1734622917324510600; 672216132; 1734622918122157300; None; None; [[0.04020798 0.0538734  0.4966591  ... 0.         0.         0.        ]
 [0.04829465 0.03988869 0.35389438 ... 0.         0.         0.        ]
 [0.04906813 0.04189046 0.76354    ... 0.         0.         0.        ]
 ...
 [0.95570725 0.9505526  0.46947667 ... 0.         0.         0.        ]
 [0.9646956  0.96347576 0.3141001  ... 0.         0.         0.        ]
 [0.9678842  0.9662399  0.86862755 ... 0.         0.         0.        ]], [[0.01472127 0.02507995 0.03610119 ... 0.         0.         0.        ]
 [0.01701095 0.01969269 0.41007313 ... 0.         0.         0.        ]
 [0.02192506 0.01726293 0.06714806 ... 0.         0.         0.        ]
 ...
 [0.9744934  0.9762116  0.04547359 ... 0.         0.         0.        ]
 [0.97945    0.9779568  0.3695366  ... 0.         0.         0.        ]
 [0.97892284 0.9831682  0.08277131 ... 0.         0.         0.        ]], [[0.00839736 0.00525467 0.01372874 ... 0.         0.         0.        ]
 [0.00971401 0.01015925 0.01699869 ... 0.         0.         0.        ]
 [0.00966007 0.00707353 0.20932707 ... 0.         0.         0.        ]
 ...
 [0.98985445 0.99153703 0.01703041 ... 0.         0.         0.        ]
 [0.99193925 0.98798174 0.01572772 ... 0.         0.         0.        ]
 [0.9883435  0.9921968  0.18566823 ... 0.         0.         0.        ]]; 1382
2024-12-19 16:41:59,051 - 16:41:58.185; 16; 0; 751504; 1925697165621800; 1734622918185875400; 671750645; 1734622918993882900; None; None; [[0.04020798 0.0538734  0.4966591  ... 0.         0.         0.        ]
 [0.04829465 0.03988869 0.35389438 ... 0.         0.         0.        ]
 [0.04906813 0.04189046 0.76354    ... 0.         0.         0.        ]
 ...
 [0.95570725 0.9505526  0.46947667 ... 0.         0.         0.        ]
 [0.9646956  0.96347576 0.3141001  ... 0.         0.         0.        ]
 [0.9678842  0.9662399  0.86862755 ... 0.         0.         0.        ]], [[0.01472127 0.02507995 0.03610119 ... 0.         0.         0.        ]
 [0.01701095 0.01969269 0.41007313 ... 0.         0.         0.        ]
 [0.02192506 0.01726293 0.06714806 ... 0.         0.         0.        ]
 ...
 [0.9744934  0.9762116  0.04547359 ... 0.         0.         0.        ]
 [0.97945    0.9779568  0.3695366  ... 0.         0.         0.        ]
 [0.97892284 0.9831682  0.08277131 ... 0.         0.         0.        ]], [[0.00839736 0.00525467 0.01372874 ... 0.         0.         0.        ]
 [0.00971401 0.01015925 0.01699869 ... 0.         0.         0.        ]
 [0.00966007 0.00707353 0.20932707 ... 0.         0.         0.        ]
 ...
 [0.98985445 0.99153703 0.01703041 ... 0.         0.         0.        ]
 [0.99193925 0.98798174 0.01572772 ... 0.         0.         0.        ]
 [0.9883435  0.9921968  0.18566823 ... 0.         0.         0.        ]]; 1382
2024-12-19 16:41:59,945 - 16:41:59.052; 17; 0; 751504; 1925697165621800; 1734622919052314100; 677085137; 1734622919865930800; None; None; [[0.04020798 0.0538734  0.4966591  ... 0.         0.         0.        ]
 [0.04829465 0.03988869 0.35389438 ... 0.         0.         0.        ]
 [0.04906813 0.04189046 0.76354    ... 0.         0.         0.        ]
 ...
 [0.95570725 0.9505526  0.46947667 ... 0.         0.         0.        ]
 [0.9646956  0.96347576 0.3141001  ... 0.         0.         0.        ]
 [0.9678842  0.9662399  0.86862755 ... 0.         0.         0.        ]], [[0.01472127 0.02507995 0.03610119 ... 0.         0.         0.        ]
 [0.01701095 0.01969269 0.41007313 ... 0.         0.         0.        ]
 [0.02192506 0.01726293 0.06714806 ... 0.         0.         0.        ]
 ...
 [0.9744934  0.9762116  0.04547359 ... 0.         0.         0.        ]
 [0.97945    0.9779568  0.3695366  ... 0.         0.         0.        ]
 [0.97892284 0.9831682  0.08277131 ... 0.         0.         0.        ]], [[0.00839736 0.00525467 0.01372874 ... 0.         0.         0.        ]
 [0.00971401 0.01015925 0.01699869 ... 0.         0.         0.        ]
 [0.00966007 0.00707353 0.20932707 ... 0.         0.         0.        ]
 ...
 [0.98985445 0.99153703 0.01703041 ... 0.         0.         0.        ]
 [0.99193925 0.98798174 0.01572772 ... 0.         0.         0.        ]
 [0.9883435  0.9921968  0.18566823 ... 0.         0.         0.        ]]; 1382
2024-12-19 16:42:00,828 - 16:41:59.946; 18; 0; 751504; 1925697165621800; 1734622919946694500; 680533894; 1734622920762883300; None; None; [[0.04020798 0.0538734  0.4966591  ... 0.         0.         0.        ]
 [0.04829465 0.03988869 0.35389438 ... 0.         0.         0.        ]
 [0.04906813 0.04189046 0.76354    ... 0.         0.         0.        ]
 ...
 [0.95570725 0.9505526  0.46947667 ... 0.         0.         0.        ]
 [0.9646956  0.96347576 0.3141001  ... 0.         0.         0.        ]
 [0.9678842  0.9662399  0.86862755 ... 0.         0.         0.        ]], [[0.01472127 0.02507995 0.03610119 ... 0.         0.         0.        ]
 [0.01701095 0.01969269 0.41007313 ... 0.         0.         0.        ]
 [0.02192506 0.01726293 0.06714806 ... 0.         0.         0.        ]
 ...
 [0.9744934  0.9762116  0.04547359 ... 0.         0.         0.        ]
 [0.97945    0.9779568  0.3695366  ... 0.         0.         0.        ]
 [0.97892284 0.9831682  0.08277131 ... 0.         0.         0.        ]], [[0.00839736 0.00525467 0.01372874 ... 0.         0.         0.        ]
 [0.00971401 0.01015925 0.01699869 ... 0.         0.         0.        ]
 [0.00966007 0.00707353 0.20932707 ... 0.         0.         0.        ]
 ...
 [0.98985445 0.99153703 0.01703041 ... 0.         0.         0.        ]
 [0.99193925 0.98798174 0.01572772 ... 0.         0.         0.        ]
 [0.9883435  0.9921968  0.18566823 ... 0.         0.         0.        ]]; 1382
2024-12-19 16:42:01,735 - 16:42:00.829; 19; 0; 751504; 1925697165621800; 1734622920829486600; 701023485; 1734622921659019500; None; None; [[0.04020798 0.0538734  0.4966591  ... 0.         0.         0.        ]
 [0.04829465 0.03988869 0.35389438 ... 0.         0.         0.        ]
 [0.04906813 0.04189046 0.76354    ... 0.         0.         0.        ]
 ...
 [0.95570725 0.9505526  0.46947667 ... 0.         0.         0.        ]
 [0.9646956  0.96347576 0.3141001  ... 0.         0.         0.        ]
 [0.9678842  0.9662399  0.86862755 ... 0.         0.         0.        ]], [[0.01472127 0.02507995 0.03610119 ... 0.         0.         0.        ]
 [0.01701095 0.01969269 0.41007313 ... 0.         0.         0.        ]
 [0.02192506 0.01726293 0.06714806 ... 0.         0.         0.        ]
 ...
 [0.9744934  0.9762116  0.04547359 ... 0.         0.         0.        ]
 [0.97945    0.9779568  0.3695366  ... 0.         0.         0.        ]
 [0.97892284 0.9831682  0.08277131 ... 0.         0.         0.        ]], [[0.00839736 0.00525467 0.01372874 ... 0.         0.         0.        ]
 [0.00971401 0.01015925 0.01699869 ... 0.         0.         0.        ]
 [0.00966007 0.00707353 0.20932707 ... 0.         0.         0.        ]
 ...
 [0.98985445 0.99153703 0.01703041 ... 0.         0.         0.        ]
 [0.99193925 0.98798174 0.01572772 ... 0.         0.         0.        ]
 [0.9883435  0.9921968  0.18566823 ... 0.         0.         0.        ]]; 1382
2024-12-19 16:42:02,606 - 16:42:01.735; 20; 0; 751504; 1925697165621800; 1734622921735999000; 679753371; 1734622922545097200; None; None; [[0.04020798 0.0538734  0.4966591  ... 0.         0.         0.        ]
 [0.04829465 0.03988869 0.35389438 ... 0.         0.         0.        ]
 [0.04906813 0.04189046 0.76354    ... 0.         0.         0.        ]
 ...
 [0.95570725 0.9505526  0.46947667 ... 0.         0.         0.        ]
 [0.9646956  0.96347576 0.3141001  ... 0.         0.         0.        ]
 [0.9678842  0.9662399  0.86862755 ... 0.         0.         0.        ]], [[0.01472127 0.02507995 0.03610119 ... 0.         0.         0.        ]
 [0.01701095 0.01969269 0.41007313 ... 0.         0.         0.        ]
 [0.02192506 0.01726293 0.06714806 ... 0.         0.         0.        ]
 ...
 [0.9744934  0.9762116  0.04547359 ... 0.         0.         0.        ]
 [0.97945    0.9779568  0.3695366  ... 0.         0.         0.        ]
 [0.97892284 0.9831682  0.08277131 ... 0.         0.         0.        ]], [[0.00839736 0.00525467 0.01372874 ... 0.         0.         0.        ]
 [0.00971401 0.01015925 0.01699869 ... 0.         0.         0.        ]
 [0.00966007 0.00707353 0.20932707 ... 0.         0.         0.        ]
 ...
 [0.98985445 0.99153703 0.01703041 ... 0.         0.         0.        ]
 [0.99193925 0.98798174 0.01572772 ... 0.         0.         0.        ]
 [0.9883435  0.9921968  0.18566823 ... 0.         0.         0.        ]]; 1382
2024-12-19 16:42:03,481 - 16:42:02.607; 21; 0; 751504; 1925697165621800; 1734622922607624500; 679881205; 1734622923413528500; None; None; [[0.04020798 0.0538734  0.4966591  ... 0.         0.         0.        ]
 [0.04829465 0.03988869 0.35389438 ... 0.         0.         0.        ]
 [0.04906813 0.04189046 0.76354    ... 0.         0.         0.        ]
 ...
 [0.95570725 0.9505526  0.46947667 ... 0.         0.         0.        ]
 [0.9646956  0.96347576 0.3141001  ... 0.         0.         0.        ]
 [0.9678842  0.9662399  0.86862755 ... 0.         0.         0.        ]], [[0.01472127 0.02507995 0.03610119 ... 0.         0.         0.        ]
 [0.01701095 0.01969269 0.41007313 ... 0.         0.         0.        ]
 [0.02192506 0.01726293 0.06714806 ... 0.         0.         0.        ]
 ...
 [0.9744934  0.9762116  0.04547359 ... 0.         0.         0.        ]
 [0.97945    0.9779568  0.3695366  ... 0.         0.         0.        ]
 [0.97892284 0.9831682  0.08277131 ... 0.         0.         0.        ]], [[0.00839736 0.00525467 0.01372874 ... 0.         0.         0.        ]
 [0.00971401 0.01015925 0.01699869 ... 0.         0.         0.        ]
 [0.00966007 0.00707353 0.20932707 ... 0.         0.         0.        ]
 ...
 [0.98985445 0.99153703 0.01703041 ... 0.         0.         0.        ]
 [0.99193925 0.98798174 0.01572772 ... 0.         0.         0.        ]
 [0.9883435  0.9921968  0.18566823 ... 0.         0.         0.        ]]; 1382
2024-12-19 16:42:04,355 - 16:42:03.483; 22; 0; 751504; 1925697165621800; 1734622923483254200; 675431210; 1734622924291984200; None; None; [[0.04020798 0.0538734  0.4966591  ... 0.         0.         0.        ]
 [0.04829465 0.03988869 0.35389438 ... 0.         0.         0.        ]
 [0.04906813 0.04189046 0.76354    ... 0.         0.         0.        ]
 ...
 [0.95570725 0.9505526  0.46947667 ... 0.         0.         0.        ]
 [0.9646956  0.96347576 0.3141001  ... 0.         0.         0.        ]
 [0.9678842  0.9662399  0.86862755 ... 0.         0.         0.        ]], [[0.01472127 0.02507995 0.03610119 ... 0.         0.         0.        ]
 [0.01701095 0.01969269 0.41007313 ... 0.         0.         0.        ]
 [0.02192506 0.01726293 0.06714806 ... 0.         0.         0.        ]
 ...
 [0.9744934  0.9762116  0.04547359 ... 0.         0.         0.        ]
 [0.97945    0.9779568  0.3695366  ... 0.         0.         0.        ]
 [0.97892284 0.9831682  0.08277131 ... 0.         0.         0.        ]], [[0.00839736 0.00525467 0.01372874 ... 0.         0.         0.        ]
 [0.00971401 0.01015925 0.01699869 ... 0.         0.         0.        ]
 [0.00966007 0.00707353 0.20932707 ... 0.         0.         0.        ]
 ...
 [0.98985445 0.99153703 0.01703041 ... 0.         0.         0.        ]
 [0.99193925 0.98798174 0.01572772 ... 0.         0.         0.        ]
 [0.9883435  0.9921968  0.18566823 ... 0.         0.         0.        ]]; 1382
2024-12-19 16:42:05,226 - 16:42:04.356; 23; 0; 751504; 1925697165621800; 1734622924356487200; 676619574; 1734622925162399400; None; None; [[0.04020798 0.0538734  0.4966591  ... 0.         0.         0.        ]
 [0.04829465 0.03988869 0.35389438 ... 0.         0.         0.        ]
 [0.04906813 0.04189046 0.76354    ... 0.         0.         0.        ]
 ...
 [0.95570725 0.9505526  0.46947667 ... 0.         0.         0.        ]
 [0.9646956  0.96347576 0.3141001  ... 0.         0.         0.        ]
 [0.9678842  0.9662399  0.86862755 ... 0.         0.         0.        ]], [[0.01472127 0.02507995 0.03610119 ... 0.         0.         0.        ]
 [0.01701095 0.01969269 0.41007313 ... 0.         0.         0.        ]
 [0.02192506 0.01726293 0.06714806 ... 0.         0.         0.        ]
 ...
 [0.9744934  0.9762116  0.04547359 ... 0.         0.         0.        ]
 [0.97945    0.9779568  0.3695366  ... 0.         0.         0.        ]
 [0.97892284 0.9831682  0.08277131 ... 0.         0.         0.        ]], [[0.00839736 0.00525467 0.01372874 ... 0.         0.         0.        ]
 [0.00971401 0.01015925 0.01699869 ... 0.         0.         0.        ]
 [0.00966007 0.00707353 0.20932707 ... 0.         0.         0.        ]
 ...
 [0.98985445 0.99153703 0.01703041 ... 0.         0.         0.        ]
 [0.99193925 0.98798174 0.01572772 ... 0.         0.         0.        ]
 [0.9883435  0.9921968  0.18566823 ... 0.         0.         0.        ]]; 1382
2024-12-19 16:42:06,101 - 16:42:05.227; 24; 0; 751504; 1925697165621800; 1734622925227025500; 670930815; 1734622926030614500; None; None; [[0.04020798 0.0538734  0.4966591  ... 0.         0.         0.        ]
 [0.04829465 0.03988869 0.35389438 ... 0.         0.         0.        ]
 [0.04906813 0.04189046 0.76354    ... 0.         0.         0.        ]
 ...
 [0.95570725 0.9505526  0.46947667 ... 0.         0.         0.        ]
 [0.9646956  0.96347576 0.3141001  ... 0.         0.         0.        ]
 [0.9678842  0.9662399  0.86862755 ... 0.         0.         0.        ]], [[0.01472127 0.02507995 0.03610119 ... 0.         0.         0.        ]
 [0.01701095 0.01969269 0.41007313 ... 0.         0.         0.        ]
 [0.02192506 0.01726293 0.06714806 ... 0.         0.         0.        ]
 ...
 [0.9744934  0.9762116  0.04547359 ... 0.         0.         0.        ]
 [0.97945    0.9779568  0.3695366  ... 0.         0.         0.        ]
 [0.97892284 0.9831682  0.08277131 ... 0.         0.         0.        ]], [[0.00839736 0.00525467 0.01372874 ... 0.         0.         0.        ]
 [0.00971401 0.01015925 0.01699869 ... 0.         0.         0.        ]
 [0.00966007 0.00707353 0.20932707 ... 0.         0.         0.        ]
 ...
 [0.98985445 0.99153703 0.01703041 ... 0.         0.         0.        ]
 [0.99193925 0.98798174 0.01572772 ... 0.         0.         0.        ]
 [0.9883435  0.9921968  0.18566823 ... 0.         0.         0.        ]]; 1382
2024-12-19 16:42:06,979 - 16:42:06.102; 25; 0; 751504; 1925697165621800; 1734622926102255300; 678647907; 1734622926914164400; None; None; [[0.04020798 0.0538734  0.4966591  ... 0.         0.         0.        ]
 [0.04829465 0.03988869 0.35389438 ... 0.         0.         0.        ]
 [0.04906813 0.04189046 0.76354    ... 0.         0.         0.        ]
 ...
 [0.95570725 0.9505526  0.46947667 ... 0.         0.         0.        ]
 [0.9646956  0.96347576 0.3141001  ... 0.         0.         0.        ]
 [0.9678842  0.9662399  0.86862755 ... 0.         0.         0.        ]], [[0.01472127 0.02507995 0.03610119 ... 0.         0.         0.        ]
 [0.01701095 0.01969269 0.41007313 ... 0.         0.         0.        ]
 [0.02192506 0.01726293 0.06714806 ... 0.         0.         0.        ]
 ...
 [0.9744934  0.9762116  0.04547359 ... 0.         0.         0.        ]
 [0.97945    0.9779568  0.3695366  ... 0.         0.         0.        ]
 [0.97892284 0.9831682  0.08277131 ... 0.         0.         0.        ]], [[0.00839736 0.00525467 0.01372874 ... 0.         0.         0.        ]
 [0.00971401 0.01015925 0.01699869 ... 0.         0.         0.        ]
 [0.00966007 0.00707353 0.20932707 ... 0.         0.         0.        ]
 ...
 [0.98985445 0.99153703 0.01703041 ... 0.         0.         0.        ]
 [0.99193925 0.98798174 0.01572772 ... 0.         0.         0.        ]
 [0.9883435  0.9921968  0.18566823 ... 0.         0.         0.        ]]; 1382
2024-12-19 16:42:07,853 - 16:42:06.980; 26; 0; 751504; 1925697165621800; 1734622926980096100; 676276919; 1734622927786791800; None; None; [[0.04020798 0.0538734  0.4966591  ... 0.         0.         0.        ]
 [0.04829465 0.03988869 0.35389438 ... 0.         0.         0.        ]
 [0.04906813 0.04189046 0.76354    ... 0.         0.         0.        ]
 ...
 [0.95570725 0.9505526  0.46947667 ... 0.         0.         0.        ]
 [0.9646956  0.96347576 0.3141001  ... 0.         0.         0.        ]
 [0.9678842  0.9662399  0.86862755 ... 0.         0.         0.        ]], [[0.01472127 0.02507995 0.03610119 ... 0.         0.         0.        ]
 [0.01701095 0.01969269 0.41007313 ... 0.         0.         0.        ]
 [0.02192506 0.01726293 0.06714806 ... 0.         0.         0.        ]
 ...
 [0.9744934  0.9762116  0.04547359 ... 0.         0.         0.        ]
 [0.97945    0.9779568  0.3695366  ... 0.         0.         0.        ]
 [0.97892284 0.9831682  0.08277131 ... 0.         0.         0.        ]], [[0.00839736 0.00525467 0.01372874 ... 0.         0.         0.        ]
 [0.00971401 0.01015925 0.01699869 ... 0.         0.         0.        ]
 [0.00966007 0.00707353 0.20932707 ... 0.         0.         0.        ]
 ...
 [0.98985445 0.99153703 0.01703041 ... 0.         0.         0.        ]
 [0.99193925 0.98798174 0.01572772 ... 0.         0.         0.        ]
 [0.9883435  0.9921968  0.18566823 ... 0.         0.         0.        ]]; 1382
2024-12-19 16:42:08,752 - 16:42:07.854; 27; 0; 751504; 1925697165621800; 1734622927854438400; 678298250; 1734622928668091600; None; None; [[0.04020798 0.0538734  0.4966591  ... 0.         0.         0.        ]
 [0.04829465 0.03988869 0.35389438 ... 0.         0.         0.        ]
 [0.04906813 0.04189046 0.76354    ... 0.         0.         0.        ]
 ...
 [0.95570725 0.9505526  0.46947667 ... 0.         0.         0.        ]
 [0.9646956  0.96347576 0.3141001  ... 0.         0.         0.        ]
 [0.9678842  0.9662399  0.86862755 ... 0.         0.         0.        ]], [[0.01472127 0.02507995 0.03610119 ... 0.         0.         0.        ]
 [0.01701095 0.01969269 0.41007313 ... 0.         0.         0.        ]
 [0.02192506 0.01726293 0.06714806 ... 0.         0.         0.        ]
 ...
 [0.9744934  0.9762116  0.04547359 ... 0.         0.         0.        ]
 [0.97945    0.9779568  0.3695366  ... 0.         0.         0.        ]
 [0.97892284 0.9831682  0.08277131 ... 0.         0.         0.        ]], [[0.00839736 0.00525467 0.01372874 ... 0.         0.         0.        ]
 [0.00971401 0.01015925 0.01699869 ... 0.         0.         0.        ]
 [0.00966007 0.00707353 0.20932707 ... 0.         0.         0.        ]
 ...
 [0.98985445 0.99153703 0.01703041 ... 0.         0.         0.        ]
 [0.99193925 0.98798174 0.01572772 ... 0.         0.         0.        ]
 [0.9883435  0.9921968  0.18566823 ... 0.         0.         0.        ]]; 1382
2024-12-19 16:42:09,636 - 16:42:08.753; 28; 0; 751504; 1925697165621800; 1734622928753758700; 676989286; 1734622929571273000; None; None; [[0.04020798 0.0538734  0.4966591  ... 0.         0.         0.        ]
 [0.04829465 0.03988869 0.35389438 ... 0.         0.         0.        ]
 [0.04906813 0.04189046 0.76354    ... 0.         0.         0.        ]
 ...
 [0.95570725 0.9505526  0.46947667 ... 0.         0.         0.        ]
 [0.9646956  0.96347576 0.3141001  ... 0.         0.         0.        ]
 [0.9678842  0.9662399  0.86862755 ... 0.         0.         0.        ]], [[0.01472127 0.02507995 0.03610119 ... 0.         0.         0.        ]
 [0.01701095 0.01969269 0.41007313 ... 0.         0.         0.        ]
 [0.02192506 0.01726293 0.06714806 ... 0.         0.         0.        ]
 ...
 [0.9744934  0.9762116  0.04547359 ... 0.         0.         0.        ]
 [0.97945    0.9779568  0.3695366  ... 0.         0.         0.        ]
 [0.97892284 0.9831682  0.08277131 ... 0.         0.         0.        ]], [[0.00839736 0.00525467 0.01372874 ... 0.         0.         0.        ]
 [0.00971401 0.01015925 0.01699869 ... 0.         0.         0.        ]
 [0.00966007 0.00707353 0.20932707 ... 0.         0.         0.        ]
 ...
 [0.98985445 0.99153703 0.01703041 ... 0.         0.         0.        ]
 [0.99193925 0.98798174 0.01572772 ... 0.         0.         0.        ]
 [0.9883435  0.9921968  0.18566823 ... 0.         0.         0.        ]]; 1382
2024-12-19 16:42:10,515 - 16:42:09.637; 29; 0; 751504; 1925697165621800; 1734622929637932700; 677772656; 1734622930451004200; None; None; [[0.04020798 0.0538734  0.4966591  ... 0.         0.         0.        ]
 [0.04829465 0.03988869 0.35389438 ... 0.         0.         0.        ]
 [0.04906813 0.04189046 0.76354    ... 0.         0.         0.        ]
 ...
 [0.95570725 0.9505526  0.46947667 ... 0.         0.         0.        ]
 [0.9646956  0.96347576 0.3141001  ... 0.         0.         0.        ]
 [0.9678842  0.9662399  0.86862755 ... 0.         0.         0.        ]], [[0.01472127 0.02507995 0.03610119 ... 0.         0.         0.        ]
 [0.01701095 0.01969269 0.41007313 ... 0.         0.         0.        ]
 [0.02192506 0.01726293 0.06714806 ... 0.         0.         0.        ]
 ...
 [0.9744934  0.9762116  0.04547359 ... 0.         0.         0.        ]
 [0.97945    0.9779568  0.3695366  ... 0.         0.         0.        ]
 [0.97892284 0.9831682  0.08277131 ... 0.         0.         0.        ]], [[0.00839736 0.00525467 0.01372874 ... 0.         0.         0.        ]
 [0.00971401 0.01015925 0.01699869 ... 0.         0.         0.        ]
 [0.00966007 0.00707353 0.20932707 ... 0.         0.         0.        ]
 ...
 [0.98985445 0.99153703 0.01703041 ... 0.         0.         0.        ]
 [0.99193925 0.98798174 0.01572772 ... 0.         0.         0.        ]
 [0.9883435  0.9921968  0.18566823 ... 0.         0.         0.        ]]; 1382
2024-12-19 16:42:11,380 - 16:42:10.516; 30; 0; 751504; 1925697165621800; 1734622930516558100; 674734166; 1734622931318795700; None; None; [[0.04020798 0.0538734  0.4966591  ... 0.         0.         0.        ]
 [0.04829465 0.03988869 0.35389438 ... 0.         0.         0.        ]
 [0.04906813 0.04189046 0.76354    ... 0.         0.         0.        ]
 ...
 [0.95570725 0.9505526  0.46947667 ... 0.         0.         0.        ]
 [0.9646956  0.96347576 0.3141001  ... 0.         0.         0.        ]
 [0.9678842  0.9662399  0.86862755 ... 0.         0.         0.        ]], [[0.01472127 0.02507995 0.03610119 ... 0.         0.         0.        ]
 [0.01701095 0.01969269 0.41007313 ... 0.         0.         0.        ]
 [0.02192506 0.01726293 0.06714806 ... 0.         0.         0.        ]
 ...
 [0.9744934  0.9762116  0.04547359 ... 0.         0.         0.        ]
 [0.97945    0.9779568  0.3695366  ... 0.         0.         0.        ]
 [0.97892284 0.9831682  0.08277131 ... 0.         0.         0.        ]], [[0.00839736 0.00525467 0.01372874 ... 0.         0.         0.        ]
 [0.00971401 0.01015925 0.01699869 ... 0.         0.         0.        ]
 [0.00966007 0.00707353 0.20932707 ... 0.         0.         0.        ]
 ...
 [0.98985445 0.99153703 0.01703041 ... 0.         0.         0.        ]
 [0.99193925 0.98798174 0.01572772 ... 0.         0.         0.        ]
 [0.9883435  0.9921968  0.18566823 ... 0.         0.         0.        ]]; 1382
2024-12-19 16:42:12,256 - 16:42:11.382; 31; 0; 751504; 1925697165621800; 1734622931382090200; 674040245; 1734622932187639200; None; None; [[0.04020798 0.0538734  0.4966591  ... 0.         0.         0.        ]
 [0.04829465 0.03988869 0.35389438 ... 0.         0.         0.        ]
 [0.04906813 0.04189046 0.76354    ... 0.         0.         0.        ]
 ...
 [0.95570725 0.9505526  0.46947667 ... 0.         0.         0.        ]
 [0.9646956  0.96347576 0.3141001  ... 0.         0.         0.        ]
 [0.9678842  0.9662399  0.86862755 ... 0.         0.         0.        ]], [[0.01472127 0.02507995 0.03610119 ... 0.         0.         0.        ]
 [0.01701095 0.01969269 0.41007313 ... 0.         0.         0.        ]
 [0.02192506 0.01726293 0.06714806 ... 0.         0.         0.        ]
 ...
 [0.9744934  0.9762116  0.04547359 ... 0.         0.         0.        ]
 [0.97945    0.9779568  0.3695366  ... 0.         0.         0.        ]
 [0.97892284 0.9831682  0.08277131 ... 0.         0.         0.        ]], [[0.00839736 0.00525467 0.01372874 ... 0.         0.         0.        ]
 [0.00971401 0.01015925 0.01699869 ... 0.         0.         0.        ]
 [0.00966007 0.00707353 0.20932707 ... 0.         0.         0.        ]
 ...
 [0.98985445 0.99153703 0.01703041 ... 0.         0.         0.        ]
 [0.99193925 0.98798174 0.01572772 ... 0.         0.         0.        ]
 [0.9883435  0.9921968  0.18566823 ... 0.         0.         0.        ]]; 1382
2024-12-19 16:42:13,122 - 16:42:12.258; 32; 0; 751504; 1925697165621800; 1734622932258143300; 673632729; 1734622933058173900; None; None; [[0.04020798 0.0538734  0.4966591  ... 0.         0.         0.        ]
 [0.04829465 0.03988869 0.35389438 ... 0.         0.         0.        ]
 [0.04906813 0.04189046 0.76354    ... 0.         0.         0.        ]
 ...
 [0.95570725 0.9505526  0.46947667 ... 0.         0.         0.        ]
 [0.9646956  0.96347576 0.3141001  ... 0.         0.         0.        ]
 [0.9678842  0.9662399  0.86862755 ... 0.         0.         0.        ]], [[0.01472127 0.02507995 0.03610119 ... 0.         0.         0.        ]
 [0.01701095 0.01969269 0.41007313 ... 0.         0.         0.        ]
 [0.02192506 0.01726293 0.06714806 ... 0.         0.         0.        ]
 ...
 [0.9744934  0.9762116  0.04547359 ... 0.         0.         0.        ]
 [0.97945    0.9779568  0.3695366  ... 0.         0.         0.        ]
 [0.97892284 0.9831682  0.08277131 ... 0.         0.         0.        ]], [[0.00839736 0.00525467 0.01372874 ... 0.         0.         0.        ]
 [0.00971401 0.01015925 0.01699869 ... 0.         0.         0.        ]
 [0.00966007 0.00707353 0.20932707 ... 0.         0.         0.        ]
 ...
 [0.98985445 0.99153703 0.01703041 ... 0.         0.         0.        ]
 [0.99193925 0.98798174 0.01572772 ... 0.         0.         0.        ]
 [0.9883435  0.9921968  0.18566823 ... 0.         0.         0.        ]]; 1382
2024-12-19 16:42:14,010 - 16:42:13.123; 33; 0; 751504; 1925697165621800; 1734622933123419000; 679159096; 1734622933942829700; None; None; [[0.04020798 0.0538734  0.4966591  ... 0.         0.         0.        ]
 [0.04829465 0.03988869 0.35389438 ... 0.         0.         0.        ]
 [0.04906813 0.04189046 0.76354    ... 0.         0.         0.        ]
 ...
 [0.95570725 0.9505526  0.46947667 ... 0.         0.         0.        ]
 [0.9646956  0.96347576 0.3141001  ... 0.         0.         0.        ]
 [0.9678842  0.9662399  0.86862755 ... 0.         0.         0.        ]], [[0.01472127 0.02507995 0.03610119 ... 0.         0.         0.        ]
 [0.01701095 0.01969269 0.41007313 ... 0.         0.         0.        ]
 [0.02192506 0.01726293 0.06714806 ... 0.         0.         0.        ]
 ...
 [0.9744934  0.9762116  0.04547359 ... 0.         0.         0.        ]
 [0.97945    0.9779568  0.3695366  ... 0.         0.         0.        ]
 [0.97892284 0.9831682  0.08277131 ... 0.         0.         0.        ]], [[0.00839736 0.00525467 0.01372874 ... 0.         0.         0.        ]
 [0.00971401 0.01015925 0.01699869 ... 0.         0.         0.        ]
 [0.00966007 0.00707353 0.20932707 ... 0.         0.         0.        ]
 ...
 [0.98985445 0.99153703 0.01703041 ... 0.         0.         0.        ]
 [0.99193925 0.98798174 0.01572772 ... 0.         0.         0.        ]
 [0.9883435  0.9921968  0.18566823 ... 0.         0.         0.        ]]; 1382
2024-12-19 16:42:14,886 - 16:42:14.011; 34; 0; 751504; 1925697165621800; 1734622934011506300; 679287219; 1734622934819705200; None; None; [[0.04020798 0.0538734  0.4966591  ... 0.         0.         0.        ]
 [0.04829465 0.03988869 0.35389438 ... 0.         0.         0.        ]
 [0.04906813 0.04189046 0.76354    ... 0.         0.         0.        ]
 ...
 [0.95570725 0.9505526  0.46947667 ... 0.         0.         0.        ]
 [0.9646956  0.96347576 0.3141001  ... 0.         0.         0.        ]
 [0.9678842  0.9662399  0.86862755 ... 0.         0.         0.        ]], [[0.01472127 0.02507995 0.03610119 ... 0.         0.         0.        ]
 [0.01701095 0.01969269 0.41007313 ... 0.         0.         0.        ]
 [0.02192506 0.01726293 0.06714806 ... 0.         0.         0.        ]
 ...
 [0.9744934  0.9762116  0.04547359 ... 0.         0.         0.        ]
 [0.97945    0.9779568  0.3695366  ... 0.         0.         0.        ]
 [0.97892284 0.9831682  0.08277131 ... 0.         0.         0.        ]], [[0.00839736 0.00525467 0.01372874 ... 0.         0.         0.        ]
 [0.00971401 0.01015925 0.01699869 ... 0.         0.         0.        ]
 [0.00966007 0.00707353 0.20932707 ... 0.         0.         0.        ]
 ...
 [0.98985445 0.99153703 0.01703041 ... 0.         0.         0.        ]
 [0.99193925 0.98798174 0.01572772 ... 0.         0.         0.        ]
 [0.9883435  0.9921968  0.18566823 ... 0.         0.         0.        ]]; 1382
2024-12-19 16:42:15,768 - 16:42:14.887; 35; 0; 751504; 1925697165621800; 1734622934887700200; 681207367; 1734622935703742300; None; None; [[0.04020798 0.0538734  0.4966591  ... 0.         0.         0.        ]
 [0.04829465 0.03988869 0.35389438 ... 0.         0.         0.        ]
 [0.04906813 0.04189046 0.76354    ... 0.         0.         0.        ]
 ...
 [0.95570725 0.9505526  0.46947667 ... 0.         0.         0.        ]
 [0.9646956  0.96347576 0.3141001  ... 0.         0.         0.        ]
 [0.9678842  0.9662399  0.86862755 ... 0.         0.         0.        ]], [[0.01472127 0.02507995 0.03610119 ... 0.         0.         0.        ]
 [0.01701095 0.01969269 0.41007313 ... 0.         0.         0.        ]
 [0.02192506 0.01726293 0.06714806 ... 0.         0.         0.        ]
 ...
 [0.9744934  0.9762116  0.04547359 ... 0.         0.         0.        ]
 [0.97945    0.9779568  0.3695366  ... 0.         0.         0.        ]
 [0.97892284 0.9831682  0.08277131 ... 0.         0.         0.        ]], [[0.00839736 0.00525467 0.01372874 ... 0.         0.         0.        ]
 [0.00971401 0.01015925 0.01699869 ... 0.         0.         0.        ]
 [0.00966007 0.00707353 0.20932707 ... 0.         0.         0.        ]
 ...
 [0.98985445 0.99153703 0.01703041 ... 0.         0.         0.        ]
 [0.99193925 0.98798174 0.01572772 ... 0.         0.         0.        ]
 [0.9883435  0.9921968  0.18566823 ... 0.         0.         0.        ]]; 1382
2024-12-19 16:42:16,644 - 16:42:15.769; 36; 0; 751504; 1925697165621800; 1734622935769681600; 678470006; 1734622936579666100; None; None; [[0.04020798 0.0538734  0.4966591  ... 0.         0.         0.        ]
 [0.04829465 0.03988869 0.35389438 ... 0.         0.         0.        ]
 [0.04906813 0.04189046 0.76354    ... 0.         0.         0.        ]
 ...
 [0.95570725 0.9505526  0.46947667 ... 0.         0.         0.        ]
 [0.9646956  0.96347576 0.3141001  ... 0.         0.         0.        ]
 [0.9678842  0.9662399  0.86862755 ... 0.         0.         0.        ]], [[0.01472127 0.02507995 0.03610119 ... 0.         0.         0.        ]
 [0.01701095 0.01969269 0.41007313 ... 0.         0.         0.        ]
 [0.02192506 0.01726293 0.06714806 ... 0.         0.         0.        ]
 ...
 [0.9744934  0.9762116  0.04547359 ... 0.         0.         0.        ]
 [0.97945    0.9779568  0.3695366  ... 0.         0.         0.        ]
 [0.97892284 0.9831682  0.08277131 ... 0.         0.         0.        ]], [[0.00839736 0.00525467 0.01372874 ... 0.         0.         0.        ]
 [0.00971401 0.01015925 0.01699869 ... 0.         0.         0.        ]
 [0.00966007 0.00707353 0.20932707 ... 0.         0.         0.        ]
 ...
 [0.98985445 0.99153703 0.01703041 ... 0.         0.         0.        ]
 [0.99193925 0.98798174 0.01572772 ... 0.         0.         0.        ]
 [0.9883435  0.9921968  0.18566823 ... 0.         0.         0.        ]]; 1382
2024-12-19 16:42:17,524 - 16:42:16.645; 37; 0; 751504; 1925697165621800; 1734622936645727400; 679265784; 1734622937458169300; None; None; [[0.04020798 0.0538734  0.4966591  ... 0.         0.         0.        ]
 [0.04829465 0.03988869 0.35389438 ... 0.         0.         0.        ]
 [0.04906813 0.04189046 0.76354    ... 0.         0.         0.        ]
 ...
 [0.95570725 0.9505526  0.46947667 ... 0.         0.         0.        ]
 [0.9646956  0.96347576 0.3141001  ... 0.         0.         0.        ]
 [0.9678842  0.9662399  0.86862755 ... 0.         0.         0.        ]], [[0.01472127 0.02507995 0.03610119 ... 0.         0.         0.        ]
 [0.01701095 0.01969269 0.41007313 ... 0.         0.         0.        ]
 [0.02192506 0.01726293 0.06714806 ... 0.         0.         0.        ]
 ...
 [0.9744934  0.9762116  0.04547359 ... 0.         0.         0.        ]
 [0.97945    0.9779568  0.3695366  ... 0.         0.         0.        ]
 [0.97892284 0.9831682  0.08277131 ... 0.         0.         0.        ]], [[0.00839736 0.00525467 0.01372874 ... 0.         0.         0.        ]
 [0.00971401 0.01015925 0.01699869 ... 0.         0.         0.        ]
 [0.00966007 0.00707353 0.20932707 ... 0.         0.         0.        ]
 ...
 [0.98985445 0.99153703 0.01703041 ... 0.         0.         0.        ]
 [0.99193925 0.98798174 0.01572772 ... 0.         0.         0.        ]
 [0.9883435  0.9921968  0.18566823 ... 0.         0.         0.        ]]; 1382
2024-12-19 16:42:18,407 - 16:42:17.525; 38; 0; 751504; 1925697165621800; 1734622937525595700; 676487521; 1734622938333412300; None; None; [[0.04020798 0.0538734  0.4966591  ... 0.         0.         0.        ]
 [0.04829465 0.03988869 0.35389438 ... 0.         0.         0.        ]
 [0.04906813 0.04189046 0.76354    ... 0.         0.         0.        ]
 ...
 [0.95570725 0.9505526  0.46947667 ... 0.         0.         0.        ]
 [0.9646956  0.96347576 0.3141001  ... 0.         0.         0.        ]
 [0.9678842  0.9662399  0.86862755 ... 0.         0.         0.        ]], [[0.01472127 0.02507995 0.03610119 ... 0.         0.         0.        ]
 [0.01701095 0.01969269 0.41007313 ... 0.         0.         0.        ]
 [0.02192506 0.01726293 0.06714806 ... 0.         0.         0.        ]
 ...
 [0.9744934  0.9762116  0.04547359 ... 0.         0.         0.        ]
 [0.97945    0.9779568  0.3695366  ... 0.         0.         0.        ]
 [0.97892284 0.9831682  0.08277131 ... 0.         0.         0.        ]], [[0.00839736 0.00525467 0.01372874 ... 0.         0.         0.        ]
 [0.00971401 0.01015925 0.01699869 ... 0.         0.         0.        ]
 [0.00966007 0.00707353 0.20932707 ... 0.         0.         0.        ]
 ...
 [0.98985445 0.99153703 0.01703041 ... 0.         0.         0.        ]
 [0.99193925 0.98798174 0.01572772 ... 0.         0.         0.        ]
 [0.9883435  0.9921968  0.18566823 ... 0.         0.         0.        ]]; 1382
2024-12-19 16:42:19,296 - 16:42:18.408; 39; 0; 751504; 1925697165621800; 1734622938408869700; 673995367; 1734622939215692100; None; None; [[0.04020798 0.0538734  0.4966591  ... 0.         0.         0.        ]
 [0.04829465 0.03988869 0.35389438 ... 0.         0.         0.        ]
 [0.04906813 0.04189046 0.76354    ... 0.         0.         0.        ]
 ...
 [0.95570725 0.9505526  0.46947667 ... 0.         0.         0.        ]
 [0.9646956  0.96347576 0.3141001  ... 0.         0.         0.        ]
 [0.9678842  0.9662399  0.86862755 ... 0.         0.         0.        ]], [[0.01472127 0.02507995 0.03610119 ... 0.         0.         0.        ]
 [0.01701095 0.01969269 0.41007313 ... 0.         0.         0.        ]
 [0.02192506 0.01726293 0.06714806 ... 0.         0.         0.        ]
 ...
 [0.9744934  0.9762116  0.04547359 ... 0.         0.         0.        ]
 [0.97945    0.9779568  0.3695366  ... 0.         0.         0.        ]
 [0.97892284 0.9831682  0.08277131 ... 0.         0.         0.        ]], [[0.00839736 0.00525467 0.01372874 ... 0.         0.         0.        ]
 [0.00971401 0.01015925 0.01699869 ... 0.         0.         0.        ]
 [0.00966007 0.00707353 0.20932707 ... 0.         0.         0.        ]
 ...
 [0.98985445 0.99153703 0.01703041 ... 0.         0.         0.        ]
 [0.99193925 0.98798174 0.01572772 ... 0.         0.         0.        ]
 [0.9883435  0.9921968  0.18566823 ... 0.         0.         0.        ]]; 1382
2024-12-19 16:42:20,225 - 16:42:19.297; 40; 0; 751504; 1925697165621800; 1734622939297551600; 692871071; 1734622940125773000; None; None; [[0.04020798 0.0538734  0.4966591  ... 0.         0.         0.        ]
 [0.04829465 0.03988869 0.35389438 ... 0.         0.         0.        ]
 [0.04906813 0.04189046 0.76354    ... 0.         0.         0.        ]
 ...
 [0.95570725 0.9505526  0.46947667 ... 0.         0.         0.        ]
 [0.9646956  0.96347576 0.3141001  ... 0.         0.         0.        ]
 [0.9678842  0.9662399  0.86862755 ... 0.         0.         0.        ]], [[0.01472127 0.02507995 0.03610119 ... 0.         0.         0.        ]
 [0.01701095 0.01969269 0.41007313 ... 0.         0.         0.        ]
 [0.02192506 0.01726293 0.06714806 ... 0.         0.         0.        ]
 ...
 [0.9744934  0.9762116  0.04547359 ... 0.         0.         0.        ]
 [0.97945    0.9779568  0.3695366  ... 0.         0.         0.        ]
 [0.97892284 0.9831682  0.08277131 ... 0.         0.         0.        ]], [[0.00839736 0.00525467 0.01372874 ... 0.         0.         0.        ]
 [0.00971401 0.01015925 0.01699869 ... 0.         0.         0.        ]
 [0.00966007 0.00707353 0.20932707 ... 0.         0.         0.        ]
 ...
 [0.98985445 0.99153703 0.01703041 ... 0.         0.         0.        ]
 [0.99193925 0.98798174 0.01572772 ... 0.         0.         0.        ]
 [0.9883435  0.9921968  0.18566823 ... 0.         0.         0.        ]]; 1382
2024-12-19 16:42:21,597 - 16:42:20.226; 41; 0; 751504; 1925697165621800; 1734622940226711900; 1158775665; 1734622941524197400; None; None; [[0.04020798 0.0538734  0.4966591  ... 0.         0.         0.        ]
 [0.04829465 0.03988869 0.35389438 ... 0.         0.         0.        ]
 [0.04906813 0.04189046 0.76354    ... 0.         0.         0.        ]
 ...
 [0.95570725 0.9505526  0.46947667 ... 0.         0.         0.        ]
 [0.9646956  0.96347576 0.3141001  ... 0.         0.         0.        ]
 [0.9678842  0.9662399  0.86862755 ... 0.         0.         0.        ]], [[0.01472127 0.02507995 0.03610119 ... 0.         0.         0.        ]
 [0.01701095 0.01969269 0.41007313 ... 0.         0.         0.        ]
 [0.02192506 0.01726293 0.06714806 ... 0.         0.         0.        ]
 ...
 [0.9744934  0.9762116  0.04547359 ... 0.         0.         0.        ]
 [0.97945    0.9779568  0.3695366  ... 0.         0.         0.        ]
 [0.97892284 0.9831682  0.08277131 ... 0.         0.         0.        ]], [[0.00839736 0.00525467 0.01372874 ... 0.         0.         0.        ]
 [0.00971401 0.01015925 0.01699869 ... 0.         0.         0.        ]
 [0.00966007 0.00707353 0.20932707 ... 0.         0.         0.        ]
 ...
 [0.98985445 0.99153703 0.01703041 ... 0.         0.         0.        ]
 [0.99193925 0.98798174 0.01572772 ... 0.         0.         0.        ]
 [0.9883435  0.9921968  0.18566823 ... 0.         0.         0.        ]]; 1382
2024-12-19 16:42:22,553 - 16:42:21.598; 42; 0; 751504; 1925697165621800; 1734622941598193200; 751349524; 1734622942490275600; None; None; [[0.04020798 0.0538734  0.4966591  ... 0.         0.         0.        ]
 [0.04829465 0.03988869 0.35389438 ... 0.         0.         0.        ]
 [0.04906813 0.04189046 0.76354    ... 0.         0.         0.        ]
 ...
 [0.95570725 0.9505526  0.46947667 ... 0.         0.         0.        ]
 [0.9646956  0.96347576 0.3141001  ... 0.         0.         0.        ]
 [0.9678842  0.9662399  0.86862755 ... 0.         0.         0.        ]], [[0.01472127 0.02507995 0.03610119 ... 0.         0.         0.        ]
 [0.01701095 0.01969269 0.41007313 ... 0.         0.         0.        ]
 [0.02192506 0.01726293 0.06714806 ... 0.         0.         0.        ]
 ...
 [0.9744934  0.9762116  0.04547359 ... 0.         0.         0.        ]
 [0.97945    0.9779568  0.3695366  ... 0.         0.         0.        ]
 [0.97892284 0.9831682  0.08277131 ... 0.         0.         0.        ]], [[0.00839736 0.00525467 0.01372874 ... 0.         0.         0.        ]
 [0.00971401 0.01015925 0.01699869 ... 0.         0.         0.        ]
 [0.00966007 0.00707353 0.20932707 ... 0.         0.         0.        ]
 ...
 [0.98985445 0.99153703 0.01703041 ... 0.         0.         0.        ]
 [0.99193925 0.98798174 0.01572772 ... 0.         0.         0.        ]
 [0.9883435  0.9921968  0.18566823 ... 0.         0.         0.        ]]; 1382
2024-12-19 16:42:23,435 - 16:42:22.554; 43; 0; 751504; 1925697165621800; 1734622942554724400; 677778459; 1734622943373110800; None; None; [[0.04020798 0.0538734  0.4966591  ... 0.         0.         0.        ]
 [0.04829465 0.03988869 0.35389438 ... 0.         0.         0.        ]
 [0.04906813 0.04189046 0.76354    ... 0.         0.         0.        ]
 ...
 [0.95570725 0.9505526  0.46947667 ... 0.         0.         0.        ]
 [0.9646956  0.96347576 0.3141001  ... 0.         0.         0.        ]
 [0.9678842  0.9662399  0.86862755 ... 0.         0.         0.        ]], [[0.01472127 0.02507995 0.03610119 ... 0.         0.         0.        ]
 [0.01701095 0.01969269 0.41007313 ... 0.         0.         0.        ]
 [0.02192506 0.01726293 0.06714806 ... 0.         0.         0.        ]
 ...
 [0.9744934  0.9762116  0.04547359 ... 0.         0.         0.        ]
 [0.97945    0.9779568  0.3695366  ... 0.         0.         0.        ]
 [0.97892284 0.9831682  0.08277131 ... 0.         0.         0.        ]], [[0.00839736 0.00525467 0.01372874 ... 0.         0.         0.        ]
 [0.00971401 0.01015925 0.01699869 ... 0.         0.         0.        ]
 [0.00966007 0.00707353 0.20932707 ... 0.         0.         0.        ]
 ...
 [0.98985445 0.99153703 0.01703041 ... 0.         0.         0.        ]
 [0.99193925 0.98798174 0.01572772 ... 0.         0.         0.        ]
 [0.9883435  0.9921968  0.18566823 ... 0.         0.         0.        ]]; 1382
2024-12-19 16:42:24,309 - 16:42:23.436; 44; 0; 751504; 1925697165621800; 1734622943436617400; 670688095; 1734622944238389000; None; None; [[0.04020798 0.0538734  0.4966591  ... 0.         0.         0.        ]
 [0.04829465 0.03988869 0.35389438 ... 0.         0.         0.        ]
 [0.04906813 0.04189046 0.76354    ... 0.         0.         0.        ]
 ...
 [0.95570725 0.9505526  0.46947667 ... 0.         0.         0.        ]
 [0.9646956  0.96347576 0.3141001  ... 0.         0.         0.        ]
 [0.9678842  0.9662399  0.86862755 ... 0.         0.         0.        ]], [[0.01472127 0.02507995 0.03610119 ... 0.         0.         0.        ]
 [0.01701095 0.01969269 0.41007313 ... 0.         0.         0.        ]
 [0.02192506 0.01726293 0.06714806 ... 0.         0.         0.        ]
 ...
 [0.9744934  0.9762116  0.04547359 ... 0.         0.         0.        ]
 [0.97945    0.9779568  0.3695366  ... 0.         0.         0.        ]
 [0.97892284 0.9831682  0.08277131 ... 0.         0.         0.        ]], [[0.00839736 0.00525467 0.01372874 ... 0.         0.         0.        ]
 [0.00971401 0.01015925 0.01699869 ... 0.         0.         0.        ]
 [0.00966007 0.00707353 0.20932707 ... 0.         0.         0.        ]
 ...
 [0.98985445 0.99153703 0.01703041 ... 0.         0.         0.        ]
 [0.99193925 0.98798174 0.01572772 ... 0.         0.         0.        ]
 [0.9883435  0.9921968  0.18566823 ... 0.         0.         0.        ]]; 1382
2024-12-19 16:42:25,178 - 16:42:24.310; 45; 0; 751504; 1925697165621800; 1734622944310473700; 672279318; 1734622945114178600; None; None; [[0.04020798 0.0538734  0.4966591  ... 0.         0.         0.        ]
 [0.04829465 0.03988869 0.35389438 ... 0.         0.         0.        ]
 [0.04906813 0.04189046 0.76354    ... 0.         0.         0.        ]
 ...
 [0.95570725 0.9505526  0.46947667 ... 0.         0.         0.        ]
 [0.9646956  0.96347576 0.3141001  ... 0.         0.         0.        ]
 [0.9678842  0.9662399  0.86862755 ... 0.         0.         0.        ]], [[0.01472127 0.02507995 0.03610119 ... 0.         0.         0.        ]
 [0.01701095 0.01969269 0.41007313 ... 0.         0.         0.        ]
 [0.02192506 0.01726293 0.06714806 ... 0.         0.         0.        ]
 ...
 [0.9744934  0.9762116  0.04547359 ... 0.         0.         0.        ]
 [0.97945    0.9779568  0.3695366  ... 0.         0.         0.        ]
 [0.97892284 0.9831682  0.08277131 ... 0.         0.         0.        ]], [[0.00839736 0.00525467 0.01372874 ... 0.         0.         0.        ]
 [0.00971401 0.01015925 0.01699869 ... 0.         0.         0.        ]
 [0.00966007 0.00707353 0.20932707 ... 0.         0.         0.        ]
 ...
 [0.98985445 0.99153703 0.01703041 ... 0.         0.         0.        ]
 [0.99193925 0.98798174 0.01572772 ... 0.         0.         0.        ]
 [0.9883435  0.9921968  0.18566823 ... 0.         0.         0.        ]]; 1382
2024-12-19 16:42:26,051 - 16:42:25.179; 46; 0; 751504; 1925697165621800; 1734622945179083000; 676939308; 1734622945982702200; None; None; [[0.04020798 0.0538734  0.4966591  ... 0.         0.         0.        ]
 [0.04829465 0.03988869 0.35389438 ... 0.         0.         0.        ]
 [0.04906813 0.04189046 0.76354    ... 0.         0.         0.        ]
 ...
 [0.95570725 0.9505526  0.46947667 ... 0.         0.         0.        ]
 [0.9646956  0.96347576 0.3141001  ... 0.         0.         0.        ]
 [0.9678842  0.9662399  0.86862755 ... 0.         0.         0.        ]], [[0.01472127 0.02507995 0.03610119 ... 0.         0.         0.        ]
 [0.01701095 0.01969269 0.41007313 ... 0.         0.         0.        ]
 [0.02192506 0.01726293 0.06714806 ... 0.         0.         0.        ]
 ...
 [0.9744934  0.9762116  0.04547359 ... 0.         0.         0.        ]
 [0.97945    0.9779568  0.3695366  ... 0.         0.         0.        ]
 [0.97892284 0.9831682  0.08277131 ... 0.         0.         0.        ]], [[0.00839736 0.00525467 0.01372874 ... 0.         0.         0.        ]
 [0.00971401 0.01015925 0.01699869 ... 0.         0.         0.        ]
 [0.00966007 0.00707353 0.20932707 ... 0.         0.         0.        ]
 ...
 [0.98985445 0.99153703 0.01703041 ... 0.         0.         0.        ]
 [0.99193925 0.98798174 0.01572772 ... 0.         0.         0.        ]
 [0.9883435  0.9921968  0.18566823 ... 0.         0.         0.        ]]; 1382
2024-12-19 16:42:26,935 - 16:42:26.052; 47; 0; 751504; 1925697165621800; 1734622946052536300; 679665881; 1734622946866016700; None; None; [[0.04020798 0.0538734  0.4966591  ... 0.         0.         0.        ]
 [0.04829465 0.03988869 0.35389438 ... 0.         0.         0.        ]
 [0.04906813 0.04189046 0.76354    ... 0.         0.         0.        ]
 ...
 [0.95570725 0.9505526  0.46947667 ... 0.         0.         0.        ]
 [0.9646956  0.96347576 0.3141001  ... 0.         0.         0.        ]
 [0.9678842  0.9662399  0.86862755 ... 0.         0.         0.        ]], [[0.01472127 0.02507995 0.03610119 ... 0.         0.         0.        ]
 [0.01701095 0.01969269 0.41007313 ... 0.         0.         0.        ]
 [0.02192506 0.01726293 0.06714806 ... 0.         0.         0.        ]
 ...
 [0.9744934  0.9762116  0.04547359 ... 0.         0.         0.        ]
 [0.97945    0.9779568  0.3695366  ... 0.         0.         0.        ]
 [0.97892284 0.9831682  0.08277131 ... 0.         0.         0.        ]], [[0.00839736 0.00525467 0.01372874 ... 0.         0.         0.        ]
 [0.00971401 0.01015925 0.01699869 ... 0.         0.         0.        ]
 [0.00966007 0.00707353 0.20932707 ... 0.         0.         0.        ]
 ...
 [0.98985445 0.99153703 0.01703041 ... 0.         0.         0.        ]
 [0.99193925 0.98798174 0.01572772 ... 0.         0.         0.        ]
 [0.9883435  0.9921968  0.18566823 ... 0.         0.         0.        ]]; 1382
2024-12-19 16:42:27,825 - 16:42:26.936; 48; 0; 751504; 1925697165621800; 1734622946936512500; 684361615; 1734622947755055300; None; None; [[0.04020798 0.0538734  0.4966591  ... 0.         0.         0.        ]
 [0.04829465 0.03988869 0.35389438 ... 0.         0.         0.        ]
 [0.04906813 0.04189046 0.76354    ... 0.         0.         0.        ]
 ...
 [0.95570725 0.9505526  0.46947667 ... 0.         0.         0.        ]
 [0.9646956  0.96347576 0.3141001  ... 0.         0.         0.        ]
 [0.9678842  0.9662399  0.86862755 ... 0.         0.         0.        ]], [[0.01472127 0.02507995 0.03610119 ... 0.         0.         0.        ]
 [0.01701095 0.01969269 0.41007313 ... 0.         0.         0.        ]
 [0.02192506 0.01726293 0.06714806 ... 0.         0.         0.        ]
 ...
 [0.9744934  0.9762116  0.04547359 ... 0.         0.         0.        ]
 [0.97945    0.9779568  0.3695366  ... 0.         0.         0.        ]
 [0.97892284 0.9831682  0.08277131 ... 0.         0.         0.        ]], [[0.00839736 0.00525467 0.01372874 ... 0.         0.         0.        ]
 [0.00971401 0.01015925 0.01699869 ... 0.         0.         0.        ]
 [0.00966007 0.00707353 0.20932707 ... 0.         0.         0.        ]
 ...
 [0.98985445 0.99153703 0.01703041 ... 0.         0.         0.        ]
 [0.99193925 0.98798174 0.01572772 ... 0.         0.         0.        ]
 [0.9883435  0.9921968  0.18566823 ... 0.         0.         0.        ]]; 1382
2024-12-19 16:42:28,710 - 16:42:27.826; 49; 0; 751504; 1925697165621800; 1734622947826816200; 684072608; 1734622948647142000; None; None; [[0.04020798 0.0538734  0.4966591  ... 0.         0.         0.        ]
 [0.04829465 0.03988869 0.35389438 ... 0.         0.         0.        ]
 [0.04906813 0.04189046 0.76354    ... 0.         0.         0.        ]
 ...
 [0.95570725 0.9505526  0.46947667 ... 0.         0.         0.        ]
 [0.9646956  0.96347576 0.3141001  ... 0.         0.         0.        ]
 [0.9678842  0.9662399  0.86862755 ... 0.         0.         0.        ]], [[0.01472127 0.02507995 0.03610119 ... 0.         0.         0.        ]
 [0.01701095 0.01969269 0.41007313 ... 0.         0.         0.        ]
 [0.02192506 0.01726293 0.06714806 ... 0.         0.         0.        ]
 ...
 [0.9744934  0.9762116  0.04547359 ... 0.         0.         0.        ]
 [0.97945    0.9779568  0.3695366  ... 0.         0.         0.        ]
 [0.97892284 0.9831682  0.08277131 ... 0.         0.         0.        ]], [[0.00839736 0.00525467 0.01372874 ... 0.         0.         0.        ]
 [0.00971401 0.01015925 0.01699869 ... 0.         0.         0.        ]
 [0.00966007 0.00707353 0.20932707 ... 0.         0.         0.        ]
 ...
 [0.98985445 0.99153703 0.01703041 ... 0.         0.         0.        ]
 [0.99193925 0.98798174 0.01572772 ... 0.         0.         0.        ]
 [0.9883435  0.9921968  0.18566823 ... 0.         0.         0.        ]]; 1382
2024-12-19 16:42:29,596 - 16:42:28.711; 50; 0; 751504; 1925697165621800; 1734622948711295700; 681809008; 1734622949518354300; None; None; [[0.04020798 0.0538734  0.4966591  ... 0.         0.         0.        ]
 [0.04829465 0.03988869 0.35389438 ... 0.         0.         0.        ]
 [0.04906813 0.04189046 0.76354    ... 0.         0.         0.        ]
 ...
 [0.95570725 0.9505526  0.46947667 ... 0.         0.         0.        ]
 [0.9646956  0.96347576 0.3141001  ... 0.         0.         0.        ]
 [0.9678842  0.9662399  0.86862755 ... 0.         0.         0.        ]], [[0.01472127 0.02507995 0.03610119 ... 0.         0.         0.        ]
 [0.01701095 0.01969269 0.41007313 ... 0.         0.         0.        ]
 [0.02192506 0.01726293 0.06714806 ... 0.         0.         0.        ]
 ...
 [0.9744934  0.9762116  0.04547359 ... 0.         0.         0.        ]
 [0.97945    0.9779568  0.3695366  ... 0.         0.         0.        ]
 [0.97892284 0.9831682  0.08277131 ... 0.         0.         0.        ]], [[0.00839736 0.00525467 0.01372874 ... 0.         0.         0.        ]
 [0.00971401 0.01015925 0.01699869 ... 0.         0.         0.        ]
 [0.00966007 0.00707353 0.20932707 ... 0.         0.         0.        ]
 ...
 [0.98985445 0.99153703 0.01703041 ... 0.         0.         0.        ]
 [0.99193925 0.98798174 0.01572772 ... 0.         0.         0.        ]
 [0.9883435  0.9921968  0.18566823 ... 0.         0.         0.        ]]; 1382
2024-12-19 16:42:30,476 - 16:42:29.599; 51; 0; 751504; 1925697165621800; 1734622949599138500; 680092447; 1734622950418844800; None; None; [[0.04020798 0.0538734  0.4966591  ... 0.         0.         0.        ]
 [0.04829465 0.03988869 0.35389438 ... 0.         0.         0.        ]
 [0.04906813 0.04189046 0.76354    ... 0.         0.         0.        ]
 ...
 [0.95570725 0.9505526  0.46947667 ... 0.         0.         0.        ]
 [0.9646956  0.96347576 0.3141001  ... 0.         0.         0.        ]
 [0.9678842  0.9662399  0.86862755 ... 0.         0.         0.        ]], [[0.01472127 0.02507995 0.03610119 ... 0.         0.         0.        ]
 [0.01701095 0.01969269 0.41007313 ... 0.         0.         0.        ]
 [0.02192506 0.01726293 0.06714806 ... 0.         0.         0.        ]
 ...
 [0.9744934  0.9762116  0.04547359 ... 0.         0.         0.        ]
 [0.97945    0.9779568  0.3695366  ... 0.         0.         0.        ]
 [0.97892284 0.9831682  0.08277131 ... 0.         0.         0.        ]], [[0.00839736 0.00525467 0.01372874 ... 0.         0.         0.        ]
 [0.00971401 0.01015925 0.01699869 ... 0.         0.         0.        ]
 [0.00966007 0.00707353 0.20932707 ... 0.         0.         0.        ]
 ...
 [0.98985445 0.99153703 0.01703041 ... 0.         0.         0.        ]
 [0.99193925 0.98798174 0.01572772 ... 0.         0.         0.        ]
 [0.9883435  0.9921968  0.18566823 ... 0.         0.         0.        ]]; 1382
2024-12-19 16:42:31,356 - 16:42:30.478; 52; 0; 751504; 1925697165621800; 1734622950478001100; 675138185; 1734622951281994800; None; None; [[0.04020798 0.0538734  0.4966591  ... 0.         0.         0.        ]
 [0.04829465 0.03988869 0.35389438 ... 0.         0.         0.        ]
 [0.04906813 0.04189046 0.76354    ... 0.         0.         0.        ]
 ...
 [0.95570725 0.9505526  0.46947667 ... 0.         0.         0.        ]
 [0.9646956  0.96347576 0.3141001  ... 0.         0.         0.        ]
 [0.9678842  0.9662399  0.86862755 ... 0.         0.         0.        ]], [[0.01472127 0.02507995 0.03610119 ... 0.         0.         0.        ]
 [0.01701095 0.01969269 0.41007313 ... 0.         0.         0.        ]
 [0.02192506 0.01726293 0.06714806 ... 0.         0.         0.        ]
 ...
 [0.9744934  0.9762116  0.04547359 ... 0.         0.         0.        ]
 [0.97945    0.9779568  0.3695366  ... 0.         0.         0.        ]
 [0.97892284 0.9831682  0.08277131 ... 0.         0.         0.        ]], [[0.00839736 0.00525467 0.01372874 ... 0.         0.         0.        ]
 [0.00971401 0.01015925 0.01699869 ... 0.         0.         0.        ]
 [0.00966007 0.00707353 0.20932707 ... 0.         0.         0.        ]
 ...
 [0.98985445 0.99153703 0.01703041 ... 0.         0.         0.        ]
 [0.99193925 0.98798174 0.01572772 ... 0.         0.         0.        ]
 [0.9883435  0.9921968  0.18566823 ... 0.         0.         0.        ]]; 1382
2024-12-19 16:42:32,232 - 16:42:31.357; 53; 0; 751504; 1925697165621800; 1734622951357428800; 673822863; 1734622952159237300; None; None; [[0.04020798 0.0538734  0.4966591  ... 0.         0.         0.        ]
 [0.04829465 0.03988869 0.35389438 ... 0.         0.         0.        ]
 [0.04906813 0.04189046 0.76354    ... 0.         0.         0.        ]
 ...
 [0.95570725 0.9505526  0.46947667 ... 0.         0.         0.        ]
 [0.9646956  0.96347576 0.3141001  ... 0.         0.         0.        ]
 [0.9678842  0.9662399  0.86862755 ... 0.         0.         0.        ]], [[0.01472127 0.02507995 0.03610119 ... 0.         0.         0.        ]
 [0.01701095 0.01969269 0.41007313 ... 0.         0.         0.        ]
 [0.02192506 0.01726293 0.06714806 ... 0.         0.         0.        ]
 ...
 [0.9744934  0.9762116  0.04547359 ... 0.         0.         0.        ]
 [0.97945    0.9779568  0.3695366  ... 0.         0.         0.        ]
 [0.97892284 0.9831682  0.08277131 ... 0.         0.         0.        ]], [[0.00839736 0.00525467 0.01372874 ... 0.         0.         0.        ]
 [0.00971401 0.01015925 0.01699869 ... 0.         0.         0.        ]
 [0.00966007 0.00707353 0.20932707 ... 0.         0.         0.        ]
 ...
 [0.98985445 0.99153703 0.01703041 ... 0.         0.         0.        ]
 [0.99193925 0.98798174 0.01572772 ... 0.         0.         0.        ]
 [0.9883435  0.9921968  0.18566823 ... 0.         0.         0.        ]]; 1382
2024-12-19 16:42:33,119 - 16:42:32.233; 54; 0; 751504; 1925697165621800; 1734622952233845100; 678304599; 1734622953047337700; None; None; [[0.04020798 0.0538734  0.4966591  ... 0.         0.         0.        ]
 [0.04829465 0.03988869 0.35389438 ... 0.         0.         0.        ]
 [0.04906813 0.04189046 0.76354    ... 0.         0.         0.        ]
 ...
 [0.95570725 0.9505526  0.46947667 ... 0.         0.         0.        ]
 [0.9646956  0.96347576 0.3141001  ... 0.         0.         0.        ]
 [0.9678842  0.9662399  0.86862755 ... 0.         0.         0.        ]], [[0.01472127 0.02507995 0.03610119 ... 0.         0.         0.        ]
 [0.01701095 0.01969269 0.41007313 ... 0.         0.         0.        ]
 [0.02192506 0.01726293 0.06714806 ... 0.         0.         0.        ]
 ...
 [0.9744934  0.9762116  0.04547359 ... 0.         0.         0.        ]
 [0.97945    0.9779568  0.3695366  ... 0.         0.         0.        ]
 [0.97892284 0.9831682  0.08277131 ... 0.         0.         0.        ]], [[0.00839736 0.00525467 0.01372874 ... 0.         0.         0.        ]
 [0.00971401 0.01015925 0.01699869 ... 0.         0.         0.        ]
 [0.00966007 0.00707353 0.20932707 ... 0.         0.         0.        ]
 ...
 [0.98985445 0.99153703 0.01703041 ... 0.         0.         0.        ]
 [0.99193925 0.98798174 0.01572772 ... 0.         0.         0.        ]
 [0.9883435  0.9921968  0.18566823 ... 0.         0.         0.        ]]; 1382
2024-12-19 16:42:33,986 - 16:42:33.120; 55; 0; 751504; 1925697165621800; 1734622953121942400; 676602358; 1734622953922072900; None; None; [[0.04020798 0.0538734  0.4966591  ... 0.         0.         0.        ]
 [0.04829465 0.03988869 0.35389438 ... 0.         0.         0.        ]
 [0.04906813 0.04189046 0.76354    ... 0.         0.         0.        ]
 ...
 [0.95570725 0.9505526  0.46947667 ... 0.         0.         0.        ]
 [0.9646956  0.96347576 0.3141001  ... 0.         0.         0.        ]
 [0.9678842  0.9662399  0.86862755 ... 0.         0.         0.        ]], [[0.01472127 0.02507995 0.03610119 ... 0.         0.         0.        ]
 [0.01701095 0.01969269 0.41007313 ... 0.         0.         0.        ]
 [0.02192506 0.01726293 0.06714806 ... 0.         0.         0.        ]
 ...
 [0.9744934  0.9762116  0.04547359 ... 0.         0.         0.        ]
 [0.97945    0.9779568  0.3695366  ... 0.         0.         0.        ]
 [0.97892284 0.9831682  0.08277131 ... 0.         0.         0.        ]], [[0.00839736 0.00525467 0.01372874 ... 0.         0.         0.        ]
 [0.00971401 0.01015925 0.01699869 ... 0.         0.         0.        ]
 [0.00966007 0.00707353 0.20932707 ... 0.         0.         0.        ]
 ...
 [0.98985445 0.99153703 0.01703041 ... 0.         0.         0.        ]
 [0.99193925 0.98798174 0.01572772 ... 0.         0.         0.        ]
 [0.9883435  0.9921968  0.18566823 ... 0.         0.         0.        ]]; 1382
2024-12-19 16:42:34,878 - 16:42:33.987; 56; 0; 751504; 1925697165621800; 1734622953987948800; 682517542; 1734622954809389900; None; None; [[0.04020798 0.0538734  0.4966591  ... 0.         0.         0.        ]
 [0.04829465 0.03988869 0.35389438 ... 0.         0.         0.        ]
 [0.04906813 0.04189046 0.76354    ... 0.         0.         0.        ]
 ...
 [0.95570725 0.9505526  0.46947667 ... 0.         0.         0.        ]
 [0.9646956  0.96347576 0.3141001  ... 0.         0.         0.        ]
 [0.9678842  0.9662399  0.86862755 ... 0.         0.         0.        ]], [[0.01472127 0.02507995 0.03610119 ... 0.         0.         0.        ]
 [0.01701095 0.01969269 0.41007313 ... 0.         0.         0.        ]
 [0.02192506 0.01726293 0.06714806 ... 0.         0.         0.        ]
 ...
 [0.9744934  0.9762116  0.04547359 ... 0.         0.         0.        ]
 [0.97945    0.9779568  0.3695366  ... 0.         0.         0.        ]
 [0.97892284 0.9831682  0.08277131 ... 0.         0.         0.        ]], [[0.00839736 0.00525467 0.01372874 ... 0.         0.         0.        ]
 [0.00971401 0.01015925 0.01699869 ... 0.         0.         0.        ]
 [0.00966007 0.00707353 0.20932707 ... 0.         0.         0.        ]
 ...
 [0.98985445 0.99153703 0.01703041 ... 0.         0.         0.        ]
 [0.99193925 0.98798174 0.01572772 ... 0.         0.         0.        ]
 [0.9883435  0.9921968  0.18566823 ... 0.         0.         0.        ]]; 1382
2024-12-19 16:42:35,753 - 16:42:34.880; 57; 0; 751504; 1925697165621800; 1734622954880004100; 683254347; 1734622955689350100; None; None; [[0.04020798 0.0538734  0.4966591  ... 0.         0.         0.        ]
 [0.04829465 0.03988869 0.35389438 ... 0.         0.         0.        ]
 [0.04906813 0.04189046 0.76354    ... 0.         0.         0.        ]
 ...
 [0.95570725 0.9505526  0.46947667 ... 0.         0.         0.        ]
 [0.9646956  0.96347576 0.3141001  ... 0.         0.         0.        ]
 [0.9678842  0.9662399  0.86862755 ... 0.         0.         0.        ]], [[0.01472127 0.02507995 0.03610119 ... 0.         0.         0.        ]
 [0.01701095 0.01969269 0.41007313 ... 0.         0.         0.        ]
 [0.02192506 0.01726293 0.06714806 ... 0.         0.         0.        ]
 ...
 [0.9744934  0.9762116  0.04547359 ... 0.         0.         0.        ]
 [0.97945    0.9779568  0.3695366  ... 0.         0.         0.        ]
 [0.97892284 0.9831682  0.08277131 ... 0.         0.         0.        ]], [[0.00839736 0.00525467 0.01372874 ... 0.         0.         0.        ]
 [0.00971401 0.01015925 0.01699869 ... 0.         0.         0.        ]
 [0.00966007 0.00707353 0.20932707 ... 0.         0.         0.        ]
 ...
 [0.98985445 0.99153703 0.01703041 ... 0.         0.         0.        ]
 [0.99193925 0.98798174 0.01572772 ... 0.         0.         0.        ]
 [0.9883435  0.9921968  0.18566823 ... 0.         0.         0.        ]]; 1382
2024-12-19 16:42:36,643 - 16:42:35.755; 58; 0; 751504; 1925697165621800; 1734622955755787400; 678370159; 1734622956572171700; None; None; [[0.04020798 0.0538734  0.4966591  ... 0.         0.         0.        ]
 [0.04829465 0.03988869 0.35389438 ... 0.         0.         0.        ]
 [0.04906813 0.04189046 0.76354    ... 0.         0.         0.        ]
 ...
 [0.95570725 0.9505526  0.46947667 ... 0.         0.         0.        ]
 [0.9646956  0.96347576 0.3141001  ... 0.         0.         0.        ]
 [0.9678842  0.9662399  0.86862755 ... 0.         0.         0.        ]], [[0.01472127 0.02507995 0.03610119 ... 0.         0.         0.        ]
 [0.01701095 0.01969269 0.41007313 ... 0.         0.         0.        ]
 [0.02192506 0.01726293 0.06714806 ... 0.         0.         0.        ]
 ...
 [0.9744934  0.9762116  0.04547359 ... 0.         0.         0.        ]
 [0.97945    0.9779568  0.3695366  ... 0.         0.         0.        ]
 [0.97892284 0.9831682  0.08277131 ... 0.         0.         0.        ]], [[0.00839736 0.00525467 0.01372874 ... 0.         0.         0.        ]
 [0.00971401 0.01015925 0.01699869 ... 0.         0.         0.        ]
 [0.00966007 0.00707353 0.20932707 ... 0.         0.         0.        ]
 ...
 [0.98985445 0.99153703 0.01703041 ... 0.         0.         0.        ]
 [0.99193925 0.98798174 0.01572772 ... 0.         0.         0.        ]
 [0.9883435  0.9921968  0.18566823 ... 0.         0.         0.        ]]; 1382
2024-12-19 16:42:37,541 - 16:42:36.644; 59; 0; 751504; 1925697165621800; 1734622956644064300; 674516177; 1734622957458073000; None; None; [[0.04020798 0.0538734  0.4966591  ... 0.         0.         0.        ]
 [0.04829465 0.03988869 0.35389438 ... 0.         0.         0.        ]
 [0.04906813 0.04189046 0.76354    ... 0.         0.         0.        ]
 ...
 [0.95570725 0.9505526  0.46947667 ... 0.         0.         0.        ]
 [0.9646956  0.96347576 0.3141001  ... 0.         0.         0.        ]
 [0.9678842  0.9662399  0.86862755 ... 0.         0.         0.        ]], [[0.01472127 0.02507995 0.03610119 ... 0.         0.         0.        ]
 [0.01701095 0.01969269 0.41007313 ... 0.         0.         0.        ]
 [0.02192506 0.01726293 0.06714806 ... 0.         0.         0.        ]
 ...
 [0.9744934  0.9762116  0.04547359 ... 0.         0.         0.        ]
 [0.97945    0.9779568  0.3695366  ... 0.         0.         0.        ]
 [0.97892284 0.9831682  0.08277131 ... 0.         0.         0.        ]], [[0.00839736 0.00525467 0.01372874 ... 0.         0.         0.        ]
 [0.00971401 0.01015925 0.01699869 ... 0.         0.         0.        ]
 [0.00966007 0.00707353 0.20932707 ... 0.         0.         0.        ]
 ...
 [0.98985445 0.99153703 0.01703041 ... 0.         0.         0.        ]
 [0.99193925 0.98798174 0.01572772 ... 0.         0.         0.        ]
 [0.9883435  0.9921968  0.18566823 ... 0.         0.         0.        ]]; 1382
2024-12-19 16:42:38,417 - 16:42:37.542; 60; 0; 751504; 1925697165621800; 1734622957542135800; 672288737; 1734622958347302500; None; None; [[0.04020798 0.0538734  0.4966591  ... 0.         0.         0.        ]
 [0.04829465 0.03988869 0.35389438 ... 0.         0.         0.        ]
 [0.04906813 0.04189046 0.76354    ... 0.         0.         0.        ]
 ...
 [0.95570725 0.9505526  0.46947667 ... 0.         0.         0.        ]
 [0.9646956  0.96347576 0.3141001  ... 0.         0.         0.        ]
 [0.9678842  0.9662399  0.86862755 ... 0.         0.         0.        ]], [[0.01472127 0.02507995 0.03610119 ... 0.         0.         0.        ]
 [0.01701095 0.01969269 0.41007313 ... 0.         0.         0.        ]
 [0.02192506 0.01726293 0.06714806 ... 0.         0.         0.        ]
 ...
 [0.9744934  0.9762116  0.04547359 ... 0.         0.         0.        ]
 [0.97945    0.9779568  0.3695366  ... 0.         0.         0.        ]
 [0.97892284 0.9831682  0.08277131 ... 0.         0.         0.        ]], [[0.00839736 0.00525467 0.01372874 ... 0.         0.         0.        ]
 [0.00971401 0.01015925 0.01699869 ... 0.         0.         0.        ]
 [0.00966007 0.00707353 0.20932707 ... 0.         0.         0.        ]
 ...
 [0.98985445 0.99153703 0.01703041 ... 0.         0.         0.        ]
 [0.99193925 0.98798174 0.01572772 ... 0.         0.         0.        ]
 [0.9883435  0.9921968  0.18566823 ... 0.         0.         0.        ]]; 1382
2024-12-19 16:42:39,306 - 16:42:38.419; 61; 0; 751504; 1925697165621800; 1734622958419452600; 676776724; 1734622959231838900; None; None; [[0.04020798 0.0538734  0.4966591  ... 0.         0.         0.        ]
 [0.04829465 0.03988869 0.35389438 ... 0.         0.         0.        ]
 [0.04906813 0.04189046 0.76354    ... 0.         0.         0.        ]
 ...
 [0.95570725 0.9505526  0.46947667 ... 0.         0.         0.        ]
 [0.9646956  0.96347576 0.3141001  ... 0.         0.         0.        ]
 [0.9678842  0.9662399  0.86862755 ... 0.         0.         0.        ]], [[0.01472127 0.02507995 0.03610119 ... 0.         0.         0.        ]
 [0.01701095 0.01969269 0.41007313 ... 0.         0.         0.        ]
 [0.02192506 0.01726293 0.06714806 ... 0.         0.         0.        ]
 ...
 [0.9744934  0.9762116  0.04547359 ... 0.         0.         0.        ]
 [0.97945    0.9779568  0.3695366  ... 0.         0.         0.        ]
 [0.97892284 0.9831682  0.08277131 ... 0.         0.         0.        ]], [[0.00839736 0.00525467 0.01372874 ... 0.         0.         0.        ]
 [0.00971401 0.01015925 0.01699869 ... 0.         0.         0.        ]
 [0.00966007 0.00707353 0.20932707 ... 0.         0.         0.        ]
 ...
 [0.98985445 0.99153703 0.01703041 ... 0.         0.         0.        ]
 [0.99193925 0.98798174 0.01572772 ... 0.         0.         0.        ]
 [0.9883435  0.9921968  0.18566823 ... 0.         0.         0.        ]]; 1382
2024-12-19 16:42:40,211 - 16:42:39.307; 62; 0; 751504; 1925697165621800; 1734622959307662300; 689271125; 1734622960132823100; None; None; [[0.04020798 0.0538734  0.4966591  ... 0.         0.         0.        ]
 [0.04829465 0.03988869 0.35389438 ... 0.         0.         0.        ]
 [0.04906813 0.04189046 0.76354    ... 0.         0.         0.        ]
 ...
 [0.95570725 0.9505526  0.46947667 ... 0.         0.         0.        ]
 [0.9646956  0.96347576 0.3141001  ... 0.         0.         0.        ]
 [0.9678842  0.9662399  0.86862755 ... 0.         0.         0.        ]], [[0.01472127 0.02507995 0.03610119 ... 0.         0.         0.        ]
 [0.01701095 0.01969269 0.41007313 ... 0.         0.         0.        ]
 [0.02192506 0.01726293 0.06714806 ... 0.         0.         0.        ]
 ...
 [0.9744934  0.9762116  0.04547359 ... 0.         0.         0.        ]
 [0.97945    0.9779568  0.3695366  ... 0.         0.         0.        ]
 [0.97892284 0.9831682  0.08277131 ... 0.         0.         0.        ]], [[0.00839736 0.00525467 0.01372874 ... 0.         0.         0.        ]
 [0.00971401 0.01015925 0.01699869 ... 0.         0.         0.        ]
 [0.00966007 0.00707353 0.20932707 ... 0.         0.         0.        ]
 ...
 [0.98985445 0.99153703 0.01703041 ... 0.         0.         0.        ]
 [0.99193925 0.98798174 0.01572772 ... 0.         0.         0.        ]
 [0.9883435  0.9921968  0.18566823 ... 0.         0.         0.        ]]; 1382
2024-12-19 16:42:41,106 - 16:42:40.212; 63; 0; 751504; 1925697165621800; 1734622960212149500; 687694706; 1734622961040365100; None; None; [[0.04020798 0.0538734  0.4966591  ... 0.         0.         0.        ]
 [0.04829465 0.03988869 0.35389438 ... 0.         0.         0.        ]
 [0.04906813 0.04189046 0.76354    ... 0.         0.         0.        ]
 ...
 [0.95570725 0.9505526  0.46947667 ... 0.         0.         0.        ]
 [0.9646956  0.96347576 0.3141001  ... 0.         0.         0.        ]
 [0.9678842  0.9662399  0.86862755 ... 0.         0.         0.        ]], [[0.01472127 0.02507995 0.03610119 ... 0.         0.         0.        ]
 [0.01701095 0.01969269 0.41007313 ... 0.         0.         0.        ]
 [0.02192506 0.01726293 0.06714806 ... 0.         0.         0.        ]
 ...
 [0.9744934  0.9762116  0.04547359 ... 0.         0.         0.        ]
 [0.97945    0.9779568  0.3695366  ... 0.         0.         0.        ]
 [0.97892284 0.9831682  0.08277131 ... 0.         0.         0.        ]], [[0.00839736 0.00525467 0.01372874 ... 0.         0.         0.        ]
 [0.00971401 0.01015925 0.01699869 ... 0.         0.         0.        ]
 [0.00966007 0.00707353 0.20932707 ... 0.         0.         0.        ]
 ...
 [0.98985445 0.99153703 0.01703041 ... 0.         0.         0.        ]
 [0.99193925 0.98798174 0.01572772 ... 0.         0.         0.        ]
 [0.9883435  0.9921968  0.18566823 ... 0.         0.         0.        ]]; 1382
2024-12-19 16:42:41,986 - 16:42:41.108; 64; 0; 751504; 1925697165621800; 1734622961108060100; 679744856; 1734622961919201400; None; None; [[0.04020798 0.0538734  0.4966591  ... 0.         0.         0.        ]
 [0.04829465 0.03988869 0.35389438 ... 0.         0.         0.        ]
 [0.04906813 0.04189046 0.76354    ... 0.         0.         0.        ]
 ...
 [0.95570725 0.9505526  0.46947667 ... 0.         0.         0.        ]
 [0.9646956  0.96347576 0.3141001  ... 0.         0.         0.        ]
 [0.9678842  0.9662399  0.86862755 ... 0.         0.         0.        ]], [[0.01472127 0.02507995 0.03610119 ... 0.         0.         0.        ]
 [0.01701095 0.01969269 0.41007313 ... 0.         0.         0.        ]
 [0.02192506 0.01726293 0.06714806 ... 0.         0.         0.        ]
 ...
 [0.9744934  0.9762116  0.04547359 ... 0.         0.         0.        ]
 [0.97945    0.9779568  0.3695366  ... 0.         0.         0.        ]
 [0.97892284 0.9831682  0.08277131 ... 0.         0.         0.        ]], [[0.00839736 0.00525467 0.01372874 ... 0.         0.         0.        ]
 [0.00971401 0.01015925 0.01699869 ... 0.         0.         0.        ]
 [0.00966007 0.00707353 0.20932707 ... 0.         0.         0.        ]
 ...
 [0.98985445 0.99153703 0.01703041 ... 0.         0.         0.        ]
 [0.99193925 0.98798174 0.01572772 ... 0.         0.         0.        ]
 [0.9883435  0.9921968  0.18566823 ... 0.         0.         0.        ]]; 1382
2024-12-19 16:42:42,860 - 16:42:41.988; 65; 0; 751504; 1925697165621800; 1734622961988082800; 679886180; 1734622962794944300; None; None; [[0.04020798 0.0538734  0.4966591  ... 0.         0.         0.        ]
 [0.04829465 0.03988869 0.35389438 ... 0.         0.         0.        ]
 [0.04906813 0.04189046 0.76354    ... 0.         0.         0.        ]
 ...
 [0.95570725 0.9505526  0.46947667 ... 0.         0.         0.        ]
 [0.9646956  0.96347576 0.3141001  ... 0.         0.         0.        ]
 [0.9678842  0.9662399  0.86862755 ... 0.         0.         0.        ]], [[0.01472127 0.02507995 0.03610119 ... 0.         0.         0.        ]
 [0.01701095 0.01969269 0.41007313 ... 0.         0.         0.        ]
 [0.02192506 0.01726293 0.06714806 ... 0.         0.         0.        ]
 ...
 [0.9744934  0.9762116  0.04547359 ... 0.         0.         0.        ]
 [0.97945    0.9779568  0.3695366  ... 0.         0.         0.        ]
 [0.97892284 0.9831682  0.08277131 ... 0.         0.         0.        ]], [[0.00839736 0.00525467 0.01372874 ... 0.         0.         0.        ]
 [0.00971401 0.01015925 0.01699869 ... 0.         0.         0.        ]
 [0.00966007 0.00707353 0.20932707 ... 0.         0.         0.        ]
 ...
 [0.98985445 0.99153703 0.01703041 ... 0.         0.         0.        ]
 [0.99193925 0.98798174 0.01572772 ... 0.         0.         0.        ]
 [0.9883435  0.9921968  0.18566823 ... 0.         0.         0.        ]]; 1382
2024-12-19 16:42:43,751 - 16:42:42.861; 66; 0; 751504; 1925697165621800; 1734622962861604800; 677446497; 1734622963675013600; None; None; [[0.04020798 0.0538734  0.4966591  ... 0.         0.         0.        ]
 [0.04829465 0.03988869 0.35389438 ... 0.         0.         0.        ]
 [0.04906813 0.04189046 0.76354    ... 0.         0.         0.        ]
 ...
 [0.95570725 0.9505526  0.46947667 ... 0.         0.         0.        ]
 [0.9646956  0.96347576 0.3141001  ... 0.         0.         0.        ]
 [0.9678842  0.9662399  0.86862755 ... 0.         0.         0.        ]], [[0.01472127 0.02507995 0.03610119 ... 0.         0.         0.        ]
 [0.01701095 0.01969269 0.41007313 ... 0.         0.         0.        ]
 [0.02192506 0.01726293 0.06714806 ... 0.         0.         0.        ]
 ...
 [0.9744934  0.9762116  0.04547359 ... 0.         0.         0.        ]
 [0.97945    0.9779568  0.3695366  ... 0.         0.         0.        ]
 [0.97892284 0.9831682  0.08277131 ... 0.         0.         0.        ]], [[0.00839736 0.00525467 0.01372874 ... 0.         0.         0.        ]
 [0.00971401 0.01015925 0.01699869 ... 0.         0.         0.        ]
 [0.00966007 0.00707353 0.20932707 ... 0.         0.         0.        ]
 ...
 [0.98985445 0.99153703 0.01703041 ... 0.         0.         0.        ]
 [0.99193925 0.98798174 0.01572772 ... 0.         0.         0.        ]
 [0.9883435  0.9921968  0.18566823 ... 0.         0.         0.        ]]; 1382
2024-12-19 16:42:44,605 - 16:42:43.752; 67; 0; 751504; 1925697165621800; 1734622963752045300; 672165737; 1734622964550481400; None; None; [[0.04020798 0.0538734  0.4966591  ... 0.         0.         0.        ]
 [0.04829465 0.03988869 0.35389438 ... 0.         0.         0.        ]
 [0.04906813 0.04189046 0.76354    ... 0.         0.         0.        ]
 ...
 [0.95570725 0.9505526  0.46947667 ... 0.         0.         0.        ]
 [0.9646956  0.96347576 0.3141001  ... 0.         0.         0.        ]
 [0.9678842  0.9662399  0.86862755 ... 0.         0.         0.        ]], [[0.01472127 0.02507995 0.03610119 ... 0.         0.         0.        ]
 [0.01701095 0.01969269 0.41007313 ... 0.         0.         0.        ]
 [0.02192506 0.01726293 0.06714806 ... 0.         0.         0.        ]
 ...
 [0.9744934  0.9762116  0.04547359 ... 0.         0.         0.        ]
 [0.97945    0.9779568  0.3695366  ... 0.         0.         0.        ]
 [0.97892284 0.9831682  0.08277131 ... 0.         0.         0.        ]], [[0.00839736 0.00525467 0.01372874 ... 0.         0.         0.        ]
 [0.00971401 0.01015925 0.01699869 ... 0.         0.         0.        ]
 [0.00966007 0.00707353 0.20932707 ... 0.         0.         0.        ]
 ...
 [0.98985445 0.99153703 0.01703041 ... 0.         0.         0.        ]
 [0.99193925 0.98798174 0.01572772 ... 0.         0.         0.        ]
 [0.9883435  0.9921968  0.18566823 ... 0.         0.         0.        ]]; 1382
2024-12-19 16:42:45,490 - 16:42:44.606; 68; 0; 751504; 1925697165621800; 1734622964606172500; 676097547; 1734622965422158500; None; None; [[0.04020798 0.0538734  0.4966591  ... 0.         0.         0.        ]
 [0.04829465 0.03988869 0.35389438 ... 0.         0.         0.        ]
 [0.04906813 0.04189046 0.76354    ... 0.         0.         0.        ]
 ...
 [0.95570725 0.9505526  0.46947667 ... 0.         0.         0.        ]
 [0.9646956  0.96347576 0.3141001  ... 0.         0.         0.        ]
 [0.9678842  0.9662399  0.86862755 ... 0.         0.         0.        ]], [[0.01472127 0.02507995 0.03610119 ... 0.         0.         0.        ]
 [0.01701095 0.01969269 0.41007313 ... 0.         0.         0.        ]
 [0.02192506 0.01726293 0.06714806 ... 0.         0.         0.        ]
 ...
 [0.9744934  0.9762116  0.04547359 ... 0.         0.         0.        ]
 [0.97945    0.9779568  0.3695366  ... 0.         0.         0.        ]
 [0.97892284 0.9831682  0.08277131 ... 0.         0.         0.        ]], [[0.00839736 0.00525467 0.01372874 ... 0.         0.         0.        ]
 [0.00971401 0.01015925 0.01699869 ... 0.         0.         0.        ]
 [0.00966007 0.00707353 0.20932707 ... 0.         0.         0.        ]
 ...
 [0.98985445 0.99153703 0.01703041 ... 0.         0.         0.        ]
 [0.99193925 0.98798174 0.01572772 ... 0.         0.         0.        ]
 [0.9883435  0.9921968  0.18566823 ... 0.         0.         0.        ]]; 1382
2024-12-19 16:42:46,358 - 16:42:45.492; 69; 0; 751504; 1925697165621800; 1734622965492243100; 671843400; 1734622966289969200; None; None; [[0.04020798 0.0538734  0.4966591  ... 0.         0.         0.        ]
 [0.04829465 0.03988869 0.35389438 ... 0.         0.         0.        ]
 [0.04906813 0.04189046 0.76354    ... 0.         0.         0.        ]
 ...
 [0.95570725 0.9505526  0.46947667 ... 0.         0.         0.        ]
 [0.9646956  0.96347576 0.3141001  ... 0.         0.         0.        ]
 [0.9678842  0.9662399  0.86862755 ... 0.         0.         0.        ]], [[0.01472127 0.02507995 0.03610119 ... 0.         0.         0.        ]
 [0.01701095 0.01969269 0.41007313 ... 0.         0.         0.        ]
 [0.02192506 0.01726293 0.06714806 ... 0.         0.         0.        ]
 ...
 [0.9744934  0.9762116  0.04547359 ... 0.         0.         0.        ]
 [0.97945    0.9779568  0.3695366  ... 0.         0.         0.        ]
 [0.97892284 0.9831682  0.08277131 ... 0.         0.         0.        ]], [[0.00839736 0.00525467 0.01372874 ... 0.         0.         0.        ]
 [0.00971401 0.01015925 0.01699869 ... 0.         0.         0.        ]
 [0.00966007 0.00707353 0.20932707 ... 0.         0.         0.        ]
 ...
 [0.98985445 0.99153703 0.01703041 ... 0.         0.         0.        ]
 [0.99193925 0.98798174 0.01572772 ... 0.         0.         0.        ]
 [0.9883435  0.9921968  0.18566823 ... 0.         0.         0.        ]]; 1382
2024-12-19 16:42:47,242 - 16:42:46.359; 70; 0; 751504; 1925697165621800; 1734622966359136400; 677515119; 1734622967172566100; None; None; [[0.04020798 0.0538734  0.4966591  ... 0.         0.         0.        ]
 [0.04829465 0.03988869 0.35389438 ... 0.         0.         0.        ]
 [0.04906813 0.04189046 0.76354    ... 0.         0.         0.        ]
 ...
 [0.95570725 0.9505526  0.46947667 ... 0.         0.         0.        ]
 [0.9646956  0.96347576 0.3141001  ... 0.         0.         0.        ]
 [0.9678842  0.9662399  0.86862755 ... 0.         0.         0.        ]], [[0.01472127 0.02507995 0.03610119 ... 0.         0.         0.        ]
 [0.01701095 0.01969269 0.41007313 ... 0.         0.         0.        ]
 [0.02192506 0.01726293 0.06714806 ... 0.         0.         0.        ]
 ...
 [0.9744934  0.9762116  0.04547359 ... 0.         0.         0.        ]
 [0.97945    0.9779568  0.3695366  ... 0.         0.         0.        ]
 [0.97892284 0.9831682  0.08277131 ... 0.         0.         0.        ]], [[0.00839736 0.00525467 0.01372874 ... 0.         0.         0.        ]
 [0.00971401 0.01015925 0.01699869 ... 0.         0.         0.        ]
 [0.00966007 0.00707353 0.20932707 ... 0.         0.         0.        ]
 ...
 [0.98985445 0.99153703 0.01703041 ... 0.         0.         0.        ]
 [0.99193925 0.98798174 0.01572772 ... 0.         0.         0.        ]
 [0.9883435  0.9921968  0.18566823 ... 0.         0.         0.        ]]; 1382
2024-12-19 16:42:48,114 - 16:42:47.243; 71; 0; 751504; 1925697165621800; 1734622967244591100; 676603924; 1734622968048056800; None; None; [[0.04020798 0.0538734  0.4966591  ... 0.         0.         0.        ]
 [0.04829465 0.03988869 0.35389438 ... 0.         0.         0.        ]
 [0.04906813 0.04189046 0.76354    ... 0.         0.         0.        ]
 ...
 [0.95570725 0.9505526  0.46947667 ... 0.         0.         0.        ]
 [0.9646956  0.96347576 0.3141001  ... 0.         0.         0.        ]
 [0.9678842  0.9662399  0.86862755 ... 0.         0.         0.        ]], [[0.01472127 0.02507995 0.03610119 ... 0.         0.         0.        ]
 [0.01701095 0.01969269 0.41007313 ... 0.         0.         0.        ]
 [0.02192506 0.01726293 0.06714806 ... 0.         0.         0.        ]
 ...
 [0.9744934  0.9762116  0.04547359 ... 0.         0.         0.        ]
 [0.97945    0.9779568  0.3695366  ... 0.         0.         0.        ]
 [0.97892284 0.9831682  0.08277131 ... 0.         0.         0.        ]], [[0.00839736 0.00525467 0.01372874 ... 0.         0.         0.        ]
 [0.00971401 0.01015925 0.01699869 ... 0.         0.         0.        ]
 [0.00966007 0.00707353 0.20932707 ... 0.         0.         0.        ]
 ...
 [0.98985445 0.99153703 0.01703041 ... 0.         0.         0.        ]
 [0.99193925 0.98798174 0.01572772 ... 0.         0.         0.        ]
 [0.9883435  0.9921968  0.18566823 ... 0.         0.         0.        ]]; 1382
2024-12-19 16:42:49,003 - 16:42:48.115; 72; 0; 751504; 1925697165621800; 1734622968115971100; 679515371; 1734622968936083100; None; None; [[0.04020798 0.0538734  0.4966591  ... 0.         0.         0.        ]
 [0.04829465 0.03988869 0.35389438 ... 0.         0.         0.        ]
 [0.04906813 0.04189046 0.76354    ... 0.         0.         0.        ]
 ...
 [0.95570725 0.9505526  0.46947667 ... 0.         0.         0.        ]
 [0.9646956  0.96347576 0.3141001  ... 0.         0.         0.        ]
 [0.9678842  0.9662399  0.86862755 ... 0.         0.         0.        ]], [[0.01472127 0.02507995 0.03610119 ... 0.         0.         0.        ]
 [0.01701095 0.01969269 0.41007313 ... 0.         0.         0.        ]
 [0.02192506 0.01726293 0.06714806 ... 0.         0.         0.        ]
 ...
 [0.9744934  0.9762116  0.04547359 ... 0.         0.         0.        ]
 [0.97945    0.9779568  0.3695366  ... 0.         0.         0.        ]
 [0.97892284 0.9831682  0.08277131 ... 0.         0.         0.        ]], [[0.00839736 0.00525467 0.01372874 ... 0.         0.         0.        ]
 [0.00971401 0.01015925 0.01699869 ... 0.         0.         0.        ]
 [0.00966007 0.00707353 0.20932707 ... 0.         0.         0.        ]
 ...
 [0.98985445 0.99153703 0.01703041 ... 0.         0.         0.        ]
 [0.99193925 0.98798174 0.01572772 ... 0.         0.         0.        ]
 [0.9883435  0.9921968  0.18566823 ... 0.         0.         0.        ]]; 1382
2024-12-19 16:42:49,885 - 16:42:49.004; 73; 0; 751504; 1925697165621800; 1734622969004361300; 684375855; 1734622969818194000; None; None; [[0.04020798 0.0538734  0.4966591  ... 0.         0.         0.        ]
 [0.04829465 0.03988869 0.35389438 ... 0.         0.         0.        ]
 [0.04906813 0.04189046 0.76354    ... 0.         0.         0.        ]
 ...
 [0.95570725 0.9505526  0.46947667 ... 0.         0.         0.        ]
 [0.9646956  0.96347576 0.3141001  ... 0.         0.         0.        ]
 [0.9678842  0.9662399  0.86862755 ... 0.         0.         0.        ]], [[0.01472127 0.02507995 0.03610119 ... 0.         0.         0.        ]
 [0.01701095 0.01969269 0.41007313 ... 0.         0.         0.        ]
 [0.02192506 0.01726293 0.06714806 ... 0.         0.         0.        ]
 ...
 [0.9744934  0.9762116  0.04547359 ... 0.         0.         0.        ]
 [0.97945    0.9779568  0.3695366  ... 0.         0.         0.        ]
 [0.97892284 0.9831682  0.08277131 ... 0.         0.         0.        ]], [[0.00839736 0.00525467 0.01372874 ... 0.         0.         0.        ]
 [0.00971401 0.01015925 0.01699869 ... 0.         0.         0.        ]
 [0.00966007 0.00707353 0.20932707 ... 0.         0.         0.        ]
 ...
 [0.98985445 0.99153703 0.01703041 ... 0.         0.         0.        ]
 [0.99193925 0.98798174 0.01572772 ... 0.         0.         0.        ]
 [0.9883435  0.9921968  0.18566823 ... 0.         0.         0.        ]]; 1382
2024-12-19 16:42:50,761 - 16:42:49.886; 74; 0; 751504; 1925697165621800; 1734622969886193000; 684585471; 1734622970703098100; None; None; [[0.04020798 0.0538734  0.4966591  ... 0.         0.         0.        ]
 [0.04829465 0.03988869 0.35389438 ... 0.         0.         0.        ]
 [0.04906813 0.04189046 0.76354    ... 0.         0.         0.        ]
 ...
 [0.95570725 0.9505526  0.46947667 ... 0.         0.         0.        ]
 [0.9646956  0.96347576 0.3141001  ... 0.         0.         0.        ]
 [0.9678842  0.9662399  0.86862755 ... 0.         0.         0.        ]], [[0.01472127 0.02507995 0.03610119 ... 0.         0.         0.        ]
 [0.01701095 0.01969269 0.41007313 ... 0.         0.         0.        ]
 [0.02192506 0.01726293 0.06714806 ... 0.         0.         0.        ]
 ...
 [0.9744934  0.9762116  0.04547359 ... 0.         0.         0.        ]
 [0.97945    0.9779568  0.3695366  ... 0.         0.         0.        ]
 [0.97892284 0.9831682  0.08277131 ... 0.         0.         0.        ]], [[0.00839736 0.00525467 0.01372874 ... 0.         0.         0.        ]
 [0.00971401 0.01015925 0.01699869 ... 0.         0.         0.        ]
 [0.00966007 0.00707353 0.20932707 ... 0.         0.         0.        ]
 ...
 [0.98985445 0.99153703 0.01703041 ... 0.         0.         0.        ]
 [0.99193925 0.98798174 0.01572772 ... 0.         0.         0.        ]
 [0.9883435  0.9921968  0.18566823 ... 0.         0.         0.        ]]; 1382
2024-12-19 16:42:51,655 - 16:42:50.764; 75; 0; 751504; 1925697165621800; 1734622970764996800; 678370856; 1734622971581348200; None; None; [[0.04020798 0.0538734  0.4966591  ... 0.         0.         0.        ]
 [0.04829465 0.03988869 0.35389438 ... 0.         0.         0.        ]
 [0.04906813 0.04189046 0.76354    ... 0.         0.         0.        ]
 ...
 [0.95570725 0.9505526  0.46947667 ... 0.         0.         0.        ]
 [0.9646956  0.96347576 0.3141001  ... 0.         0.         0.        ]
 [0.9678842  0.9662399  0.86862755 ... 0.         0.         0.        ]], [[0.01472127 0.02507995 0.03610119 ... 0.         0.         0.        ]
 [0.01701095 0.01969269 0.41007313 ... 0.         0.         0.        ]
 [0.02192506 0.01726293 0.06714806 ... 0.         0.         0.        ]
 ...
 [0.9744934  0.9762116  0.04547359 ... 0.         0.         0.        ]
 [0.97945    0.9779568  0.3695366  ... 0.         0.         0.        ]
 [0.97892284 0.9831682  0.08277131 ... 0.         0.         0.        ]], [[0.00839736 0.00525467 0.01372874 ... 0.         0.         0.        ]
 [0.00971401 0.01015925 0.01699869 ... 0.         0.         0.        ]
 [0.00966007 0.00707353 0.20932707 ... 0.         0.         0.        ]
 ...
 [0.98985445 0.99153703 0.01703041 ... 0.         0.         0.        ]
 [0.99193925 0.98798174 0.01572772 ... 0.         0.         0.        ]
 [0.9883435  0.9921968  0.18566823 ... 0.         0.         0.        ]]; 1382
2024-12-19 16:42:52,534 - 16:42:51.656; 76; 0; 751504; 1925697165621800; 1734622971656945100; 671790295; 1734622972464612200; None; None; [[0.04020798 0.0538734  0.4966591  ... 0.         0.         0.        ]
 [0.04829465 0.03988869 0.35389438 ... 0.         0.         0.        ]
 [0.04906813 0.04189046 0.76354    ... 0.         0.         0.        ]
 ...
 [0.95570725 0.9505526  0.46947667 ... 0.         0.         0.        ]
 [0.9646956  0.96347576 0.3141001  ... 0.         0.         0.        ]
 [0.9678842  0.9662399  0.86862755 ... 0.         0.         0.        ]], [[0.01472127 0.02507995 0.03610119 ... 0.         0.         0.        ]
 [0.01701095 0.01969269 0.41007313 ... 0.         0.         0.        ]
 [0.02192506 0.01726293 0.06714806 ... 0.         0.         0.        ]
 ...
 [0.9744934  0.9762116  0.04547359 ... 0.         0.         0.        ]
 [0.97945    0.9779568  0.3695366  ... 0.         0.         0.        ]
 [0.97892284 0.9831682  0.08277131 ... 0.         0.         0.        ]], [[0.00839736 0.00525467 0.01372874 ... 0.         0.         0.        ]
 [0.00971401 0.01015925 0.01699869 ... 0.         0.         0.        ]
 [0.00966007 0.00707353 0.20932707 ... 0.         0.         0.        ]
 ...
 [0.98985445 0.99153703 0.01703041 ... 0.         0.         0.        ]
 [0.99193925 0.98798174 0.01572772 ... 0.         0.         0.        ]
 [0.9883435  0.9921968  0.18566823 ... 0.         0.         0.        ]]; 1382
2024-12-19 16:42:53,422 - 16:42:52.535; 77; 0; 751504; 1925697165621800; 1734622972535396700; 673736455; 1734622973351054700; None; None; [[0.04020798 0.0538734  0.4966591  ... 0.         0.         0.        ]
 [0.04829465 0.03988869 0.35389438 ... 0.         0.         0.        ]
 [0.04906813 0.04189046 0.76354    ... 0.         0.         0.        ]
 ...
 [0.95570725 0.9505526  0.46947667 ... 0.         0.         0.        ]
 [0.9646956  0.96347576 0.3141001  ... 0.         0.         0.        ]
 [0.9678842  0.9662399  0.86862755 ... 0.         0.         0.        ]], [[0.01472127 0.02507995 0.03610119 ... 0.         0.         0.        ]
 [0.01701095 0.01969269 0.41007313 ... 0.         0.         0.        ]
 [0.02192506 0.01726293 0.06714806 ... 0.         0.         0.        ]
 ...
 [0.9744934  0.9762116  0.04547359 ... 0.         0.         0.        ]
 [0.97945    0.9779568  0.3695366  ... 0.         0.         0.        ]
 [0.97892284 0.9831682  0.08277131 ... 0.         0.         0.        ]], [[0.00839736 0.00525467 0.01372874 ... 0.         0.         0.        ]
 [0.00971401 0.01015925 0.01699869 ... 0.         0.         0.        ]
 [0.00966007 0.00707353 0.20932707 ... 0.         0.         0.        ]
 ...
 [0.98985445 0.99153703 0.01703041 ... 0.         0.         0.        ]
 [0.99193925 0.98798174 0.01572772 ... 0.         0.         0.        ]
 [0.9883435  0.9921968  0.18566823 ... 0.         0.         0.        ]]; 1382
2024-12-19 16:42:54,302 - 16:42:53.423; 78; 0; 751504; 1925697165621800; 1734622973423738200; 679151929; 1734622974239202300; None; None; [[0.04020798 0.0538734  0.4966591  ... 0.         0.         0.        ]
 [0.04829465 0.03988869 0.35389438 ... 0.         0.         0.        ]
 [0.04906813 0.04189046 0.76354    ... 0.         0.         0.        ]
 ...
 [0.95570725 0.9505526  0.46947667 ... 0.         0.         0.        ]
 [0.9646956  0.96347576 0.3141001  ... 0.         0.         0.        ]
 [0.9678842  0.9662399  0.86862755 ... 0.         0.         0.        ]], [[0.01472127 0.02507995 0.03610119 ... 0.         0.         0.        ]
 [0.01701095 0.01969269 0.41007313 ... 0.         0.         0.        ]
 [0.02192506 0.01726293 0.06714806 ... 0.         0.         0.        ]
 ...
 [0.9744934  0.9762116  0.04547359 ... 0.         0.         0.        ]
 [0.97945    0.9779568  0.3695366  ... 0.         0.         0.        ]
 [0.97892284 0.9831682  0.08277131 ... 0.         0.         0.        ]], [[0.00839736 0.00525467 0.01372874 ... 0.         0.         0.        ]
 [0.00971401 0.01015925 0.01699869 ... 0.         0.         0.        ]
 [0.00966007 0.00707353 0.20932707 ... 0.         0.         0.        ]
 ...
 [0.98985445 0.99153703 0.01703041 ... 0.         0.         0.        ]
 [0.99193925 0.98798174 0.01572772 ... 0.         0.         0.        ]
 [0.9883435  0.9921968  0.18566823 ... 0.         0.         0.        ]]; 1382
2024-12-19 16:42:55,183 - 16:42:54.303; 79; 0; 751504; 1925697165621800; 1734622974303807200; 690034880; 1734622975118860800; None; None; [[0.04020798 0.0538734  0.4966591  ... 0.         0.         0.        ]
 [0.04829465 0.03988869 0.35389438 ... 0.         0.         0.        ]
 [0.04906813 0.04189046 0.76354    ... 0.         0.         0.        ]
 ...
 [0.95570725 0.9505526  0.46947667 ... 0.         0.         0.        ]
 [0.9646956  0.96347576 0.3141001  ... 0.         0.         0.        ]
 [0.9678842  0.9662399  0.86862755 ... 0.         0.         0.        ]], [[0.01472127 0.02507995 0.03610119 ... 0.         0.         0.        ]
 [0.01701095 0.01969269 0.41007313 ... 0.         0.         0.        ]
 [0.02192506 0.01726293 0.06714806 ... 0.         0.         0.        ]
 ...
 [0.9744934  0.9762116  0.04547359 ... 0.         0.         0.        ]
 [0.97945    0.9779568  0.3695366  ... 0.         0.         0.        ]
 [0.97892284 0.9831682  0.08277131 ... 0.         0.         0.        ]], [[0.00839736 0.00525467 0.01372874 ... 0.         0.         0.        ]
 [0.00971401 0.01015925 0.01699869 ... 0.         0.         0.        ]
 [0.00966007 0.00707353 0.20932707 ... 0.         0.         0.        ]
 ...
 [0.98985445 0.99153703 0.01703041 ... 0.         0.         0.        ]
 [0.99193925 0.98798174 0.01572772 ... 0.         0.         0.        ]
 [0.9883435  0.9921968  0.18566823 ... 0.         0.         0.        ]]; 1382
2024-12-19 16:42:56,069 - 16:42:55.184; 80; 0; 751504; 1925697165621800; 1734622975185612200; 678106607; 1734622975999109100; None; None; [[0.04020798 0.0538734  0.4966591  ... 0.         0.         0.        ]
 [0.04829465 0.03988869 0.35389438 ... 0.         0.         0.        ]
 [0.04906813 0.04189046 0.76354    ... 0.         0.         0.        ]
 ...
 [0.95570725 0.9505526  0.46947667 ... 0.         0.         0.        ]
 [0.9646956  0.96347576 0.3141001  ... 0.         0.         0.        ]
 [0.9678842  0.9662399  0.86862755 ... 0.         0.         0.        ]], [[0.01472127 0.02507995 0.03610119 ... 0.         0.         0.        ]
 [0.01701095 0.01969269 0.41007313 ... 0.         0.         0.        ]
 [0.02192506 0.01726293 0.06714806 ... 0.         0.         0.        ]
 ...
 [0.9744934  0.9762116  0.04547359 ... 0.         0.         0.        ]
 [0.97945    0.9779568  0.3695366  ... 0.         0.         0.        ]
 [0.97892284 0.9831682  0.08277131 ... 0.         0.         0.        ]], [[0.00839736 0.00525467 0.01372874 ... 0.         0.         0.        ]
 [0.00971401 0.01015925 0.01699869 ... 0.         0.         0.        ]
 [0.00966007 0.00707353 0.20932707 ... 0.         0.         0.        ]
 ...
 [0.98985445 0.99153703 0.01703041 ... 0.         0.         0.        ]
 [0.99193925 0.98798174 0.01572772 ... 0.         0.         0.        ]
 [0.9883435  0.9921968  0.18566823 ... 0.         0.         0.        ]]; 1382
2024-12-19 16:42:56,946 - 16:42:56.070; 81; 0; 751504; 1925697165621800; 1734622976070631100; 674396808; 1734622976884155200; None; None; [[0.04020798 0.0538734  0.4966591  ... 0.         0.         0.        ]
 [0.04829465 0.03988869 0.35389438 ... 0.         0.         0.        ]
 [0.04906813 0.04189046 0.76354    ... 0.         0.         0.        ]
 ...
 [0.95570725 0.9505526  0.46947667 ... 0.         0.         0.        ]
 [0.9646956  0.96347576 0.3141001  ... 0.         0.         0.        ]
 [0.9678842  0.9662399  0.86862755 ... 0.         0.         0.        ]], [[0.01472127 0.02507995 0.03610119 ... 0.         0.         0.        ]
 [0.01701095 0.01969269 0.41007313 ... 0.         0.         0.        ]
 [0.02192506 0.01726293 0.06714806 ... 0.         0.         0.        ]
 ...
 [0.9744934  0.9762116  0.04547359 ... 0.         0.         0.        ]
 [0.97945    0.9779568  0.3695366  ... 0.         0.         0.        ]
 [0.97892284 0.9831682  0.08277131 ... 0.         0.         0.        ]], [[0.00839736 0.00525467 0.01372874 ... 0.         0.         0.        ]
 [0.00971401 0.01015925 0.01699869 ... 0.         0.         0.        ]
 [0.00966007 0.00707353 0.20932707 ... 0.         0.         0.        ]
 ...
 [0.98985445 0.99153703 0.01703041 ... 0.         0.         0.        ]
 [0.99193925 0.98798174 0.01572772 ... 0.         0.         0.        ]
 [0.9883435  0.9921968  0.18566823 ... 0.         0.         0.        ]]; 1382
2024-12-19 16:42:57,830 - 16:42:56.947; 82; 0; 751504; 1925697165621800; 1734622976947978400; 678053168; 1734622977764221800; None; None; [[0.04020798 0.0538734  0.4966591  ... 0.         0.         0.        ]
 [0.04829465 0.03988869 0.35389438 ... 0.         0.         0.        ]
 [0.04906813 0.04189046 0.76354    ... 0.         0.         0.        ]
 ...
 [0.95570725 0.9505526  0.46947667 ... 0.         0.         0.        ]
 [0.9646956  0.96347576 0.3141001  ... 0.         0.         0.        ]
 [0.9678842  0.9662399  0.86862755 ... 0.         0.         0.        ]], [[0.01472127 0.02507995 0.03610119 ... 0.         0.         0.        ]
 [0.01701095 0.01969269 0.41007313 ... 0.         0.         0.        ]
 [0.02192506 0.01726293 0.06714806 ... 0.         0.         0.        ]
 ...
 [0.9744934  0.9762116  0.04547359 ... 0.         0.         0.        ]
 [0.97945    0.9779568  0.3695366  ... 0.         0.         0.        ]
 [0.97892284 0.9831682  0.08277131 ... 0.         0.         0.        ]], [[0.00839736 0.00525467 0.01372874 ... 0.         0.         0.        ]
 [0.00971401 0.01015925 0.01699869 ... 0.         0.         0.        ]
 [0.00966007 0.00707353 0.20932707 ... 0.         0.         0.        ]
 ...
 [0.98985445 0.99153703 0.01703041 ... 0.         0.         0.        ]
 [0.99193925 0.98798174 0.01572772 ... 0.         0.         0.        ]
 [0.9883435  0.9921968  0.18566823 ... 0.         0.         0.        ]]; 1382
2024-12-19 16:42:58,702 - 16:42:57.831; 83; 0; 751504; 1925697165621800; 1734622977831991100; 669893478; 1734622978630827200; None; None; [[0.04020798 0.0538734  0.4966591  ... 0.         0.         0.        ]
 [0.04829465 0.03988869 0.35389438 ... 0.         0.         0.        ]
 [0.04906813 0.04189046 0.76354    ... 0.         0.         0.        ]
 ...
 [0.95570725 0.9505526  0.46947667 ... 0.         0.         0.        ]
 [0.9646956  0.96347576 0.3141001  ... 0.         0.         0.        ]
 [0.9678842  0.9662399  0.86862755 ... 0.         0.         0.        ]], [[0.01472127 0.02507995 0.03610119 ... 0.         0.         0.        ]
 [0.01701095 0.01969269 0.41007313 ... 0.         0.         0.        ]
 [0.02192506 0.01726293 0.06714806 ... 0.         0.         0.        ]
 ...
 [0.9744934  0.9762116  0.04547359 ... 0.         0.         0.        ]
 [0.97945    0.9779568  0.3695366  ... 0.         0.         0.        ]
 [0.97892284 0.9831682  0.08277131 ... 0.         0.         0.        ]], [[0.00839736 0.00525467 0.01372874 ... 0.         0.         0.        ]
 [0.00971401 0.01015925 0.01699869 ... 0.         0.         0.        ]
 [0.00966007 0.00707353 0.20932707 ... 0.         0.         0.        ]
 ...
 [0.98985445 0.99153703 0.01703041 ... 0.         0.         0.        ]
 [0.99193925 0.98798174 0.01572772 ... 0.         0.         0.        ]
 [0.9883435  0.9921968  0.18566823 ... 0.         0.         0.        ]]; 1382
2024-12-19 16:42:59,590 - 16:42:58.703; 84; 0; 751504; 1925697165621800; 1734622978703104000; 672530211; 1734622979513553600; None; None; [[0.04020798 0.0538734  0.4966591  ... 0.         0.         0.        ]
 [0.04829465 0.03988869 0.35389438 ... 0.         0.         0.        ]
 [0.04906813 0.04189046 0.76354    ... 0.         0.         0.        ]
 ...
 [0.95570725 0.9505526  0.46947667 ... 0.         0.         0.        ]
 [0.9646956  0.96347576 0.3141001  ... 0.         0.         0.        ]
 [0.9678842  0.9662399  0.86862755 ... 0.         0.         0.        ]], [[0.01472127 0.02507995 0.03610119 ... 0.         0.         0.        ]
 [0.01701095 0.01969269 0.41007313 ... 0.         0.         0.        ]
 [0.02192506 0.01726293 0.06714806 ... 0.         0.         0.        ]
 ...
 [0.9744934  0.9762116  0.04547359 ... 0.         0.         0.        ]
 [0.97945    0.9779568  0.3695366  ... 0.         0.         0.        ]
 [0.97892284 0.9831682  0.08277131 ... 0.         0.         0.        ]], [[0.00839736 0.00525467 0.01372874 ... 0.         0.         0.        ]
 [0.00971401 0.01015925 0.01699869 ... 0.         0.         0.        ]
 [0.00966007 0.00707353 0.20932707 ... 0.         0.         0.        ]
 ...
 [0.98985445 0.99153703 0.01703041 ... 0.         0.         0.        ]
 [0.99193925 0.98798174 0.01572772 ... 0.         0.         0.        ]
 [0.9883435  0.9921968  0.18566823 ... 0.         0.         0.        ]]; 1382
2024-12-19 16:43:00,464 - 16:42:59.591; 85; 0; 751504; 1925697165621800; 1734622979591062300; 672368301; 1734622980398443400; None; None; [[0.04020798 0.0538734  0.4966591  ... 0.         0.         0.        ]
 [0.04829465 0.03988869 0.35389438 ... 0.         0.         0.        ]
 [0.04906813 0.04189046 0.76354    ... 0.         0.         0.        ]
 ...
 [0.95570725 0.9505526  0.46947667 ... 0.         0.         0.        ]
 [0.9646956  0.96347576 0.3141001  ... 0.         0.         0.        ]
 [0.9678842  0.9662399  0.86862755 ... 0.         0.         0.        ]], [[0.01472127 0.02507995 0.03610119 ... 0.         0.         0.        ]
 [0.01701095 0.01969269 0.41007313 ... 0.         0.         0.        ]
 [0.02192506 0.01726293 0.06714806 ... 0.         0.         0.        ]
 ...
 [0.9744934  0.9762116  0.04547359 ... 0.         0.         0.        ]
 [0.97945    0.9779568  0.3695366  ... 0.         0.         0.        ]
 [0.97892284 0.9831682  0.08277131 ... 0.         0.         0.        ]], [[0.00839736 0.00525467 0.01372874 ... 0.         0.         0.        ]
 [0.00971401 0.01015925 0.01699869 ... 0.         0.         0.        ]
 [0.00966007 0.00707353 0.20932707 ... 0.         0.         0.        ]
 ...
 [0.98985445 0.99153703 0.01703041 ... 0.         0.         0.        ]
 [0.99193925 0.98798174 0.01572772 ... 0.         0.         0.        ]
 [0.9883435  0.9921968  0.18566823 ... 0.         0.         0.        ]]; 1382
2024-12-19 16:43:01,372 - 16:43:00.465; 86; 0; 751504; 1925697165621800; 1734622980465269800; 687085291; 1734622981283425400; None; None; [[0.04020798 0.0538734  0.4966591  ... 0.         0.         0.        ]
 [0.04829465 0.03988869 0.35389438 ... 0.         0.         0.        ]
 [0.04906813 0.04189046 0.76354    ... 0.         0.         0.        ]
 ...
 [0.95570725 0.9505526  0.46947667 ... 0.         0.         0.        ]
 [0.9646956  0.96347576 0.3141001  ... 0.         0.         0.        ]
 [0.9678842  0.9662399  0.86862755 ... 0.         0.         0.        ]], [[0.01472127 0.02507995 0.03610119 ... 0.         0.         0.        ]
 [0.01701095 0.01969269 0.41007313 ... 0.         0.         0.        ]
 [0.02192506 0.01726293 0.06714806 ... 0.         0.         0.        ]
 ...
 [0.9744934  0.9762116  0.04547359 ... 0.         0.         0.        ]
 [0.97945    0.9779568  0.3695366  ... 0.         0.         0.        ]
 [0.97892284 0.9831682  0.08277131 ... 0.         0.         0.        ]], [[0.00839736 0.00525467 0.01372874 ... 0.         0.         0.        ]
 [0.00971401 0.01015925 0.01699869 ... 0.         0.         0.        ]
 [0.00966007 0.00707353 0.20932707 ... 0.         0.         0.        ]
 ...
 [0.98985445 0.99153703 0.01703041 ... 0.         0.         0.        ]
 [0.99193925 0.98798174 0.01572772 ... 0.         0.         0.        ]
 [0.9883435  0.9921968  0.18566823 ... 0.         0.         0.        ]]; 1382
2024-12-19 16:43:02,265 - 16:43:01.374; 87; 0; 751504; 1925697165621800; 1734622981374546800; 692064706; 1734622982199758700; None; None; [[0.04020798 0.0538734  0.4966591  ... 0.         0.         0.        ]
 [0.04829465 0.03988869 0.35389438 ... 0.         0.         0.        ]
 [0.04906813 0.04189046 0.76354    ... 0.         0.         0.        ]
 ...
 [0.95570725 0.9505526  0.46947667 ... 0.         0.         0.        ]
 [0.9646956  0.96347576 0.3141001  ... 0.         0.         0.        ]
 [0.9678842  0.9662399  0.86862755 ... 0.         0.         0.        ]], [[0.01472127 0.02507995 0.03610119 ... 0.         0.         0.        ]
 [0.01701095 0.01969269 0.41007313 ... 0.         0.         0.        ]
 [0.02192506 0.01726293 0.06714806 ... 0.         0.         0.        ]
 ...
 [0.9744934  0.9762116  0.04547359 ... 0.         0.         0.        ]
 [0.97945    0.9779568  0.3695366  ... 0.         0.         0.        ]
 [0.97892284 0.9831682  0.08277131 ... 0.         0.         0.        ]], [[0.00839736 0.00525467 0.01372874 ... 0.         0.         0.        ]
 [0.00971401 0.01015925 0.01699869 ... 0.         0.         0.        ]
 [0.00966007 0.00707353 0.20932707 ... 0.         0.         0.        ]
 ...
 [0.98985445 0.99153703 0.01703041 ... 0.         0.         0.        ]
 [0.99193925 0.98798174 0.01572772 ... 0.         0.         0.        ]
 [0.9883435  0.9921968  0.18566823 ... 0.         0.         0.        ]]; 1382
2024-12-19 16:43:03,138 - 16:43:02.266; 88; 0; 751504; 1925697165621800; 1734622982266530400; 677196660; 1734622983073917100; None; None; [[0.04020798 0.0538734  0.4966591  ... 0.         0.         0.        ]
 [0.04829465 0.03988869 0.35389438 ... 0.         0.         0.        ]
 [0.04906813 0.04189046 0.76354    ... 0.         0.         0.        ]
 ...
 [0.95570725 0.9505526  0.46947667 ... 0.         0.         0.        ]
 [0.9646956  0.96347576 0.3141001  ... 0.         0.         0.        ]
 [0.9678842  0.9662399  0.86862755 ... 0.         0.         0.        ]], [[0.01472127 0.02507995 0.03610119 ... 0.         0.         0.        ]
 [0.01701095 0.01969269 0.41007313 ... 0.         0.         0.        ]
 [0.02192506 0.01726293 0.06714806 ... 0.         0.         0.        ]
 ...
 [0.9744934  0.9762116  0.04547359 ... 0.         0.         0.        ]
 [0.97945    0.9779568  0.3695366  ... 0.         0.         0.        ]
 [0.97892284 0.9831682  0.08277131 ... 0.         0.         0.        ]], [[0.00839736 0.00525467 0.01372874 ... 0.         0.         0.        ]
 [0.00971401 0.01015925 0.01699869 ... 0.         0.         0.        ]
 [0.00966007 0.00707353 0.20932707 ... 0.         0.         0.        ]
 ...
 [0.98985445 0.99153703 0.01703041 ... 0.         0.         0.        ]
 [0.99193925 0.98798174 0.01572772 ... 0.         0.         0.        ]
 [0.9883435  0.9921968  0.18566823 ... 0.         0.         0.        ]]; 1382
2024-12-19 16:43:04,024 - 16:43:03.139; 89; 0; 751504; 1925697165621800; 1734622983139611600; 676667293; 1734622983954584000; None; None; [[0.04020798 0.0538734  0.4966591  ... 0.         0.         0.        ]
 [0.04829465 0.03988869 0.35389438 ... 0.         0.         0.        ]
 [0.04906813 0.04189046 0.76354    ... 0.         0.         0.        ]
 ...
 [0.95570725 0.9505526  0.46947667 ... 0.         0.         0.        ]
 [0.9646956  0.96347576 0.3141001  ... 0.         0.         0.        ]
 [0.9678842  0.9662399  0.86862755 ... 0.         0.         0.        ]], [[0.01472127 0.02507995 0.03610119 ... 0.         0.         0.        ]
 [0.01701095 0.01969269 0.41007313 ... 0.         0.         0.        ]
 [0.02192506 0.01726293 0.06714806 ... 0.         0.         0.        ]
 ...
 [0.9744934  0.9762116  0.04547359 ... 0.         0.         0.        ]
 [0.97945    0.9779568  0.3695366  ... 0.         0.         0.        ]
 [0.97892284 0.9831682  0.08277131 ... 0.         0.         0.        ]], [[0.00839736 0.00525467 0.01372874 ... 0.         0.         0.        ]
 [0.00971401 0.01015925 0.01699869 ... 0.         0.         0.        ]
 [0.00966007 0.00707353 0.20932707 ... 0.         0.         0.        ]
 ...
 [0.98985445 0.99153703 0.01703041 ... 0.         0.         0.        ]
 [0.99193925 0.98798174 0.01572772 ... 0.         0.         0.        ]
 [0.9883435  0.9921968  0.18566823 ... 0.         0.         0.        ]]; 1382
2024-12-19 16:43:04,907 - 16:43:04.025; 90; 0; 751504; 1925697165621800; 1734622984025080900; 680100750; 1734622984835253600; None; None; [[0.04020798 0.0538734  0.4966591  ... 0.         0.         0.        ]
 [0.04829465 0.03988869 0.35389438 ... 0.         0.         0.        ]
 [0.04906813 0.04189046 0.76354    ... 0.         0.         0.        ]
 ...
 [0.95570725 0.9505526  0.46947667 ... 0.         0.         0.        ]
 [0.9646956  0.96347576 0.3141001  ... 0.         0.         0.        ]
 [0.9678842  0.9662399  0.86862755 ... 0.         0.         0.        ]], [[0.01472127 0.02507995 0.03610119 ... 0.         0.         0.        ]
 [0.01701095 0.01969269 0.41007313 ... 0.         0.         0.        ]
 [0.02192506 0.01726293 0.06714806 ... 0.         0.         0.        ]
 ...
 [0.9744934  0.9762116  0.04547359 ... 0.         0.         0.        ]
 [0.97945    0.9779568  0.3695366  ... 0.         0.         0.        ]
 [0.97892284 0.9831682  0.08277131 ... 0.         0.         0.        ]], [[0.00839736 0.00525467 0.01372874 ... 0.         0.         0.        ]
 [0.00971401 0.01015925 0.01699869 ... 0.         0.         0.        ]
 [0.00966007 0.00707353 0.20932707 ... 0.         0.         0.        ]
 ...
 [0.98985445 0.99153703 0.01703041 ... 0.         0.         0.        ]
 [0.99193925 0.98798174 0.01572772 ... 0.         0.         0.        ]
 [0.9883435  0.9921968  0.18566823 ... 0.         0.         0.        ]]; 1382
2024-12-19 16:43:05,773 - 16:43:04.908; 91; 0; 751504; 1925697165621800; 1734622984908300900; 669553304; 1734622985711951600; None; None; [[0.04020798 0.0538734  0.4966591  ... 0.         0.         0.        ]
 [0.04829465 0.03988869 0.35389438 ... 0.         0.         0.        ]
 [0.04906813 0.04189046 0.76354    ... 0.         0.         0.        ]
 ...
 [0.95570725 0.9505526  0.46947667 ... 0.         0.         0.        ]
 [0.9646956  0.96347576 0.3141001  ... 0.         0.         0.        ]
 [0.9678842  0.9662399  0.86862755 ... 0.         0.         0.        ]], [[0.01472127 0.02507995 0.03610119 ... 0.         0.         0.        ]
 [0.01701095 0.01969269 0.41007313 ... 0.         0.         0.        ]
 [0.02192506 0.01726293 0.06714806 ... 0.         0.         0.        ]
 ...
 [0.9744934  0.9762116  0.04547359 ... 0.         0.         0.        ]
 [0.97945    0.9779568  0.3695366  ... 0.         0.         0.        ]
 [0.97892284 0.9831682  0.08277131 ... 0.         0.         0.        ]], [[0.00839736 0.00525467 0.01372874 ... 0.         0.         0.        ]
 [0.00971401 0.01015925 0.01699869 ... 0.         0.         0.        ]
 [0.00966007 0.00707353 0.20932707 ... 0.         0.         0.        ]
 ...
 [0.98985445 0.99153703 0.01703041 ... 0.         0.         0.        ]
 [0.99193925 0.98798174 0.01572772 ... 0.         0.         0.        ]
 [0.9883435  0.9921968  0.18566823 ... 0.         0.         0.        ]]; 1382
2024-12-19 16:43:06,647 - 16:43:05.774; 92; 0; 751504; 1925697165621800; 1734622985774496600; 671394843; 1734622986585071900; None; None; [[0.04020798 0.0538734  0.4966591  ... 0.         0.         0.        ]
 [0.04829465 0.03988869 0.35389438 ... 0.         0.         0.        ]
 [0.04906813 0.04189046 0.76354    ... 0.         0.         0.        ]
 ...
 [0.95570725 0.9505526  0.46947667 ... 0.         0.         0.        ]
 [0.9646956  0.96347576 0.3141001  ... 0.         0.         0.        ]
 [0.9678842  0.9662399  0.86862755 ... 0.         0.         0.        ]], [[0.01472127 0.02507995 0.03610119 ... 0.         0.         0.        ]
 [0.01701095 0.01969269 0.41007313 ... 0.         0.         0.        ]
 [0.02192506 0.01726293 0.06714806 ... 0.         0.         0.        ]
 ...
 [0.9744934  0.9762116  0.04547359 ... 0.         0.         0.        ]
 [0.97945    0.9779568  0.3695366  ... 0.         0.         0.        ]
 [0.97892284 0.9831682  0.08277131 ... 0.         0.         0.        ]], [[0.00839736 0.00525467 0.01372874 ... 0.         0.         0.        ]
 [0.00971401 0.01015925 0.01699869 ... 0.         0.         0.        ]
 [0.00966007 0.00707353 0.20932707 ... 0.         0.         0.        ]
 ...
 [0.98985445 0.99153703 0.01703041 ... 0.         0.         0.        ]
 [0.99193925 0.98798174 0.01572772 ... 0.         0.         0.        ]
 [0.9883435  0.9921968  0.18566823 ... 0.         0.         0.        ]]; 1382
2024-12-19 16:43:07,528 - 16:43:06.648; 93; 0; 751504; 1925697165621800; 1734622986648185600; 672635710; 1734622987450971200; None; None; [[0.04020798 0.0538734  0.4966591  ... 0.         0.         0.        ]
 [0.04829465 0.03988869 0.35389438 ... 0.         0.         0.        ]
 [0.04906813 0.04189046 0.76354    ... 0.         0.         0.        ]
 ...
 [0.95570725 0.9505526  0.46947667 ... 0.         0.         0.        ]
 [0.9646956  0.96347576 0.3141001  ... 0.         0.         0.        ]
 [0.9678842  0.9662399  0.86862755 ... 0.         0.         0.        ]], [[0.01472127 0.02507995 0.03610119 ... 0.         0.         0.        ]
 [0.01701095 0.01969269 0.41007313 ... 0.         0.         0.        ]
 [0.02192506 0.01726293 0.06714806 ... 0.         0.         0.        ]
 ...
 [0.9744934  0.9762116  0.04547359 ... 0.         0.         0.        ]
 [0.97945    0.9779568  0.3695366  ... 0.         0.         0.        ]
 [0.97892284 0.9831682  0.08277131 ... 0.         0.         0.        ]], [[0.00839736 0.00525467 0.01372874 ... 0.         0.         0.        ]
 [0.00971401 0.01015925 0.01699869 ... 0.         0.         0.        ]
 [0.00966007 0.00707353 0.20932707 ... 0.         0.         0.        ]
 ...
 [0.98985445 0.99153703 0.01703041 ... 0.         0.         0.        ]
 [0.99193925 0.98798174 0.01572772 ... 0.         0.         0.        ]
 [0.9883435  0.9921968  0.18566823 ... 0.         0.         0.        ]]; 1382
2024-12-19 16:43:08,423 - 16:43:07.530; 94; 0; 751504; 1925697165621800; 1734622987530821300; 681275985; 1734622988352941100; None; None; [[0.04020798 0.0538734  0.4966591  ... 0.         0.         0.        ]
 [0.04829465 0.03988869 0.35389438 ... 0.         0.         0.        ]
 [0.04906813 0.04189046 0.76354    ... 0.         0.         0.        ]
 ...
 [0.95570725 0.9505526  0.46947667 ... 0.         0.         0.        ]
 [0.9646956  0.96347576 0.3141001  ... 0.         0.         0.        ]
 [0.9678842  0.9662399  0.86862755 ... 0.         0.         0.        ]], [[0.01472127 0.02507995 0.03610119 ... 0.         0.         0.        ]
 [0.01701095 0.01969269 0.41007313 ... 0.         0.         0.        ]
 [0.02192506 0.01726293 0.06714806 ... 0.         0.         0.        ]
 ...
 [0.9744934  0.9762116  0.04547359 ... 0.         0.         0.        ]
 [0.97945    0.9779568  0.3695366  ... 0.         0.         0.        ]
 [0.97892284 0.9831682  0.08277131 ... 0.         0.         0.        ]], [[0.00839736 0.00525467 0.01372874 ... 0.         0.         0.        ]
 [0.00971401 0.01015925 0.01699869 ... 0.         0.         0.        ]
 [0.00966007 0.00707353 0.20932707 ... 0.         0.         0.        ]
 ...
 [0.98985445 0.99153703 0.01703041 ... 0.         0.         0.        ]
 [0.99193925 0.98798174 0.01572772 ... 0.         0.         0.        ]
 [0.9883435  0.9921968  0.18566823 ... 0.         0.         0.        ]]; 1382
2024-12-19 16:43:09,327 - 16:43:08.426; 95; 0; 751504; 1925697165621800; 1734622988426437600; 688237617; 1734622989251725100; None; None; [[0.04020798 0.0538734  0.4966591  ... 0.         0.         0.        ]
 [0.04829465 0.03988869 0.35389438 ... 0.         0.         0.        ]
 [0.04906813 0.04189046 0.76354    ... 0.         0.         0.        ]
 ...
 [0.95570725 0.9505526  0.46947667 ... 0.         0.         0.        ]
 [0.9646956  0.96347576 0.3141001  ... 0.         0.         0.        ]
 [0.9678842  0.9662399  0.86862755 ... 0.         0.         0.        ]], [[0.01472127 0.02507995 0.03610119 ... 0.         0.         0.        ]
 [0.01701095 0.01969269 0.41007313 ... 0.         0.         0.        ]
 [0.02192506 0.01726293 0.06714806 ... 0.         0.         0.        ]
 ...
 [0.9744934  0.9762116  0.04547359 ... 0.         0.         0.        ]
 [0.97945    0.9779568  0.3695366  ... 0.         0.         0.        ]
 [0.97892284 0.9831682  0.08277131 ... 0.         0.         0.        ]], [[0.00839736 0.00525467 0.01372874 ... 0.         0.         0.        ]
 [0.00971401 0.01015925 0.01699869 ... 0.         0.         0.        ]
 [0.00966007 0.00707353 0.20932707 ... 0.         0.         0.        ]
 ...
 [0.98985445 0.99153703 0.01703041 ... 0.         0.         0.        ]
 [0.99193925 0.98798174 0.01572772 ... 0.         0.         0.        ]
 [0.9883435  0.9921968  0.18566823 ... 0.         0.         0.        ]]; 1382
2024-12-19 16:43:10,219 - 16:43:09.329; 96; 0; 751504; 1925697165621800; 1734622989329182200; 680602038; 1734622990148402400; None; None; [[0.04020798 0.0538734  0.4966591  ... 0.         0.         0.        ]
 [0.04829465 0.03988869 0.35389438 ... 0.         0.         0.        ]
 [0.04906813 0.04189046 0.76354    ... 0.         0.         0.        ]
 ...
 [0.95570725 0.9505526  0.46947667 ... 0.         0.         0.        ]
 [0.9646956  0.96347576 0.3141001  ... 0.         0.         0.        ]
 [0.9678842  0.9662399  0.86862755 ... 0.         0.         0.        ]], [[0.01472127 0.02507995 0.03610119 ... 0.         0.         0.        ]
 [0.01701095 0.01969269 0.41007313 ... 0.         0.         0.        ]
 [0.02192506 0.01726293 0.06714806 ... 0.         0.         0.        ]
 ...
 [0.9744934  0.9762116  0.04547359 ... 0.         0.         0.        ]
 [0.97945    0.9779568  0.3695366  ... 0.         0.         0.        ]
 [0.97892284 0.9831682  0.08277131 ... 0.         0.         0.        ]], [[0.00839736 0.00525467 0.01372874 ... 0.         0.         0.        ]
 [0.00971401 0.01015925 0.01699869 ... 0.         0.         0.        ]
 [0.00966007 0.00707353 0.20932707 ... 0.         0.         0.        ]
 ...
 [0.98985445 0.99153703 0.01703041 ... 0.         0.         0.        ]
 [0.99193925 0.98798174 0.01572772 ... 0.         0.         0.        ]
 [0.9883435  0.9921968  0.18566823 ... 0.         0.         0.        ]]; 1382
2024-12-19 16:43:11,099 - 16:43:10.219; 97; 0; 751504; 1925697165621800; 1734622990219351400; 681238183; 1734622991031996400; None; None; [[0.04020798 0.0538734  0.4966591  ... 0.         0.         0.        ]
 [0.04829465 0.03988869 0.35389438 ... 0.         0.         0.        ]
 [0.04906813 0.04189046 0.76354    ... 0.         0.         0.        ]
 ...
 [0.95570725 0.9505526  0.46947667 ... 0.         0.         0.        ]
 [0.9646956  0.96347576 0.3141001  ... 0.         0.         0.        ]
 [0.9678842  0.9662399  0.86862755 ... 0.         0.         0.        ]], [[0.01472127 0.02507995 0.03610119 ... 0.         0.         0.        ]
 [0.01701095 0.01969269 0.41007313 ... 0.         0.         0.        ]
 [0.02192506 0.01726293 0.06714806 ... 0.         0.         0.        ]
 ...
 [0.9744934  0.9762116  0.04547359 ... 0.         0.         0.        ]
 [0.97945    0.9779568  0.3695366  ... 0.         0.         0.        ]
 [0.97892284 0.9831682  0.08277131 ... 0.         0.         0.        ]], [[0.00839736 0.00525467 0.01372874 ... 0.         0.         0.        ]
 [0.00971401 0.01015925 0.01699869 ... 0.         0.         0.        ]
 [0.00966007 0.00707353 0.20932707 ... 0.         0.         0.        ]
 ...
 [0.98985445 0.99153703 0.01703041 ... 0.         0.         0.        ]
 [0.99193925 0.98798174 0.01572772 ... 0.         0.         0.        ]
 [0.9883435  0.9921968  0.18566823 ... 0.         0.         0.        ]]; 1382
2024-12-19 16:43:11,988 - 16:43:11.100; 98; 0; 751504; 1925697165621800; 1734622991100157100; 680937289; 1734622991920092400; None; None; [[0.04020798 0.0538734  0.4966591  ... 0.         0.         0.        ]
 [0.04829465 0.03988869 0.35389438 ... 0.         0.         0.        ]
 [0.04906813 0.04189046 0.76354    ... 0.         0.         0.        ]
 ...
 [0.95570725 0.9505526  0.46947667 ... 0.         0.         0.        ]
 [0.9646956  0.96347576 0.3141001  ... 0.         0.         0.        ]
 [0.9678842  0.9662399  0.86862755 ... 0.         0.         0.        ]], [[0.01472127 0.02507995 0.03610119 ... 0.         0.         0.        ]
 [0.01701095 0.01969269 0.41007313 ... 0.         0.         0.        ]
 [0.02192506 0.01726293 0.06714806 ... 0.         0.         0.        ]
 ...
 [0.9744934  0.9762116  0.04547359 ... 0.         0.         0.        ]
 [0.97945    0.9779568  0.3695366  ... 0.         0.         0.        ]
 [0.97892284 0.9831682  0.08277131 ... 0.         0.         0.        ]], [[0.00839736 0.00525467 0.01372874 ... 0.         0.         0.        ]
 [0.00971401 0.01015925 0.01699869 ... 0.         0.         0.        ]
 [0.00966007 0.00707353 0.20932707 ... 0.         0.         0.        ]
 ...
 [0.98985445 0.99153703 0.01703041 ... 0.         0.         0.        ]
 [0.99193925 0.98798174 0.01572772 ... 0.         0.         0.        ]
 [0.9883435  0.9921968  0.18566823 ... 0.         0.         0.        ]]; 1382
2024-12-19 16:43:12,861 - 16:43:11.990; 99; 0; 751504; 1925697165621800; 1734622991990165200; 673978922; 1734622992795786500; None; None; [[0.04020798 0.0538734  0.4966591  ... 0.         0.         0.        ]
 [0.04829465 0.03988869 0.35389438 ... 0.         0.         0.        ]
 [0.04906813 0.04189046 0.76354    ... 0.         0.         0.        ]
 ...
 [0.95570725 0.9505526  0.46947667 ... 0.         0.         0.        ]
 [0.9646956  0.96347576 0.3141001  ... 0.         0.         0.        ]
 [0.9678842  0.9662399  0.86862755 ... 0.         0.         0.        ]], [[0.01472127 0.02507995 0.03610119 ... 0.         0.         0.        ]
 [0.01701095 0.01969269 0.41007313 ... 0.         0.         0.        ]
 [0.02192506 0.01726293 0.06714806 ... 0.         0.         0.        ]
 ...
 [0.9744934  0.9762116  0.04547359 ... 0.         0.         0.        ]
 [0.97945    0.9779568  0.3695366  ... 0.         0.         0.        ]
 [0.97892284 0.9831682  0.08277131 ... 0.         0.         0.        ]], [[0.00839736 0.00525467 0.01372874 ... 0.         0.         0.        ]
 [0.00971401 0.01015925 0.01699869 ... 0.         0.         0.        ]
 [0.00966007 0.00707353 0.20932707 ... 0.         0.         0.        ]
 ...
 [0.98985445 0.99153703 0.01703041 ... 0.         0.         0.        ]
 [0.99193925 0.98798174 0.01572772 ... 0.         0.         0.        ]
 [0.9883435  0.9921968  0.18566823 ... 0.         0.         0.        ]]; 1382
2024-12-19 16:43:13,736 - 16:43:12.862; 100; 0; 751504; 1925697165621800; 1734622992862969300; 675436303; 1734622993668037400; None; None; [[0.04020798 0.0538734  0.4966591  ... 0.         0.         0.        ]
 [0.04829465 0.03988869 0.35389438 ... 0.         0.         0.        ]
 [0.04906813 0.04189046 0.76354    ... 0.         0.         0.        ]
 ...
 [0.95570725 0.9505526  0.46947667 ... 0.         0.         0.        ]
 [0.9646956  0.96347576 0.3141001  ... 0.         0.         0.        ]
 [0.9678842  0.9662399  0.86862755 ... 0.         0.         0.        ]], [[0.01472127 0.02507995 0.03610119 ... 0.         0.         0.        ]
 [0.01701095 0.01969269 0.41007313 ... 0.         0.         0.        ]
 [0.02192506 0.01726293 0.06714806 ... 0.         0.         0.        ]
 ...
 [0.9744934  0.9762116  0.04547359 ... 0.         0.         0.        ]
 [0.97945    0.9779568  0.3695366  ... 0.         0.         0.        ]
 [0.97892284 0.9831682  0.08277131 ... 0.         0.         0.        ]], [[0.00839736 0.00525467 0.01372874 ... 0.         0.         0.        ]
 [0.00971401 0.01015925 0.01699869 ... 0.         0.         0.        ]
 [0.00966007 0.00707353 0.20932707 ... 0.         0.         0.        ]
 ...
 [0.98985445 0.99153703 0.01703041 ... 0.         0.         0.        ]
 [0.99193925 0.98798174 0.01572772 ... 0.         0.         0.        ]
 [0.9883435  0.9921968  0.18566823 ... 0.         0.         0.        ]]; 1382
2024-12-19 17:04:15,368 - 17:04:13.024; 0; 0; 751504; 1927049240220900; 1734624253024563800; 1578660933; 1734624255284727100; None; None; [[0.04020798 0.0538734  0.4966591  ... 0.         0.         0.        ]
 [0.04829465 0.03988869 0.35389438 ... 0.         0.         0.        ]
 [0.04906813 0.04189046 0.76354    ... 0.         0.         0.        ]
 ...
 [0.95570725 0.9505526  0.46947667 ... 0.         0.         0.        ]
 [0.9646956  0.96347576 0.3141001  ... 0.         0.         0.        ]
 [0.9678842  0.9662399  0.86862755 ... 0.         0.         0.        ]], [[0.01472127 0.02507995 0.03610119 ... 0.         0.         0.        ]
 [0.01701095 0.01969269 0.41007313 ... 0.         0.         0.        ]
 [0.02192506 0.01726293 0.06714806 ... 0.         0.         0.        ]
 ...
 [0.9744934  0.9762116  0.04547359 ... 0.         0.         0.        ]
 [0.97945    0.9779568  0.3695366  ... 0.         0.         0.        ]
 [0.97892284 0.9831682  0.08277131 ... 0.         0.         0.        ]], [[0.00839736 0.00525467 0.01372874 ... 0.         0.         0.        ]
 [0.00971401 0.01015925 0.01699869 ... 0.         0.         0.        ]
 [0.00966007 0.00707353 0.20932707 ... 0.         0.         0.        ]
 ...
 [0.98985445 0.99153703 0.01703041 ... 0.         0.         0.        ]
 [0.99193925 0.98798174 0.01572772 ... 0.         0.         0.        ]
 [0.9883435  0.9921968  0.18566823 ... 0.         0.         0.        ]]; 1382
2024-12-19 17:04:16,529 - 17:04:15.369; 1; 0; 751504; 1927049240220900; 1734624255369850000; 956404484; 1734624256453888200; None; None; [[0.04020798 0.0538734  0.4966591  ... 0.         0.         0.        ]
 [0.04829465 0.03988869 0.35389438 ... 0.         0.         0.        ]
 [0.04906813 0.04189046 0.76354    ... 0.         0.         0.        ]
 ...
 [0.95570725 0.9505526  0.46947667 ... 0.         0.         0.        ]
 [0.9646956  0.96347576 0.3141001  ... 0.         0.         0.        ]
 [0.9678842  0.9662399  0.86862755 ... 0.         0.         0.        ]], [[0.01472127 0.02507995 0.03610119 ... 0.         0.         0.        ]
 [0.01701095 0.01969269 0.41007313 ... 0.         0.         0.        ]
 [0.02192506 0.01726293 0.06714806 ... 0.         0.         0.        ]
 ...
 [0.9744934  0.9762116  0.04547359 ... 0.         0.         0.        ]
 [0.97945    0.9779568  0.3695366  ... 0.         0.         0.        ]
 [0.97892284 0.9831682  0.08277131 ... 0.         0.         0.        ]], [[0.00839736 0.00525467 0.01372874 ... 0.         0.         0.        ]
 [0.00971401 0.01015925 0.01699869 ... 0.         0.         0.        ]
 [0.00966007 0.00707353 0.20932707 ... 0.         0.         0.        ]
 ...
 [0.98985445 0.99153703 0.01703041 ... 0.         0.         0.        ]
 [0.99193925 0.98798174 0.01572772 ... 0.         0.         0.        ]
 [0.9883435  0.9921968  0.18566823 ... 0.         0.         0.        ]]; 1382
2024-12-19 17:04:17,597 - 17:04:16.529; 2; 0; 751504; 1927049240220900; 1734624256529958400; 863567032; 1734624257523273000; None; None; [[0.04020798 0.0538734  0.4966591  ... 0.         0.         0.        ]
 [0.04829465 0.03988869 0.35389438 ... 0.         0.         0.        ]
 [0.04906813 0.04189046 0.76354    ... 0.         0.         0.        ]
 ...
 [0.95570725 0.9505526  0.46947667 ... 0.         0.         0.        ]
 [0.9646956  0.96347576 0.3141001  ... 0.         0.         0.        ]
 [0.9678842  0.9662399  0.86862755 ... 0.         0.         0.        ]], [[0.01472127 0.02507995 0.03610119 ... 0.         0.         0.        ]
 [0.01701095 0.01969269 0.41007313 ... 0.         0.         0.        ]
 [0.02192506 0.01726293 0.06714806 ... 0.         0.         0.        ]
 ...
 [0.9744934  0.9762116  0.04547359 ... 0.         0.         0.        ]
 [0.97945    0.9779568  0.3695366  ... 0.         0.         0.        ]
 [0.97892284 0.9831682  0.08277131 ... 0.         0.         0.        ]], [[0.00839736 0.00525467 0.01372874 ... 0.         0.         0.        ]
 [0.00971401 0.01015925 0.01699869 ... 0.         0.         0.        ]
 [0.00966007 0.00707353 0.20932707 ... 0.         0.         0.        ]
 ...
 [0.98985445 0.99153703 0.01703041 ... 0.         0.         0.        ]
 [0.99193925 0.98798174 0.01572772 ... 0.         0.         0.        ]
 [0.9883435  0.9921968  0.18566823 ... 0.         0.         0.        ]]; 1382
2024-12-19 17:04:18,667 - 17:04:17.597; 3; 0; 751504; 1927049240220900; 1734624257597516000; 865910062; 1734624258598183000; None; None; [[0.04020798 0.0538734  0.4966591  ... 0.         0.         0.        ]
 [0.04829465 0.03988869 0.35389438 ... 0.         0.         0.        ]
 [0.04906813 0.04189046 0.76354    ... 0.         0.         0.        ]
 ...
 [0.95570725 0.9505526  0.46947667 ... 0.         0.         0.        ]
 [0.9646956  0.96347576 0.3141001  ... 0.         0.         0.        ]
 [0.9678842  0.9662399  0.86862755 ... 0.         0.         0.        ]], [[0.01472127 0.02507995 0.03610119 ... 0.         0.         0.        ]
 [0.01701095 0.01969269 0.41007313 ... 0.         0.         0.        ]
 [0.02192506 0.01726293 0.06714806 ... 0.         0.         0.        ]
 ...
 [0.9744934  0.9762116  0.04547359 ... 0.         0.         0.        ]
 [0.97945    0.9779568  0.3695366  ... 0.         0.         0.        ]
 [0.97892284 0.9831682  0.08277131 ... 0.         0.         0.        ]], [[0.00839736 0.00525467 0.01372874 ... 0.         0.         0.        ]
 [0.00971401 0.01015925 0.01699869 ... 0.         0.         0.        ]
 [0.00966007 0.00707353 0.20932707 ... 0.         0.         0.        ]
 ...
 [0.98985445 0.99153703 0.01703041 ... 0.         0.         0.        ]
 [0.99193925 0.98798174 0.01572772 ... 0.         0.         0.        ]
 [0.9883435  0.9921968  0.18566823 ... 0.         0.         0.        ]]; 1382
2024-12-19 17:04:19,720 - 17:04:18.668; 4; 0; 751504; 1927049240220900; 1734624258668495500; 867725042; 1734624259663496100; None; None; [[0.04020798 0.0538734  0.4966591  ... 0.         0.         0.        ]
 [0.04829465 0.03988869 0.35389438 ... 0.         0.         0.        ]
 [0.04906813 0.04189046 0.76354    ... 0.         0.         0.        ]
 ...
 [0.95570725 0.9505526  0.46947667 ... 0.         0.         0.        ]
 [0.9646956  0.96347576 0.3141001  ... 0.         0.         0.        ]
 [0.9678842  0.9662399  0.86862755 ... 0.         0.         0.        ]], [[0.01472127 0.02507995 0.03610119 ... 0.         0.         0.        ]
 [0.01701095 0.01969269 0.41007313 ... 0.         0.         0.        ]
 [0.02192506 0.01726293 0.06714806 ... 0.         0.         0.        ]
 ...
 [0.9744934  0.9762116  0.04547359 ... 0.         0.         0.        ]
 [0.97945    0.9779568  0.3695366  ... 0.         0.         0.        ]
 [0.97892284 0.9831682  0.08277131 ... 0.         0.         0.        ]], [[0.00839736 0.00525467 0.01372874 ... 0.         0.         0.        ]
 [0.00971401 0.01015925 0.01699869 ... 0.         0.         0.        ]
 [0.00966007 0.00707353 0.20932707 ... 0.         0.         0.        ]
 ...
 [0.98985445 0.99153703 0.01703041 ... 0.         0.         0.        ]
 [0.99193925 0.98798174 0.01572772 ... 0.         0.         0.        ]
 [0.9883435  0.9921968  0.18566823 ... 0.         0.         0.        ]]; 1382
2024-12-19 17:04:20,886 - 17:04:19.721; 5; 0; 751504; 1927049240220900; 1734624259721957300; 958961733; 1734624260815169000; None; None; [[0.04020798 0.0538734  0.4966591  ... 0.         0.         0.        ]
 [0.04829465 0.03988869 0.35389438 ... 0.         0.         0.        ]
 [0.04906813 0.04189046 0.76354    ... 0.         0.         0.        ]
 ...
 [0.95570725 0.9505526  0.46947667 ... 0.         0.         0.        ]
 [0.9646956  0.96347576 0.3141001  ... 0.         0.         0.        ]
 [0.9678842  0.9662399  0.86862755 ... 0.         0.         0.        ]], [[0.01472127 0.02507995 0.03610119 ... 0.         0.         0.        ]
 [0.01701095 0.01969269 0.41007313 ... 0.         0.         0.        ]
 [0.02192506 0.01726293 0.06714806 ... 0.         0.         0.        ]
 ...
 [0.9744934  0.9762116  0.04547359 ... 0.         0.         0.        ]
 [0.97945    0.9779568  0.3695366  ... 0.         0.         0.        ]
 [0.97892284 0.9831682  0.08277131 ... 0.         0.         0.        ]], [[0.00839736 0.00525467 0.01372874 ... 0.         0.         0.        ]
 [0.00971401 0.01015925 0.01699869 ... 0.         0.         0.        ]
 [0.00966007 0.00707353 0.20932707 ... 0.         0.         0.        ]
 ...
 [0.98985445 0.99153703 0.01703041 ... 0.         0.         0.        ]
 [0.99193925 0.98798174 0.01572772 ... 0.         0.         0.        ]
 [0.9883435  0.9921968  0.18566823 ... 0.         0.         0.        ]]; 1382
2024-12-19 17:04:22,009 - 17:04:20.887; 6; 0; 751504; 1927049240220900; 1734624260887525900; 911988879; 1734624261940394300; None; None; [[0.04020798 0.0538734  0.4966591  ... 0.         0.         0.        ]
 [0.04829465 0.03988869 0.35389438 ... 0.         0.         0.        ]
 [0.04906813 0.04189046 0.76354    ... 0.         0.         0.        ]
 ...
 [0.95570725 0.9505526  0.46947667 ... 0.         0.         0.        ]
 [0.9646956  0.96347576 0.3141001  ... 0.         0.         0.        ]
 [0.9678842  0.9662399  0.86862755 ... 0.         0.         0.        ]], [[0.01472127 0.02507995 0.03610119 ... 0.         0.         0.        ]
 [0.01701095 0.01969269 0.41007313 ... 0.         0.         0.        ]
 [0.02192506 0.01726293 0.06714806 ... 0.         0.         0.        ]
 ...
 [0.9744934  0.9762116  0.04547359 ... 0.         0.         0.        ]
 [0.97945    0.9779568  0.3695366  ... 0.         0.         0.        ]
 [0.97892284 0.9831682  0.08277131 ... 0.         0.         0.        ]], [[0.00839736 0.00525467 0.01372874 ... 0.         0.         0.        ]
 [0.00971401 0.01015925 0.01699869 ... 0.         0.         0.        ]
 [0.00966007 0.00707353 0.20932707 ... 0.         0.         0.        ]
 ...
 [0.98985445 0.99153703 0.01703041 ... 0.         0.         0.        ]
 [0.99193925 0.98798174 0.01572772 ... 0.         0.         0.        ]
 [0.9883435  0.9921968  0.18566823 ... 0.         0.         0.        ]]; 1382
2024-12-19 17:04:23,134 - 17:04:22.011; 7; 0; 751504; 1927049240220900; 1734624262011181800; 924341921; 1734624263067702000; None; None; [[0.04020798 0.0538734  0.4966591  ... 0.         0.         0.        ]
 [0.04829465 0.03988869 0.35389438 ... 0.         0.         0.        ]
 [0.04906813 0.04189046 0.76354    ... 0.         0.         0.        ]
 ...
 [0.95570725 0.9505526  0.46947667 ... 0.         0.         0.        ]
 [0.9646956  0.96347576 0.3141001  ... 0.         0.         0.        ]
 [0.9678842  0.9662399  0.86862755 ... 0.         0.         0.        ]], [[0.01472127 0.02507995 0.03610119 ... 0.         0.         0.        ]
 [0.01701095 0.01969269 0.41007313 ... 0.         0.         0.        ]
 [0.02192506 0.01726293 0.06714806 ... 0.         0.         0.        ]
 ...
 [0.9744934  0.9762116  0.04547359 ... 0.         0.         0.        ]
 [0.97945    0.9779568  0.3695366  ... 0.         0.         0.        ]
 [0.97892284 0.9831682  0.08277131 ... 0.         0.         0.        ]], [[0.00839736 0.00525467 0.01372874 ... 0.         0.         0.        ]
 [0.00971401 0.01015925 0.01699869 ... 0.         0.         0.        ]
 [0.00966007 0.00707353 0.20932707 ... 0.         0.         0.        ]
 ...
 [0.98985445 0.99153703 0.01703041 ... 0.         0.         0.        ]
 [0.99193925 0.98798174 0.01572772 ... 0.         0.         0.        ]
 [0.9883435  0.9921968  0.18566823 ... 0.         0.         0.        ]]; 1382
2024-12-19 17:04:24,218 - 17:04:23.135; 8; 0; 751504; 1927049240220900; 1734624263135177700; 883367262; 1734624264149161700; None; None; [[0.04020798 0.0538734  0.4966591  ... 0.         0.         0.        ]
 [0.04829465 0.03988869 0.35389438 ... 0.         0.         0.        ]
 [0.04906813 0.04189046 0.76354    ... 0.         0.         0.        ]
 ...
 [0.95570725 0.9505526  0.46947667 ... 0.         0.         0.        ]
 [0.9646956  0.96347576 0.3141001  ... 0.         0.         0.        ]
 [0.9678842  0.9662399  0.86862755 ... 0.         0.         0.        ]], [[0.01472127 0.02507995 0.03610119 ... 0.         0.         0.        ]
 [0.01701095 0.01969269 0.41007313 ... 0.         0.         0.        ]
 [0.02192506 0.01726293 0.06714806 ... 0.         0.         0.        ]
 ...
 [0.9744934  0.9762116  0.04547359 ... 0.         0.         0.        ]
 [0.97945    0.9779568  0.3695366  ... 0.         0.         0.        ]
 [0.97892284 0.9831682  0.08277131 ... 0.         0.         0.        ]], [[0.00839736 0.00525467 0.01372874 ... 0.         0.         0.        ]
 [0.00971401 0.01015925 0.01699869 ... 0.         0.         0.        ]
 [0.00966007 0.00707353 0.20932707 ... 0.         0.         0.        ]
 ...
 [0.98985445 0.99153703 0.01703041 ... 0.         0.         0.        ]
 [0.99193925 0.98798174 0.01572772 ... 0.         0.         0.        ]
 [0.9883435  0.9921968  0.18566823 ... 0.         0.         0.        ]]; 1382
2024-12-19 17:04:25,266 - 17:04:24.219; 9; 0; 751504; 1927049240220900; 1734624264219714500; 856227969; 1734624265204104600; None; None; [[0.04020798 0.0538734  0.4966591  ... 0.         0.         0.        ]
 [0.04829465 0.03988869 0.35389438 ... 0.         0.         0.        ]
 [0.04906813 0.04189046 0.76354    ... 0.         0.         0.        ]
 ...
 [0.95570725 0.9505526  0.46947667 ... 0.         0.         0.        ]
 [0.9646956  0.96347576 0.3141001  ... 0.         0.         0.        ]
 [0.9678842  0.9662399  0.86862755 ... 0.         0.         0.        ]], [[0.01472127 0.02507995 0.03610119 ... 0.         0.         0.        ]
 [0.01701095 0.01969269 0.41007313 ... 0.         0.         0.        ]
 [0.02192506 0.01726293 0.06714806 ... 0.         0.         0.        ]
 ...
 [0.9744934  0.9762116  0.04547359 ... 0.         0.         0.        ]
 [0.97945    0.9779568  0.3695366  ... 0.         0.         0.        ]
 [0.97892284 0.9831682  0.08277131 ... 0.         0.         0.        ]], [[0.00839736 0.00525467 0.01372874 ... 0.         0.         0.        ]
 [0.00971401 0.01015925 0.01699869 ... 0.         0.         0.        ]
 [0.00966007 0.00707353 0.20932707 ... 0.         0.         0.        ]
 ...
 [0.98985445 0.99153703 0.01703041 ... 0.         0.         0.        ]
 [0.99193925 0.98798174 0.01572772 ... 0.         0.         0.        ]
 [0.9883435  0.9921968  0.18566823 ... 0.         0.         0.        ]]; 1382
2024-12-19 17:04:26,382 - 17:04:25.267; 10; 0; 751504; 1927049240220900; 1734624265267459000; 892965247; 1734624266306444000; None; None; [[0.04020798 0.0538734  0.4966591  ... 0.         0.         0.        ]
 [0.04829465 0.03988869 0.35389438 ... 0.         0.         0.        ]
 [0.04906813 0.04189046 0.76354    ... 0.         0.         0.        ]
 ...
 [0.95570725 0.9505526  0.46947667 ... 0.         0.         0.        ]
 [0.9646956  0.96347576 0.3141001  ... 0.         0.         0.        ]
 [0.9678842  0.9662399  0.86862755 ... 0.         0.         0.        ]], [[0.01472127 0.02507995 0.03610119 ... 0.         0.         0.        ]
 [0.01701095 0.01969269 0.41007313 ... 0.         0.         0.        ]
 [0.02192506 0.01726293 0.06714806 ... 0.         0.         0.        ]
 ...
 [0.9744934  0.9762116  0.04547359 ... 0.         0.         0.        ]
 [0.97945    0.9779568  0.3695366  ... 0.         0.         0.        ]
 [0.97892284 0.9831682  0.08277131 ... 0.         0.         0.        ]], [[0.00839736 0.00525467 0.01372874 ... 0.         0.         0.        ]
 [0.00971401 0.01015925 0.01699869 ... 0.         0.         0.        ]
 [0.00966007 0.00707353 0.20932707 ... 0.         0.         0.        ]
 ...
 [0.98985445 0.99153703 0.01703041 ... 0.         0.         0.        ]
 [0.99193925 0.98798174 0.01572772 ... 0.         0.         0.        ]
 [0.9883435  0.9921968  0.18566823 ... 0.         0.         0.        ]]; 1382
2024-12-19 17:04:27,508 - 17:04:26.383; 11; 0; 751504; 1927049240220900; 1734624266383440700; 923727209; 1734624267440534200; None; None; [[0.04020798 0.0538734  0.4966591  ... 0.         0.         0.        ]
 [0.04829465 0.03988869 0.35389438 ... 0.         0.         0.        ]
 [0.04906813 0.04189046 0.76354    ... 0.         0.         0.        ]
 ...
 [0.95570725 0.9505526  0.46947667 ... 0.         0.         0.        ]
 [0.9646956  0.96347576 0.3141001  ... 0.         0.         0.        ]
 [0.9678842  0.9662399  0.86862755 ... 0.         0.         0.        ]], [[0.01472127 0.02507995 0.03610119 ... 0.         0.         0.        ]
 [0.01701095 0.01969269 0.41007313 ... 0.         0.         0.        ]
 [0.02192506 0.01726293 0.06714806 ... 0.         0.         0.        ]
 ...
 [0.9744934  0.9762116  0.04547359 ... 0.         0.         0.        ]
 [0.97945    0.9779568  0.3695366  ... 0.         0.         0.        ]
 [0.97892284 0.9831682  0.08277131 ... 0.         0.         0.        ]], [[0.00839736 0.00525467 0.01372874 ... 0.         0.         0.        ]
 [0.00971401 0.01015925 0.01699869 ... 0.         0.         0.        ]
 [0.00966007 0.00707353 0.20932707 ... 0.         0.         0.        ]
 ...
 [0.98985445 0.99153703 0.01703041 ... 0.         0.         0.        ]
 [0.99193925 0.98798174 0.01572772 ... 0.         0.         0.        ]
 [0.9883435  0.9921968  0.18566823 ... 0.         0.         0.        ]]; 1382
2024-12-19 17:04:28,562 - 17:04:27.509; 12; 0; 751504; 1927049240220900; 1734624267509097400; 860041479; 1734624268497815100; None; None; [[0.04020798 0.0538734  0.4966591  ... 0.         0.         0.        ]
 [0.04829465 0.03988869 0.35389438 ... 0.         0.         0.        ]
 [0.04906813 0.04189046 0.76354    ... 0.         0.         0.        ]
 ...
 [0.95570725 0.9505526  0.46947667 ... 0.         0.         0.        ]
 [0.9646956  0.96347576 0.3141001  ... 0.         0.         0.        ]
 [0.9678842  0.9662399  0.86862755 ... 0.         0.         0.        ]], [[0.01472127 0.02507995 0.03610119 ... 0.         0.         0.        ]
 [0.01701095 0.01969269 0.41007313 ... 0.         0.         0.        ]
 [0.02192506 0.01726293 0.06714806 ... 0.         0.         0.        ]
 ...
 [0.9744934  0.9762116  0.04547359 ... 0.         0.         0.        ]
 [0.97945    0.9779568  0.3695366  ... 0.         0.         0.        ]
 [0.97892284 0.9831682  0.08277131 ... 0.         0.         0.        ]], [[0.00839736 0.00525467 0.01372874 ... 0.         0.         0.        ]
 [0.00971401 0.01015925 0.01699869 ... 0.         0.         0.        ]
 [0.00966007 0.00707353 0.20932707 ... 0.         0.         0.        ]
 ...
 [0.98985445 0.99153703 0.01703041 ... 0.         0.         0.        ]
 [0.99193925 0.98798174 0.01572772 ... 0.         0.         0.        ]
 [0.9883435  0.9921968  0.18566823 ... 0.         0.         0.        ]]; 1382
2024-12-19 17:04:29,638 - 17:04:28.563; 13; 0; 751504; 1927049240220900; 1734624268563110600; 889035047; 1734624269579405700; None; None; [[0.04020798 0.0538734  0.4966591  ... 0.         0.         0.        ]
 [0.04829465 0.03988869 0.35389438 ... 0.         0.         0.        ]
 [0.04906813 0.04189046 0.76354    ... 0.         0.         0.        ]
 ...
 [0.95570725 0.9505526  0.46947667 ... 0.         0.         0.        ]
 [0.9646956  0.96347576 0.3141001  ... 0.         0.         0.        ]
 [0.9678842  0.9662399  0.86862755 ... 0.         0.         0.        ]], [[0.01472127 0.02507995 0.03610119 ... 0.         0.         0.        ]
 [0.01701095 0.01969269 0.41007313 ... 0.         0.         0.        ]
 [0.02192506 0.01726293 0.06714806 ... 0.         0.         0.        ]
 ...
 [0.9744934  0.9762116  0.04547359 ... 0.         0.         0.        ]
 [0.97945    0.9779568  0.3695366  ... 0.         0.         0.        ]
 [0.97892284 0.9831682  0.08277131 ... 0.         0.         0.        ]], [[0.00839736 0.00525467 0.01372874 ... 0.         0.         0.        ]
 [0.00971401 0.01015925 0.01699869 ... 0.         0.         0.        ]
 [0.00966007 0.00707353 0.20932707 ... 0.         0.         0.        ]
 ...
 [0.98985445 0.99153703 0.01703041 ... 0.         0.         0.        ]
 [0.99193925 0.98798174 0.01572772 ... 0.         0.         0.        ]
 [0.9883435  0.9921968  0.18566823 ... 0.         0.         0.        ]]; 1382
2024-12-19 17:04:30,761 - 17:04:29.639; 14; 0; 751504; 1927049240220900; 1734624269639362400; 920132306; 1734624270690815400; None; None; [[0.04020798 0.0538734  0.4966591  ... 0.         0.         0.        ]
 [0.04829465 0.03988869 0.35389438 ... 0.         0.         0.        ]
 [0.04906813 0.04189046 0.76354    ... 0.         0.         0.        ]
 ...
 [0.95570725 0.9505526  0.46947667 ... 0.         0.         0.        ]
 [0.9646956  0.96347576 0.3141001  ... 0.         0.         0.        ]
 [0.9678842  0.9662399  0.86862755 ... 0.         0.         0.        ]], [[0.01472127 0.02507995 0.03610119 ... 0.         0.         0.        ]
 [0.01701095 0.01969269 0.41007313 ... 0.         0.         0.        ]
 [0.02192506 0.01726293 0.06714806 ... 0.         0.         0.        ]
 ...
 [0.9744934  0.9762116  0.04547359 ... 0.         0.         0.        ]
 [0.97945    0.9779568  0.3695366  ... 0.         0.         0.        ]
 [0.97892284 0.9831682  0.08277131 ... 0.         0.         0.        ]], [[0.00839736 0.00525467 0.01372874 ... 0.         0.         0.        ]
 [0.00971401 0.01015925 0.01699869 ... 0.         0.         0.        ]
 [0.00966007 0.00707353 0.20932707 ... 0.         0.         0.        ]
 ...
 [0.98985445 0.99153703 0.01703041 ... 0.         0.         0.        ]
 [0.99193925 0.98798174 0.01572772 ... 0.         0.         0.        ]
 [0.9883435  0.9921968  0.18566823 ... 0.         0.         0.        ]]; 1382
2024-12-19 17:04:31,827 - 17:04:30.762; 15; 0; 751504; 1927049240220900; 1734624270762993100; 869543416; 1734624271761605400; None; None; [[0.04020798 0.0538734  0.4966591  ... 0.         0.         0.        ]
 [0.04829465 0.03988869 0.35389438 ... 0.         0.         0.        ]
 [0.04906813 0.04189046 0.76354    ... 0.         0.         0.        ]
 ...
 [0.95570725 0.9505526  0.46947667 ... 0.         0.         0.        ]
 [0.9646956  0.96347576 0.3141001  ... 0.         0.         0.        ]
 [0.9678842  0.9662399  0.86862755 ... 0.         0.         0.        ]], [[0.01472127 0.02507995 0.03610119 ... 0.         0.         0.        ]
 [0.01701095 0.01969269 0.41007313 ... 0.         0.         0.        ]
 [0.02192506 0.01726293 0.06714806 ... 0.         0.         0.        ]
 ...
 [0.9744934  0.9762116  0.04547359 ... 0.         0.         0.        ]
 [0.97945    0.9779568  0.3695366  ... 0.         0.         0.        ]
 [0.97892284 0.9831682  0.08277131 ... 0.         0.         0.        ]], [[0.00839736 0.00525467 0.01372874 ... 0.         0.         0.        ]
 [0.00971401 0.01015925 0.01699869 ... 0.         0.         0.        ]
 [0.00966007 0.00707353 0.20932707 ... 0.         0.         0.        ]
 ...
 [0.98985445 0.99153703 0.01703041 ... 0.         0.         0.        ]
 [0.99193925 0.98798174 0.01572772 ... 0.         0.         0.        ]
 [0.9883435  0.9921968  0.18566823 ... 0.         0.         0.        ]]; 1382
2024-12-19 17:04:32,875 - 17:04:31.829; 16; 0; 751504; 1927049240220900; 1734624271829144300; 845187496; 1734624272804433600; None; None; [[0.04020798 0.0538734  0.4966591  ... 0.         0.         0.        ]
 [0.04829465 0.03988869 0.35389438 ... 0.         0.         0.        ]
 [0.04906813 0.04189046 0.76354    ... 0.         0.         0.        ]
 ...
 [0.95570725 0.9505526  0.46947667 ... 0.         0.         0.        ]
 [0.9646956  0.96347576 0.3141001  ... 0.         0.         0.        ]
 [0.9678842  0.9662399  0.86862755 ... 0.         0.         0.        ]], [[0.01472127 0.02507995 0.03610119 ... 0.         0.         0.        ]
 [0.01701095 0.01969269 0.41007313 ... 0.         0.         0.        ]
 [0.02192506 0.01726293 0.06714806 ... 0.         0.         0.        ]
 ...
 [0.9744934  0.9762116  0.04547359 ... 0.         0.         0.        ]
 [0.97945    0.9779568  0.3695366  ... 0.         0.         0.        ]
 [0.97892284 0.9831682  0.08277131 ... 0.         0.         0.        ]], [[0.00839736 0.00525467 0.01372874 ... 0.         0.         0.        ]
 [0.00971401 0.01015925 0.01699869 ... 0.         0.         0.        ]
 [0.00966007 0.00707353 0.20932707 ... 0.         0.         0.        ]
 ...
 [0.98985445 0.99153703 0.01703041 ... 0.         0.         0.        ]
 [0.99193925 0.98798174 0.01572772 ... 0.         0.         0.        ]
 [0.9883435  0.9921968  0.18566823 ... 0.         0.         0.        ]]; 1382
2024-12-19 17:04:33,950 - 17:04:32.876; 17; 0; 751504; 1927049240220900; 1734624272877712900; 847036128; 1734624273853865200; None; None; [[0.04020798 0.0538734  0.4966591  ... 0.         0.         0.        ]
 [0.04829465 0.03988869 0.35389438 ... 0.         0.         0.        ]
 [0.04906813 0.04189046 0.76354    ... 0.         0.         0.        ]
 ...
 [0.95570725 0.9505526  0.46947667 ... 0.         0.         0.        ]
 [0.9646956  0.96347576 0.3141001  ... 0.         0.         0.        ]
 [0.9678842  0.9662399  0.86862755 ... 0.         0.         0.        ]], [[0.01472127 0.02507995 0.03610119 ... 0.         0.         0.        ]
 [0.01701095 0.01969269 0.41007313 ... 0.         0.         0.        ]
 [0.02192506 0.01726293 0.06714806 ... 0.         0.         0.        ]
 ...
 [0.9744934  0.9762116  0.04547359 ... 0.         0.         0.        ]
 [0.97945    0.9779568  0.3695366  ... 0.         0.         0.        ]
 [0.97892284 0.9831682  0.08277131 ... 0.         0.         0.        ]], [[0.00839736 0.00525467 0.01372874 ... 0.         0.         0.        ]
 [0.00971401 0.01015925 0.01699869 ... 0.         0.         0.        ]
 [0.00966007 0.00707353 0.20932707 ... 0.         0.         0.        ]
 ...
 [0.98985445 0.99153703 0.01703041 ... 0.         0.         0.        ]
 [0.99193925 0.98798174 0.01572772 ... 0.         0.         0.        ]
 [0.9883435  0.9921968  0.18566823 ... 0.         0.         0.        ]]; 1382
2024-12-19 17:04:35,030 - 17:04:33.953; 18; 0; 751504; 1927049240220900; 1734624273953557100; 868303969; 1734624274964259300; None; None; [[0.04020798 0.0538734  0.4966591  ... 0.         0.         0.        ]
 [0.04829465 0.03988869 0.35389438 ... 0.         0.         0.        ]
 [0.04906813 0.04189046 0.76354    ... 0.         0.         0.        ]
 ...
 [0.95570725 0.9505526  0.46947667 ... 0.         0.         0.        ]
 [0.9646956  0.96347576 0.3141001  ... 0.         0.         0.        ]
 [0.9678842  0.9662399  0.86862755 ... 0.         0.         0.        ]], [[0.01472127 0.02507995 0.03610119 ... 0.         0.         0.        ]
 [0.01701095 0.01969269 0.41007313 ... 0.         0.         0.        ]
 [0.02192506 0.01726293 0.06714806 ... 0.         0.         0.        ]
 ...
 [0.9744934  0.9762116  0.04547359 ... 0.         0.         0.        ]
 [0.97945    0.9779568  0.3695366  ... 0.         0.         0.        ]
 [0.97892284 0.9831682  0.08277131 ... 0.         0.         0.        ]], [[0.00839736 0.00525467 0.01372874 ... 0.         0.         0.        ]
 [0.00971401 0.01015925 0.01699869 ... 0.         0.         0.        ]
 [0.00966007 0.00707353 0.20932707 ... 0.         0.         0.        ]
 ...
 [0.98985445 0.99153703 0.01703041 ... 0.         0.         0.        ]
 [0.99193925 0.98798174 0.01572772 ... 0.         0.         0.        ]
 [0.9883435  0.9921968  0.18566823 ... 0.         0.         0.        ]]; 1382
2024-12-19 17:04:36,070 - 17:04:35.032; 19; 0; 751504; 1927049240220900; 1734624275032645400; 821600674; 1734624275991942800; None; None; [[0.04020798 0.0538734  0.4966591  ... 0.         0.         0.        ]
 [0.04829465 0.03988869 0.35389438 ... 0.         0.         0.        ]
 [0.04906813 0.04189046 0.76354    ... 0.         0.         0.        ]
 ...
 [0.95570725 0.9505526  0.46947667 ... 0.         0.         0.        ]
 [0.9646956  0.96347576 0.3141001  ... 0.         0.         0.        ]
 [0.9678842  0.9662399  0.86862755 ... 0.         0.         0.        ]], [[0.01472127 0.02507995 0.03610119 ... 0.         0.         0.        ]
 [0.01701095 0.01969269 0.41007313 ... 0.         0.         0.        ]
 [0.02192506 0.01726293 0.06714806 ... 0.         0.         0.        ]
 ...
 [0.9744934  0.9762116  0.04547359 ... 0.         0.         0.        ]
 [0.97945    0.9779568  0.3695366  ... 0.         0.         0.        ]
 [0.97892284 0.9831682  0.08277131 ... 0.         0.         0.        ]], [[0.00839736 0.00525467 0.01372874 ... 0.         0.         0.        ]
 [0.00971401 0.01015925 0.01699869 ... 0.         0.         0.        ]
 [0.00966007 0.00707353 0.20932707 ... 0.         0.         0.        ]
 ...
 [0.98985445 0.99153703 0.01703041 ... 0.         0.         0.        ]
 [0.99193925 0.98798174 0.01572772 ... 0.         0.         0.        ]
 [0.9883435  0.9921968  0.18566823 ... 0.         0.         0.        ]]; 1382
2024-12-19 17:04:37,178 - 17:04:36.072; 20; 0; 751504; 1927049240220900; 1734624276072286200; 914136274; 1734624277112333100; None; None; [[0.04020798 0.0538734  0.4966591  ... 0.         0.         0.        ]
 [0.04829465 0.03988869 0.35389438 ... 0.         0.         0.        ]
 [0.04906813 0.04189046 0.76354    ... 0.         0.         0.        ]
 ...
 [0.95570725 0.9505526  0.46947667 ... 0.         0.         0.        ]
 [0.9646956  0.96347576 0.3141001  ... 0.         0.         0.        ]
 [0.9678842  0.9662399  0.86862755 ... 0.         0.         0.        ]], [[0.01472127 0.02507995 0.03610119 ... 0.         0.         0.        ]
 [0.01701095 0.01969269 0.41007313 ... 0.         0.         0.        ]
 [0.02192506 0.01726293 0.06714806 ... 0.         0.         0.        ]
 ...
 [0.9744934  0.9762116  0.04547359 ... 0.         0.         0.        ]
 [0.97945    0.9779568  0.3695366  ... 0.         0.         0.        ]
 [0.97892284 0.9831682  0.08277131 ... 0.         0.         0.        ]], [[0.00839736 0.00525467 0.01372874 ... 0.         0.         0.        ]
 [0.00971401 0.01015925 0.01699869 ... 0.         0.         0.        ]
 [0.00966007 0.00707353 0.20932707 ... 0.         0.         0.        ]
 ...
 [0.98985445 0.99153703 0.01703041 ... 0.         0.         0.        ]
 [0.99193925 0.98798174 0.01572772 ... 0.         0.         0.        ]
 [0.9883435  0.9921968  0.18566823 ... 0.         0.         0.        ]]; 1382
2024-12-19 17:04:38,508 - 17:04:37.180; 21; 0; 751504; 1927049240220900; 1734624277180970800; 1129166422; 1734624278441223600; None; None; [[0.04020798 0.0538734  0.4966591  ... 0.         0.         0.        ]
 [0.04829465 0.03988869 0.35389438 ... 0.         0.         0.        ]
 [0.04906813 0.04189046 0.76354    ... 0.         0.         0.        ]
 ...
 [0.95570725 0.9505526  0.46947667 ... 0.         0.         0.        ]
 [0.9646956  0.96347576 0.3141001  ... 0.         0.         0.        ]
 [0.9678842  0.9662399  0.86862755 ... 0.         0.         0.        ]], [[0.01472127 0.02507995 0.03610119 ... 0.         0.         0.        ]
 [0.01701095 0.01969269 0.41007313 ... 0.         0.         0.        ]
 [0.02192506 0.01726293 0.06714806 ... 0.         0.         0.        ]
 ...
 [0.9744934  0.9762116  0.04547359 ... 0.         0.         0.        ]
 [0.97945    0.9779568  0.3695366  ... 0.         0.         0.        ]
 [0.97892284 0.9831682  0.08277131 ... 0.         0.         0.        ]], [[0.00839736 0.00525467 0.01372874 ... 0.         0.         0.        ]
 [0.00971401 0.01015925 0.01699869 ... 0.         0.         0.        ]
 [0.00966007 0.00707353 0.20932707 ... 0.         0.         0.        ]
 ...
 [0.98985445 0.99153703 0.01703041 ... 0.         0.         0.        ]
 [0.99193925 0.98798174 0.01572772 ... 0.         0.         0.        ]
 [0.9883435  0.9921968  0.18566823 ... 0.         0.         0.        ]]; 1382
2024-12-19 17:04:39,660 - 17:04:38.510; 22; 0; 751504; 1927049240220900; 1734624278510606500; 945195974; 1734624279587755900; None; None; [[0.04020798 0.0538734  0.4966591  ... 0.         0.         0.        ]
 [0.04829465 0.03988869 0.35389438 ... 0.         0.         0.        ]
 [0.04906813 0.04189046 0.76354    ... 0.         0.         0.        ]
 ...
 [0.95570725 0.9505526  0.46947667 ... 0.         0.         0.        ]
 [0.9646956  0.96347576 0.3141001  ... 0.         0.         0.        ]
 [0.9678842  0.9662399  0.86862755 ... 0.         0.         0.        ]], [[0.01472127 0.02507995 0.03610119 ... 0.         0.         0.        ]
 [0.01701095 0.01969269 0.41007313 ... 0.         0.         0.        ]
 [0.02192506 0.01726293 0.06714806 ... 0.         0.         0.        ]
 ...
 [0.9744934  0.9762116  0.04547359 ... 0.         0.         0.        ]
 [0.97945    0.9779568  0.3695366  ... 0.         0.         0.        ]
 [0.97892284 0.9831682  0.08277131 ... 0.         0.         0.        ]], [[0.00839736 0.00525467 0.01372874 ... 0.         0.         0.        ]
 [0.00971401 0.01015925 0.01699869 ... 0.         0.         0.        ]
 [0.00966007 0.00707353 0.20932707 ... 0.         0.         0.        ]
 ...
 [0.98985445 0.99153703 0.01703041 ... 0.         0.         0.        ]
 [0.99193925 0.98798174 0.01572772 ... 0.         0.         0.        ]
 [0.9883435  0.9921968  0.18566823 ... 0.         0.         0.        ]]; 1382
2024-12-19 17:04:40,807 - 17:04:39.661; 23; 0; 751504; 1927049240220900; 1734624279661128000; 946907521; 1734624280739357700; None; None; [[0.04020798 0.0538734  0.4966591  ... 0.         0.         0.        ]
 [0.04829465 0.03988869 0.35389438 ... 0.         0.         0.        ]
 [0.04906813 0.04189046 0.76354    ... 0.         0.         0.        ]
 ...
 [0.95570725 0.9505526  0.46947667 ... 0.         0.         0.        ]
 [0.9646956  0.96347576 0.3141001  ... 0.         0.         0.        ]
 [0.9678842  0.9662399  0.86862755 ... 0.         0.         0.        ]], [[0.01472127 0.02507995 0.03610119 ... 0.         0.         0.        ]
 [0.01701095 0.01969269 0.41007313 ... 0.         0.         0.        ]
 [0.02192506 0.01726293 0.06714806 ... 0.         0.         0.        ]
 ...
 [0.9744934  0.9762116  0.04547359 ... 0.         0.         0.        ]
 [0.97945    0.9779568  0.3695366  ... 0.         0.         0.        ]
 [0.97892284 0.9831682  0.08277131 ... 0.         0.         0.        ]], [[0.00839736 0.00525467 0.01372874 ... 0.         0.         0.        ]
 [0.00971401 0.01015925 0.01699869 ... 0.         0.         0.        ]
 [0.00966007 0.00707353 0.20932707 ... 0.         0.         0.        ]
 ...
 [0.98985445 0.99153703 0.01703041 ... 0.         0.         0.        ]
 [0.99193925 0.98798174 0.01572772 ... 0.         0.         0.        ]
 [0.9883435  0.9921968  0.18566823 ... 0.         0.         0.        ]]; 1382
2024-12-19 17:04:42,062 - 17:04:40.808; 24; 0; 751504; 1927049240220900; 1734624280808480100; 1045777187; 1734624281981553300; None; None; [[0.04020798 0.0538734  0.4966591  ... 0.         0.         0.        ]
 [0.04829465 0.03988869 0.35389438 ... 0.         0.         0.        ]
 [0.04906813 0.04189046 0.76354    ... 0.         0.         0.        ]
 ...
 [0.95570725 0.9505526  0.46947667 ... 0.         0.         0.        ]
 [0.9646956  0.96347576 0.3141001  ... 0.         0.         0.        ]
 [0.9678842  0.9662399  0.86862755 ... 0.         0.         0.        ]], [[0.01472127 0.02507995 0.03610119 ... 0.         0.         0.        ]
 [0.01701095 0.01969269 0.41007313 ... 0.         0.         0.        ]
 [0.02192506 0.01726293 0.06714806 ... 0.         0.         0.        ]
 ...
 [0.9744934  0.9762116  0.04547359 ... 0.         0.         0.        ]
 [0.97945    0.9779568  0.3695366  ... 0.         0.         0.        ]
 [0.97892284 0.9831682  0.08277131 ... 0.         0.         0.        ]], [[0.00839736 0.00525467 0.01372874 ... 0.         0.         0.        ]
 [0.00971401 0.01015925 0.01699869 ... 0.         0.         0.        ]
 [0.00966007 0.00707353 0.20932707 ... 0.         0.         0.        ]
 ...
 [0.98985445 0.99153703 0.01703041 ... 0.         0.         0.        ]
 [0.99193925 0.98798174 0.01572772 ... 0.         0.         0.        ]
 [0.9883435  0.9921968  0.18566823 ... 0.         0.         0.        ]]; 1382
2024-12-19 17:04:43,117 - 17:04:42.063; 25; 0; 751504; 1927049240220900; 1734624282063826300; 847112113; 1734624283040968800; None; None; [[0.04020798 0.0538734  0.4966591  ... 0.         0.         0.        ]
 [0.04829465 0.03988869 0.35389438 ... 0.         0.         0.        ]
 [0.04906813 0.04189046 0.76354    ... 0.         0.         0.        ]
 ...
 [0.95570725 0.9505526  0.46947667 ... 0.         0.         0.        ]
 [0.9646956  0.96347576 0.3141001  ... 0.         0.         0.        ]
 [0.9678842  0.9662399  0.86862755 ... 0.         0.         0.        ]], [[0.01472127 0.02507995 0.03610119 ... 0.         0.         0.        ]
 [0.01701095 0.01969269 0.41007313 ... 0.         0.         0.        ]
 [0.02192506 0.01726293 0.06714806 ... 0.         0.         0.        ]
 ...
 [0.9744934  0.9762116  0.04547359 ... 0.         0.         0.        ]
 [0.97945    0.9779568  0.3695366  ... 0.         0.         0.        ]
 [0.97892284 0.9831682  0.08277131 ... 0.         0.         0.        ]], [[0.00839736 0.00525467 0.01372874 ... 0.         0.         0.        ]
 [0.00971401 0.01015925 0.01699869 ... 0.         0.         0.        ]
 [0.00966007 0.00707353 0.20932707 ... 0.         0.         0.        ]
 ...
 [0.98985445 0.99153703 0.01703041 ... 0.         0.         0.        ]
 [0.99193925 0.98798174 0.01572772 ... 0.         0.         0.        ]
 [0.9883435  0.9921968  0.18566823 ... 0.         0.         0.        ]]; 1382
2024-12-19 17:04:44,293 - 17:04:43.119; 26; 0; 751504; 1927049240220900; 1734624283119647100; 967930726; 1734624284227587800; None; None; [[0.04020798 0.0538734  0.4966591  ... 0.         0.         0.        ]
 [0.04829465 0.03988869 0.35389438 ... 0.         0.         0.        ]
 [0.04906813 0.04189046 0.76354    ... 0.         0.         0.        ]
 ...
 [0.95570725 0.9505526  0.46947667 ... 0.         0.         0.        ]
 [0.9646956  0.96347576 0.3141001  ... 0.         0.         0.        ]
 [0.9678842  0.9662399  0.86862755 ... 0.         0.         0.        ]], [[0.01472127 0.02507995 0.03610119 ... 0.         0.         0.        ]
 [0.01701095 0.01969269 0.41007313 ... 0.         0.         0.        ]
 [0.02192506 0.01726293 0.06714806 ... 0.         0.         0.        ]
 ...
 [0.9744934  0.9762116  0.04547359 ... 0.         0.         0.        ]
 [0.97945    0.9779568  0.3695366  ... 0.         0.         0.        ]
 [0.97892284 0.9831682  0.08277131 ... 0.         0.         0.        ]], [[0.00839736 0.00525467 0.01372874 ... 0.         0.         0.        ]
 [0.00971401 0.01015925 0.01699869 ... 0.         0.         0.        ]
 [0.00966007 0.00707353 0.20932707 ... 0.         0.         0.        ]
 ...
 [0.98985445 0.99153703 0.01703041 ... 0.         0.         0.        ]
 [0.99193925 0.98798174 0.01572772 ... 0.         0.         0.        ]
 [0.9883435  0.9921968  0.18566823 ... 0.         0.         0.        ]]; 1382
2024-12-19 17:04:45,511 - 17:04:44.294; 27; 0; 751504; 1927049240220900; 1734624284294324000; 1018367539; 1734624285440723300; None; None; [[0.04020798 0.0538734  0.4966591  ... 0.         0.         0.        ]
 [0.04829465 0.03988869 0.35389438 ... 0.         0.         0.        ]
 [0.04906813 0.04189046 0.76354    ... 0.         0.         0.        ]
 ...
 [0.95570725 0.9505526  0.46947667 ... 0.         0.         0.        ]
 [0.9646956  0.96347576 0.3141001  ... 0.         0.         0.        ]
 [0.9678842  0.9662399  0.86862755 ... 0.         0.         0.        ]], [[0.01472127 0.02507995 0.03610119 ... 0.         0.         0.        ]
 [0.01701095 0.01969269 0.41007313 ... 0.         0.         0.        ]
 [0.02192506 0.01726293 0.06714806 ... 0.         0.         0.        ]
 ...
 [0.9744934  0.9762116  0.04547359 ... 0.         0.         0.        ]
 [0.97945    0.9779568  0.3695366  ... 0.         0.         0.        ]
 [0.97892284 0.9831682  0.08277131 ... 0.         0.         0.        ]], [[0.00839736 0.00525467 0.01372874 ... 0.         0.         0.        ]
 [0.00971401 0.01015925 0.01699869 ... 0.         0.         0.        ]
 [0.00966007 0.00707353 0.20932707 ... 0.         0.         0.        ]
 ...
 [0.98985445 0.99153703 0.01703041 ... 0.         0.         0.        ]
 [0.99193925 0.98798174 0.01572772 ... 0.         0.         0.        ]
 [0.9883435  0.9921968  0.18566823 ... 0.         0.         0.        ]]; 1382
2024-12-19 17:04:46,729 - 17:04:45.514; 28; 0; 751504; 1927049240220900; 1734624285514078700; 1009289341; 1734624286664095500; None; None; [[0.04020798 0.0538734  0.4966591  ... 0.         0.         0.        ]
 [0.04829465 0.03988869 0.35389438 ... 0.         0.         0.        ]
 [0.04906813 0.04189046 0.76354    ... 0.         0.         0.        ]
 ...
 [0.95570725 0.9505526  0.46947667 ... 0.         0.         0.        ]
 [0.9646956  0.96347576 0.3141001  ... 0.         0.         0.        ]
 [0.9678842  0.9662399  0.86862755 ... 0.         0.         0.        ]], [[0.01472127 0.02507995 0.03610119 ... 0.         0.         0.        ]
 [0.01701095 0.01969269 0.41007313 ... 0.         0.         0.        ]
 [0.02192506 0.01726293 0.06714806 ... 0.         0.         0.        ]
 ...
 [0.9744934  0.9762116  0.04547359 ... 0.         0.         0.        ]
 [0.97945    0.9779568  0.3695366  ... 0.         0.         0.        ]
 [0.97892284 0.9831682  0.08277131 ... 0.         0.         0.        ]], [[0.00839736 0.00525467 0.01372874 ... 0.         0.         0.        ]
 [0.00971401 0.01015925 0.01699869 ... 0.         0.         0.        ]
 [0.00966007 0.00707353 0.20932707 ... 0.         0.         0.        ]
 ...
 [0.98985445 0.99153703 0.01703041 ... 0.         0.         0.        ]
 [0.99193925 0.98798174 0.01572772 ... 0.         0.         0.        ]
 [0.9883435  0.9921968  0.18566823 ... 0.         0.         0.        ]]; 1382
2024-12-19 17:04:47,809 - 17:04:46.731; 29; 0; 751504; 1927049240220900; 1734624286731409300; 886080564; 1734624287749538700; None; None; [[0.04020798 0.0538734  0.4966591  ... 0.         0.         0.        ]
 [0.04829465 0.03988869 0.35389438 ... 0.         0.         0.        ]
 [0.04906813 0.04189046 0.76354    ... 0.         0.         0.        ]
 ...
 [0.95570725 0.9505526  0.46947667 ... 0.         0.         0.        ]
 [0.9646956  0.96347576 0.3141001  ... 0.         0.         0.        ]
 [0.9678842  0.9662399  0.86862755 ... 0.         0.         0.        ]], [[0.01472127 0.02507995 0.03610119 ... 0.         0.         0.        ]
 [0.01701095 0.01969269 0.41007313 ... 0.         0.         0.        ]
 [0.02192506 0.01726293 0.06714806 ... 0.         0.         0.        ]
 ...
 [0.9744934  0.9762116  0.04547359 ... 0.         0.         0.        ]
 [0.97945    0.9779568  0.3695366  ... 0.         0.         0.        ]
 [0.97892284 0.9831682  0.08277131 ... 0.         0.         0.        ]], [[0.00839736 0.00525467 0.01372874 ... 0.         0.         0.        ]
 [0.00971401 0.01015925 0.01699869 ... 0.         0.         0.        ]
 [0.00966007 0.00707353 0.20932707 ... 0.         0.         0.        ]
 ...
 [0.98985445 0.99153703 0.01703041 ... 0.         0.         0.        ]
 [0.99193925 0.98798174 0.01572772 ... 0.         0.         0.        ]
 [0.9883435  0.9921968  0.18566823 ... 0.         0.         0.        ]]; 1382
2024-12-19 17:04:48,971 - 17:04:47.811; 30; 0; 751504; 1927049240220900; 1734624287811418700; 961678554; 1734624288901676900; None; None; [[0.04020798 0.0538734  0.4966591  ... 0.         0.         0.        ]
 [0.04829465 0.03988869 0.35389438 ... 0.         0.         0.        ]
 [0.04906813 0.04189046 0.76354    ... 0.         0.         0.        ]
 ...
 [0.95570725 0.9505526  0.46947667 ... 0.         0.         0.        ]
 [0.9646956  0.96347576 0.3141001  ... 0.         0.         0.        ]
 [0.9678842  0.9662399  0.86862755 ... 0.         0.         0.        ]], [[0.01472127 0.02507995 0.03610119 ... 0.         0.         0.        ]
 [0.01701095 0.01969269 0.41007313 ... 0.         0.         0.        ]
 [0.02192506 0.01726293 0.06714806 ... 0.         0.         0.        ]
 ...
 [0.9744934  0.9762116  0.04547359 ... 0.         0.         0.        ]
 [0.97945    0.9779568  0.3695366  ... 0.         0.         0.        ]
 [0.97892284 0.9831682  0.08277131 ... 0.         0.         0.        ]], [[0.00839736 0.00525467 0.01372874 ... 0.         0.         0.        ]
 [0.00971401 0.01015925 0.01699869 ... 0.         0.         0.        ]
 [0.00966007 0.00707353 0.20932707 ... 0.         0.         0.        ]
 ...
 [0.98985445 0.99153703 0.01703041 ... 0.         0.         0.        ]
 [0.99193925 0.98798174 0.01572772 ... 0.         0.         0.        ]
 [0.9883435  0.9921968  0.18566823 ... 0.         0.         0.        ]]; 1382
2024-12-19 17:04:50,019 - 17:04:48.973; 31; 0; 751504; 1927049240220900; 1734624288973981600; 844296672; 1734624289957495700; None; None; [[0.04020798 0.0538734  0.4966591  ... 0.         0.         0.        ]
 [0.04829465 0.03988869 0.35389438 ... 0.         0.         0.        ]
 [0.04906813 0.04189046 0.76354    ... 0.         0.         0.        ]
 ...
 [0.95570725 0.9505526  0.46947667 ... 0.         0.         0.        ]
 [0.9646956  0.96347576 0.3141001  ... 0.         0.         0.        ]
 [0.9678842  0.9662399  0.86862755 ... 0.         0.         0.        ]], [[0.01472127 0.02507995 0.03610119 ... 0.         0.         0.        ]
 [0.01701095 0.01969269 0.41007313 ... 0.         0.         0.        ]
 [0.02192506 0.01726293 0.06714806 ... 0.         0.         0.        ]
 ...
 [0.9744934  0.9762116  0.04547359 ... 0.         0.         0.        ]
 [0.97945    0.9779568  0.3695366  ... 0.         0.         0.        ]
 [0.97892284 0.9831682  0.08277131 ... 0.         0.         0.        ]], [[0.00839736 0.00525467 0.01372874 ... 0.         0.         0.        ]
 [0.00971401 0.01015925 0.01699869 ... 0.         0.         0.        ]
 [0.00966007 0.00707353 0.20932707 ... 0.         0.         0.        ]
 ...
 [0.98985445 0.99153703 0.01703041 ... 0.         0.         0.        ]
 [0.99193925 0.98798174 0.01572772 ... 0.         0.         0.        ]
 [0.9883435  0.9921968  0.18566823 ... 0.         0.         0.        ]]; 1382
2024-12-19 17:04:51,201 - 17:04:50.020; 32; 0; 751504; 1927049240220900; 1734624290020877900; 970728078; 1734624291131877500; None; None; [[0.04020798 0.0538734  0.4966591  ... 0.         0.         0.        ]
 [0.04829465 0.03988869 0.35389438 ... 0.         0.         0.        ]
 [0.04906813 0.04189046 0.76354    ... 0.         0.         0.        ]
 ...
 [0.95570725 0.9505526  0.46947667 ... 0.         0.         0.        ]
 [0.9646956  0.96347576 0.3141001  ... 0.         0.         0.        ]
 [0.9678842  0.9662399  0.86862755 ... 0.         0.         0.        ]], [[0.01472127 0.02507995 0.03610119 ... 0.         0.         0.        ]
 [0.01701095 0.01969269 0.41007313 ... 0.         0.         0.        ]
 [0.02192506 0.01726293 0.06714806 ... 0.         0.         0.        ]
 ...
 [0.9744934  0.9762116  0.04547359 ... 0.         0.         0.        ]
 [0.97945    0.9779568  0.3695366  ... 0.         0.         0.        ]
 [0.97892284 0.9831682  0.08277131 ... 0.         0.         0.        ]], [[0.00839736 0.00525467 0.01372874 ... 0.         0.         0.        ]
 [0.00971401 0.01015925 0.01699869 ... 0.         0.         0.        ]
 [0.00966007 0.00707353 0.20932707 ... 0.         0.         0.        ]
 ...
 [0.98985445 0.99153703 0.01703041 ... 0.         0.         0.        ]
 [0.99193925 0.98798174 0.01572772 ... 0.         0.         0.        ]
 [0.9883435  0.9921968  0.18566823 ... 0.         0.         0.        ]]; 1382
2024-12-19 17:04:52,295 - 17:04:51.203; 33; 0; 751504; 1927049240220900; 1734624291203236400; 903330764; 1734624292231282600; None; None; [[0.04020798 0.0538734  0.4966591  ... 0.         0.         0.        ]
 [0.04829465 0.03988869 0.35389438 ... 0.         0.         0.        ]
 [0.04906813 0.04189046 0.76354    ... 0.         0.         0.        ]
 ...
 [0.95570725 0.9505526  0.46947667 ... 0.         0.         0.        ]
 [0.9646956  0.96347576 0.3141001  ... 0.         0.         0.        ]
 [0.9678842  0.9662399  0.86862755 ... 0.         0.         0.        ]], [[0.01472127 0.02507995 0.03610119 ... 0.         0.         0.        ]
 [0.01701095 0.01969269 0.41007313 ... 0.         0.         0.        ]
 [0.02192506 0.01726293 0.06714806 ... 0.         0.         0.        ]
 ...
 [0.9744934  0.9762116  0.04547359 ... 0.         0.         0.        ]
 [0.97945    0.9779568  0.3695366  ... 0.         0.         0.        ]
 [0.97892284 0.9831682  0.08277131 ... 0.         0.         0.        ]], [[0.00839736 0.00525467 0.01372874 ... 0.         0.         0.        ]
 [0.00971401 0.01015925 0.01699869 ... 0.         0.         0.        ]
 [0.00966007 0.00707353 0.20932707 ... 0.         0.         0.        ]
 ...
 [0.98985445 0.99153703 0.01703041 ... 0.         0.         0.        ]
 [0.99193925 0.98798174 0.01572772 ... 0.         0.         0.        ]
 [0.9883435  0.9921968  0.18566823 ... 0.         0.         0.        ]]; 1382
2024-12-19 17:04:53,332 - 17:04:52.297; 34; 0; 751504; 1927049240220900; 1734624292297402800; 836648164; 1734624293268281400; None; None; [[0.04020798 0.0538734  0.4966591  ... 0.         0.         0.        ]
 [0.04829465 0.03988869 0.35389438 ... 0.         0.         0.        ]
 [0.04906813 0.04189046 0.76354    ... 0.         0.         0.        ]
 ...
 [0.95570725 0.9505526  0.46947667 ... 0.         0.         0.        ]
 [0.9646956  0.96347576 0.3141001  ... 0.         0.         0.        ]
 [0.9678842  0.9662399  0.86862755 ... 0.         0.         0.        ]], [[0.01472127 0.02507995 0.03610119 ... 0.         0.         0.        ]
 [0.01701095 0.01969269 0.41007313 ... 0.         0.         0.        ]
 [0.02192506 0.01726293 0.06714806 ... 0.         0.         0.        ]
 ...
 [0.9744934  0.9762116  0.04547359 ... 0.         0.         0.        ]
 [0.97945    0.9779568  0.3695366  ... 0.         0.         0.        ]
 [0.97892284 0.9831682  0.08277131 ... 0.         0.         0.        ]], [[0.00839736 0.00525467 0.01372874 ... 0.         0.         0.        ]
 [0.00971401 0.01015925 0.01699869 ... 0.         0.         0.        ]
 [0.00966007 0.00707353 0.20932707 ... 0.         0.         0.        ]
 ...
 [0.98985445 0.99153703 0.01703041 ... 0.         0.         0.        ]
 [0.99193925 0.98798174 0.01572772 ... 0.         0.         0.        ]
 [0.9883435  0.9921968  0.18566823 ... 0.         0.         0.        ]]; 1382
2024-12-19 17:04:54,400 - 17:04:53.334; 35; 0; 751504; 1927049240220900; 1734624293334160600; 875834664; 1734624294337586600; None; None; [[0.04020798 0.0538734  0.4966591  ... 0.         0.         0.        ]
 [0.04829465 0.03988869 0.35389438 ... 0.         0.         0.        ]
 [0.04906813 0.04189046 0.76354    ... 0.         0.         0.        ]
 ...
 [0.95570725 0.9505526  0.46947667 ... 0.         0.         0.        ]
 [0.9646956  0.96347576 0.3141001  ... 0.         0.         0.        ]
 [0.9678842  0.9662399  0.86862755 ... 0.         0.         0.        ]], [[0.01472127 0.02507995 0.03610119 ... 0.         0.         0.        ]
 [0.01701095 0.01969269 0.41007313 ... 0.         0.         0.        ]
 [0.02192506 0.01726293 0.06714806 ... 0.         0.         0.        ]
 ...
 [0.9744934  0.9762116  0.04547359 ... 0.         0.         0.        ]
 [0.97945    0.9779568  0.3695366  ... 0.         0.         0.        ]
 [0.97892284 0.9831682  0.08277131 ... 0.         0.         0.        ]], [[0.00839736 0.00525467 0.01372874 ... 0.         0.         0.        ]
 [0.00971401 0.01015925 0.01699869 ... 0.         0.         0.        ]
 [0.00966007 0.00707353 0.20932707 ... 0.         0.         0.        ]
 ...
 [0.98985445 0.99153703 0.01703041 ... 0.         0.         0.        ]
 [0.99193925 0.98798174 0.01572772 ... 0.         0.         0.        ]
 [0.9883435  0.9921968  0.18566823 ... 0.         0.         0.        ]]; 1382
2024-12-19 17:04:55,476 - 17:04:54.401; 36; 0; 751504; 1927049240220900; 1734624294401188600; 877030342; 1734624295407317300; None; None; [[0.04020798 0.0538734  0.4966591  ... 0.         0.         0.        ]
 [0.04829465 0.03988869 0.35389438 ... 0.         0.         0.        ]
 [0.04906813 0.04189046 0.76354    ... 0.         0.         0.        ]
 ...
 [0.95570725 0.9505526  0.46947667 ... 0.         0.         0.        ]
 [0.9646956  0.96347576 0.3141001  ... 0.         0.         0.        ]
 [0.9678842  0.9662399  0.86862755 ... 0.         0.         0.        ]], [[0.01472127 0.02507995 0.03610119 ... 0.         0.         0.        ]
 [0.01701095 0.01969269 0.41007313 ... 0.         0.         0.        ]
 [0.02192506 0.01726293 0.06714806 ... 0.         0.         0.        ]
 ...
 [0.9744934  0.9762116  0.04547359 ... 0.         0.         0.        ]
 [0.97945    0.9779568  0.3695366  ... 0.         0.         0.        ]
 [0.97892284 0.9831682  0.08277131 ... 0.         0.         0.        ]], [[0.00839736 0.00525467 0.01372874 ... 0.         0.         0.        ]
 [0.00971401 0.01015925 0.01699869 ... 0.         0.         0.        ]
 [0.00966007 0.00707353 0.20932707 ... 0.         0.         0.        ]
 ...
 [0.98985445 0.99153703 0.01703041 ... 0.         0.         0.        ]
 [0.99193925 0.98798174 0.01572772 ... 0.         0.         0.        ]
 [0.9883435  0.9921968  0.18566823 ... 0.         0.         0.        ]]; 1382
2024-12-19 17:04:56,546 - 17:04:55.478; 37; 0; 751504; 1927049240220900; 1734624295478883100; 852867270; 1734624296472527900; None; None; [[0.04020798 0.0538734  0.4966591  ... 0.         0.         0.        ]
 [0.04829465 0.03988869 0.35389438 ... 0.         0.         0.        ]
 [0.04906813 0.04189046 0.76354    ... 0.         0.         0.        ]
 ...
 [0.95570725 0.9505526  0.46947667 ... 0.         0.         0.        ]
 [0.9646956  0.96347576 0.3141001  ... 0.         0.         0.        ]
 [0.9678842  0.9662399  0.86862755 ... 0.         0.         0.        ]], [[0.01472127 0.02507995 0.03610119 ... 0.         0.         0.        ]
 [0.01701095 0.01969269 0.41007313 ... 0.         0.         0.        ]
 [0.02192506 0.01726293 0.06714806 ... 0.         0.         0.        ]
 ...
 [0.9744934  0.9762116  0.04547359 ... 0.         0.         0.        ]
 [0.97945    0.9779568  0.3695366  ... 0.         0.         0.        ]
 [0.97892284 0.9831682  0.08277131 ... 0.         0.         0.        ]], [[0.00839736 0.00525467 0.01372874 ... 0.         0.         0.        ]
 [0.00971401 0.01015925 0.01699869 ... 0.         0.         0.        ]
 [0.00966007 0.00707353 0.20932707 ... 0.         0.         0.        ]
 ...
 [0.98985445 0.99153703 0.01703041 ... 0.         0.         0.        ]
 [0.99193925 0.98798174 0.01572772 ... 0.         0.         0.        ]
 [0.9883435  0.9921968  0.18566823 ... 0.         0.         0.        ]]; 1382
2024-12-20 12:28:39,070 - 12:28:38.229; 0; 0; 751504; 1996916094785600; 1734694118229087700; 0; 1734694118877895200; None; None; ; 49
2024-12-20 12:28:39,323 - 12:28:39.096; 1; 0; 751504; 0; 0; 0; 0; None; 93%; Connection lost [WinError 10053] Eine bestehende Verbindung wurde softwaregesteuert
durch den Hostcomputer abgebrochen; 168
2024-12-20 12:28:43,725 - 12:28:43.467; 1; 0; 0; 0; 0; 0; 0; None; 93%; No connection possible: [WinError 10061] Es konnte keine Verbindung hergestellt werden, da der Zielcomputer die Verbindung verweigerte; 183
2024-12-20 12:28:48,069 - 12:28:47.857; 1; 0; 0; 0; 0; 0; 0; None; 93%; No connection possible: [WinError 10061] Es konnte keine Verbindung hergestellt werden, da der Zielcomputer die Verbindung verweigerte; 183
2024-12-20 12:28:52,414 - 12:28:52.210; 1; 0; 0; 0; 0; 0; 0; None; 93%; No connection possible: [WinError 10061] Es konnte keine Verbindung hergestellt werden, da der Zielcomputer die Verbindung verweigerte; 183
2024-12-20 12:28:56,765 - 12:28:56.552; 1; 0; 0; 0; 0; 0; 0; None; 93%; No connection possible: [WinError 10061] Es konnte keine Verbindung hergestellt werden, da der Zielcomputer die Verbindung verweigerte; 183
2024-12-20 12:29:01,884 - 12:29:00.909; 1; 0; 0; 0; 0; 0; 0; None; 93%; No connection possible: [WinError 10061] Es konnte keine Verbindung hergestellt werden, da der Zielcomputer die Verbindung verweigerte; 183
2024-12-20 12:29:06,207 - 12:29:06.032; 1; 0; 0; 0; 0; 0; 0; None; 93%; No connection possible: [WinError 10061] Es konnte keine Verbindung hergestellt werden, da der Zielcomputer die Verbindung verweigerte; 183
2024-12-20 12:29:10,555 - 12:29:10.340; 1; 0; 0; 0; 0; 0; 0; None; 93%; No connection possible: [WinError 10061] Es konnte keine Verbindung hergestellt werden, da der Zielcomputer die Verbindung verweigerte; 183
2024-12-20 12:29:14,924 - 12:29:14.690; 1; 0; 0; 0; 0; 0; 0; None; 93%; No connection possible: [WinError 10061] Es konnte keine Verbindung hergestellt werden, da der Zielcomputer die Verbindung verweigerte; 183
2024-12-20 12:31:10,446 - 12:31:09.983; 0; 0; 751504; 1997067854961400; 1734694269983616000; 0; 1734694270306521500; None; None; ; 49
2024-12-20 12:31:10,653 - 12:31:10.471; 1; 0; 751504; 0; 0; 0; 0; None; 93%; Connection lost [WinError 10053] Eine bestehende Verbindung wurde softwaregesteuert
durch den Hostcomputer abgebrochen; 168
2024-12-20 12:31:14,904 - 12:31:14.792; 1; 0; 0; 0; 0; 0; 0; None; 93%; No connection possible: [WinError 10061] Es konnte keine Verbindung hergestellt werden, da der Zielcomputer die Verbindung verweigerte; 183
2024-12-20 12:31:19,219 - 12:31:19.038; 1; 0; 0; 0; 0; 0; 0; None; 93%; No connection possible: [WinError 10061] Es konnte keine Verbindung hergestellt werden, da der Zielcomputer die Verbindung verweigerte; 183
2024-12-20 12:31:23,545 - 12:31:23.361; 1; 0; 0; 0; 0; 0; 0; None; 93%; No connection possible: [WinError 10061] Es konnte keine Verbindung hergestellt werden, da der Zielcomputer die Verbindung verweigerte; 183
2024-12-20 12:31:27,887 - 12:31:27.682; 1; 0; 0; 0; 0; 0; 0; None; 93%; No connection possible: [WinError 10061] Es konnte keine Verbindung hergestellt werden, da der Zielcomputer die Verbindung verweigerte; 183
2024-12-20 12:31:32,196 - 12:31:32.007; 1; 0; 0; 0; 0; 0; 0; None; 93%; No connection possible: [WinError 10061] Es konnte keine Verbindung hergestellt werden, da der Zielcomputer die Verbindung verweigerte; 183
2024-12-20 12:31:36,545 - 12:31:36.337; 1; 0; 0; 0; 0; 0; 0; None; 93%; No connection possible: [WinError 10061] Es konnte keine Verbindung hergestellt werden, da der Zielcomputer die Verbindung verweigerte; 183
2024-12-20 12:31:40,879 - 12:31:40.671; 1; 0; 0; 0; 0; 0; 0; None; 93%; No connection possible: [WinError 10061] Es konnte keine Verbindung hergestellt werden, da der Zielcomputer die Verbindung verweigerte; 183
2024-12-20 12:31:45,265 - 12:31:45.011; 1; 0; 0; 0; 0; 0; 0; None; 93%; No connection possible: [WinError 10061] Es konnte keine Verbindung hergestellt werden, da der Zielcomputer die Verbindung verweigerte; 183
2024-12-20 12:31:49,903 - 12:31:49.397; 1; 0; 0; 0; 0; 0; 0; None; 93%; No connection possible: [WinError 10061] Es konnte keine Verbindung hergestellt werden, da der Zielcomputer die Verbindung verweigerte; 183
2024-12-20 12:31:54,222 - 12:31:54.044; 1; 0; 0; 0; 0; 0; 0; None; 93%; No connection possible: [WinError 10061] Es konnte keine Verbindung hergestellt werden, da der Zielcomputer die Verbindung verweigerte; 183
2024-12-20 12:31:58,571 - 12:31:58.354; 1; 0; 0; 0; 0; 0; 0; None; 93%; No connection possible: [WinError 10061] Es konnte keine Verbindung hergestellt werden, da der Zielcomputer die Verbindung verweigerte; 183
2024-12-20 12:32:02,969 - 12:32:02.698; 1; 0; 0; 0; 0; 0; 0; None; 93%; No connection possible: [WinError 10061] Es konnte keine Verbindung hergestellt werden, da der Zielcomputer die Verbindung verweigerte; 183
2024-12-20 12:32:06,607 - 12:32:06.082; 1; 0; 751504; 1997122890972000; 1734694326082869400; 0; 1734694326496446300; None; None; ; 49
2024-12-20 12:32:06,762 - 12:32:06.632; 2; 0; 751504; 0; 0; 0; 0; None; 93%; Connection lost [WinError 10053] Eine bestehende Verbindung wurde softwaregesteuert
durch den Hostcomputer abgebrochen; 168
2024-12-20 12:32:11,307 - 12:32:10.965; 2; 0; 0; 0; 0; 0; 0; None; 93%; No connection possible: [WinError 10061] Es konnte keine Verbindung hergestellt werden, da der Zielcomputer die Verbindung verweigerte; 183
2024-12-20 12:32:15,604 - 12:32:15.451; 2; 0; 0; 0; 0; 0; 0; None; 93%; No connection possible: [WinError 10061] Es konnte keine Verbindung hergestellt werden, da der Zielcomputer die Verbindung verweigerte; 183
2024-12-20 12:32:19,938 - 12:32:19.737; 2; 0; 0; 0; 0; 0; 0; None; 93%; No connection possible: [WinError 10061] Es konnte keine Verbindung hergestellt werden, da der Zielcomputer die Verbindung verweigerte; 183
2024-12-20 12:32:24,316 - 12:32:24.078; 2; 0; 0; 0; 0; 0; 0; None; 93%; No connection possible: [WinError 10061] Es konnte keine Verbindung hergestellt werden, da der Zielcomputer die Verbindung verweigerte; 183
2024-12-20 12:32:28,645 - 12:32:28.444; 2; 0; 0; 0; 0; 0; 0; None; 93%; No connection possible: [WinError 10061] Es konnte keine Verbindung hergestellt werden, da der Zielcomputer die Verbindung verweigerte; 183
2024-12-20 12:32:33,024 - 12:32:32.771; 2; 0; 0; 0; 0; 0; 0; None; 93%; No connection possible: [WinError 10061] Es konnte keine Verbindung hergestellt werden, da der Zielcomputer die Verbindung verweigerte; 183
2024-12-20 12:32:41,605 - 12:32:37.160; 2; 0; 751504; 1997152916861500; 1734694357160674600; 3790773407; 1734694361491457200; None; None; Class ID: 0, Confidence: 0.69, BBox: (219, 170, 284, 310)
Class ID: 2, Confidence: 0.69, BBox: (282, 192, 438, 253)
Class ID: 1, Confidence: 0.54, BBox: (133, 227, 296, 345); 222
2024-12-20 12:32:42,319 - 12:32:41.605; 3; 0; 751504; 1997152916861500; 1734694361605273800; 127992125; 1734694362204611400; None; None; Class ID: 0, Confidence: 0.69, BBox: (219, 170, 284, 310)
Class ID: 2, Confidence: 0.69, BBox: (282, 192, 438, 253)
Class ID: 1, Confidence: 0.54, BBox: (133, 227, 296, 345); 222
2024-12-20 12:32:42,961 - 12:32:42.323; 4; 0; 751504; 1997152916861500; 1734694362324068800; 121351665; 1734694362814376000; None; None; Class ID: 0, Confidence: 0.69, BBox: (219, 170, 284, 310)
Class ID: 2, Confidence: 0.69, BBox: (282, 192, 438, 253)
Class ID: 1, Confidence: 0.54, BBox: (133, 227, 296, 345); 222
2024-12-20 12:32:43,802 - 12:32:42.965; 5; 0; 751504; 1997152916861500; 1734694362965765700; 126168509; 1734694363450581800; None; None; Class ID: 0, Confidence: 0.69, BBox: (219, 170, 284, 310)
Class ID: 2, Confidence: 0.69, BBox: (282, 192, 438, 253)
Class ID: 1, Confidence: 0.54, BBox: (133, 227, 296, 345); 222
2024-12-20 12:32:44,484 - 12:32:43.808; 6; 0; 751504; 1997152916861500; 1734694363809708000; 126997665; 1734694364357743700; None; None; Class ID: 0, Confidence: 0.69, BBox: (219, 170, 284, 310)
Class ID: 2, Confidence: 0.69, BBox: (282, 192, 438, 253)
Class ID: 1, Confidence: 0.54, BBox: (133, 227, 296, 345); 222
2024-12-20 12:32:45,184 - 12:32:44.487; 7; 0; 751504; 1997152916861500; 1734694364488862800; 124833993; 1734694364992870600; None; None; Class ID: 0, Confidence: 0.69, BBox: (219, 170, 284, 310)
Class ID: 2, Confidence: 0.69, BBox: (282, 192, 438, 253)
Class ID: 1, Confidence: 0.54, BBox: (133, 227, 296, 345); 222
2024-12-20 12:32:45,920 - 12:32:45.188; 8; 0; 751504; 1997152916861500; 1734694365188829900; 123696111; 1734694365787070100; None; None; Class ID: 0, Confidence: 0.69, BBox: (219, 170, 284, 310)
Class ID: 2, Confidence: 0.69, BBox: (282, 192, 438, 253)
Class ID: 1, Confidence: 0.54, BBox: (133, 227, 296, 345); 222
2024-12-20 12:32:46,637 - 12:32:45.928; 9; 0; 751504; 1997152916861500; 1734694365929166900; 125738210; 1734694366502623200; None; None; Class ID: 0, Confidence: 0.69, BBox: (219, 170, 284, 310)
Class ID: 2, Confidence: 0.69, BBox: (282, 192, 438, 253)
Class ID: 1, Confidence: 0.54, BBox: (133, 227, 296, 345); 222
2024-12-20 12:32:47,357 - 12:32:46.644; 10; 0; 751504; 1997152916861500; 1734694366644433700; 125607638; 1734694367227031200; None; None; Class ID: 0, Confidence: 0.69, BBox: (219, 170, 284, 310)
Class ID: 2, Confidence: 0.69, BBox: (282, 192, 438, 253)
Class ID: 1, Confidence: 0.54, BBox: (133, 227, 296, 345); 222
2024-12-20 12:32:48,101 - 12:32:47.369; 11; 0; 751504; 1997152916861500; 1734694367369647600; 123039938; 1734694367938006000; None; None; Class ID: 0, Confidence: 0.69, BBox: (219, 170, 284, 310)
Class ID: 2, Confidence: 0.69, BBox: (282, 192, 438, 253)
Class ID: 1, Confidence: 0.54, BBox: (133, 227, 296, 345); 222
2024-12-20 12:32:48,820 - 12:32:48.108; 12; 0; 751504; 1997152916861500; 1734694368108399200; 127869592; 1734694368656142200; None; None; Class ID: 0, Confidence: 0.69, BBox: (219, 170, 284, 310)
Class ID: 2, Confidence: 0.69, BBox: (282, 192, 438, 253)
Class ID: 1, Confidence: 0.54, BBox: (133, 227, 296, 345); 222
2024-12-20 12:32:49,534 - 12:32:48.826; 13; 0; 751504; 1997152916861500; 1734694368826012600; 124112648; 1734694369368999300; None; None; Class ID: 0, Confidence: 0.69, BBox: (219, 170, 284, 310)
Class ID: 2, Confidence: 0.69, BBox: (282, 192, 438, 253)
Class ID: 1, Confidence: 0.54, BBox: (133, 227, 296, 345); 222
2024-12-20 12:32:50,249 - 12:32:49.547; 14; 0; 751504; 1997152916861500; 1734694369548141800; 127153317; 1734694370094663700; None; None; Class ID: 0, Confidence: 0.69, BBox: (219, 170, 284, 310)
Class ID: 2, Confidence: 0.69, BBox: (282, 192, 438, 253)
Class ID: 1, Confidence: 0.54, BBox: (133, 227, 296, 345); 222
2024-12-20 12:32:51,080 - 12:32:50.292; 15; 0; 751504; 1997152916861500; 1734694370292197500; 126356532; 1734694370906600000; None; None; Class ID: 0, Confidence: 0.69, BBox: (219, 170, 284, 310)
Class ID: 2, Confidence: 0.69, BBox: (282, 192, 438, 253)
Class ID: 1, Confidence: 0.54, BBox: (133, 227, 296, 345); 222
2024-12-20 12:32:51,796 - 12:32:51.082; 16; 0; 751504; 1997152916861500; 1734694371082940200; 134553183; 1734694371630673300; None; None; Class ID: 0, Confidence: 0.69, BBox: (219, 170, 284, 310)
Class ID: 2, Confidence: 0.69, BBox: (282, 192, 438, 253)
Class ID: 1, Confidence: 0.54, BBox: (133, 227, 296, 345); 222
2024-12-20 12:32:52,497 - 12:32:51.804; 17; 0; 751504; 1997152916861500; 1734694371804532200; 125839691; 1734694372339101800; None; None; Class ID: 0, Confidence: 0.69, BBox: (219, 170, 284, 310)
Class ID: 2, Confidence: 0.69, BBox: (282, 192, 438, 253)
Class ID: 1, Confidence: 0.54, BBox: (133, 227, 296, 345); 222
2024-12-20 12:32:53,198 - 12:32:52.508; 18; 0; 751504; 1997152916861500; 1734694372508569400; 123530627; 1734694373058875900; None; None; Class ID: 0, Confidence: 0.69, BBox: (219, 170, 284, 310)
Class ID: 2, Confidence: 0.69, BBox: (282, 192, 438, 253)
Class ID: 1, Confidence: 0.54, BBox: (133, 227, 296, 345); 222
2024-12-20 12:32:53,910 - 12:32:53.198; 19; 0; 751504; 1997152916861500; 1734694373198965300; 136696223; 1734694373779367700; None; None; Class ID: 0, Confidence: 0.69, BBox: (219, 170, 284, 310)
Class ID: 2, Confidence: 0.69, BBox: (282, 192, 438, 253)
Class ID: 1, Confidence: 0.54, BBox: (133, 227, 296, 345); 222
2024-12-20 12:32:54,753 - 12:32:53.910; 20; 0; 751504; 1997152916861500; 1734694373910287200; 129955762; 1734694374493383300; None; None; Class ID: 0, Confidence: 0.69, BBox: (219, 170, 284, 310)
Class ID: 2, Confidence: 0.69, BBox: (282, 192, 438, 253)
Class ID: 1, Confidence: 0.54, BBox: (133, 227, 296, 345); 222
2024-12-20 12:32:55,475 - 12:32:54.755; 21; 0; 751504; 1997152916861500; 1734694374755961500; 127318280; 1734694375314720500; None; None; Class ID: 0, Confidence: 0.69, BBox: (219, 170, 284, 310)
Class ID: 2, Confidence: 0.69, BBox: (282, 192, 438, 253)
Class ID: 1, Confidence: 0.54, BBox: (133, 227, 296, 345); 222
2024-12-20 12:32:56,272 - 12:32:55.485; 22; 0; 751504; 1997152916861500; 1734694375485647100; 126421082; 1734694376137113600; None; None; Class ID: 0, Confidence: 0.69, BBox: (219, 170, 284, 310)
Class ID: 2, Confidence: 0.69, BBox: (282, 192, 438, 253)
Class ID: 1, Confidence: 0.54, BBox: (133, 227, 296, 345); 222
2024-12-20 12:32:56,991 - 12:32:56.277; 23; 0; 751504; 1997152916861500; 1734694376277819600; 129996202; 1734694376850601600; None; None; Class ID: 0, Confidence: 0.69, BBox: (219, 170, 284, 310)
Class ID: 2, Confidence: 0.69, BBox: (282, 192, 438, 253)
Class ID: 1, Confidence: 0.54, BBox: (133, 227, 296, 345); 222
2024-12-20 12:32:57,716 - 12:32:56.991; 24; 0; 751504; 1997152916861500; 1734694376991614900; 124462504; 1734694377566470100; None; None; Class ID: 0, Confidence: 0.69, BBox: (219, 170, 284, 310)
Class ID: 2, Confidence: 0.69, BBox: (282, 192, 438, 253)
Class ID: 1, Confidence: 0.54, BBox: (133, 227, 296, 345); 222
2024-12-20 12:32:58,368 - 12:32:57.718; 25; 0; 751504; 1997152916861500; 1734694377718341500; 137546580; 1734694378234210300; None; None; Class ID: 0, Confidence: 0.69, BBox: (219, 170, 284, 310)
Class ID: 2, Confidence: 0.69, BBox: (282, 192, 438, 253)
Class ID: 1, Confidence: 0.54, BBox: (133, 227, 296, 345); 222
2024-12-20 12:32:59,044 - 12:32:58.381; 26; 0; 751504; 1997152916861500; 1734694378381247300; 123282401; 1734694378891325600; None; None; Class ID: 0, Confidence: 0.69, BBox: (219, 170, 284, 310)
Class ID: 2, Confidence: 0.69, BBox: (282, 192, 438, 253)
Class ID: 1, Confidence: 0.54, BBox: (133, 227, 296, 345); 222
2024-12-20 12:32:59,771 - 12:32:59.047; 27; 0; 751504; 1997152916861500; 1734694379047936100; 120829963; 1734694379623224700; None; None; Class ID: 0, Confidence: 0.69, BBox: (219, 170, 284, 310)
Class ID: 2, Confidence: 0.69, BBox: (282, 192, 438, 253)
Class ID: 1, Confidence: 0.54, BBox: (133, 227, 296, 345); 222
2024-12-20 12:33:00,460 - 12:32:59.774; 28; 0; 751504; 1997152916861500; 1734694379774707200; 133331247; 1734694380330883700; None; None; Class ID: 0, Confidence: 0.69, BBox: (219, 170, 284, 310)
Class ID: 2, Confidence: 0.69, BBox: (282, 192, 438, 253)
Class ID: 1, Confidence: 0.54, BBox: (133, 227, 296, 345); 222
2024-12-20 12:33:01,178 - 12:33:00.464; 29; 0; 751504; 1997152916861500; 1734694380464802200; 127105916; 1734694381047387400; None; None; Class ID: 0, Confidence: 0.69, BBox: (219, 170, 284, 310)
Class ID: 2, Confidence: 0.69, BBox: (282, 192, 438, 253)
Class ID: 1, Confidence: 0.54, BBox: (133, 227, 296, 345); 222
2024-12-20 12:33:02,560 - 12:33:01.189; 30; 0; 751504; 1997152916861500; 1734694381189898800; 128960452; 1734694381762776600; None; None; Class ID: 0, Confidence: 0.69, BBox: (219, 170, 284, 310)
Class ID: 2, Confidence: 0.69, BBox: (282, 192, 438, 253)
Class ID: 1, Confidence: 0.54, BBox: (133, 227, 296, 345); 222
2024-12-20 12:33:03,244 - 12:33:02.571; 31; 0; 751504; 1997152916861500; 1734694382571341600; 127900371; 1734694383094110900; None; None; Class ID: 0, Confidence: 0.69, BBox: (219, 170, 284, 310)
Class ID: 2, Confidence: 0.69, BBox: (282, 192, 438, 253)
Class ID: 1, Confidence: 0.54, BBox: (133, 227, 296, 345); 222
2024-12-20 12:33:03,915 - 12:33:03.248; 32; 0; 751504; 1997152916861500; 1734694383248877300; 134264096; 1734694383754201300; None; None; Class ID: 0, Confidence: 0.69, BBox: (219, 170, 284, 310)
Class ID: 2, Confidence: 0.69, BBox: (282, 192, 438, 253)
Class ID: 1, Confidence: 0.54, BBox: (133, 227, 296, 345); 222
2024-12-20 12:33:04,747 - 12:33:03.924; 33; 0; 751504; 1997152916861500; 1734694383924818900; 126461574; 1734694384525299800; None; None; Class ID: 0, Confidence: 0.69, BBox: (219, 170, 284, 310)
Class ID: 2, Confidence: 0.69, BBox: (282, 192, 438, 253)
Class ID: 1, Confidence: 0.54, BBox: (133, 227, 296, 345); 222
2024-12-20 12:33:05,497 - 12:33:04.756; 34; 0; 751504; 1997152916861500; 1734694384756844700; 126480104; 1734694385347656100; None; None; Class ID: 0, Confidence: 0.69, BBox: (219, 170, 284, 310)
Class ID: 2, Confidence: 0.69, BBox: (282, 192, 438, 253)
Class ID: 1, Confidence: 0.54, BBox: (133, 227, 296, 345); 222
2024-12-20 12:33:06,204 - 12:33:05.499; 35; 0; 751504; 1997152916861500; 1734694385499193600; 133931509; 1734694386067802000; None; None; Class ID: 0, Confidence: 0.69, BBox: (219, 170, 284, 310)
Class ID: 2, Confidence: 0.69, BBox: (282, 192, 438, 253)
Class ID: 1, Confidence: 0.54, BBox: (133, 227, 296, 345); 222
2024-12-20 12:33:06,851 - 12:33:06.211; 36; 0; 751504; 1997152916861500; 1734694386211617200; 128834159; 1734694386710147500; None; None; Class ID: 0, Confidence: 0.69, BBox: (219, 170, 284, 310)
Class ID: 2, Confidence: 0.69, BBox: (282, 192, 438, 253)
Class ID: 1, Confidence: 0.54, BBox: (133, 227, 296, 345); 222
2024-12-20 12:33:07,533 - 12:33:06.855; 37; 0; 751504; 1997152916861500; 1734694386855749900; 121886433; 1734694387399406500; None; None; Class ID: 0, Confidence: 0.69, BBox: (219, 170, 284, 310)
Class ID: 2, Confidence: 0.69, BBox: (282, 192, 438, 253)
Class ID: 1, Confidence: 0.54, BBox: (133, 227, 296, 345); 222
2024-12-20 12:33:08,160 - 12:33:07.535; 38; 0; 751504; 1997152916861500; 1734694387535108500; 120727630; 1734694388020476700; None; None; Class ID: 0, Confidence: 0.69, BBox: (219, 170, 284, 310)
Class ID: 2, Confidence: 0.69, BBox: (282, 192, 438, 253)
Class ID: 1, Confidence: 0.54, BBox: (133, 227, 296, 345); 222
2024-12-20 12:33:08,826 - 12:33:08.165; 39; 0; 751504; 1997152916861500; 1734694388165246400; 138910616; 1734694388694607600; None; None; Class ID: 0, Confidence: 0.69, BBox: (219, 170, 284, 310)
Class ID: 2, Confidence: 0.69, BBox: (282, 192, 438, 253)
Class ID: 1, Confidence: 0.54, BBox: (133, 227, 296, 345); 222
2024-12-20 12:33:09,604 - 12:33:08.850; 40; 0; 751504; 1997152916861500; 1734694388850137700; 124639696; 1734694389445999000; None; None; Class ID: 0, Confidence: 0.69, BBox: (219, 170, 284, 310)
Class ID: 2, Confidence: 0.69, BBox: (282, 192, 438, 253)
Class ID: 1, Confidence: 0.54, BBox: (133, 227, 296, 345); 222
2024-12-20 12:33:10,419 - 12:33:09.731; 41; 0; 751504; 1997152916861500; 1734694389731459500; 122031705; 1734694390262070700; None; None; Class ID: 0, Confidence: 0.69, BBox: (219, 170, 284, 310)
Class ID: 2, Confidence: 0.69, BBox: (282, 192, 438, 253)
Class ID: 1, Confidence: 0.54, BBox: (133, 227, 296, 345); 222
2024-12-20 12:33:11,132 - 12:33:10.422; 42; 0; 751504; 1997152916861500; 1734694390422968400; 143316922; 1734694390976976700; None; None; Class ID: 0, Confidence: 0.69, BBox: (219, 170, 284, 310)
Class ID: 2, Confidence: 0.69, BBox: (282, 192, 438, 253)
Class ID: 1, Confidence: 0.54, BBox: (133, 227, 296, 345); 222
2024-12-20 12:33:11,824 - 12:33:11.135; 43; 0; 751504; 1997152916861500; 1734694391135986400; 128716376; 1734694391692530100; None; None; Class ID: 0, Confidence: 0.69, BBox: (219, 170, 284, 310)
Class ID: 2, Confidence: 0.69, BBox: (282, 192, 438, 253)
Class ID: 1, Confidence: 0.54, BBox: (133, 227, 296, 345); 222
2024-12-20 12:33:12,549 - 12:33:11.832; 44; 0; 751504; 1997152916861500; 1734694391832287100; 123446193; 1734694392414399500; None; None; Class ID: 0, Confidence: 0.69, BBox: (219, 170, 284, 310)
Class ID: 2, Confidence: 0.69, BBox: (282, 192, 438, 253)
Class ID: 1, Confidence: 0.54, BBox: (133, 227, 296, 345); 222
2024-12-20 12:33:13,265 - 12:33:12.553; 45; 0; 751504; 1997152916861500; 1734694392553816200; 121162739; 1734694393137573900; None; None; Class ID: 0, Confidence: 0.69, BBox: (219, 170, 284, 310)
Class ID: 2, Confidence: 0.69, BBox: (282, 192, 438, 253)
Class ID: 1, Confidence: 0.54, BBox: (133, 227, 296, 345); 222
2024-12-20 12:33:13,997 - 12:33:13.273; 46; 0; 751504; 1997152916861500; 1734694393273331300; 123137967; 1734694393845687400; None; None; Class ID: 0, Confidence: 0.69, BBox: (219, 170, 284, 310)
Class ID: 2, Confidence: 0.69, BBox: (282, 192, 438, 253)
Class ID: 1, Confidence: 0.54, BBox: (133, 227, 296, 345); 222
2024-12-20 12:33:14,737 - 12:33:14.016; 47; 0; 751504; 1997152916861500; 1734694394016165000; 121468875; 1734694394557808700; None; None; Class ID: 0, Confidence: 0.69, BBox: (219, 170, 284, 310)
Class ID: 2, Confidence: 0.69, BBox: (282, 192, 438, 253)
Class ID: 1, Confidence: 0.54, BBox: (133, 227, 296, 345); 222
2024-12-20 12:33:15,435 - 12:33:14.746; 48; 0; 751504; 1997152916861500; 1734694394746208700; 125609406; 1734694395279082600; None; None; Class ID: 0, Confidence: 0.69, BBox: (219, 170, 284, 310)
Class ID: 2, Confidence: 0.69, BBox: (282, 192, 438, 253)
Class ID: 1, Confidence: 0.54, BBox: (133, 227, 296, 345); 222
2024-12-20 12:33:16,070 - 12:33:15.438; 49; 0; 751504; 1997152916861500; 1734694395438113000; 123994423; 1734694395920837300; None; None; Class ID: 0, Confidence: 0.69, BBox: (219, 170, 284, 310)
Class ID: 2, Confidence: 0.69, BBox: (282, 192, 438, 253)
Class ID: 1, Confidence: 0.54, BBox: (133, 227, 296, 345); 222
2024-12-20 12:33:16,770 - 12:33:16.078; 50; 0; 751504; 1997152916861500; 1734694396078408700; 123045555; 1734694396614043700; None; None; Class ID: 0, Confidence: 0.69, BBox: (219, 170, 284, 310)
Class ID: 2, Confidence: 0.69, BBox: (282, 192, 438, 253)
Class ID: 1, Confidence: 0.54, BBox: (133, 227, 296, 345); 222
2024-12-20 12:33:17,479 - 12:33:16.809; 51; 0; 751504; 1997152916861500; 1734694396809598100; 122612167; 1734694397323646700; None; None; Class ID: 0, Confidence: 0.69, BBox: (219, 170, 284, 310)
Class ID: 2, Confidence: 0.69, BBox: (282, 192, 438, 253)
Class ID: 1, Confidence: 0.54, BBox: (133, 227, 296, 345); 222
2024-12-20 12:33:18,106 - 12:33:17.481; 52; 0; 751504; 1997152916861500; 1734694397481996900; 121450913; 1734694397976135600; None; None; Class ID: 0, Confidence: 0.69, BBox: (219, 170, 284, 310)
Class ID: 2, Confidence: 0.69, BBox: (282, 192, 438, 253)
Class ID: 1, Confidence: 0.54, BBox: (133, 227, 296, 345); 222
2024-12-20 12:33:18,823 - 12:33:18.114; 53; 0; 751504; 1997152916861500; 1734694398114069300; 124526195; 1734694398608210100; None; None; Class ID: 0, Confidence: 0.69, BBox: (219, 170, 284, 310)
Class ID: 2, Confidence: 0.69, BBox: (282, 192, 438, 253)
Class ID: 1, Confidence: 0.54, BBox: (133, 227, 296, 345); 222
2024-12-20 12:33:19,575 - 12:33:18.827; 54; 0; 751504; 1997152916861500; 1734694398827037900; 129584623; 1734694399319392500; None; None; Class ID: 0, Confidence: 0.69, BBox: (219, 170, 284, 310)
Class ID: 2, Confidence: 0.69, BBox: (282, 192, 438, 253)
Class ID: 1, Confidence: 0.54, BBox: (133, 227, 296, 345); 222
2024-12-20 12:33:20,237 - 12:33:19.578; 55; 0; 751504; 1997152916861500; 1734694399578479500; 128958370; 1734694400103303400; None; None; Class ID: 0, Confidence: 0.69, BBox: (219, 170, 284, 310)
Class ID: 2, Confidence: 0.69, BBox: (282, 192, 438, 253)
Class ID: 1, Confidence: 0.54, BBox: (133, 227, 296, 345); 222
2024-12-20 12:33:21,219 - 12:33:20.237; 56; 0; 751504; 1997152916861500; 1734694400237804700; 126176336; 1734694400736172500; None; None; Class ID: 0, Confidence: 0.69, BBox: (219, 170, 284, 310)
Class ID: 2, Confidence: 0.69, BBox: (282, 192, 438, 253)
Class ID: 1, Confidence: 0.54, BBox: (133, 227, 296, 345); 222
2024-12-20 12:33:21,904 - 12:33:21.222; 57; 0; 751504; 1997152916861500; 1734694401223668500; 123643808; 1734694401734532500; None; None; Class ID: 0, Confidence: 0.69, BBox: (219, 170, 284, 310)
Class ID: 2, Confidence: 0.69, BBox: (282, 192, 438, 253)
Class ID: 1, Confidence: 0.54, BBox: (133, 227, 296, 345); 222
2024-12-20 12:33:22,600 - 12:33:21.913; 58; 0; 751504; 1997152916861500; 1734694401914463300; 130924799; 1734694402450393100; None; None; Class ID: 0, Confidence: 0.69, BBox: (219, 170, 284, 310)
Class ID: 2, Confidence: 0.69, BBox: (282, 192, 438, 253)
Class ID: 1, Confidence: 0.54, BBox: (133, 227, 296, 345); 222
2024-12-20 12:33:23,343 - 12:33:22.602; 59; 0; 751504; 1997152916861500; 1734694402602595600; 123465672; 1734694403169636900; None; None; Class ID: 0, Confidence: 0.69, BBox: (219, 170, 284, 310)
Class ID: 2, Confidence: 0.69, BBox: (282, 192, 438, 253)
Class ID: 1, Confidence: 0.54, BBox: (133, 227, 296, 345); 222
2024-12-20 12:33:23,965 - 12:33:23.346; 60; 0; 751504; 1997152916861500; 1734694403346307500; 122624347; 1734694403852226000; None; None; Class ID: 0, Confidence: 0.69, BBox: (219, 170, 284, 310)
Class ID: 2, Confidence: 0.69, BBox: (282, 192, 438, 253)
Class ID: 1, Confidence: 0.54, BBox: (133, 227, 296, 345); 222
2024-12-20 12:33:24,621 - 12:33:23.967; 61; 0; 751504; 1997152916861500; 1734694403967207800; 122016634; 1734694404507521100; None; None; Class ID: 0, Confidence: 0.69, BBox: (219, 170, 284, 310)
Class ID: 2, Confidence: 0.69, BBox: (282, 192, 438, 253)
Class ID: 1, Confidence: 0.54, BBox: (133, 227, 296, 345); 222
2024-12-20 12:33:25,369 - 12:33:24.625; 62; 0; 751504; 1997152916861500; 1734694404625205600; 138124619; 1734694405223276900; None; None; Class ID: 0, Confidence: 0.69, BBox: (219, 170, 284, 310)
Class ID: 2, Confidence: 0.69, BBox: (282, 192, 438, 253)
Class ID: 1, Confidence: 0.54, BBox: (133, 227, 296, 345); 222
2024-12-20 12:33:26,048 - 12:33:25.390; 63; 0; 751504; 1997152916861500; 1734694405390011400; 124204217; 1734694405926486100; None; None; Class ID: 0, Confidence: 0.69, BBox: (219, 170, 284, 310)
Class ID: 2, Confidence: 0.69, BBox: (282, 192, 438, 253)
Class ID: 1, Confidence: 0.54, BBox: (133, 227, 296, 345); 222
2024-12-20 12:33:26,783 - 12:33:26.061; 64; 0; 751504; 1997152916861500; 1734694406061149500; 128729615; 1734694406652294900; None; None; Class ID: 0, Confidence: 0.69, BBox: (219, 170, 284, 310)
Class ID: 2, Confidence: 0.69, BBox: (282, 192, 438, 253)
Class ID: 1, Confidence: 0.54, BBox: (133, 227, 296, 345); 222
2024-12-20 12:33:27,420 - 12:33:26.794; 65; 0; 751504; 1997152916861500; 1734694406794109500; 123453812; 1734694407277102300; None; None; Class ID: 0, Confidence: 0.69, BBox: (219, 170, 284, 310)
Class ID: 2, Confidence: 0.69, BBox: (282, 192, 438, 253)
Class ID: 1, Confidence: 0.54, BBox: (133, 227, 296, 345); 222
2024-12-20 12:33:28,048 - 12:33:27.424; 66; 0; 751504; 1997152916861500; 1734694407424341300; 122030364; 1734694407914932000; None; None; Class ID: 0, Confidence: 0.69, BBox: (219, 170, 284, 310)
Class ID: 2, Confidence: 0.69, BBox: (282, 192, 438, 253)
Class ID: 1, Confidence: 0.54, BBox: (133, 227, 296, 345); 222
2024-12-20 12:33:28,649 - 12:33:28.051; 67; 0; 751504; 1997152916861500; 1734694408051203200; 122233408; 1734694408536804300; None; None; Class ID: 0, Confidence: 0.69, BBox: (219, 170, 284, 310)
Class ID: 2, Confidence: 0.69, BBox: (282, 192, 438, 253)
Class ID: 1, Confidence: 0.54, BBox: (133, 227, 296, 345); 222
2024-12-20 12:33:29,303 - 12:33:28.661; 68; 0; 751504; 1997152916861500; 1734694408661293700; 122679677; 1734694409156987700; None; None; Class ID: 0, Confidence: 0.69, BBox: (219, 170, 284, 310)
Class ID: 2, Confidence: 0.69, BBox: (282, 192, 438, 253)
Class ID: 1, Confidence: 0.54, BBox: (133, 227, 296, 345); 222
2024-12-20 12:33:29,985 - 12:33:29.316; 69; 0; 751504; 1997152916861500; 1734694409316646400; 126054292; 1734694409809972200; None; None; Class ID: 0, Confidence: 0.69, BBox: (219, 170, 284, 310)
Class ID: 2, Confidence: 0.69, BBox: (282, 192, 438, 253)
Class ID: 1, Confidence: 0.54, BBox: (133, 227, 296, 345); 222
2024-12-20 12:33:30,681 - 12:33:29.988; 70; 0; 751504; 1997152916861500; 1734694409988853700; 121536275; 1734694410548883200; None; None; Class ID: 0, Confidence: 0.69, BBox: (219, 170, 284, 310)
Class ID: 2, Confidence: 0.69, BBox: (282, 192, 438, 253)
Class ID: 1, Confidence: 0.54, BBox: (133, 227, 296, 345); 222
2024-12-20 12:33:31,349 - 12:33:30.700; 71; 0; 751504; 1997152916861500; 1734694410700754000; 128000071; 1734694411207570300; None; None; Class ID: 0, Confidence: 0.69, BBox: (219, 170, 284, 310)
Class ID: 2, Confidence: 0.69, BBox: (282, 192, 438, 253)
Class ID: 1, Confidence: 0.54, BBox: (133, 227, 296, 345); 222
2024-12-20 12:33:32,014 - 12:33:31.350; 72; 0; 751504; 1997152916861500; 1734694411350970600; 140486815; 1734694411856078400; None; None; Class ID: 0, Confidence: 0.69, BBox: (219, 170, 284, 310)
Class ID: 2, Confidence: 0.69, BBox: (282, 192, 438, 253)
Class ID: 1, Confidence: 0.54, BBox: (133, 227, 296, 345); 222
2024-12-20 12:33:32,745 - 12:33:32.056; 73; 0; 751504; 1997152916861500; 1734694412056015300; 132410127; 1734694412582013200; None; None; Class ID: 0, Confidence: 0.69, BBox: (219, 170, 284, 310)
Class ID: 2, Confidence: 0.69, BBox: (282, 192, 438, 253)
Class ID: 1, Confidence: 0.54, BBox: (133, 227, 296, 345); 222
2024-12-20 12:33:33,431 - 12:33:32.746; 74; 0; 751504; 1997152916861500; 1734694412746831400; 124415920; 1734694413298783700; None; None; Class ID: 0, Confidence: 0.69, BBox: (219, 170, 284, 310)
Class ID: 2, Confidence: 0.69, BBox: (282, 192, 438, 253)
Class ID: 1, Confidence: 0.54, BBox: (133, 227, 296, 345); 222
2024-12-20 12:33:34,168 - 12:33:33.434; 75; 0; 751504; 1997152916861500; 1734694413434931100; 131063390; 1734694414020209000; None; None; Class ID: 0, Confidence: 0.69, BBox: (219, 170, 284, 310)
Class ID: 2, Confidence: 0.69, BBox: (282, 192, 438, 253)
Class ID: 1, Confidence: 0.54, BBox: (133, 227, 296, 345); 222
2024-12-20 12:33:34,796 - 12:33:34.171; 76; 0; 751504; 1997152916861500; 1734694414172828500; 126501431; 1734694414670524900; None; None; Class ID: 0, Confidence: 0.69, BBox: (219, 170, 284, 310)
Class ID: 2, Confidence: 0.69, BBox: (282, 192, 438, 253)
Class ID: 1, Confidence: 0.54, BBox: (133, 227, 296, 345); 222
2024-12-20 12:33:35,509 - 12:33:34.802; 77; 0; 751504; 1997152916861500; 1734694414802831800; 124809708; 1734694415355019200; None; None; Class ID: 0, Confidence: 0.69, BBox: (219, 170, 284, 310)
Class ID: 2, Confidence: 0.69, BBox: (282, 192, 438, 253)
Class ID: 1, Confidence: 0.54, BBox: (133, 227, 296, 345); 222
2024-12-20 12:33:36,241 - 12:33:35.512; 78; 0; 751504; 1997152916861500; 1734694415512516200; 125007321; 1734694416070494100; None; None; Class ID: 0, Confidence: 0.69, BBox: (219, 170, 284, 310)
Class ID: 2, Confidence: 0.69, BBox: (282, 192, 438, 253)
Class ID: 1, Confidence: 0.54, BBox: (133, 227, 296, 345); 222
2024-12-20 12:33:36,923 - 12:33:36.248; 79; 0; 751504; 1997152916861500; 1734694416248961600; 126339137; 1734694416779902400; None; None; Class ID: 0, Confidence: 0.69, BBox: (219, 170, 284, 310)
Class ID: 2, Confidence: 0.69, BBox: (282, 192, 438, 253)
Class ID: 1, Confidence: 0.54, BBox: (133, 227, 296, 345); 222
2024-12-20 12:33:37,658 - 12:33:36.928; 80; 0; 751504; 1997152916861500; 1734694416928285600; 123917180; 1734694417510841500; None; None; Class ID: 0, Confidence: 0.69, BBox: (219, 170, 284, 310)
Class ID: 2, Confidence: 0.69, BBox: (282, 192, 438, 253)
Class ID: 1, Confidence: 0.54, BBox: (133, 227, 296, 345); 222
2024-12-20 12:33:38,358 - 12:33:37.662; 81; 0; 751504; 1997152916861500; 1734694417662233400; 124709686; 1734694418216803800; None; None; Class ID: 0, Confidence: 0.69, BBox: (219, 170, 284, 310)
Class ID: 2, Confidence: 0.69, BBox: (282, 192, 438, 253)
Class ID: 1, Confidence: 0.54, BBox: (133, 227, 296, 345); 222
2024-12-20 12:33:39,096 - 12:33:38.361; 82; 0; 751504; 1997152916861500; 1734694418361667700; 124901979; 1734694418939292800; None; None; Class ID: 0, Confidence: 0.69, BBox: (219, 170, 284, 310)
Class ID: 2, Confidence: 0.69, BBox: (282, 192, 438, 253)
Class ID: 1, Confidence: 0.54, BBox: (133, 227, 296, 345); 222
2024-12-20 12:33:39,815 - 12:33:39.099; 83; 0; 751504; 1997152916861500; 1734694419099695200; 125422190; 1734694419649458600; None; None; Class ID: 0, Confidence: 0.69, BBox: (219, 170, 284, 310)
Class ID: 2, Confidence: 0.69, BBox: (282, 192, 438, 253)
Class ID: 1, Confidence: 0.54, BBox: (133, 227, 296, 345); 222
2024-12-20 12:33:40,493 - 12:33:39.824; 84; 0; 751504; 1997152916861500; 1734694419824816000; 121361411; 1734694420363488400; None; None; Class ID: 0, Confidence: 0.69, BBox: (219, 170, 284, 310)
Class ID: 2, Confidence: 0.69, BBox: (282, 192, 438, 253)
Class ID: 1, Confidence: 0.54, BBox: (133, 227, 296, 345); 222
2024-12-20 12:33:41,144 - 12:33:40.502; 85; 0; 751504; 1997152916861500; 1734694420502258500; 132556759; 1734694420996626100; None; None; Class ID: 0, Confidence: 0.69, BBox: (219, 170, 284, 310)
Class ID: 2, Confidence: 0.69, BBox: (282, 192, 438, 253)
Class ID: 1, Confidence: 0.54, BBox: (133, 227, 296, 345); 222
2024-12-20 12:33:41,814 - 12:33:41.164; 86; 0; 751504; 1997152916861500; 1734694421164518700; 121456652; 1734694421659298000; None; None; Class ID: 0, Confidence: 0.69, BBox: (219, 170, 284, 310)
Class ID: 2, Confidence: 0.69, BBox: (282, 192, 438, 253)
Class ID: 1, Confidence: 0.54, BBox: (133, 227, 296, 345); 222
2024-12-20 12:33:42,545 - 12:33:41.822; 87; 0; 751504; 1997152916861500; 1734694421822108200; 121589924; 1734694422409958600; None; None; Class ID: 0, Confidence: 0.69, BBox: (219, 170, 284, 310)
Class ID: 2, Confidence: 0.69, BBox: (282, 192, 438, 253)
Class ID: 1, Confidence: 0.54, BBox: (133, 227, 296, 345); 222
2024-12-20 12:33:43,560 - 12:33:42.548; 88; 0; 751504; 1997152916861500; 1734694422548799000; 123867139; 1734694423126901800; None; None; Class ID: 0, Confidence: 0.69, BBox: (219, 170, 284, 310)
Class ID: 2, Confidence: 0.69, BBox: (282, 192, 438, 253)
Class ID: 1, Confidence: 0.54, BBox: (133, 227, 296, 345); 222
2024-12-20 12:33:44,324 - 12:33:43.565; 89; 0; 751504; 1997152916861500; 1734694423565867500; 123411191; 1734694424152585800; None; None; Class ID: 0, Confidence: 0.69, BBox: (219, 170, 284, 310)
Class ID: 2, Confidence: 0.69, BBox: (282, 192, 438, 253)
Class ID: 1, Confidence: 0.54, BBox: (133, 227, 296, 345); 222
2024-12-20 12:33:44,994 - 12:33:44.332; 90; 0; 751504; 1997152916861500; 1734694424332703800; 125124674; 1734694424827274600; None; None; Class ID: 0, Confidence: 0.69, BBox: (219, 170, 284, 310)
Class ID: 2, Confidence: 0.69, BBox: (282, 192, 438, 253)
Class ID: 1, Confidence: 0.54, BBox: (133, 227, 296, 345); 222
2024-12-20 12:33:45,723 - 12:33:44.997; 91; 0; 751504; 1997152916861500; 1734694424997795400; 124503250; 1734694425587241600; None; None; Class ID: 0, Confidence: 0.69, BBox: (219, 170, 284, 310)
Class ID: 2, Confidence: 0.69, BBox: (282, 192, 438, 253)
Class ID: 1, Confidence: 0.54, BBox: (133, 227, 296, 345); 222
2024-12-20 12:33:47,360 - 12:33:45.723; 92; 0; 751504; 1997152916861500; 1734694425723686100; 121733627; 1734694426321714400; None; None; Class ID: 0, Confidence: 0.69, BBox: (219, 170, 284, 310)
Class ID: 2, Confidence: 0.69, BBox: (282, 192, 438, 253)
Class ID: 1, Confidence: 0.54, BBox: (133, 227, 296, 345); 222
2024-12-20 12:33:48,065 - 12:33:47.372; 93; 0; 751504; 1997152916861500; 1734694427372020500; 126789986; 1734694427951748300; None; None; Class ID: 0, Confidence: 0.69, BBox: (219, 170, 284, 310)
Class ID: 2, Confidence: 0.69, BBox: (282, 192, 438, 253)
Class ID: 1, Confidence: 0.54, BBox: (133, 227, 296, 345); 222
2024-12-20 12:33:48,765 - 12:33:48.069; 94; 0; 751504; 1997152916861500; 1734694428069743700; 128351886; 1734694428661171100; None; None; Class ID: 0, Confidence: 0.69, BBox: (219, 170, 284, 310)
Class ID: 2, Confidence: 0.69, BBox: (282, 192, 438, 253)
Class ID: 1, Confidence: 0.54, BBox: (133, 227, 296, 345); 222
2024-12-20 12:33:49,372 - 12:33:48.765; 95; 0; 751504; 1997152916861500; 1734694428765626500; 126645023; 1734694429275623500; None; None; Class ID: 0, Confidence: 0.69, BBox: (219, 170, 284, 310)
Class ID: 2, Confidence: 0.69, BBox: (282, 192, 438, 253)
Class ID: 1, Confidence: 0.54, BBox: (133, 227, 296, 345); 222
2024-12-20 12:33:49,987 - 12:33:49.372; 96; 0; 751504; 1997152916861500; 1734694429372665100; 122620324; 1734694429889540500; None; None; Class ID: 0, Confidence: 0.69, BBox: (219, 170, 284, 310)
Class ID: 2, Confidence: 0.69, BBox: (282, 192, 438, 253)
Class ID: 1, Confidence: 0.54, BBox: (133, 227, 296, 345); 222
2024-12-20 12:33:50,615 - 12:33:49.992; 97; 0; 751504; 1997152916861500; 1734694429992169700; 126935478; 1734694430514279900; None; None; Class ID: 0, Confidence: 0.69, BBox: (219, 170, 284, 310)
Class ID: 2, Confidence: 0.69, BBox: (282, 192, 438, 253)
Class ID: 1, Confidence: 0.54, BBox: (133, 227, 296, 345); 222
2024-12-20 12:33:51,244 - 12:33:50.615; 98; 0; 751504; 1997152916861500; 1734694430615450700; 124772426; 1734694431123960500; None; None; Class ID: 0, Confidence: 0.69, BBox: (219, 170, 284, 310)
Class ID: 2, Confidence: 0.69, BBox: (282, 192, 438, 253)
Class ID: 1, Confidence: 0.54, BBox: (133, 227, 296, 345); 222
2024-12-20 12:33:51,849 - 12:33:51.246; 99; 0; 751504; 1997152916861500; 1734694431246297900; 122299907; 1734694431731642100; None; None; Class ID: 0, Confidence: 0.69, BBox: (219, 170, 284, 310)
Class ID: 2, Confidence: 0.69, BBox: (282, 192, 438, 253)
Class ID: 1, Confidence: 0.54, BBox: (133, 227, 296, 345); 222
2024-12-20 12:33:52,582 - 12:33:51.852; 100; 0; 751504; 1997152916861500; 1734694431852029900; 123519451; 1734694432455594700; None; None; Class ID: 0, Confidence: 0.69, BBox: (219, 170, 284, 310)
Class ID: 2, Confidence: 0.69, BBox: (282, 192, 438, 253)
Class ID: 1, Confidence: 0.54, BBox: (133, 227, 296, 345); 222
2024-12-20 12:37:15,669 - 12:37:13.731; 0; 0; 751504; 1997431601415500; 1734694633731252600; 1055115793; 1734694635511216600; None; None; Class ID: 0, Confidence: 0.69, BBox: (219, 170, 284, 310)
Class ID: 2, Confidence: 0.69, BBox: (282, 192, 438, 253)
Class ID: 1, Confidence: 0.54, BBox: (133, 227, 296, 345); 222
2024-12-20 12:37:16,346 - 12:37:15.669; 1; 0; 751504; 1997431601415500; 1734694635669145200; 122614490; 1734694636227971700; None; None; Class ID: 0, Confidence: 0.69, BBox: (219, 170, 284, 310)
Class ID: 2, Confidence: 0.69, BBox: (282, 192, 438, 253)
Class ID: 1, Confidence: 0.54, BBox: (133, 227, 296, 345); 222
2024-12-20 12:37:16,947 - 12:37:16.346; 2; 0; 751504; 1997431601415500; 1734694636346384600; 123955576; 1734694636839933100; None; None; Class ID: 0, Confidence: 0.69, BBox: (219, 170, 284, 310)
Class ID: 2, Confidence: 0.69, BBox: (282, 192, 438, 253)
Class ID: 1, Confidence: 0.54, BBox: (133, 227, 296, 345); 222
2024-12-20 12:37:17,678 - 12:37:16.954; 3; 0; 751504; 1997431601415500; 1734694636954761800; 120331965; 1734694637457139300; None; None; Class ID: 0, Confidence: 0.69, BBox: (219, 170, 284, 310)
Class ID: 2, Confidence: 0.69, BBox: (282, 192, 438, 253)
Class ID: 1, Confidence: 0.54, BBox: (133, 227, 296, 345); 222
2024-12-20 12:37:18,287 - 12:37:17.681; 4; 0; 751504; 1997431601415500; 1734694637681764900; 121493818; 1734694638166848300; None; None; Class ID: 0, Confidence: 0.69, BBox: (219, 170, 284, 310)
Class ID: 2, Confidence: 0.69, BBox: (282, 192, 438, 253)
Class ID: 1, Confidence: 0.54, BBox: (133, 227, 296, 345); 222
2024-12-20 12:37:18,952 - 12:37:18.295; 5; 0; 751504; 1997431601415500; 1734694638295366200; 122237593; 1734694638787043600; None; None; Class ID: 0, Confidence: 0.69, BBox: (219, 170, 284, 310)
Class ID: 2, Confidence: 0.69, BBox: (282, 192, 438, 253)
Class ID: 1, Confidence: 0.54, BBox: (133, 227, 296, 345); 222
2024-12-20 12:37:19,655 - 12:37:18.952; 6; 0; 751504; 1997431601415500; 1734694638952502100; 123048818; 1734694639507034200; None; None; Class ID: 0, Confidence: 0.69, BBox: (219, 170, 284, 310)
Class ID: 2, Confidence: 0.69, BBox: (282, 192, 438, 253)
Class ID: 1, Confidence: 0.54, BBox: (133, 227, 296, 345); 222
2024-12-20 12:37:20,317 - 12:37:19.661; 7; 0; 751504; 1997431601415500; 1734694639661029000; 122331865; 1734694640219376000; None; None; Class ID: 0, Confidence: 0.69, BBox: (219, 170, 284, 310)
Class ID: 2, Confidence: 0.69, BBox: (282, 192, 438, 253)
Class ID: 1, Confidence: 0.54, BBox: (133, 227, 296, 345); 222
2024-12-20 12:37:20,987 - 12:37:20.325; 8; 0; 751504; 1997431601415500; 1734694640325053600; 122838174; 1734694640847623900; None; None; Class ID: 0, Confidence: 0.69, BBox: (219, 170, 284, 310)
Class ID: 2, Confidence: 0.69, BBox: (282, 192, 438, 253)
Class ID: 1, Confidence: 0.54, BBox: (133, 227, 296, 345); 222
2024-12-20 12:37:21,702 - 12:37:20.989; 9; 0; 751504; 1997431601415500; 1734694640989939000; 125678279; 1734694641560836700; None; None; Class ID: 0, Confidence: 0.69, BBox: (219, 170, 284, 310)
Class ID: 2, Confidence: 0.69, BBox: (282, 192, 438, 253)
Class ID: 1, Confidence: 0.54, BBox: (133, 227, 296, 345); 222
2024-12-20 12:37:22,403 - 12:37:21.702; 10; 0; 751504; 1997431601415500; 1734694641702888300; 118814576; 1734694642269622300; None; None; Class ID: 0, Confidence: 0.69, BBox: (219, 170, 284, 310)
Class ID: 2, Confidence: 0.69, BBox: (282, 192, 438, 253)
Class ID: 1, Confidence: 0.54, BBox: (133, 227, 296, 345); 222
2024-12-20 12:37:23,113 - 12:37:22.406; 11; 0; 751504; 1997431601415500; 1734694642406182100; 122053729; 1734694642998233000; None; None; Class ID: 0, Confidence: 0.69, BBox: (219, 170, 284, 310)
Class ID: 2, Confidence: 0.69, BBox: (282, 192, 438, 253)
Class ID: 1, Confidence: 0.54, BBox: (133, 227, 296, 345); 222
2024-12-20 12:37:23,704 - 12:37:23.117; 12; 0; 751504; 1997431601415500; 1734694643117421500; 123999227; 1734694643596909400; None; None; Class ID: 0, Confidence: 0.69, BBox: (219, 170, 284, 310)
Class ID: 2, Confidence: 0.69, BBox: (282, 192, 438, 253)
Class ID: 1, Confidence: 0.54, BBox: (133, 227, 296, 345); 222
2024-12-20 12:37:23,869 - 12:37:23.747; 13; 0; 751504; 0; 0; 0; 0; None; 93%; Connection lost [WinError 10053] Eine bestehende Verbindung wurde softwaregesteuert
durch den Hostcomputer abgebrochen; 168
2024-12-20 12:37:28,173 - 12:37:28.007; 13; 0; 0; 0; 0; 0; 0; None; 93%; No connection possible: [WinError 10061] Es konnte keine Verbindung hergestellt werden, da der Zielcomputer die Verbindung verweigerte; 183
2024-12-20 12:55:16,530 - 12:55:12.887; 0; 0; 751504; 1998510764014500; 1734695712887481000; 3032101589; 1734695716361605600; None; None; Class ID: 0, Confidence: 0.69, BBox: (219, 170, 284, 310)
Class ID: 2, Confidence: 0.69, BBox: (282, 192, 438, 253)
Class ID: 1, Confidence: 0.54, BBox: (133, 227, 296, 345); 222
2024-12-20 12:55:17,233 - 12:55:16.538; 1; 0; 751504; 1998510764014500; 1734695716538232000; 124032810; 1734695717078723500; None; None; Class ID: 0, Confidence: 0.69, BBox: (219, 170, 284, 310)
Class ID: 2, Confidence: 0.69, BBox: (282, 192, 438, 253)
Class ID: 1, Confidence: 0.54, BBox: (133, 227, 296, 345); 222
2024-12-20 12:55:17,914 - 12:55:17.239; 2; 0; 751504; 1998510764014500; 1734695717239078400; 123828114; 1734695717757642400; None; None; Class ID: 0, Confidence: 0.69, BBox: (219, 170, 284, 310)
Class ID: 2, Confidence: 0.69, BBox: (282, 192, 438, 253)
Class ID: 1, Confidence: 0.54, BBox: (133, 227, 296, 345); 222
2024-12-20 12:55:18,676 - 12:55:17.918; 3; 0; 751504; 1998510764014500; 1734695717918682000; 122584391; 1734695718512034500; None; None; Class ID: 0, Confidence: 0.69, BBox: (219, 170, 284, 310)
Class ID: 2, Confidence: 0.69, BBox: (282, 192, 438, 253)
Class ID: 1, Confidence: 0.54, BBox: (133, 227, 296, 345); 222
2024-12-20 12:55:19,318 - 12:55:18.681; 4; 0; 751504; 1998510764014500; 1734695718681171500; 121648589; 1734695719155713700; None; None; Class ID: 0, Confidence: 0.69, BBox: (219, 170, 284, 310)
Class ID: 2, Confidence: 0.69, BBox: (282, 192, 438, 253)
Class ID: 1, Confidence: 0.54, BBox: (133, 227, 296, 345); 222
2024-12-20 12:55:20,012 - 12:55:19.318; 5; 0; 751504; 1998510764014500; 1734695719318997100; 125285949; 1734695719840701900; None; None; Class ID: 0, Confidence: 0.69, BBox: (219, 170, 284, 310)
Class ID: 2, Confidence: 0.69, BBox: (282, 192, 438, 253)
Class ID: 1, Confidence: 0.54, BBox: (133, 227, 296, 345); 222
2024-12-20 12:55:20,718 - 12:55:20.021; 6; 0; 751504; 1998510764014500; 1734695720021479700; 125085292; 1734695720553547800; None; None; Class ID: 0, Confidence: 0.69, BBox: (219, 170, 284, 310)
Class ID: 2, Confidence: 0.69, BBox: (282, 192, 438, 253)
Class ID: 1, Confidence: 0.54, BBox: (133, 227, 296, 345); 222
2024-12-20 12:55:21,534 - 12:55:20.726; 7; 0; 751504; 1998510764014500; 1734695720726931800; 129687247; 1734695721271686800; None; None; Class ID: 0, Confidence: 0.69, BBox: (219, 170, 284, 310)
Class ID: 2, Confidence: 0.69, BBox: (282, 192, 438, 253)
Class ID: 1, Confidence: 0.54, BBox: (133, 227, 296, 345); 222
2024-12-20 12:55:22,637 - 12:55:21.542; 8; 0; 751504; 1998510764014500; 1734695721542522400; 126084536; 1734695722097115000; None; None; Class ID: 0, Confidence: 0.69, BBox: (219, 170, 284, 310)
Class ID: 2, Confidence: 0.69, BBox: (282, 192, 438, 253)
Class ID: 1, Confidence: 0.54, BBox: (133, 227, 296, 345); 222
2024-12-20 12:55:23,335 - 12:55:22.637; 9; 0; 751504; 1998510764014500; 1734695722637798900; 122859844; 1734695723213871000; None; None; Class ID: 0, Confidence: 0.69, BBox: (219, 170, 284, 310)
Class ID: 2, Confidence: 0.69, BBox: (282, 192, 438, 253)
Class ID: 1, Confidence: 0.54, BBox: (133, 227, 296, 345); 222
2024-12-20 12:55:23,953 - 12:55:23.335; 10; 0; 751504; 1998510764014500; 1734695723335602400; 127176572; 1734695723831300000; None; None; Class ID: 0, Confidence: 0.69, BBox: (219, 170, 284, 310)
Class ID: 2, Confidence: 0.69, BBox: (282, 192, 438, 253)
Class ID: 1, Confidence: 0.54, BBox: (133, 227, 296, 345); 222
2024-12-20 12:55:24,697 - 12:55:23.953; 11; 0; 751504; 1998510764014500; 1734695723953576500; 129262203; 1734695724551106600; None; None; Class ID: 0, Confidence: 0.69, BBox: (219, 170, 284, 310)
Class ID: 2, Confidence: 0.69, BBox: (282, 192, 438, 253)
Class ID: 1, Confidence: 0.54, BBox: (133, 227, 296, 345); 222
2024-12-20 12:55:25,397 - 12:55:24.704; 12; 0; 751504; 1998510764014500; 1734695724704357000; 132398021; 1734695725276740100; None; None; Class ID: 0, Confidence: 0.69, BBox: (219, 170, 284, 310)
Class ID: 2, Confidence: 0.69, BBox: (282, 192, 438, 253)
Class ID: 1, Confidence: 0.54, BBox: (133, 227, 296, 345); 222
2024-12-20 12:55:26,112 - 12:55:25.405; 13; 0; 751504; 1998510764014500; 1734695725405824500; 127803926; 1734695725980002400; None; None; Class ID: 0, Confidence: 0.69, BBox: (219, 170, 284, 310)
Class ID: 2, Confidence: 0.69, BBox: (282, 192, 438, 253)
Class ID: 1, Confidence: 0.54, BBox: (133, 227, 296, 345); 222
2024-12-20 12:55:26,813 - 12:55:26.112; 14; 0; 751504; 1998510764014500; 1734695726112065400; 122949531; 1734695726700083300; None; None; Class ID: 0, Confidence: 0.69, BBox: (219, 170, 284, 310)
Class ID: 2, Confidence: 0.69, BBox: (282, 192, 438, 253)
Class ID: 1, Confidence: 0.54, BBox: (133, 227, 296, 345); 222
2024-12-20 12:55:27,433 - 12:55:26.819; 15; 0; 751504; 1998510764014500; 1734695726819455100; 121001631; 1734695727311829100; None; None; Class ID: 0, Confidence: 0.69, BBox: (219, 170, 284, 310)
Class ID: 2, Confidence: 0.69, BBox: (282, 192, 438, 253)
Class ID: 1, Confidence: 0.54, BBox: (133, 227, 296, 345); 222
2024-12-20 12:55:28,160 - 12:55:27.434; 16; 0; 751504; 1998510764014500; 1734695727434830900; 127446494; 1734695728033957400; None; None; Class ID: 0, Confidence: 0.69, BBox: (219, 170, 284, 310)
Class ID: 2, Confidence: 0.69, BBox: (282, 192, 438, 253)
Class ID: 1, Confidence: 0.54, BBox: (133, 227, 296, 345); 222
2024-12-20 12:55:28,891 - 12:55:28.165; 17; 0; 751504; 1998510764014500; 1734695728165055700; 128419777; 1734695728757942700; None; None; Class ID: 0, Confidence: 0.69, BBox: (219, 170, 284, 310)
Class ID: 2, Confidence: 0.69, BBox: (282, 192, 438, 253)
Class ID: 1, Confidence: 0.54, BBox: (133, 227, 296, 345); 222
2024-12-20 12:55:29,631 - 12:55:28.900; 18; 0; 751504; 1998510764014500; 1734695728900349000; 130161550; 1734695729465313000; None; None; Class ID: 0, Confidence: 0.69, BBox: (219, 170, 284, 310)
Class ID: 2, Confidence: 0.69, BBox: (282, 192, 438, 253)
Class ID: 1, Confidence: 0.54, BBox: (133, 227, 296, 345); 222
2024-12-20 12:55:30,349 - 12:55:29.642; 19; 0; 751504; 1998510764014500; 1734695729642648400; 129020180; 1734695730193936200; None; None; Class ID: 0, Confidence: 0.69, BBox: (219, 170, 284, 310)
Class ID: 2, Confidence: 0.69, BBox: (282, 192, 438, 253)
Class ID: 1, Confidence: 0.54, BBox: (133, 227, 296, 345); 222
2024-12-20 12:55:31,007 - 12:55:30.359; 20; 0; 751504; 1998510764014500; 1734695730359403700; 126325911; 1734695730861169700; None; None; Class ID: 0, Confidence: 0.69, BBox: (219, 170, 284, 310)
Class ID: 2, Confidence: 0.69, BBox: (282, 192, 438, 253)
Class ID: 1, Confidence: 0.54, BBox: (133, 227, 296, 345); 222
2024-12-20 12:55:31,787 - 12:55:31.015; 21; 0; 751504; 1998510764014500; 1734695731015433300; 132375864; 1734695731620109300; None; None; Class ID: 0, Confidence: 0.69, BBox: (219, 170, 284, 310)
Class ID: 2, Confidence: 0.69, BBox: (282, 192, 438, 253)
Class ID: 1, Confidence: 0.54, BBox: (133, 227, 296, 345); 222
2024-12-20 12:55:32,478 - 12:55:31.790; 22; 0; 751504; 1998510764014500; 1734695731791635700; 128961326; 1734695732332048800; None; None; Class ID: 0, Confidence: 0.69, BBox: (219, 170, 284, 310)
Class ID: 2, Confidence: 0.69, BBox: (282, 192, 438, 253)
Class ID: 1, Confidence: 0.54, BBox: (133, 227, 296, 345); 222
2024-12-20 12:55:33,536 - 12:55:32.490; 23; 0; 751504; 1998510764014500; 1734695732490776200; 123623612; 1734695733056840500; None; None; Class ID: 0, Confidence: 0.69, BBox: (219, 170, 284, 310)
Class ID: 2, Confidence: 0.69, BBox: (282, 192, 438, 253)
Class ID: 1, Confidence: 0.54, BBox: (133, 227, 296, 345); 222
2024-12-20 12:55:34,216 - 12:55:33.539; 24; 0; 751504; 1998510764014500; 1734695733539511700; 126113193; 1734695734079256200; None; None; Class ID: 0, Confidence: 0.69, BBox: (219, 170, 284, 310)
Class ID: 2, Confidence: 0.69, BBox: (282, 192, 438, 253)
Class ID: 1, Confidence: 0.54, BBox: (133, 227, 296, 345); 222
2024-12-20 12:55:34,934 - 12:55:34.221; 25; 0; 751504; 1998510764014500; 1734695734221894200; 124897871; 1734695734799230700; None; None; Class ID: 0, Confidence: 0.69, BBox: (219, 170, 284, 310)
Class ID: 2, Confidence: 0.69, BBox: (282, 192, 438, 253)
Class ID: 1, Confidence: 0.54, BBox: (133, 227, 296, 345); 222
2024-12-20 12:55:35,664 - 12:55:34.946; 26; 0; 751504; 1998510764014500; 1734695734946912800; 124262404; 1734695735508010800; None; None; Class ID: 0, Confidence: 0.69, BBox: (219, 170, 284, 310)
Class ID: 2, Confidence: 0.69, BBox: (282, 192, 438, 253)
Class ID: 1, Confidence: 0.54, BBox: (133, 227, 296, 345); 222
2024-12-20 12:55:36,372 - 12:55:35.673; 27; 0; 751504; 1998510764014500; 1734695735673696400; 123436432; 1734695736224579600; None; None; Class ID: 0, Confidence: 0.69, BBox: (219, 170, 284, 310)
Class ID: 2, Confidence: 0.69, BBox: (282, 192, 438, 253)
Class ID: 1, Confidence: 0.54, BBox: (133, 227, 296, 345); 222
2024-12-20 12:55:37,022 - 12:55:36.375; 28; 0; 751504; 1998510764014500; 1734695736375908700; 124772885; 1734695736859950200; None; None; Class ID: 0, Confidence: 0.69, BBox: (219, 170, 284, 310)
Class ID: 2, Confidence: 0.69, BBox: (282, 192, 438, 253)
Class ID: 1, Confidence: 0.54, BBox: (133, 227, 296, 345); 222
2024-12-20 12:55:37,707 - 12:55:37.029; 29; 0; 751504; 1998510764014500; 1734695737029758700; 123994594; 1734695737552546700; None; None; Class ID: 0, Confidence: 0.69, BBox: (219, 170, 284, 310)
Class ID: 2, Confidence: 0.69, BBox: (282, 192, 438, 253)
Class ID: 1, Confidence: 0.54, BBox: (133, 227, 296, 345); 222
2024-12-20 12:55:38,363 - 12:55:37.716; 30; 0; 751504; 1998510764014500; 1734695737716492100; 124123146; 1734695738214188700; None; None; Class ID: 0, Confidence: 0.69, BBox: (219, 170, 284, 310)
Class ID: 2, Confidence: 0.69, BBox: (282, 192, 438, 253)
Class ID: 1, Confidence: 0.54, BBox: (133, 227, 296, 345); 222
2024-12-20 12:55:39,001 - 12:55:38.373; 31; 0; 751504; 1998510764014500; 1734695738373541400; 122712801; 1734695738869670900; None; None; Class ID: 0, Confidence: 0.69, BBox: (219, 170, 284, 310)
Class ID: 2, Confidence: 0.69, BBox: (282, 192, 438, 253)
Class ID: 1, Confidence: 0.54, BBox: (133, 227, 296, 345); 222
2024-12-20 12:55:39,669 - 12:55:39.004; 32; 0; 751504; 1998510764014500; 1734695739004964800; 121620653; 1734695739503632900; None; None; Class ID: 0, Confidence: 0.69, BBox: (219, 170, 284, 310)
Class ID: 2, Confidence: 0.69, BBox: (282, 192, 438, 253)
Class ID: 1, Confidence: 0.54, BBox: (133, 227, 296, 345); 222
2024-12-20 12:55:40,365 - 12:55:39.672; 33; 0; 751504; 1998510764014500; 1734695739672630000; 124573996; 1734695740214715400; None; None; Class ID: 0, Confidence: 0.69, BBox: (219, 170, 284, 310)
Class ID: 2, Confidence: 0.69, BBox: (282, 192, 438, 253)
Class ID: 1, Confidence: 0.54, BBox: (133, 227, 296, 345); 222
2024-12-20 12:55:40,996 - 12:55:40.375; 34; 0; 751504; 1998510764014500; 1734695740375940400; 125585992; 1734695740861630500; None; None; Class ID: 0, Confidence: 0.69, BBox: (219, 170, 284, 310)
Class ID: 2, Confidence: 0.69, BBox: (282, 192, 438, 253)
Class ID: 1, Confidence: 0.54, BBox: (133, 227, 296, 345); 222
2024-12-20 12:55:41,786 - 12:55:41.000; 35; 0; 751504; 1998510764014500; 1734695741000423400; 124642046; 1734695741645780500; None; None; Class ID: 0, Confidence: 0.69, BBox: (219, 170, 284, 310)
Class ID: 2, Confidence: 0.69, BBox: (282, 192, 438, 253)
Class ID: 1, Confidence: 0.54, BBox: (133, 227, 296, 345); 222
2024-12-20 12:55:42,444 - 12:55:41.798; 36; 0; 751504; 1998510764014500; 1734695741798788700; 126150043; 1734695742280920700; None; None; Class ID: 0, Confidence: 0.69, BBox: (219, 170, 284, 310)
Class ID: 2, Confidence: 0.69, BBox: (282, 192, 438, 253)
Class ID: 1, Confidence: 0.54, BBox: (133, 227, 296, 345); 222
2024-12-20 12:55:43,423 - 12:55:42.450; 37; 0; 751504; 1998510764014500; 1734695742451759900; 126550243; 1734695742938519800; None; None; Class ID: 0, Confidence: 0.69, BBox: (219, 170, 284, 310)
Class ID: 2, Confidence: 0.69, BBox: (282, 192, 438, 253)
Class ID: 1, Confidence: 0.54, BBox: (133, 227, 296, 345); 222
2024-12-20 12:55:44,280 - 12:55:43.428; 38; 0; 751504; 1998510764014500; 1734695743428169000; 123128676; 1734695744156420900; None; None; Class ID: 0, Confidence: 0.69, BBox: (219, 170, 284, 310)
Class ID: 2, Confidence: 0.69, BBox: (282, 192, 438, 253)
Class ID: 1, Confidence: 0.54, BBox: (133, 227, 296, 345); 222
2024-12-30 16:11:30,465 - 16:11:30.216; 0; 0; 0; 0; 0; 0; 0; None; 92%; No connection possible: [WinError 10061] Es konnte keine Verbindung hergestellt werden, da der Zielcomputer die Verbindung verweigerte; 183
2024-12-30 16:11:34,745 - 16:11:34.514; 0; 0; 0; 0; 0; 0; 0; None; 92%; No connection possible: [WinError 10061] Es konnte keine Verbindung hergestellt werden, da der Zielcomputer die Verbindung verweigerte; 183
2024-12-30 16:11:38,988 - 16:11:38.779; 0; 0; 0; 0; 0; 0; 0; None; 92%; No connection possible: [WinError 10061] Es konnte keine Verbindung hergestellt werden, da der Zielcomputer die Verbindung verweigerte; 183
2024-12-30 16:13:02,108 - 16:13:01.969; 0; 0; 0; 0; 0; 0; 0; None; 92%; No connection possible: [WinError 10060] Ein Verbindungsversuch ist fehlgeschlagen, da die Gegenstelle nach einer bestimmten Zeitspanne nicht richtig reagiert hat, oder die hergestellte Verbindung war fehlerhaft, da der verbundene Host nicht reagiert hat; 303
2024-12-30 16:13:25,224 - 16:13:25.134; 0; 0; 0; 0; 0; 0; 0; None; 92%; No connection possible: [WinError 10060] Ein Verbindungsversuch ist fehlgeschlagen, da die Gegenstelle nach einer bestimmten Zeitspanne nicht richtig reagiert hat, oder die hergestellte Verbindung war fehlerhaft, da der verbundene Host nicht reagiert hat; 303
2024-12-30 16:13:48,350 - 16:13:48.258; 0; 0; 0; 0; 0; 0; 0; None; 92%; No connection possible: [WinError 10060] Ein Verbindungsversuch ist fehlgeschlagen, da die Gegenstelle nach einer bestimmten Zeitspanne nicht richtig reagiert hat, oder die hergestellte Verbindung war fehlerhaft, da der verbundene Host nicht reagiert hat; 303
2024-12-30 16:14:11,521 - 16:14:11.400; 0; 0; 0; 0; 0; 0; 0; None; 92%; No connection possible: [WinError 10060] Ein Verbindungsversuch ist fehlgeschlagen, da die Gegenstelle nach einer bestimmten Zeitspanne nicht richtig reagiert hat, oder die hergestellte Verbindung war fehlerhaft, da der verbundene Host nicht reagiert hat; 303
2024-12-30 16:18:48,897 - 16:18:46.861; 0; 0; 751504; 17805464012100; 1735571926886144500; 1296710538; 1735571928568008100; None; None; None; 53
2024-12-30 16:18:49,669 - 16:18:48.904; 1; 0; 751504; 17805464012100; 1735571928904196200; 128871406; 1735571929377219500; None; None; None; 53
2024-12-30 16:18:50,503 - 16:18:49.672; 2; 0; 751504; 17805464012100; 1735571929672231400; 134782694; 1735571930199051100; None; None; None; 53
2024-12-30 16:18:51,232 - 16:18:50.506; 3; 0; 751504; 17805464012100; 1735571930506636400; 133846856; 1735571930978084800; None; None; None; 53
2024-12-30 16:18:51,953 - 16:18:51.234; 4; 0; 751504; 17805464012100; 1735571931234956100; 129904917; 1735571931705151900; None; None; None; 53
2024-12-30 16:18:52,633 - 16:18:51.957; 5; 0; 751504; 17805464012100; 1735571931957383700; 132567020; 1735571932436297900; None; None; None; 53
2024-12-30 16:18:53,310 - 16:18:52.635; 6; 0; 751504; 17805464012100; 1735571932635767100; 135596199; 1735571933110440300; None; None; None; 53
2024-12-30 16:18:53,989 - 16:18:53.313; 7; 0; 751504; 17805464012100; 1735571933313252800; 131767805; 1735571933775936900; None; None; None; 53
2024-12-30 16:18:54,660 - 16:18:53.992; 8; 0; 751504; 17805464012100; 1735571933992522000; 133539639; 1735571934471774100; None; None; None; 53
2024-12-30 16:18:55,342 - 16:18:54.664; 9; 0; 751504; 17805464012100; 1735571934664177500; 133549720; 1735571935136250800; None; None; None; 53
2024-12-30 16:18:56,050 - 16:18:55.345; 10; 0; 751504; 17805464012100; 1735571935345349400; 139463746; 1735571935820980600; None; None; None; 53
2024-12-30 16:18:56,787 - 16:18:56.055; 11; 0; 751504; 17805464012100; 1735571936055044900; 132078930; 1735571936532533200; None; None; None; 53
2024-12-30 16:18:57,507 - 16:18:56.791; 12; 0; 751504; 17805464012100; 1735571936791985900; 132831855; 1735571937265008600; None; None; None; 53
2024-12-30 16:18:58,240 - 16:18:57.510; 13; 0; 751504; 17805464012100; 1735571937510914600; 131558258; 1735571937977081100; None; None; None; 53
2024-12-30 16:18:58,959 - 16:18:58.243; 14; 0; 751504; 17805464012100; 1735571938243817600; 133712842; 1735571938714721000; None; None; None; 53
2024-12-30 16:18:59,677 - 16:18:58.962; 15; 0; 751504; 17805464012100; 1735571938962775200; 128442608; 1735571939424543700; None; None; None; 53
2024-12-30 16:19:00,438 - 16:18:59.680; 16; 0; 751504; 17805464012100; 1735571939681409700; 140986906; 1735571940153929700; None; None; None; 53
2024-12-30 16:19:01,201 - 16:19:00.441; 17; 0; 751504; 17805464012100; 1735571940441102800; 129797264; 1735571940906404700; None; None; None; 53
2024-12-30 16:19:02,061 - 16:19:01.204; 18; 0; 751504; 17805464012100; 1735571941204942000; 129094611; 1735571941718844700; None; None; None; 53
2024-12-30 16:19:02,800 - 16:19:02.068; 19; 0; 751504; 17805464012100; 1735571942068260900; 133371846; 1735571942574835100; None; None; None; 53
2024-12-30 16:19:03,523 - 16:19:02.805; 20; 0; 751504; 17805464012100; 1735571942805098000; 133464088; 1735571943281614900; None; None; None; 53
2024-12-30 16:19:04,219 - 16:19:03.525; 21; 0; 751504; 17805464012100; 1735571943525177100; 129324956; 1735571943990687100; None; None; None; 53
2024-12-30 16:19:04,897 - 16:19:04.222; 22; 0; 751504; 17805464012100; 1735571944222655000; 128745703; 1735571944690996000; None; None; None; 53
2024-12-30 16:19:05,617 - 16:19:04.900; 23; 0; 751504; 17805464012100; 1735571944901097000; 134514378; 1735571945379801400; None; None; None; 53
2024-12-30 16:19:06,311 - 16:19:05.620; 24; 0; 751504; 17805464012100; 1735571945620688400; 129575220; 1735571946094017300; None; None; None; 53
2024-12-30 16:19:07,024 - 16:19:06.315; 25; 0; 751504; 17805464012100; 1735571946315093800; 138873714; 1735571946801586200; None; None; None; 53
2024-12-30 16:19:07,738 - 16:19:07.027; 26; 0; 751504; 17805464012100; 1735571947027208800; 128849586; 1735571947511530100; None; None; None; 53
2024-12-30 16:19:08,450 - 16:19:07.743; 27; 0; 751504; 17805464012100; 1735571947743086000; 133988187; 1735571948218956300; None; None; None; 53
2024-12-30 16:19:09,169 - 16:19:08.458; 28; 0; 751504; 17805464012100; 1735571948458783200; 129405477; 1735571948931622600; None; None; None; 53
2024-12-30 16:19:09,903 - 16:19:09.178; 29; 0; 751504; 17805464012100; 1735571949178554300; 129187842; 1735571949639038500; None; None; None; 53
2024-12-30 16:19:10,578 - 16:19:09.907; 30; 0; 751504; 17805464012100; 1735571949907926700; 139099708; 1735571950380488600; None; None; None; 53
2024-12-30 16:19:11,284 - 16:19:10.584; 31; 0; 751504; 17805464012100; 1735571950584246100; 130786904; 1735571951060700500; None; None; None; 53
2024-12-30 16:19:12,029 - 16:19:11.289; 32; 0; 751504; 17805464012100; 1735571951289782500; 126472039; 1735571951757052200; None; None; None; 53
2024-12-30 16:19:12,753 - 16:19:12.040; 33; 0; 751504; 17805464012100; 1735571952041449700; 137219441; 1735571952530947600; None; None; None; 53
2024-12-30 16:19:13,505 - 16:19:12.757; 34; 0; 751504; 17805464012100; 1735571952757692000; 137302792; 1735571953256764100; None; None; None; 53
2024-12-30 16:19:14,223 - 16:19:13.510; 35; 0; 751504; 17805464012100; 1735571953510004600; 128216533; 1735571953983151700; None; None; None; 53
2024-12-30 16:19:14,891 - 16:19:14.228; 36; 0; 751504; 17805464012100; 1735571954228621900; 128684472; 1735571954696407000; None; None; None; 53
2024-12-30 16:19:15,642 - 16:19:14.901; 37; 0; 751504; 17805464012100; 1735571954901383000; 134270222; 1735571955388568500; None; None; None; 53
2024-12-30 16:19:16,351 - 16:19:15.650; 38; 0; 751504; 17805464012100; 1735571955650910400; 128227433; 1735571956112396700; None; None; None; 53
2024-12-30 16:19:17,044 - 16:19:16.364; 39; 0; 751504; 17805464012100; 1735571956364012000; 128703762; 1735571956839704500; None; None; None; 53
2024-12-30 16:19:17,742 - 16:19:17.048; 40; 0; 751504; 17805464012100; 1735571957048166900; 130612460; 1735571957520233000; None; None; None; 53
2024-12-30 16:19:18,459 - 16:19:17.746; 41; 0; 751504; 17805464012100; 1735571957746640200; 139822922; 1735571958227892500; None; None; None; 53
2024-12-30 16:19:19,120 - 16:19:18.462; 42; 0; 751504; 17805464012100; 1735571958463123200; 127756203; 1735571958919455500; None; None; None; 53
2024-12-30 16:19:19,791 - 16:19:19.123; 43; 0; 751504; 17805464012100; 1735571959123285500; 127987698; 1735571959590554700; None; None; None; 53
2024-12-30 16:19:20,449 - 16:19:19.794; 44; 0; 751504; 17805464012100; 1735571959794291500; 136893984; 1735571960269155500; None; None; None; 53
2024-12-30 16:19:21,132 - 16:19:20.451; 45; 0; 751504; 17805464012100; 1735571960451935900; 128435347; 1735571960928208000; None; None; None; 53
2024-12-30 16:19:21,855 - 16:19:21.135; 46; 0; 751504; 17805464012100; 1735571961135699600; 133457056; 1735571961602071800; None; None; None; 53
2024-12-30 16:19:22,544 - 16:19:21.858; 47; 0; 751504; 17805464012100; 1735571961858734900; 134312832; 1735571962325520800; None; None; None; 53
2024-12-30 16:19:23,219 - 16:19:22.547; 48; 0; 751504; 17805464012100; 1735571962547579400; 128234572; 1735571963009044400; None; None; None; 53
2024-12-30 16:19:23,894 - 16:19:23.222; 49; 0; 751504; 17805464012100; 1735571963222699100; 128310794; 1735571963686063000; None; None; None; 53
2024-12-30 16:19:24,592 - 16:19:23.897; 50; 0; 751504; 17805464012100; 1735571963897197900; 140285920; 1735571964377677800; None; None; None; 53
2024-12-30 16:19:25,283 - 16:19:24.595; 51; 0; 751504; 17805464012100; 1735571964595690500; 130604980; 1735571965063662100; None; None; None; 53
2024-12-30 16:19:25,986 - 16:19:25.286; 52; 0; 751504; 17805464012100; 1735571965286049400; 128759323; 1735571965755756600; None; None; None; 53
2024-12-30 16:19:26,680 - 16:19:25.989; 53; 0; 751504; 17805464012100; 1735571965989684400; 127610250; 1735571966455985300; None; None; None; 53
2024-12-30 16:19:27,404 - 16:19:26.683; 54; 0; 751504; 17805464012100; 1735571966683317200; 127494958; 1735571967151593900; None; None; None; 53
2024-12-30 16:19:28,162 - 16:19:27.407; 55; 0; 751504; 17805464012100; 1735571967407659300; 129405926; 1735571967869427800; None; None; None; 53
2024-12-30 16:19:28,982 - 16:19:28.167; 56; 0; 751504; 17805464012100; 1735571968167212700; 129679510; 1735571968634711800; None; None; None; 53
2024-12-30 16:19:29,658 - 16:19:28.984; 57; 0; 751504; 17805464012100; 1735571968984743200; 129989897; 1735571969483155100; None; None; None; 53
2024-12-31 09:36:38,877 - 09:36:33.953; 0; 0; 751504; 80078329903700; 1735634193953165000; 4443940479; 1735634198754729600; None; None; Class ID: 0, Confidence: 0.69, BBox: (219, 170, 284, 310)
Class ID: 2, Confidence: 0.69, BBox: (282, 192, 438, 253)
Class ID: 1, Confidence: 0.54, BBox: (133, 227, 296, 345); 222
2024-12-31 09:36:39,307 - 09:36:38.903; 1; 0; 751504; 80078329903700; 1735634198903104700; 76307139; 1735634199219721700; None; None; Class ID: 0, Confidence: 0.69, BBox: (219, 170, 284, 310)
Class ID: 2, Confidence: 0.69, BBox: (282, 192, 438, 253)
Class ID: 1, Confidence: 0.54, BBox: (133, 227, 296, 345); 222
2024-12-31 09:36:39,777 - 09:36:39.307; 2; 0; 751504; 80078329903700; 1735634199307970600; 90979514; 1735634199686640300; None; None; Class ID: 0, Confidence: 0.69, BBox: (219, 170, 284, 310)
Class ID: 2, Confidence: 0.69, BBox: (282, 192, 438, 253)
Class ID: 1, Confidence: 0.54, BBox: (133, 227, 296, 345); 222
2024-12-31 09:36:40,203 - 09:36:39.780; 3; 0; 751504; 80078329903700; 1735634199780438200; 74608237; 1735634200097848400; None; None; Class ID: 0, Confidence: 0.69, BBox: (219, 170, 284, 310)
Class ID: 2, Confidence: 0.69, BBox: (282, 192, 438, 253)
Class ID: 1, Confidence: 0.54, BBox: (133, 227, 296, 345); 222
2024-12-31 09:36:40,632 - 09:36:40.203; 4; 0; 751504; 80078329903700; 1735634200203754600; 75429173; 1735634200514002300; None; None; Class ID: 0, Confidence: 0.69, BBox: (219, 170, 284, 310)
Class ID: 2, Confidence: 0.69, BBox: (282, 192, 438, 253)
Class ID: 1, Confidence: 0.54, BBox: (133, 227, 296, 345); 222
2024-12-31 09:36:41,048 - 09:36:40.642; 5; 0; 751504; 80078329903700; 1735634200643316100; 70241627; 1735634200932821000; None; None; Class ID: 0, Confidence: 0.69, BBox: (219, 170, 284, 310)
Class ID: 2, Confidence: 0.69, BBox: (282, 192, 438, 253)
Class ID: 1, Confidence: 0.54, BBox: (133, 227, 296, 345); 222
2024-12-31 09:36:41,497 - 09:36:41.048; 6; 0; 751504; 80078329903700; 1735634201048519300; 79116994; 1735634201374055600; None; None; Class ID: 0, Confidence: 0.69, BBox: (219, 170, 284, 310)
Class ID: 2, Confidence: 0.69, BBox: (282, 192, 438, 253)
Class ID: 1, Confidence: 0.54, BBox: (133, 227, 296, 345); 222
2024-12-31 09:36:42,033 - 09:36:41.497; 7; 0; 751504; 80078329903700; 1735634201497723200; 79612366; 1735634201881600300; None; None; Class ID: 0, Confidence: 0.69, BBox: (219, 170, 284, 310)
Class ID: 2, Confidence: 0.69, BBox: (282, 192, 438, 253)
Class ID: 1, Confidence: 0.54, BBox: (133, 227, 296, 345); 222
2024-12-31 09:36:42,482 - 09:36:42.041; 8; 0; 751504; 80078329903700; 1735634202041268500; 76249248; 1735634202361420400; None; None; Class ID: 0, Confidence: 0.69, BBox: (219, 170, 284, 310)
Class ID: 2, Confidence: 0.69, BBox: (282, 192, 438, 253)
Class ID: 1, Confidence: 0.54, BBox: (133, 227, 296, 345); 222
2024-12-31 09:36:42,968 - 09:36:42.492; 9; 0; 751504; 80078329903700; 1735634202492046400; 73877327; 1735634202801219600; None; None; Class ID: 0, Confidence: 0.69, BBox: (219, 170, 284, 310)
Class ID: 2, Confidence: 0.69, BBox: (282, 192, 438, 253)
Class ID: 1, Confidence: 0.54, BBox: (133, 227, 296, 345); 222
2024-12-31 09:36:43,388 - 09:36:42.969; 10; 0; 751504; 80078329903700; 1735634202969836900; 71288029; 1735634203264097700; None; None; Class ID: 0, Confidence: 0.69, BBox: (219, 170, 284, 310)
Class ID: 2, Confidence: 0.69, BBox: (282, 192, 438, 253)
Class ID: 1, Confidence: 0.54, BBox: (133, 227, 296, 345); 222
2024-12-31 09:36:43,867 - 09:36:43.391; 11; 0; 751504; 80078329903700; 1735634203391791100; 71455054; 1735634203702462800; None; None; Class ID: 0, Confidence: 0.69, BBox: (219, 170, 284, 310)
Class ID: 2, Confidence: 0.69, BBox: (282, 192, 438, 253)
Class ID: 1, Confidence: 0.54, BBox: (133, 227, 296, 345); 222
2024-12-31 09:36:44,336 - 09:36:43.870; 12; 0; 751504; 80078329903700; 1735634203870704200; 72919666; 1735634204169761600; None; None; Class ID: 0, Confidence: 0.69, BBox: (219, 170, 284, 310)
Class ID: 2, Confidence: 0.69, BBox: (282, 192, 438, 253)
Class ID: 1, Confidence: 0.54, BBox: (133, 227, 296, 345); 222
2024-12-31 09:36:44,806 - 09:36:44.339; 13; 0; 751504; 80078329903700; 1735634204339002500; 74848488; 1735634204666705000; None; None; Class ID: 0, Confidence: 0.69, BBox: (219, 170, 284, 310)
Class ID: 2, Confidence: 0.69, BBox: (282, 192, 438, 253)
Class ID: 1, Confidence: 0.54, BBox: (133, 227, 296, 345); 222
2024-12-31 09:36:45,272 - 09:36:44.806; 14; 0; 751504; 80078329903700; 1735634204806077600; 91944262; 1735634205125809100; None; None; Class ID: 0, Confidence: 0.69, BBox: (219, 170, 284, 310)
Class ID: 2, Confidence: 0.69, BBox: (282, 192, 438, 253)
Class ID: 1, Confidence: 0.54, BBox: (133, 227, 296, 345); 222
2024-12-31 09:36:46,681 - 09:36:45.272; 15; 0; 751504; 80078329903700; 1735634205272136800; 75512285; 1735634206568677800; None; None; Class ID: 0, Confidence: 0.69, BBox: (219, 170, 284, 310)
Class ID: 2, Confidence: 0.69, BBox: (282, 192, 438, 253)
Class ID: 1, Confidence: 0.54, BBox: (133, 227, 296, 345); 222
2024-12-31 09:36:48,197 - 09:36:46.681; 16; 0; 751504; 80078329903700; 1735634206681086400; 92765395; 1735634208061930100; None; None; Class ID: 0, Confidence: 0.69, BBox: (219, 170, 284, 310)
Class ID: 2, Confidence: 0.69, BBox: (282, 192, 438, 253)
Class ID: 1, Confidence: 0.54, BBox: (133, 227, 296, 345); 222
2024-12-31 09:36:51,083 - 09:36:48.197; 17; 0; 751504; 80078329903700; 1735634208197538300; 73050816; 1735634210928583600; None; None; Class ID: 0, Confidence: 0.69, BBox: (219, 170, 284, 310)
Class ID: 2, Confidence: 0.69, BBox: (282, 192, 438, 253)
Class ID: 1, Confidence: 0.54, BBox: (133, 227, 296, 345); 222
2024-12-31 09:36:51,592 - 09:36:51.083; 18; 0; 751504; 80078329903700; 1735634211083756200; 76412637; 1735634211444352500; None; None; Class ID: 0, Confidence: 0.69, BBox: (219, 170, 284, 310)
Class ID: 2, Confidence: 0.69, BBox: (282, 192, 438, 253)
Class ID: 1, Confidence: 0.54, BBox: (133, 227, 296, 345); 222
2024-12-31 09:36:52,052 - 09:36:51.596; 19; 0; 751504; 80078329903700; 1735634211596920800; 75024642; 1735634211902530300; None; None; Class ID: 0, Confidence: 0.69, BBox: (219, 170, 284, 310)
Class ID: 2, Confidence: 0.69, BBox: (282, 192, 438, 253)
Class ID: 1, Confidence: 0.54, BBox: (133, 227, 296, 345); 222
2024-12-31 09:36:52,522 - 09:36:52.060; 20; 0; 751504; 80078329903700; 1735634212060214600; 76345998; 1735634212370067500; None; None; Class ID: 0, Confidence: 0.69, BBox: (219, 170, 284, 310)
Class ID: 2, Confidence: 0.69, BBox: (282, 192, 438, 253)
Class ID: 1, Confidence: 0.54, BBox: (133, 227, 296, 345); 222
2024-12-31 09:36:53,010 - 09:36:52.524; 21; 0; 751504; 80078329903700; 1735634212524587800; 76975572; 1735634212834220100; None; None; Class ID: 0, Confidence: 0.69, BBox: (219, 170, 284, 310)
Class ID: 2, Confidence: 0.69, BBox: (282, 192, 438, 253)
Class ID: 1, Confidence: 0.54, BBox: (133, 227, 296, 345); 222
2024-12-31 09:36:53,487 - 09:36:53.014; 22; 0; 751504; 80078329903700; 1735634213014303200; 75460871; 1735634213331778200; None; None; Class ID: 0, Confidence: 0.69, BBox: (219, 170, 284, 310)
Class ID: 2, Confidence: 0.69, BBox: (282, 192, 438, 253)
Class ID: 1, Confidence: 0.54, BBox: (133, 227, 296, 345); 222
2024-12-31 09:36:53,965 - 09:36:53.499; 23; 0; 751504; 80078329903700; 1735634213499075400; 74474384; 1735634213807147800; None; None; Class ID: 0, Confidence: 0.69, BBox: (219, 170, 284, 310)
Class ID: 2, Confidence: 0.69, BBox: (282, 192, 438, 253)
Class ID: 1, Confidence: 0.54, BBox: (133, 227, 296, 345); 222
2024-12-31 09:36:54,422 - 09:36:53.969; 24; 0; 751504; 80078329903700; 1735634213969184700; 73397102; 1735634214275758800; None; None; Class ID: 0, Confidence: 0.69, BBox: (219, 170, 284, 310)
Class ID: 2, Confidence: 0.69, BBox: (282, 192, 438, 253)
Class ID: 1, Confidence: 0.54, BBox: (133, 227, 296, 345); 222
2024-12-31 09:36:54,971 - 09:36:54.433; 25; 0; 751504; 80078329903700; 1735634214433032800; 113867072; 1735634214801741900; None; None; Class ID: 0, Confidence: 0.69, BBox: (219, 170, 284, 310)
Class ID: 2, Confidence: 0.69, BBox: (282, 192, 438, 253)
Class ID: 1, Confidence: 0.54, BBox: (133, 227, 296, 345); 222
2024-12-31 09:36:55,442 - 09:36:54.974; 26; 0; 751504; 80078329903700; 1735634214974296400; 73448111; 1735634215279382100; None; None; Class ID: 0, Confidence: 0.69, BBox: (219, 170, 284, 310)
Class ID: 2, Confidence: 0.69, BBox: (282, 192, 438, 253)
Class ID: 1, Confidence: 0.54, BBox: (133, 227, 296, 345); 222
2024-12-31 09:36:55,922 - 09:36:55.446; 27; 0; 751504; 80078329903700; 1735634215446325700; 74404654; 1735634215768391000; None; None; Class ID: 0, Confidence: 0.69, BBox: (219, 170, 284, 310)
Class ID: 2, Confidence: 0.69, BBox: (282, 192, 438, 253)
Class ID: 1, Confidence: 0.54, BBox: (133, 227, 296, 345); 222
2024-12-31 09:36:56,398 - 09:36:55.928; 28; 0; 751504; 80078329903700; 1735634215928255800; 76768834; 1735634216233497900; None; None; Class ID: 0, Confidence: 0.69, BBox: (219, 170, 284, 310)
Class ID: 2, Confidence: 0.69, BBox: (282, 192, 438, 253)
Class ID: 1, Confidence: 0.54, BBox: (133, 227, 296, 345); 222
2024-12-31 09:36:56,864 - 09:36:56.401; 29; 0; 751504; 80078329903700; 1735634216401520100; 73561664; 1735634216706815100; None; None; Class ID: 0, Confidence: 0.69, BBox: (219, 170, 284, 310)
Class ID: 2, Confidence: 0.69, BBox: (282, 192, 438, 253)
Class ID: 1, Confidence: 0.54, BBox: (133, 227, 296, 345); 222
2024-12-31 09:36:57,320 - 09:36:56.867; 30; 0; 751504; 80078329903700; 1735634216867199000; 74647074; 1735634217172778000; None; None; Class ID: 0, Confidence: 0.69, BBox: (219, 170, 284, 310)
Class ID: 2, Confidence: 0.69, BBox: (282, 192, 438, 253)
Class ID: 1, Confidence: 0.54, BBox: (133, 227, 296, 345); 222
2024-12-31 09:36:57,785 - 09:36:57.323; 31; 0; 751504; 80078329903700; 1735634217323723500; 74335267; 1735634217631370600; None; None; Class ID: 0, Confidence: 0.69, BBox: (219, 170, 284, 310)
Class ID: 2, Confidence: 0.69, BBox: (282, 192, 438, 253)
Class ID: 1, Confidence: 0.54, BBox: (133, 227, 296, 345); 222
2024-12-31 09:36:58,309 - 09:36:57.789; 32; 0; 751504; 80078329903700; 1735634217789182700; 76541515; 1735634218097176300; None; None; Class ID: 0, Confidence: 0.69, BBox: (219, 170, 284, 310)
Class ID: 2, Confidence: 0.69, BBox: (282, 192, 438, 253)
Class ID: 1, Confidence: 0.54, BBox: (133, 227, 296, 345); 222
2024-12-31 09:36:58,816 - 09:36:58.317; 33; 0; 751504; 80078329903700; 1735634218317917600; 77313024; 1735634218624642700; None; None; Class ID: 0, Confidence: 0.69, BBox: (219, 170, 284, 310)
Class ID: 2, Confidence: 0.69, BBox: (282, 192, 438, 253)
Class ID: 1, Confidence: 0.54, BBox: (133, 227, 296, 345); 222
2024-12-31 09:36:59,291 - 09:36:58.826; 34; 0; 751504; 80078329903700; 1735634218826195100; 80398649; 1735634219135306600; None; None; Class ID: 0, Confidence: 0.69, BBox: (219, 170, 284, 310)
Class ID: 2, Confidence: 0.69, BBox: (282, 192, 438, 253)
Class ID: 1, Confidence: 0.54, BBox: (133, 227, 296, 345); 222
2024-12-31 09:36:59,743 - 09:36:59.292; 35; 0; 751504; 80078329903700; 1735634219292563400; 74214600; 1735634219648809000; None; None; Class ID: 0, Confidence: 0.69, BBox: (219, 170, 284, 310)
Class ID: 2, Confidence: 0.69, BBox: (282, 192, 438, 253)
Class ID: 1, Confidence: 0.54, BBox: (133, 227, 296, 345); 222
2024-12-31 09:37:00,149 - 09:36:59.743; 36; 0; 751504; 80078329903700; 1735634219743184300; 75669575; 1735634220049018000; None; None; Class ID: 0, Confidence: 0.69, BBox: (219, 170, 284, 310)
Class ID: 2, Confidence: 0.69, BBox: (282, 192, 438, 253)
Class ID: 1, Confidence: 0.54, BBox: (133, 227, 296, 345); 222
2024-12-31 09:37:00,566 - 09:37:00.149; 37; 0; 751504; 80078329903700; 1735634220149122600; 73230930; 1735634220451830400; None; None; Class ID: 0, Confidence: 0.69, BBox: (219, 170, 284, 310)
Class ID: 2, Confidence: 0.69, BBox: (282, 192, 438, 253)
Class ID: 1, Confidence: 0.54, BBox: (133, 227, 296, 345); 222
2024-12-31 09:37:01,033 - 09:37:00.573; 38; 0; 751504; 80078329903700; 1735634220573451900; 76857423; 1735634220918081700; None; None; Class ID: 0, Confidence: 0.69, BBox: (219, 170, 284, 310)
Class ID: 2, Confidence: 0.69, BBox: (282, 192, 438, 253)
Class ID: 1, Confidence: 0.54, BBox: (133, 227, 296, 345); 222
2024-12-31 09:37:01,442 - 09:37:01.037; 39; 0; 751504; 80078329903700; 1735634221037513200; 73450530; 1735634221343407200; None; None; Class ID: 0, Confidence: 0.69, BBox: (219, 170, 284, 310)
Class ID: 2, Confidence: 0.69, BBox: (282, 192, 438, 253)
Class ID: 1, Confidence: 0.54, BBox: (133, 227, 296, 345); 222
2024-12-31 09:37:01,891 - 09:37:01.442; 40; 0; 751504; 80078329903700; 1735634221442583100; 72892258; 1735634221771691100; None; None; Class ID: 0, Confidence: 0.69, BBox: (219, 170, 284, 310)
Class ID: 2, Confidence: 0.69, BBox: (282, 192, 438, 253)
Class ID: 1, Confidence: 0.54, BBox: (133, 227, 296, 345); 222
2024-12-31 09:37:02,296 - 09:37:01.896; 41; 0; 751504; 80078329903700; 1735634221896343800; 77165338; 1735634222199363700; None; None; Class ID: 0, Confidence: 0.69, BBox: (219, 170, 284, 310)
Class ID: 2, Confidence: 0.69, BBox: (282, 192, 438, 253)
Class ID: 1, Confidence: 0.54, BBox: (133, 227, 296, 345); 222
2024-12-31 09:37:02,722 - 09:37:02.299; 42; 0; 751504; 80078329903700; 1735634222299500400; 71414976; 1735634222600079100; None; None; Class ID: 0, Confidence: 0.69, BBox: (219, 170, 284, 310)
Class ID: 2, Confidence: 0.69, BBox: (282, 192, 438, 253)
Class ID: 1, Confidence: 0.54, BBox: (133, 227, 296, 345); 222
2024-12-31 09:37:03,155 - 09:37:02.726; 43; 0; 751504; 80078329903700; 1735634222726451900; 74661363; 1735634223032390500; None; None; Class ID: 0, Confidence: 0.69, BBox: (219, 170, 284, 310)
Class ID: 2, Confidence: 0.69, BBox: (282, 192, 438, 253)
Class ID: 1, Confidence: 0.54, BBox: (133, 227, 296, 345); 222
2024-12-31 09:37:03,604 - 09:37:03.155; 44; 0; 751504; 80078329903700; 1735634223155957000; 73058691; 1735634223475801300; None; None; Class ID: 0, Confidence: 0.69, BBox: (219, 170, 284, 310)
Class ID: 2, Confidence: 0.69, BBox: (282, 192, 438, 253)
Class ID: 1, Confidence: 0.54, BBox: (133, 227, 296, 345); 222
2024-12-31 09:37:04,032 - 09:37:03.609; 45; 0; 751504; 80078329903700; 1735634223610005100; 72641639; 1735634223915642900; None; None; Class ID: 0, Confidence: 0.69, BBox: (219, 170, 284, 310)
Class ID: 2, Confidence: 0.69, BBox: (282, 192, 438, 253)
Class ID: 1, Confidence: 0.54, BBox: (133, 227, 296, 345); 222
2024-12-31 09:37:04,507 - 09:37:04.039; 46; 0; 751504; 80078329903700; 1735634224039811700; 72040201; 1735634224357875800; None; None; Class ID: 0, Confidence: 0.69, BBox: (219, 170, 284, 310)
Class ID: 2, Confidence: 0.69, BBox: (282, 192, 438, 253)
Class ID: 1, Confidence: 0.54, BBox: (133, 227, 296, 345); 222
2024-12-31 09:37:04,929 - 09:37:04.516; 47; 0; 751504; 80078329903700; 1735634224516679200; 73738609; 1735634224828030000; None; None; Class ID: 0, Confidence: 0.69, BBox: (219, 170, 284, 310)
Class ID: 2, Confidence: 0.69, BBox: (282, 192, 438, 253)
Class ID: 1, Confidence: 0.54, BBox: (133, 227, 296, 345); 222
2024-12-31 09:37:05,488 - 09:37:04.936; 48; 0; 751504; 80078329903700; 1735634224936271900; 71097437; 1735634225381213000; None; None; Class ID: 0, Confidence: 0.69, BBox: (219, 170, 284, 310)
Class ID: 2, Confidence: 0.69, BBox: (282, 192, 438, 253)
Class ID: 1, Confidence: 0.54, BBox: (133, 227, 296, 345); 222
2024-12-31 09:37:05,933 - 09:37:05.489; 49; 0; 751504; 80078329903700; 1735634225489714800; 72511241; 1735634225790120800; None; None; Class ID: 0, Confidence: 0.69, BBox: (219, 170, 284, 310)
Class ID: 2, Confidence: 0.69, BBox: (282, 192, 438, 253)
Class ID: 1, Confidence: 0.54, BBox: (133, 227, 296, 345); 222
2024-12-31 09:37:06,382 - 09:37:05.973; 50; 0; 751504; 80078329903700; 1735634225973809500; 69756903; 1735634226277603500; None; None; Class ID: 0, Confidence: 0.69, BBox: (219, 170, 284, 310)
Class ID: 2, Confidence: 0.69, BBox: (282, 192, 438, 253)
Class ID: 1, Confidence: 0.54, BBox: (133, 227, 296, 345); 222
2024-12-31 09:37:06,868 - 09:37:06.384; 51; 0; 751504; 80078329903700; 1735634226384292600; 73762440; 1735634226692359600; None; None; Class ID: 0, Confidence: 0.69, BBox: (219, 170, 284, 310)
Class ID: 2, Confidence: 0.69, BBox: (282, 192, 438, 253)
Class ID: 1, Confidence: 0.54, BBox: (133, 227, 296, 345); 222
2024-12-31 09:37:07,282 - 09:37:06.876; 52; 0; 751504; 80078329903700; 1735634226877092900; 74356229; 1735634227186521900; None; None; Class ID: 0, Confidence: 0.69, BBox: (219, 170, 284, 310)
Class ID: 2, Confidence: 0.69, BBox: (282, 192, 438, 253)
Class ID: 1, Confidence: 0.54, BBox: (133, 227, 296, 345); 222
2024-12-31 09:37:07,712 - 09:37:07.290; 53; 0; 751504; 80078329903700; 1735634227290805000; 75034225; 1735634227604689500; None; None; Class ID: 0, Confidence: 0.69, BBox: (219, 170, 284, 310)
Class ID: 2, Confidence: 0.69, BBox: (282, 192, 438, 253)
Class ID: 1, Confidence: 0.54, BBox: (133, 227, 296, 345); 222
2024-12-31 09:37:08,205 - 09:37:07.805; 54; 0; 751504; 80078329903700; 1735634227806587400; 70133396; 1735634228110138700; None; None; Class ID: 0, Confidence: 0.69, BBox: (219, 170, 284, 310)
Class ID: 2, Confidence: 0.69, BBox: (282, 192, 438, 253)
Class ID: 1, Confidence: 0.54, BBox: (133, 227, 296, 345); 222
2024-12-31 09:37:08,616 - 09:37:08.217; 55; 0; 751504; 80078329903700; 1735634228217822200; 74772644; 1735634228519203000; None; None; Class ID: 0, Confidence: 0.69, BBox: (219, 170, 284, 310)
Class ID: 2, Confidence: 0.69, BBox: (282, 192, 438, 253)
Class ID: 1, Confidence: 0.54, BBox: (133, 227, 296, 345); 222
2024-12-31 09:37:09,041 - 09:37:08.616; 56; 0; 751504; 80078329903700; 1735634228616940100; 72849184; 1735634228934643100; None; None; Class ID: 0, Confidence: 0.69, BBox: (219, 170, 284, 310)
Class ID: 2, Confidence: 0.69, BBox: (282, 192, 438, 253)
Class ID: 1, Confidence: 0.54, BBox: (133, 227, 296, 345); 222
2024-12-31 09:37:09,494 - 09:37:09.042; 57; 0; 751504; 80078329903700; 1735634229042874700; 80083204; 1735634229361341400; None; None; Class ID: 0, Confidence: 0.69, BBox: (219, 170, 284, 310)
Class ID: 2, Confidence: 0.69, BBox: (282, 192, 438, 253)
Class ID: 1, Confidence: 0.54, BBox: (133, 227, 296, 345); 222
2024-12-31 09:37:09,939 - 09:37:09.505; 58; 0; 751504; 80078329903700; 1735634229506229200; 72552091; 1735634229815657300; None; None; Class ID: 0, Confidence: 0.69, BBox: (219, 170, 284, 310)
Class ID: 2, Confidence: 0.69, BBox: (282, 192, 438, 253)
Class ID: 1, Confidence: 0.54, BBox: (133, 227, 296, 345); 222
2024-12-31 09:37:10,808 - 09:37:09.950; 59; 0; 751504; 80078329903700; 1735634229950844500; 73108909; 1735634230461794200; None; None; Class ID: 0, Confidence: 0.69, BBox: (219, 170, 284, 310)
Class ID: 2, Confidence: 0.69, BBox: (282, 192, 438, 253)
Class ID: 1, Confidence: 0.54, BBox: (133, 227, 296, 345); 222
2024-12-31 09:37:11,537 - 09:37:10.820; 60; 0; 751504; 80078329903700; 1735634230821037800; 74818178; 1735634231398608600; None; None; Class ID: 0, Confidence: 0.69, BBox: (219, 170, 284, 310)
Class ID: 2, Confidence: 0.69, BBox: (282, 192, 438, 253)
Class ID: 1, Confidence: 0.54, BBox: (133, 227, 296, 345); 222
2024-12-31 09:37:12,102 - 09:37:11.538; 61; 0; 751504; 80078329903700; 1735634231538142000; 77242657; 1735634231908040700; None; None; Class ID: 0, Confidence: 0.69, BBox: (219, 170, 284, 310)
Class ID: 2, Confidence: 0.69, BBox: (282, 192, 438, 253)
Class ID: 1, Confidence: 0.54, BBox: (133, 227, 296, 345); 222
2024-12-31 09:37:12,532 - 09:37:12.121; 62; 0; 751504; 80078329903700; 1735634232121541900; 71908120; 1735634232431282600; None; None; Class ID: 0, Confidence: 0.69, BBox: (219, 170, 284, 310)
Class ID: 2, Confidence: 0.69, BBox: (282, 192, 438, 253)
Class ID: 1, Confidence: 0.54, BBox: (133, 227, 296, 345); 222
2024-12-31 09:37:12,949 - 09:37:12.537; 63; 0; 751504; 80078329903700; 1735634232537532900; 73729891; 1735634232846479200; None; None; Class ID: 0, Confidence: 0.69, BBox: (219, 170, 284, 310)
Class ID: 2, Confidence: 0.69, BBox: (282, 192, 438, 253)
Class ID: 1, Confidence: 0.54, BBox: (133, 227, 296, 345); 222
2024-12-31 09:37:13,420 - 09:37:12.949; 64; 0; 751504; 80078329903700; 1735634232949968100; 90409259; 1735634233322690500; None; None; Class ID: 0, Confidence: 0.69, BBox: (219, 170, 284, 310)
Class ID: 2, Confidence: 0.69, BBox: (282, 192, 438, 253)
Class ID: 1, Confidence: 0.54, BBox: (133, 227, 296, 345); 222
2024-12-31 09:37:13,850 - 09:37:13.432; 65; 0; 751504; 80078329903700; 1735634233432084000; 78176306; 1735634233735785500; None; None; Class ID: 0, Confidence: 0.69, BBox: (219, 170, 284, 310)
Class ID: 2, Confidence: 0.69, BBox: (282, 192, 438, 253)
Class ID: 1, Confidence: 0.54, BBox: (133, 227, 296, 345); 222
2024-12-31 09:37:14,310 - 09:37:13.892; 66; 0; 751504; 80078329903700; 1735634233892407400; 80752734; 1735634234215195500; None; None; Class ID: 0, Confidence: 0.69, BBox: (219, 170, 284, 310)
Class ID: 2, Confidence: 0.69, BBox: (282, 192, 438, 253)
Class ID: 1, Confidence: 0.54, BBox: (133, 227, 296, 345); 222
2024-12-31 09:37:14,717 - 09:37:14.313; 67; 0; 751504; 80078329903700; 1735634234313941600; 71233503; 1735634234621371900; None; None; Class ID: 0, Confidence: 0.69, BBox: (219, 170, 284, 310)
Class ID: 2, Confidence: 0.69, BBox: (282, 192, 438, 253)
Class ID: 1, Confidence: 0.54, BBox: (133, 227, 296, 345); 222
2024-12-31 09:37:15,201 - 09:37:14.720; 68; 0; 751504; 80078329903700; 1735634234720883600; 71923119; 1735634235081347800; None; None; Class ID: 0, Confidence: 0.69, BBox: (219, 170, 284, 310)
Class ID: 2, Confidence: 0.69, BBox: (282, 192, 438, 253)
Class ID: 1, Confidence: 0.54, BBox: (133, 227, 296, 345); 222
2024-12-31 09:37:15,756 - 09:37:15.203; 69; 0; 751504; 80078329903700; 1735634235203779000; 93870094; 1735634235625532700; None; None; Class ID: 0, Confidence: 0.69, BBox: (219, 170, 284, 310)
Class ID: 2, Confidence: 0.69, BBox: (282, 192, 438, 253)
Class ID: 1, Confidence: 0.54, BBox: (133, 227, 296, 345); 222
2024-12-31 09:37:16,187 - 09:37:15.758; 70; 0; 751504; 80078329903700; 1735634235758184200; 69090153; 1735634236065839800; None; None; Class ID: 0, Confidence: 0.69, BBox: (219, 170, 284, 310)
Class ID: 2, Confidence: 0.69, BBox: (282, 192, 438, 253)
Class ID: 1, Confidence: 0.54, BBox: (133, 227, 296, 345); 222
2024-12-31 09:37:16,592 - 09:37:16.194; 71; 0; 751504; 80078329903700; 1735634236194311900; 70514541; 1735634236493535300; None; None; Class ID: 0, Confidence: 0.69, BBox: (219, 170, 284, 310)
Class ID: 2, Confidence: 0.69, BBox: (282, 192, 438, 253)
Class ID: 1, Confidence: 0.54, BBox: (133, 227, 296, 345); 222
2024-12-31 09:37:17,005 - 09:37:16.602; 72; 0; 751504; 80078329903700; 1735634236602624700; 73431206; 1735634236899391000; None; None; Class ID: 0, Confidence: 0.69, BBox: (219, 170, 284, 310)
Class ID: 2, Confidence: 0.69, BBox: (282, 192, 438, 253)
Class ID: 1, Confidence: 0.54, BBox: (133, 227, 296, 345); 222
2024-12-31 09:37:17,499 - 09:37:17.021; 73; 0; 751504; 80078329903700; 1735634237021888700; 71262661; 1735634237322656500; None; None; Class ID: 0, Confidence: 0.69, BBox: (219, 170, 284, 310)
Class ID: 2, Confidence: 0.69, BBox: (282, 192, 438, 253)
Class ID: 1, Confidence: 0.54, BBox: (133, 227, 296, 345); 222
2024-12-31 09:37:18,021 - 09:37:17.514; 74; 0; 751504; 80078329903700; 1735634237514383800; 73026056; 1735634237859940500; None; None; Class ID: 0, Confidence: 0.69, BBox: (219, 170, 284, 310)
Class ID: 2, Confidence: 0.69, BBox: (282, 192, 438, 253)
Class ID: 1, Confidence: 0.54, BBox: (133, 227, 296, 345); 222
2024-12-31 09:37:18,524 - 09:37:18.026; 75; 0; 751504; 80078329903700; 1735634238026076000; 67795152; 1735634238347956100; None; None; Class ID: 0, Confidence: 0.69, BBox: (219, 170, 284, 310)
Class ID: 2, Confidence: 0.69, BBox: (282, 192, 438, 253)
Class ID: 1, Confidence: 0.54, BBox: (133, 227, 296, 345); 222
2024-12-31 09:37:18,952 - 09:37:18.526; 76; 0; 751504; 80078329903700; 1735634238526594600; 78098390; 1735634238849927000; None; None; Class ID: 0, Confidence: 0.69, BBox: (219, 170, 284, 310)
Class ID: 2, Confidence: 0.69, BBox: (282, 192, 438, 253)
Class ID: 1, Confidence: 0.54, BBox: (133, 227, 296, 345); 222
2024-12-31 09:37:19,367 - 09:37:18.954; 77; 0; 751504; 80078329903700; 1735634238954237100; 76224486; 1735634239256934500; None; None; Class ID: 0, Confidence: 0.69, BBox: (219, 170, 284, 310)
Class ID: 2, Confidence: 0.69, BBox: (282, 192, 438, 253)
Class ID: 1, Confidence: 0.54, BBox: (133, 227, 296, 345); 222
2024-12-31 09:37:20,077 - 09:37:19.376; 78; 0; 751504; 80078329903700; 1735634239376008100; 78127496; 1735634239961356900; None; None; Class ID: 0, Confidence: 0.69, BBox: (219, 170, 284, 310)
Class ID: 2, Confidence: 0.69, BBox: (282, 192, 438, 253)
Class ID: 1, Confidence: 0.54, BBox: (133, 227, 296, 345); 222
2024-12-31 09:37:20,878 - 09:37:20.087; 79; 0; 751504; 80078329903700; 1735634240087023100; 72978359; 1735634240759466500; None; None; Class ID: 0, Confidence: 0.69, BBox: (219, 170, 284, 310)
Class ID: 2, Confidence: 0.69, BBox: (282, 192, 438, 253)
Class ID: 1, Confidence: 0.54, BBox: (133, 227, 296, 345); 222
2024-12-31 09:37:21,708 - 09:37:20.882; 80; 0; 751504; 80078329903700; 1735634240882831700; 70880887; 1735634241573329100; None; None; Class ID: 0, Confidence: 0.69, BBox: (219, 170, 284, 310)
Class ID: 2, Confidence: 0.69, BBox: (282, 192, 438, 253)
Class ID: 1, Confidence: 0.54, BBox: (133, 227, 296, 345); 222
2024-12-31 09:37:22,539 - 09:37:21.719; 81; 0; 751504; 80078329903700; 1735634241719334800; 70397504; 1735634242393580800; None; None; Class ID: 0, Confidence: 0.69, BBox: (219, 170, 284, 310)
Class ID: 2, Confidence: 0.69, BBox: (282, 192, 438, 253)
Class ID: 1, Confidence: 0.54, BBox: (133, 227, 296, 345); 222
2024-12-31 09:37:23,359 - 09:37:22.542; 82; 0; 751504; 80078329903700; 1735634242542939900; 73289560; 1735634243214051200; None; None; Class ID: 0, Confidence: 0.69, BBox: (219, 170, 284, 310)
Class ID: 2, Confidence: 0.69, BBox: (282, 192, 438, 253)
Class ID: 1, Confidence: 0.54, BBox: (133, 227, 296, 345); 222
2024-12-31 09:37:23,901 - 09:37:23.363; 83; 0; 751504; 80078329903700; 1735634243363979000; 68695108; 1735634243756212100; None; None; Class ID: 0, Confidence: 0.69, BBox: (219, 170, 284, 310)
Class ID: 2, Confidence: 0.69, BBox: (282, 192, 438, 253)
Class ID: 1, Confidence: 0.54, BBox: (133, 227, 296, 345); 222
2024-12-31 09:37:24,359 - 09:37:23.905; 84; 0; 751504; 80078329903700; 1735634243906691700; 74769056; 1735634244222345600; None; None; Class ID: 0, Confidence: 0.69, BBox: (219, 170, 284, 310)
Class ID: 2, Confidence: 0.69, BBox: (282, 192, 438, 253)
Class ID: 1, Confidence: 0.54, BBox: (133, 227, 296, 345); 222
2024-12-31 09:37:24,820 - 09:37:24.365; 85; 0; 751504; 80078329903700; 1735634244365100400; 71945419; 1735634244669728800; None; None; Class ID: 0, Confidence: 0.69, BBox: (219, 170, 284, 310)
Class ID: 2, Confidence: 0.69, BBox: (282, 192, 438, 253)
Class ID: 1, Confidence: 0.54, BBox: (133, 227, 296, 345); 222
2024-12-31 09:37:25,311 - 09:37:24.830; 86; 0; 751504; 80078329903700; 1735634244830628200; 77895003; 1735634245157674500; None; None; Class ID: 0, Confidence: 0.69, BBox: (219, 170, 284, 310)
Class ID: 2, Confidence: 0.69, BBox: (282, 192, 438, 253)
Class ID: 1, Confidence: 0.54, BBox: (133, 227, 296, 345); 222
2024-12-31 09:37:25,759 - 09:37:25.315; 87; 0; 751504; 80078329903700; 1735634245315973000; 75108288; 1735634245616657600; None; None; Class ID: 0, Confidence: 0.69, BBox: (219, 170, 284, 310)
Class ID: 2, Confidence: 0.69, BBox: (282, 192, 438, 253)
Class ID: 1, Confidence: 0.54, BBox: (133, 227, 296, 345); 222
2024-12-31 09:37:26,185 - 09:37:25.762; 88; 0; 751504; 80078329903700; 1735634245762209500; 68409226; 1735634246065875400; None; None; Class ID: 0, Confidence: 0.69, BBox: (219, 170, 284, 310)
Class ID: 2, Confidence: 0.69, BBox: (282, 192, 438, 253)
Class ID: 1, Confidence: 0.54, BBox: (133, 227, 296, 345); 222
2024-12-31 09:37:26,712 - 09:37:26.185; 89; 0; 751504; 80078329903700; 1735634246185015500; 74582093; 1735634246571335300; None; None; Class ID: 0, Confidence: 0.69, BBox: (219, 170, 284, 310)
Class ID: 2, Confidence: 0.69, BBox: (282, 192, 438, 253)
Class ID: 1, Confidence: 0.54, BBox: (133, 227, 296, 345); 222
2024-12-31 09:37:27,178 - 09:37:26.714; 90; 0; 751504; 80078329903700; 1735634246714796800; 75581474; 1735634247029795500; None; None; Class ID: 0, Confidence: 0.69, BBox: (219, 170, 284, 310)
Class ID: 2, Confidence: 0.69, BBox: (282, 192, 438, 253)
Class ID: 1, Confidence: 0.54, BBox: (133, 227, 296, 345); 222
2024-12-31 09:37:27,624 - 09:37:27.180; 91; 0; 751504; 80078329903700; 1735634247180999800; 73876508; 1735634247488384800; None; None; Class ID: 0, Confidence: 0.69, BBox: (219, 170, 284, 310)
Class ID: 2, Confidence: 0.69, BBox: (282, 192, 438, 253)
Class ID: 1, Confidence: 0.54, BBox: (133, 227, 296, 345); 222
2024-12-31 09:37:28,079 - 09:37:27.630; 92; 0; 751504; 80078329903700; 1735634247630126600; 73640086; 1735634247939361200; None; None; Class ID: 0, Confidence: 0.69, BBox: (219, 170, 284, 310)
Class ID: 2, Confidence: 0.69, BBox: (282, 192, 438, 253)
Class ID: 1, Confidence: 0.54, BBox: (133, 227, 296, 345); 222
2024-12-31 09:37:28,545 - 09:37:28.085; 93; 0; 751504; 80078329903700; 1735634248085597200; 74877427; 1735634248407834600; None; None; Class ID: 0, Confidence: 0.69, BBox: (219, 170, 284, 310)
Class ID: 2, Confidence: 0.69, BBox: (282, 192, 438, 253)
Class ID: 1, Confidence: 0.54, BBox: (133, 227, 296, 345); 222
2024-12-31 09:37:29,007 - 09:37:28.550; 94; 0; 751504; 80078329903700; 1735634248550477500; 76274242; 1735634248863818500; None; None; Class ID: 0, Confidence: 0.69, BBox: (219, 170, 284, 310)
Class ID: 2, Confidence: 0.69, BBox: (282, 192, 438, 253)
Class ID: 1, Confidence: 0.54, BBox: (133, 227, 296, 345); 222
2024-12-31 09:37:29,472 - 09:37:29.011; 95; 0; 751504; 80078329903700; 1735634249011328600; 76682291; 1735634249325966200; None; None; Class ID: 0, Confidence: 0.69, BBox: (219, 170, 284, 310)
Class ID: 2, Confidence: 0.69, BBox: (282, 192, 438, 253)
Class ID: 1, Confidence: 0.54, BBox: (133, 227, 296, 345); 222
2024-12-31 09:37:29,919 - 09:37:29.476; 96; 0; 751504; 80078329903700; 1735634249476492700; 79917987; 1735634249779124000; None; None; Class ID: 0, Confidence: 0.69, BBox: (219, 170, 284, 310)
Class ID: 2, Confidence: 0.69, BBox: (282, 192, 438, 253)
Class ID: 1, Confidence: 0.54, BBox: (133, 227, 296, 345); 222
2024-12-31 09:37:30,426 - 09:37:29.929; 97; 0; 751504; 80078329903700; 1735634249929510900; 89819508; 1735634250268879300; None; None; Class ID: 0, Confidence: 0.69, BBox: (219, 170, 284, 310)
Class ID: 2, Confidence: 0.69, BBox: (282, 192, 438, 253)
Class ID: 1, Confidence: 0.54, BBox: (133, 227, 296, 345); 222
2024-12-31 09:37:30,908 - 09:37:30.436; 98; 0; 751504; 80078329903700; 1735634250436888600; 84547889; 1735634250758041300; None; None; Class ID: 0, Confidence: 0.69, BBox: (219, 170, 284, 310)
Class ID: 2, Confidence: 0.69, BBox: (282, 192, 438, 253)
Class ID: 1, Confidence: 0.54, BBox: (133, 227, 296, 345); 222
2024-12-31 09:37:31,370 - 09:37:30.911; 99; 0; 751504; 80078329903700; 1735634250912792400; 80832649; 1735634251228661200; None; None; Class ID: 0, Confidence: 0.69, BBox: (219, 170, 284, 310)
Class ID: 2, Confidence: 0.69, BBox: (282, 192, 438, 253)
Class ID: 1, Confidence: 0.54, BBox: (133, 227, 296, 345); 222
2024-12-31 09:37:31,826 - 09:37:31.375; 100; 0; 751504; 80078329903700; 1735634251375760700; 77861760; 1735634251683795400; None; None; Class ID: 0, Confidence: 0.69, BBox: (219, 170, 284, 310)
Class ID: 2, Confidence: 0.69, BBox: (282, 192, 438, 253)
Class ID: 1, Confidence: 0.54, BBox: (133, 227, 296, 345); 222
2024-12-31 10:36:41,609 - 10:36:41.493; 0; 0; 0; 0; 0; 0; 0; None; 92%; Connection lost [WinError 10054] Eine vorhandene Verbindung wurde vom Remotehost geschlossen; 141
2024-12-31 10:36:43,787 - 10:36:43.655; 0; 0; 0; 0; 0; 0; 0; None; 92%; Connection lost [WinError 10053] Eine bestehende Verbindung wurde softwaregesteuert
durch den Hostcomputer abgebrochen; 168
2024-12-31 10:36:51,881 - 10:36:51.769; 0; 0; 0; 0; 0; 0; 0; None; 91%; Connection lost [WinError 10053] Eine bestehende Verbindung wurde softwaregesteuert
durch den Hostcomputer abgebrochen; 168
2024-12-31 10:36:54,040 - 10:36:53.917; 0; 0; 0; 0; 0; 0; 0; None; 91%; Connection lost [WinError 10054] Eine vorhandene Verbindung wurde vom Remotehost geschlossen; 141
2024-12-31 10:36:56,209 - 10:36:56.089; 0; 0; 0; 0; 0; 0; 0; None; 91%; Connection lost [WinError 10053] Eine bestehende Verbindung wurde softwaregesteuert
durch den Hostcomputer abgebrochen; 168
2024-12-31 14:36:03,688 - 14:36:03.602; 0; 0; 751504; 0; 0; 0; 0; None; 93%; Connection lost timed out; 74
2024-12-31 14:36:05,813 - 14:36:05.750; 0; 0; 0; 0; 0; 0; 0; None; 93%; Connection lost [WinError 10053] Eine bestehende Verbindung wurde softwaregesteuert
durch den Hostcomputer abgebrochen; 168
2024-12-31 14:36:07,931 - 14:36:07.867; 0; 0; 0; 0; 0; 0; 0; None; 93%; Connection lost [WinError 10053] Eine bestehende Verbindung wurde softwaregesteuert
durch den Hostcomputer abgebrochen; 168
2024-12-31 14:36:10,056 - 14:36:09.979; 0; 0; 0; 0; 0; 0; 0; None; 93%; Connection lost [WinError 10053] Eine bestehende Verbindung wurde softwaregesteuert
durch den Hostcomputer abgebrochen; 168
2024-12-31 14:36:47,973 - 14:36:44.872; 0; 0; 751504; 98090462805300; 1735652204872849100; 2778600701; 1735652207897938900; None; None; Class ID: 0, Confidence: 0.69, BBox: (219, 170, 284, 310)
Class ID: 2, Confidence: 0.69, BBox: (282, 192, 438, 253)
Class ID: 1, Confidence: 0.54, BBox: (133, 227, 296, 345); 222
2024-12-31 14:36:48,351 - 14:36:47.973; 1; 0; 751504; 98090462805300; 1735652207974339300; 105392195; 1735652208283028100; None; None; Class ID: 0, Confidence: 0.69, BBox: (219, 170, 284, 310)
Class ID: 2, Confidence: 0.69, BBox: (282, 192, 438, 253)
Class ID: 1, Confidence: 0.54, BBox: (133, 227, 296, 345); 222
2024-12-31 14:36:48,737 - 14:36:48.351; 2; 0; 751504; 98090462805300; 1735652208351617300; 84337811; 1735652208636643000; None; None; Class ID: 0, Confidence: 0.69, BBox: (219, 170, 284, 310)
Class ID: 2, Confidence: 0.69, BBox: (282, 192, 438, 253)
Class ID: 1, Confidence: 0.54, BBox: (133, 227, 296, 345); 222
2024-12-31 14:36:49,081 - 14:36:48.738; 3; 0; 751504; 98090462805300; 1735652208738488300; 73572399; 1735652209012376000; None; None; Class ID: 0, Confidence: 0.69, BBox: (219, 170, 284, 310)
Class ID: 2, Confidence: 0.69, BBox: (282, 192, 438, 253)
Class ID: 1, Confidence: 0.54, BBox: (133, 227, 296, 345); 222
2024-12-31 14:36:49,501 - 14:36:49.081; 4; 0; 751504; 98090462805300; 1735652209081980600; 94567224; 1735652209433973700; None; None; Class ID: 0, Confidence: 0.69, BBox: (219, 170, 284, 310)
Class ID: 2, Confidence: 0.69, BBox: (282, 192, 438, 253)
Class ID: 1, Confidence: 0.54, BBox: (133, 227, 296, 345); 222
2024-12-31 14:36:49,865 - 14:36:49.502; 5; 0; 751504; 98090462805300; 1735652209502680500; 85452916; 1735652209786758300; None; None; Class ID: 0, Confidence: 0.69, BBox: (219, 170, 284, 310)
Class ID: 2, Confidence: 0.69, BBox: (282, 192, 438, 253)
Class ID: 1, Confidence: 0.54, BBox: (133, 227, 296, 345); 222
2024-12-31 14:36:50,214 - 14:36:49.865; 6; 0; 751504; 98090462805300; 1735652209865788000; 74502630; 1735652210142357700; None; None; Class ID: 0, Confidence: 0.69, BBox: (219, 170, 284, 310)
Class ID: 2, Confidence: 0.69, BBox: (282, 192, 438, 253)
Class ID: 1, Confidence: 0.54, BBox: (133, 227, 296, 345); 222
2024-12-31 14:36:50,572 - 14:36:50.215; 7; 0; 751504; 98090462805300; 1735652210215591800; 80647227; 1735652210500023600; None; None; Class ID: 0, Confidence: 0.69, BBox: (219, 170, 284, 310)
Class ID: 2, Confidence: 0.69, BBox: (282, 192, 438, 253)
Class ID: 1, Confidence: 0.54, BBox: (133, 227, 296, 345); 222
2024-12-31 14:36:50,929 - 14:36:50.573; 8; 0; 751504; 98090462805300; 1735652210573110400; 83034051; 1735652210858714200; None; None; Class ID: 0, Confidence: 0.69, BBox: (219, 170, 284, 310)
Class ID: 2, Confidence: 0.69, BBox: (282, 192, 438, 253)
Class ID: 1, Confidence: 0.54, BBox: (133, 227, 296, 345); 222
2024-12-31 14:36:51,363 - 14:36:50.930; 9; 0; 751504; 98090462805300; 1735652210930618900; 132659300; 1735652211292247300; None; None; Class ID: 0, Confidence: 0.69, BBox: (219, 170, 284, 310)
Class ID: 2, Confidence: 0.69, BBox: (282, 192, 438, 253)
Class ID: 1, Confidence: 0.54, BBox: (133, 227, 296, 345); 222
2024-12-31 14:36:51,767 - 14:36:51.364; 10; 0; 751504; 98090462805300; 1735652211364310100; 126410077; 1735652211696940700; None; None; Class ID: 0, Confidence: 0.69, BBox: (219, 170, 284, 310)
Class ID: 2, Confidence: 0.69, BBox: (282, 192, 438, 253)
Class ID: 1, Confidence: 0.54, BBox: (133, 227, 296, 345); 222
2024-12-31 14:36:52,124 - 14:36:51.768; 11; 0; 751504; 98090462805300; 1735652211768707100; 81190569; 1735652212051415800; None; None; Class ID: 0, Confidence: 0.69, BBox: (219, 170, 284, 310)
Class ID: 2, Confidence: 0.69, BBox: (282, 192, 438, 253)
Class ID: 1, Confidence: 0.54, BBox: (133, 227, 296, 345); 222
2024-12-31 14:36:52,487 - 14:36:52.124; 12; 0; 751504; 98090462805300; 1735652212124015100; 82762070; 1735652212411914100; None; None; Class ID: 0, Confidence: 0.69, BBox: (219, 170, 284, 310)
Class ID: 2, Confidence: 0.69, BBox: (282, 192, 438, 253)
Class ID: 1, Confidence: 0.54, BBox: (133, 227, 296, 345); 222
2024-12-31 14:36:52,900 - 14:36:52.488; 13; 0; 751504; 98090462805300; 1735652212488965200; 86721792; 1735652212814018800; None; None; Class ID: 0, Confidence: 0.69, BBox: (219, 170, 284, 310)
Class ID: 2, Confidence: 0.69, BBox: (282, 192, 438, 253)
Class ID: 1, Confidence: 0.54, BBox: (133, 227, 296, 345); 222
2024-12-31 14:36:53,257 - 14:36:52.901; 14; 0; 751504; 98090462805300; 1735652212901333700; 80055849; 1735652213188007000; None; None; Class ID: 0, Confidence: 0.69, BBox: (219, 170, 284, 310)
Class ID: 2, Confidence: 0.69, BBox: (282, 192, 438, 253)
Class ID: 1, Confidence: 0.54, BBox: (133, 227, 296, 345); 222
2024-12-31 14:36:53,708 - 14:36:53.258; 15; 0; 751504; 98090462805300; 1735652213258057100; 97450238; 1735652213643907300; None; None; Class ID: 0, Confidence: 0.69, BBox: (219, 170, 284, 310)
Class ID: 2, Confidence: 0.69, BBox: (282, 192, 438, 253)
Class ID: 1, Confidence: 0.54, BBox: (133, 227, 296, 345); 222
2024-12-31 14:36:54,104 - 14:36:53.708; 16; 0; 751504; 98090462805300; 1735652213708106000; 89560029; 1735652214041903300; None; None; Class ID: 0, Confidence: 0.69, BBox: (219, 170, 284, 310)
Class ID: 2, Confidence: 0.69, BBox: (282, 192, 438, 253)
Class ID: 1, Confidence: 0.54, BBox: (133, 227, 296, 345); 222
2024-12-31 14:36:54,528 - 14:36:54.105; 17; 0; 751504; 98090462805300; 1735652214105870100; 85849373; 1735652214452002000; None; None; Class ID: 0, Confidence: 0.69, BBox: (219, 170, 284, 310)
Class ID: 2, Confidence: 0.69, BBox: (282, 192, 438, 253)
Class ID: 1, Confidence: 0.54, BBox: (133, 227, 296, 345); 222
2024-12-31 14:36:54,931 - 14:36:54.528; 18; 0; 751504; 98090462805300; 1735652214528329200; 94646610; 1735652214871474500; None; None; Class ID: 0, Confidence: 0.69, BBox: (219, 170, 284, 310)
Class ID: 2, Confidence: 0.69, BBox: (282, 192, 438, 253)
Class ID: 1, Confidence: 0.54, BBox: (133, 227, 296, 345); 222
2024-12-31 14:36:55,280 - 14:36:54.932; 19; 0; 751504; 98090462805300; 1735652214932402300; 77786359; 1735652215213514300; None; None; Class ID: 0, Confidence: 0.69, BBox: (219, 170, 284, 310)
Class ID: 2, Confidence: 0.69, BBox: (282, 192, 438, 253)
Class ID: 1, Confidence: 0.54, BBox: (133, 227, 296, 345); 222
2024-12-31 14:36:55,625 - 14:36:55.280; 20; 0; 751504; 98090462805300; 1735652215281522500; 76168161; 1735652215555467900; None; None; Class ID: 0, Confidence: 0.69, BBox: (219, 170, 284, 310)
Class ID: 2, Confidence: 0.69, BBox: (282, 192, 438, 253)
Class ID: 1, Confidence: 0.54, BBox: (133, 227, 296, 345); 222
2024-12-31 14:36:56,059 - 14:36:55.626; 21; 0; 751504; 98090462805300; 1735652215626816000; 87741759; 1735652215987857900; None; None; Class ID: 0, Confidence: 0.69, BBox: (219, 170, 284, 310)
Class ID: 2, Confidence: 0.69, BBox: (282, 192, 438, 253)
Class ID: 1, Confidence: 0.54, BBox: (133, 227, 296, 345); 222
2024-12-31 14:36:56,443 - 14:36:56.060; 22; 0; 751504; 98090462805300; 1735652216060199600; 80523692; 1735652216366623200; None; None; Class ID: 0, Confidence: 0.69, BBox: (219, 170, 284, 310)
Class ID: 2, Confidence: 0.69, BBox: (282, 192, 438, 253)
Class ID: 1, Confidence: 0.54, BBox: (133, 227, 296, 345); 222
2024-12-31 14:36:56,877 - 14:36:56.444; 23; 0; 751504; 98090462805300; 1735652216444660700; 105465457; 1735652216806983200; None; None; Class ID: 0, Confidence: 0.69, BBox: (219, 170, 284, 310)
Class ID: 2, Confidence: 0.69, BBox: (282, 192, 438, 253)
Class ID: 1, Confidence: 0.54, BBox: (133, 227, 296, 345); 222
2024-12-31 14:36:57,236 - 14:36:56.877; 24; 0; 751504; 98090462805300; 1735652216877728000; 80248190; 1735652217158362200; None; None; Class ID: 0, Confidence: 0.69, BBox: (219, 170, 284, 310)
Class ID: 2, Confidence: 0.69, BBox: (282, 192, 438, 253)
Class ID: 1, Confidence: 0.54, BBox: (133, 227, 296, 345); 222
2024-12-31 14:36:57,690 - 14:36:57.236; 25; 0; 751504; 98090462805300; 1735652217236582200; 95976686; 1735652217629089500; None; None; Class ID: 0, Confidence: 0.69, BBox: (219, 170, 284, 310)
Class ID: 2, Confidence: 0.69, BBox: (282, 192, 438, 253)
Class ID: 1, Confidence: 0.54, BBox: (133, 227, 296, 345); 222
2024-12-31 14:36:58,104 - 14:36:57.691; 26; 0; 751504; 98090462805300; 1735652217691465800; 98803246; 1735652218035783400; None; None; Class ID: 0, Confidence: 0.69, BBox: (219, 170, 284, 310)
Class ID: 2, Confidence: 0.69, BBox: (282, 192, 438, 253)
Class ID: 1, Confidence: 0.54, BBox: (133, 227, 296, 345); 222
2024-12-31 14:36:58,459 - 14:36:58.104; 27; 0; 751504; 98090462805300; 1735652218104352300; 84958158; 1735652218390249800; None; None; Class ID: 0, Confidence: 0.69, BBox: (219, 170, 284, 310)
Class ID: 2, Confidence: 0.69, BBox: (282, 192, 438, 253)
Class ID: 1, Confidence: 0.54, BBox: (133, 227, 296, 345); 222
2024-12-31 14:36:58,933 - 14:36:58.460; 28; 0; 751504; 98090462805300; 1735652218460612500; 131827523; 1735652218856947700; None; None; Class ID: 0, Confidence: 0.69, BBox: (219, 170, 284, 310)
Class ID: 2, Confidence: 0.69, BBox: (282, 192, 438, 253)
Class ID: 1, Confidence: 0.54, BBox: (133, 227, 296, 345); 222
2024-12-31 14:36:59,488 - 14:36:58.934; 29; 0; 751504; 98090462805300; 1735652218934869800; 132014839; 1735652219366460800; None; None; Class ID: 0, Confidence: 0.69, BBox: (219, 170, 284, 310)
Class ID: 2, Confidence: 0.69, BBox: (282, 192, 438, 253)
Class ID: 1, Confidence: 0.54, BBox: (133, 227, 296, 345); 222
2024-12-31 14:36:59,949 - 14:36:59.489; 30; 0; 751504; 98090462805300; 1735652219489052700; 98724759; 1735652219878365000; None; None; Class ID: 0, Confidence: 0.69, BBox: (219, 170, 284, 310)
Class ID: 2, Confidence: 0.69, BBox: (282, 192, 438, 253)
Class ID: 1, Confidence: 0.54, BBox: (133, 227, 296, 345); 222
2024-12-31 14:37:00,371 - 14:36:59.950; 31; 0; 751504; 98090462805300; 1735652219950430600; 85493916; 1735652220288152100; None; None; Class ID: 0, Confidence: 0.69, BBox: (219, 170, 284, 310)
Class ID: 2, Confidence: 0.69, BBox: (282, 192, 438, 253)
Class ID: 1, Confidence: 0.54, BBox: (133, 227, 296, 345); 222
2024-12-31 14:37:00,719 - 14:37:00.372; 32; 0; 751504; 98090462805300; 1735652220372997700; 82631782; 1735652220655764900; None; None; Class ID: 0, Confidence: 0.69, BBox: (219, 170, 284, 310)
Class ID: 2, Confidence: 0.69, BBox: (282, 192, 438, 253)
Class ID: 1, Confidence: 0.54, BBox: (133, 227, 296, 345); 222
2024-12-31 14:37:01,069 - 14:37:00.720; 33; 0; 751504; 98090462805300; 1735652220720316100; 83095364; 1735652221000805400; None; None; Class ID: 0, Confidence: 0.69, BBox: (219, 170, 284, 310)
Class ID: 2, Confidence: 0.69, BBox: (282, 192, 438, 253)
Class ID: 1, Confidence: 0.54, BBox: (133, 227, 296, 345); 222
2024-12-31 14:37:01,482 - 14:37:01.070; 34; 0; 751504; 98090462805300; 1735652221070553900; 93297585; 1735652221416253100; None; None; Class ID: 0, Confidence: 0.69, BBox: (219, 170, 284, 310)
Class ID: 2, Confidence: 0.69, BBox: (282, 192, 438, 253)
Class ID: 1, Confidence: 0.54, BBox: (133, 227, 296, 345); 222
2024-12-31 14:37:01,847 - 14:37:01.483; 35; 0; 751504; 98090462805300; 1735652221483672600; 83883098; 1735652221769787300; None; None; Class ID: 0, Confidence: 0.69, BBox: (219, 170, 284, 310)
Class ID: 2, Confidence: 0.69, BBox: (282, 192, 438, 253)
Class ID: 1, Confidence: 0.54, BBox: (133, 227, 296, 345); 222
2024-12-31 14:37:02,205 - 14:37:01.847; 36; 0; 751504; 98090462805300; 1735652221847465100; 83403347; 1735652222130330800; None; None; Class ID: 0, Confidence: 0.69, BBox: (219, 170, 284, 310)
Class ID: 2, Confidence: 0.69, BBox: (282, 192, 438, 253)
Class ID: 1, Confidence: 0.54, BBox: (133, 227, 296, 345); 222
2024-12-31 14:37:02,614 - 14:37:02.206; 37; 0; 751504; 98090462805300; 1735652222206077100; 97484813; 1735652222542547000; None; None; Class ID: 0, Confidence: 0.69, BBox: (219, 170, 284, 310)
Class ID: 2, Confidence: 0.69, BBox: (282, 192, 438, 253)
Class ID: 1, Confidence: 0.54, BBox: (133, 227, 296, 345); 222
2024-12-31 14:37:03,023 - 14:37:02.615; 38; 0; 751504; 98090462805300; 1735652222615381900; 115366682; 1735652222952816300; None; None; Class ID: 0, Confidence: 0.69, BBox: (219, 170, 284, 310)
Class ID: 2, Confidence: 0.69, BBox: (282, 192, 438, 253)
Class ID: 1, Confidence: 0.54, BBox: (133, 227, 296, 345); 222
2024-12-31 14:37:03,377 - 14:37:03.024; 39; 0; 751504; 98090462805300; 1735652223024518600; 85191999; 1735652223308437100; None; None; Class ID: 0, Confidence: 0.69, BBox: (219, 170, 284, 310)
Class ID: 2, Confidence: 0.69, BBox: (282, 192, 438, 253)
Class ID: 1, Confidence: 0.54, BBox: (133, 227, 296, 345); 222
2024-12-31 14:37:03,841 - 14:37:03.378; 40; 0; 751504; 98090462805300; 1735652223378750600; 121009240; 1735652223772187300; None; None; Class ID: 0, Confidence: 0.69, BBox: (219, 170, 284, 310)
Class ID: 2, Confidence: 0.69, BBox: (282, 192, 438, 253)
Class ID: 1, Confidence: 0.54, BBox: (133, 227, 296, 345); 222
2024-12-31 14:37:04,255 - 14:37:03.842; 41; 0; 751504; 98090462805300; 1735652223842182900; 89095950; 1735652224182638500; None; None; Class ID: 0, Confidence: 0.69, BBox: (219, 170, 284, 310)
Class ID: 2, Confidence: 0.69, BBox: (282, 192, 438, 253)
Class ID: 1, Confidence: 0.54, BBox: (133, 227, 296, 345); 222
2024-12-31 14:37:04,767 - 14:37:04.256; 42; 0; 751504; 98090462805300; 1735652224256398000; 127113043; 1735652224691651600; None; None; Class ID: 0, Confidence: 0.69, BBox: (219, 170, 284, 310)
Class ID: 2, Confidence: 0.69, BBox: (282, 192, 438, 253)
Class ID: 1, Confidence: 0.54, BBox: (133, 227, 296, 345); 222
2024-12-31 14:37:05,201 - 14:37:04.770; 43; 0; 751504; 98090462805300; 1735652224770019500; 124861889; 1735652225109146000; None; None; Class ID: 0, Confidence: 0.69, BBox: (219, 170, 284, 310)
Class ID: 2, Confidence: 0.69, BBox: (282, 192, 438, 253)
Class ID: 1, Confidence: 0.54, BBox: (133, 227, 296, 345); 222
2024-12-31 14:37:05,558 - 14:37:05.202; 44; 0; 751504; 98090462805300; 1735652225202863700; 80176580; 1735652225490924100; None; None; Class ID: 0, Confidence: 0.69, BBox: (219, 170, 284, 310)
Class ID: 2, Confidence: 0.69, BBox: (282, 192, 438, 253)
Class ID: 1, Confidence: 0.54, BBox: (133, 227, 296, 345); 222
2024-12-31 14:37:05,997 - 14:37:05.559; 45; 0; 751504; 98090462805300; 1735652225559656900; 88187997; 1735652225922346200; None; None; Class ID: 0, Confidence: 0.69, BBox: (219, 170, 284, 310)
Class ID: 2, Confidence: 0.69, BBox: (282, 192, 438, 253)
Class ID: 1, Confidence: 0.54, BBox: (133, 227, 296, 345); 222
2024-12-31 14:37:06,412 - 14:37:05.999; 46; 0; 751504; 98090462805300; 1735652225999209600; 125352215; 1735652226337414300; None; None; Class ID: 0, Confidence: 0.69, BBox: (219, 170, 284, 310)
Class ID: 2, Confidence: 0.69, BBox: (282, 192, 438, 253)
Class ID: 1, Confidence: 0.54, BBox: (133, 227, 296, 345); 222
2024-12-31 14:37:06,804 - 14:37:06.413; 47; 0; 751504; 98090462805300; 1735652226413075100; 90537947; 1735652226738284300; None; None; Class ID: 0, Confidence: 0.69, BBox: (219, 170, 284, 310)
Class ID: 2, Confidence: 0.69, BBox: (282, 192, 438, 253)
Class ID: 1, Confidence: 0.54, BBox: (133, 227, 296, 345); 222
2024-12-31 14:37:07,227 - 14:37:06.805; 48; 0; 751504; 98090462805300; 1735652226805404200; 110630792; 1735652227149975000; None; None; Class ID: 0, Confidence: 0.69, BBox: (219, 170, 284, 310)
Class ID: 2, Confidence: 0.69, BBox: (282, 192, 438, 253)
Class ID: 1, Confidence: 0.54, BBox: (133, 227, 296, 345); 222
2024-12-31 14:37:07,632 - 14:37:07.228; 49; 0; 751504; 98090462805300; 1735652227228983500; 108254168; 1735652227559394700; None; None; Class ID: 0, Confidence: 0.69, BBox: (219, 170, 284, 310)
Class ID: 2, Confidence: 0.69, BBox: (282, 192, 438, 253)
Class ID: 1, Confidence: 0.54, BBox: (133, 227, 296, 345); 222
2024-12-31 14:37:08,058 - 14:37:07.633; 50; 0; 751504; 98090462805300; 1735652227633254300; 101832894; 1735652227946621700; None; None; Class ID: 0, Confidence: 0.69, BBox: (219, 170, 284, 310)
Class ID: 2, Confidence: 0.69, BBox: (282, 192, 438, 253)
Class ID: 1, Confidence: 0.54, BBox: (133, 227, 296, 345); 222
2024-12-31 14:37:08,485 - 14:37:08.059; 51; 0; 751504; 98090462805300; 1735652228059092000; 137432005; 1735652228401998600; None; None; Class ID: 0, Confidence: 0.69, BBox: (219, 170, 284, 310)
Class ID: 2, Confidence: 0.69, BBox: (282, 192, 438, 253)
Class ID: 1, Confidence: 0.54, BBox: (133, 227, 296, 345); 222
2024-12-31 14:37:08,849 - 14:37:08.487; 52; 0; 751504; 98090462805300; 1735652228487454500; 84639102; 1735652228781633200; None; None; Class ID: 0, Confidence: 0.69, BBox: (219, 170, 284, 310)
Class ID: 2, Confidence: 0.69, BBox: (282, 192, 438, 253)
Class ID: 1, Confidence: 0.54, BBox: (133, 227, 296, 345); 222
2024-12-31 14:37:09,270 - 14:37:08.850; 53; 0; 751504; 98090462805300; 1735652228850881900; 86101385; 1735652229198060800; None; None; Class ID: 0, Confidence: 0.69, BBox: (219, 170, 284, 310)
Class ID: 2, Confidence: 0.69, BBox: (282, 192, 438, 253)
Class ID: 1, Confidence: 0.54, BBox: (133, 227, 296, 345); 222
2024-12-31 14:37:09,679 - 14:37:09.271; 54; 0; 751504; 98090462805300; 1735652229271629400; 90338494; 1735652229607108100; None; None; Class ID: 0, Confidence: 0.69, BBox: (219, 170, 284, 310)
Class ID: 2, Confidence: 0.69, BBox: (282, 192, 438, 253)
Class ID: 1, Confidence: 0.54, BBox: (133, 227, 296, 345); 222
2024-12-31 14:37:10,100 - 14:37:09.681; 55; 0; 751504; 98090462805300; 1735652229681507000; 80778858; 1735652230016800000; None; None; Class ID: 0, Confidence: 0.69, BBox: (219, 170, 284, 310)
Class ID: 2, Confidence: 0.69, BBox: (282, 192, 438, 253)
Class ID: 1, Confidence: 0.54, BBox: (133, 227, 296, 345); 222
2024-12-31 14:37:10,596 - 14:37:10.101; 56; 0; 751504; 98090462805300; 1735652230101122100; 136289226; 1735652230528292200; None; None; Class ID: 0, Confidence: 0.69, BBox: (219, 170, 284, 310)
Class ID: 2, Confidence: 0.69, BBox: (282, 192, 438, 253)
Class ID: 1, Confidence: 0.54, BBox: (133, 227, 296, 345); 222
2024-12-31 14:37:11,009 - 14:37:10.597; 57; 0; 751504; 98090462805300; 1735652230597706700; 88864127; 1735652230939718200; None; None; Class ID: 0, Confidence: 0.69, BBox: (219, 170, 284, 310)
Class ID: 2, Confidence: 0.69, BBox: (282, 192, 438, 253)
Class ID: 1, Confidence: 0.54, BBox: (133, 227, 296, 345); 222
2024-12-31 14:37:11,436 - 14:37:11.010; 58; 0; 751504; 98090462805300; 1735652231010834500; 94895833; 1735652231347771500; None; None; Class ID: 0, Confidence: 0.69, BBox: (219, 170, 284, 310)
Class ID: 2, Confidence: 0.69, BBox: (282, 192, 438, 253)
Class ID: 1, Confidence: 0.54, BBox: (133, 227, 296, 345); 222
2024-12-31 14:37:12,029 - 14:37:11.437; 59; 0; 751504; 98090462805300; 1735652231437762000; 81314502; 1735652231956436900; None; None; Class ID: 0, Confidence: 0.69, BBox: (219, 170, 284, 310)
Class ID: 2, Confidence: 0.69, BBox: (282, 192, 438, 253)
Class ID: 1, Confidence: 0.54, BBox: (133, 227, 296, 345); 222
2024-12-31 14:37:12,593 - 14:37:12.030; 60; 0; 751504; 98090462805300; 1735652232030843100; 120014857; 1735652232521795000; None; None; Class ID: 0, Confidence: 0.69, BBox: (219, 170, 284, 310)
Class ID: 2, Confidence: 0.69, BBox: (282, 192, 438, 253)
Class ID: 1, Confidence: 0.54, BBox: (133, 227, 296, 345); 222
2024-12-31 14:37:13,194 - 14:37:12.594; 61; 0; 751504; 98090462805300; 1735652232594545800; 80673740; 1735652233104470300; None; None; Class ID: 0, Confidence: 0.69, BBox: (219, 170, 284, 310)
Class ID: 2, Confidence: 0.69, BBox: (282, 192, 438, 253)
Class ID: 1, Confidence: 0.54, BBox: (133, 227, 296, 345); 222
2024-12-31 14:37:13,794 - 14:37:13.196; 62; 0; 751504; 98090462805300; 1735652233196865200; 82520738; 1735652233718856500; None; None; Class ID: 0, Confidence: 0.69, BBox: (219, 170, 284, 310)
Class ID: 2, Confidence: 0.69, BBox: (282, 192, 438, 253)
Class ID: 1, Confidence: 0.54, BBox: (133, 227, 296, 345); 222
2024-12-31 14:37:14,409 - 14:37:13.795; 63; 0; 751504; 98090462805300; 1735652233795057400; 96618498; 1735652234333019400; None; None; Class ID: 0, Confidence: 0.69, BBox: (219, 170, 284, 310)
Class ID: 2, Confidence: 0.69, BBox: (282, 192, 438, 253)
Class ID: 1, Confidence: 0.54, BBox: (133, 227, 296, 345); 222
2024-12-31 14:37:15,040 - 14:37:14.409; 64; 0; 751504; 98090462805300; 1735652234411215900; 115501477; 1735652234967267800; None; None; Class ID: 0, Confidence: 0.69, BBox: (219, 170, 284, 310)
Class ID: 2, Confidence: 0.69, BBox: (282, 192, 438, 253)
Class ID: 1, Confidence: 0.54, BBox: (133, 227, 296, 345); 222
2024-12-31 14:37:15,839 - 14:37:15.041; 65; 0; 751504; 98090462805300; 1735652235041333100; 79165677; 1735652235768666500; None; None; Class ID: 0, Confidence: 0.69, BBox: (219, 170, 284, 310)
Class ID: 2, Confidence: 0.69, BBox: (282, 192, 438, 253)
Class ID: 1, Confidence: 0.54, BBox: (133, 227, 296, 345); 222
2024-12-31 14:37:16,474 - 14:37:15.840; 66; 0; 751504; 98090462805300; 1735652235840790200; 72456743; 1735652236391146300; None; None; Class ID: 0, Confidence: 0.69, BBox: (219, 170, 284, 310)
Class ID: 2, Confidence: 0.69, BBox: (282, 192, 438, 253)
Class ID: 1, Confidence: 0.54, BBox: (133, 227, 296, 345); 222
2024-12-31 14:37:16,833 - 14:37:16.476; 67; 0; 751504; 98090462805300; 1735652236476302400; 80378376; 1735652236759576300; None; None; Class ID: 0, Confidence: 0.69, BBox: (219, 170, 284, 310)
Class ID: 2, Confidence: 0.69, BBox: (282, 192, 438, 253)
Class ID: 1, Confidence: 0.54, BBox: (133, 227, 296, 345); 222
2024-12-31 14:37:17,193 - 14:37:16.834; 68; 0; 751504; 98090462805300; 1735652236834901300; 80363562; 1735652237117487500; None; None; Class ID: 0, Confidence: 0.69, BBox: (219, 170, 284, 310)
Class ID: 2, Confidence: 0.69, BBox: (282, 192, 438, 253)
Class ID: 1, Confidence: 0.54, BBox: (133, 227, 296, 345); 222
2024-12-31 14:37:17,677 - 14:37:17.194; 69; 0; 751504; 98090462805300; 1735652237194618800; 107193164; 1735652237596544700; None; None; Class ID: 0, Confidence: 0.69, BBox: (219, 170, 284, 310)
Class ID: 2, Confidence: 0.69, BBox: (282, 192, 438, 253)
Class ID: 1, Confidence: 0.54, BBox: (133, 227, 296, 345); 222
2024-12-31 14:37:18,095 - 14:37:17.678; 70; 0; 751504; 98090462805300; 1735652237678670500; 94385455; 1735652237979136800; None; None; Class ID: 0, Confidence: 0.69, BBox: (219, 170, 284, 310)
Class ID: 2, Confidence: 0.69, BBox: (282, 192, 438, 253)
Class ID: 1, Confidence: 0.54, BBox: (133, 227, 296, 345); 222
2024-12-31 14:37:18,541 - 14:37:18.097; 71; 0; 751504; 98090462805300; 1735652238097041600; 107376345; 1735652238405448200; None; None; Class ID: 0, Confidence: 0.69, BBox: (219, 170, 284, 310)
Class ID: 2, Confidence: 0.69, BBox: (282, 192, 438, 253)
Class ID: 1, Confidence: 0.54, BBox: (133, 227, 296, 345); 222
2024-12-31 14:37:18,904 - 14:37:18.543; 72; 0; 751504; 98090462805300; 1735652238543918000; 82177223; 1735652238833520500; None; None; Class ID: 0, Confidence: 0.69, BBox: (219, 170, 284, 310)
Class ID: 2, Confidence: 0.69, BBox: (282, 192, 438, 253)
Class ID: 1, Confidence: 0.54, BBox: (133, 227, 296, 345); 222
2024-12-31 14:37:19,256 - 14:37:18.905; 73; 0; 751504; 98090462805300; 1735652238906306200; 82511187; 1735652239191866600; None; None; Class ID: 0, Confidence: 0.69, BBox: (219, 170, 284, 310)
Class ID: 2, Confidence: 0.69, BBox: (282, 192, 438, 253)
Class ID: 1, Confidence: 0.54, BBox: (133, 227, 296, 345); 222
2024-12-31 14:37:19,673 - 14:37:19.257; 74; 0; 751504; 98090462805300; 1735652239257702600; 83274002; 1735652239548040500; None; None; Class ID: 0, Confidence: 0.69, BBox: (219, 170, 284, 310)
Class ID: 2, Confidence: 0.69, BBox: (282, 192, 438, 253)
Class ID: 1, Confidence: 0.54, BBox: (133, 227, 296, 345); 222
2024-12-31 14:37:20,127 - 14:37:19.675; 75; 0; 751504; 98090462805300; 1735652239675829200; 111103912; 1735652240051653000; None; None; Class ID: 0, Confidence: 0.69, BBox: (219, 170, 284, 310)
Class ID: 2, Confidence: 0.69, BBox: (282, 192, 438, 253)
Class ID: 1, Confidence: 0.54, BBox: (133, 227, 296, 345); 222
2024-12-31 14:37:20,508 - 14:37:20.127; 76; 0; 751504; 98090462805300; 1735652240128717600; 80281243; 1735652240410664600; None; None; Class ID: 0, Confidence: 0.69, BBox: (219, 170, 284, 310)
Class ID: 2, Confidence: 0.69, BBox: (282, 192, 438, 253)
Class ID: 1, Confidence: 0.54, BBox: (133, 227, 296, 345); 222
2024-12-31 14:37:20,867 - 14:37:20.509; 77; 0; 751504; 98090462805300; 1735652240509647400; 79081456; 1735652240792138000; None; None; Class ID: 0, Confidence: 0.69, BBox: (219, 170, 284, 310)
Class ID: 2, Confidence: 0.69, BBox: (282, 192, 438, 253)
Class ID: 1, Confidence: 0.54, BBox: (133, 227, 296, 345); 222
2024-12-31 14:37:21,354 - 14:37:20.868; 78; 0; 751504; 98090462805300; 1735652240868183200; 106668210; 1735652241281990800; None; None; Class ID: 0, Confidence: 0.69, BBox: (219, 170, 284, 310)
Class ID: 2, Confidence: 0.69, BBox: (282, 192, 438, 253)
Class ID: 1, Confidence: 0.54, BBox: (133, 227, 296, 345); 222
2024-12-31 14:37:21,701 - 14:37:21.357; 79; 0; 751504; 98090462805300; 1735652241357738100; 79737117; 1735652241636377000; None; None; Class ID: 0, Confidence: 0.69, BBox: (219, 170, 284, 310)
Class ID: 2, Confidence: 0.69, BBox: (282, 192, 438, 253)
Class ID: 1, Confidence: 0.54, BBox: (133, 227, 296, 345); 222
2024-12-31 14:37:22,182 - 14:37:21.701; 80; 0; 751504; 98090462805300; 1735652241701534200; 106608061; 1735652242101663200; None; None; Class ID: 0, Confidence: 0.69, BBox: (219, 170, 284, 310)
Class ID: 2, Confidence: 0.69, BBox: (282, 192, 438, 253)
Class ID: 1, Confidence: 0.54, BBox: (133, 227, 296, 345); 222
2024-12-31 14:37:22,588 - 14:37:22.183; 81; 0; 751504; 98090462805300; 1735652242183024200; 115439699; 1735652242509942400; None; None; Class ID: 0, Confidence: 0.69, BBox: (219, 170, 284, 310)
Class ID: 2, Confidence: 0.69, BBox: (282, 192, 438, 253)
Class ID: 1, Confidence: 0.54, BBox: (133, 227, 296, 345); 222
2024-12-31 14:37:23,000 - 14:37:22.589; 82; 0; 751504; 98090462805300; 1735652242589206500; 86543959; 1735652242918829200; None; None; Class ID: 0, Confidence: 0.69, BBox: (219, 170, 284, 310)
Class ID: 2, Confidence: 0.69, BBox: (282, 192, 438, 253)
Class ID: 1, Confidence: 0.54, BBox: (133, 227, 296, 345); 222
2024-12-31 14:37:23,410 - 14:37:23.001; 83; 0; 751504; 98090462805300; 1735652243001303700; 88844949; 1735652243330112900; None; None; Class ID: 0, Confidence: 0.69, BBox: (219, 170, 284, 310)
Class ID: 2, Confidence: 0.69, BBox: (282, 192, 438, 253)
Class ID: 1, Confidence: 0.54, BBox: (133, 227, 296, 345); 222
2024-12-31 14:37:23,912 - 14:37:23.411; 84; 0; 751504; 98090462805300; 1735652243411646300; 125150879; 1735652243841518300; None; None; Class ID: 0, Confidence: 0.69, BBox: (219, 170, 284, 310)
Class ID: 2, Confidence: 0.69, BBox: (282, 192, 438, 253)
Class ID: 1, Confidence: 0.54, BBox: (133, 227, 296, 345); 222
2024-12-31 14:37:24,326 - 14:37:23.913; 85; 0; 751504; 98090462805300; 1735652243913593100; 88009432; 1735652244249892300; None; None; Class ID: 0, Confidence: 0.69, BBox: (219, 170, 284, 310)
Class ID: 2, Confidence: 0.69, BBox: (282, 192, 438, 253)
Class ID: 1, Confidence: 0.54, BBox: (133, 227, 296, 345); 222
2024-12-31 14:37:24,705 - 14:37:24.327; 86; 0; 751504; 98090462805300; 1735652244327745000; 93146724; 1735652244634227200; None; None; Class ID: 0, Confidence: 0.69, BBox: (219, 170, 284, 310)
Class ID: 2, Confidence: 0.69, BBox: (282, 192, 438, 253)
Class ID: 1, Confidence: 0.54, BBox: (133, 227, 296, 345); 222
2024-12-31 14:37:25,141 - 14:37:24.706; 87; 0; 751504; 98090462805300; 1735652244706042000; 128850749; 1735652245070448500; None; None; Class ID: 0, Confidence: 0.69, BBox: (219, 170, 284, 310)
Class ID: 2, Confidence: 0.69, BBox: (282, 192, 438, 253)
Class ID: 1, Confidence: 0.54, BBox: (133, 227, 296, 345); 222
2024-12-31 14:37:25,644 - 14:37:25.141; 88; 0; 751504; 98090462805300; 1735652245141856100; 127851998; 1735652245581550300; None; None; Class ID: 0, Confidence: 0.69, BBox: (219, 170, 284, 310)
Class ID: 2, Confidence: 0.69, BBox: (282, 192, 438, 253)
Class ID: 1, Confidence: 0.54, BBox: (133, 227, 296, 345); 222
2024-12-31 14:37:26,067 - 14:37:25.645; 89; 0; 751504; 98090462805300; 1735652245645907800; 88959172; 1735652245987228800; None; None; Class ID: 0, Confidence: 0.69, BBox: (219, 170, 284, 310)
Class ID: 2, Confidence: 0.69, BBox: (282, 192, 438, 253)
Class ID: 1, Confidence: 0.54, BBox: (133, 227, 296, 345); 222
2024-12-31 14:37:26,466 - 14:37:26.068; 90; 0; 751504; 98090462805300; 1735652246068005700; 114557353; 1735652246401567000; None; None; Class ID: 0, Confidence: 0.69, BBox: (219, 170, 284, 310)
Class ID: 2, Confidence: 0.69, BBox: (282, 192, 438, 253)
Class ID: 1, Confidence: 0.54, BBox: (133, 227, 296, 345); 222
2024-12-31 14:37:26,896 - 14:37:26.467; 91; 0; 751504; 98090462805300; 1735652246467453100; 111313608; 1735652246812278900; None; None; Class ID: 0, Confidence: 0.69, BBox: (219, 170, 284, 310)
Class ID: 2, Confidence: 0.69, BBox: (282, 192, 438, 253)
Class ID: 1, Confidence: 0.54, BBox: (133, 227, 296, 345); 222
2024-12-31 14:37:27,284 - 14:37:26.897; 92; 0; 751504; 98090462805300; 1735652246897666200; 97388596; 1735652247220643800; None; None; Class ID: 0, Confidence: 0.69, BBox: (219, 170, 284, 310)
Class ID: 2, Confidence: 0.69, BBox: (282, 192, 438, 253)
Class ID: 1, Confidence: 0.54, BBox: (133, 227, 296, 345); 222
2024-12-31 14:37:27,700 - 14:37:27.285; 93; 0; 751504; 98090462805300; 1735652247285752300; 109812332; 1735652247630404600; None; None; Class ID: 0, Confidence: 0.69, BBox: (219, 170, 284, 310)
Class ID: 2, Confidence: 0.69, BBox: (282, 192, 438, 253)
Class ID: 1, Confidence: 0.54, BBox: (133, 227, 296, 345); 222
2024-12-31 14:37:28,122 - 14:37:27.701; 94; 0; 751504; 98090462805300; 1735652247701691900; 98136670; 1735652248039456700; None; None; Class ID: 0, Confidence: 0.69, BBox: (219, 170, 284, 310)
Class ID: 2, Confidence: 0.69, BBox: (282, 192, 438, 253)
Class ID: 1, Confidence: 0.54, BBox: (133, 227, 296, 345); 222
2024-12-31 14:37:28,526 - 14:37:28.123; 95; 0; 751504; 98090462805300; 1735652248123727300; 90110388; 1735652248449931800; None; None; Class ID: 0, Confidence: 0.69, BBox: (219, 170, 284, 310)
Class ID: 2, Confidence: 0.69, BBox: (282, 192, 438, 253)
Class ID: 1, Confidence: 0.54, BBox: (133, 227, 296, 345); 222
2024-12-31 14:37:28,934 - 14:37:28.527; 96; 0; 751504; 98090462805300; 1735652248527057300; 113096586; 1735652248860485900; None; None; Class ID: 0, Confidence: 0.69, BBox: (219, 170, 284, 310)
Class ID: 2, Confidence: 0.69, BBox: (282, 192, 438, 253)
Class ID: 1, Confidence: 0.54, BBox: (133, 227, 296, 345); 222
2024-12-31 14:37:29,299 - 14:37:28.935; 97; 0; 751504; 98090462805300; 1735652248935354100; 79494468; 1735652249234380200; None; None; Class ID: 0, Confidence: 0.69, BBox: (219, 170, 284, 310)
Class ID: 2, Confidence: 0.69, BBox: (282, 192, 438, 253)
Class ID: 1, Confidence: 0.54, BBox: (133, 227, 296, 345); 222
2024-12-31 14:37:29,687 - 14:37:29.300; 98; 0; 751504; 98090462805300; 1735652249300775600; 92448315; 1735652249620858600; None; None; Class ID: 0, Confidence: 0.69, BBox: (219, 170, 284, 310)
Class ID: 2, Confidence: 0.69, BBox: (282, 192, 438, 253)
Class ID: 1, Confidence: 0.54, BBox: (133, 227, 296, 345); 222
2024-12-31 14:37:30,075 - 14:37:29.688; 99; 0; 751504; 98090462805300; 1735652249688255700; 104203878; 1735652250002790900; None; None; Class ID: 0, Confidence: 0.69, BBox: (219, 170, 284, 310)
Class ID: 2, Confidence: 0.69, BBox: (282, 192, 438, 253)
Class ID: 1, Confidence: 0.54, BBox: (133, 227, 296, 345); 222
2024-12-31 14:37:30,487 - 14:37:30.076; 100; 0; 751504; 98090462805300; 1735652250076086100; 109641624; 1735652250406831600; None; None; Class ID: 0, Confidence: 0.69, BBox: (219, 170, 284, 310)
Class ID: 2, Confidence: 0.69, BBox: (282, 192, 438, 253)
Class ID: 1, Confidence: 0.54, BBox: (133, 227, 296, 345); 222
2024-12-31 14:37:58,934 - 14:37:54.648; 0; 0; 751504; 98160237440200; 1735652274648232300; 3733271827; 1735652278862519800; None; None; Class ID: 0, Confidence: 0.69, BBox: (219, 170, 284, 310)
Class ID: 2, Confidence: 0.69, BBox: (282, 192, 438, 253)
Class ID: 1, Confidence: 0.54, BBox: (133, 227, 296, 345); 222
2024-12-31 14:37:59,324 - 14:37:58.934; 1; 0; 751504; 98160237440200; 1735652278934283900; 81032934; 1735652279251674700; None; None; Class ID: 0, Confidence: 0.69, BBox: (219, 170, 284, 310)
Class ID: 2, Confidence: 0.69, BBox: (282, 192, 438, 253)
Class ID: 1, Confidence: 0.54, BBox: (133, 227, 296, 345); 222
2024-12-31 14:37:59,671 - 14:37:59.325; 2; 0; 751504; 98160237440200; 1735652279325014500; 76432918; 1735652279602931600; None; None; Class ID: 0, Confidence: 0.69, BBox: (219, 170, 284, 310)
Class ID: 2, Confidence: 0.69, BBox: (282, 192, 438, 253)
Class ID: 1, Confidence: 0.54, BBox: (133, 227, 296, 345); 222
2024-12-31 14:38:00,028 - 14:37:59.672; 3; 0; 751504; 98160237440200; 1735652279672477400; 81954145; 1735652279956417300; None; None; Class ID: 0, Confidence: 0.69, BBox: (219, 170, 284, 310)
Class ID: 2, Confidence: 0.69, BBox: (282, 192, 438, 253)
Class ID: 1, Confidence: 0.54, BBox: (133, 227, 296, 345); 222
2024-12-31 14:38:00,387 - 14:38:00.029; 4; 0; 751504; 98160237440200; 1735652280029820300; 77943744; 1735652280311230900; None; None; Class ID: 0, Confidence: 0.69, BBox: (219, 170, 284, 310)
Class ID: 2, Confidence: 0.69, BBox: (282, 192, 438, 253)
Class ID: 1, Confidence: 0.54, BBox: (133, 227, 296, 345); 222
2024-12-31 14:38:00,746 - 14:38:00.387; 5; 0; 751504; 98160237440200; 1735652280387014800; 78886897; 1735652280668486700; None; None; Class ID: 0, Confidence: 0.69, BBox: (219, 170, 284, 310)
Class ID: 2, Confidence: 0.69, BBox: (282, 192, 438, 253)
Class ID: 1, Confidence: 0.54, BBox: (133, 227, 296, 345); 222
2024-12-31 14:38:01,092 - 14:38:00.747; 6; 0; 751504; 98160237440200; 1735652280747073700; 77429202; 1735652281024890000; None; None; Class ID: 0, Confidence: 0.69, BBox: (219, 170, 284, 310)
Class ID: 2, Confidence: 0.69, BBox: (282, 192, 438, 253)
Class ID: 1, Confidence: 0.54, BBox: (133, 227, 296, 345); 222
2024-12-31 14:38:01,444 - 14:38:01.093; 7; 0; 751504; 98160237440200; 1735652281093603500; 78842118; 1735652281374030900; None; None; Class ID: 0, Confidence: 0.69, BBox: (219, 170, 284, 310)
Class ID: 2, Confidence: 0.69, BBox: (282, 192, 438, 253)
Class ID: 1, Confidence: 0.54, BBox: (133, 227, 296, 345); 222
2024-12-31 14:38:01,900 - 14:38:01.445; 8; 0; 751504; 98160237440200; 1735652281445402700; 88870660; 1735652281832864700; None; None; Class ID: 0, Confidence: 0.69, BBox: (219, 170, 284, 310)
Class ID: 2, Confidence: 0.69, BBox: (282, 192, 438, 253)
Class ID: 1, Confidence: 0.54, BBox: (133, 227, 296, 345); 222
2024-12-31 14:38:02,354 - 14:38:01.901; 9; 0; 751504; 98160237440200; 1735652281901664100; 81227988; 1735652282279148000; None; None; Class ID: 0, Confidence: 0.69, BBox: (219, 170, 284, 310)
Class ID: 2, Confidence: 0.69, BBox: (282, 192, 438, 253)
Class ID: 1, Confidence: 0.54, BBox: (133, 227, 296, 345); 222
2024-12-31 14:38:02,833 - 14:38:02.355; 10; 0; 751504; 98160237440200; 1735652282355729300; 106875807; 1735652282754357100; None; None; Class ID: 0, Confidence: 0.69, BBox: (219, 170, 284, 310)
Class ID: 2, Confidence: 0.69, BBox: (282, 192, 438, 253)
Class ID: 1, Confidence: 0.54, BBox: (133, 227, 296, 345); 222
2024-12-31 14:38:03,189 - 14:38:02.834; 11; 0; 751504; 98160237440200; 1735652282834761000; 78566481; 1735652283113592600; None; None; Class ID: 0, Confidence: 0.69, BBox: (219, 170, 284, 310)
Class ID: 2, Confidence: 0.69, BBox: (282, 192, 438, 253)
Class ID: 1, Confidence: 0.54, BBox: (133, 227, 296, 345); 222
2024-12-31 14:38:03,547 - 14:38:03.189; 12; 0; 751504; 98160237440200; 1735652283189264600; 77390519; 1735652283469883200; None; None; Class ID: 0, Confidence: 0.69, BBox: (219, 170, 284, 310)
Class ID: 2, Confidence: 0.69, BBox: (282, 192, 438, 253)
Class ID: 1, Confidence: 0.54, BBox: (133, 227, 296, 345); 222
2024-12-31 14:38:03,956 - 14:38:03.548; 13; 0; 751504; 98160237440200; 1735652283548238700; 109048311; 1735652283879894700; None; None; Class ID: 0, Confidence: 0.69, BBox: (219, 170, 284, 310)
Class ID: 2, Confidence: 0.69, BBox: (282, 192, 438, 253)
Class ID: 1, Confidence: 0.54, BBox: (133, 227, 296, 345); 222
2024-12-31 14:38:04,321 - 14:38:03.956; 14; 0; 751504; 98160237440200; 1735652283956452800; 80522308; 1735652284246967800; None; None; Class ID: 0, Confidence: 0.69, BBox: (219, 170, 284, 310)
Class ID: 2, Confidence: 0.69, BBox: (282, 192, 438, 253)
Class ID: 1, Confidence: 0.54, BBox: (133, 227, 296, 345); 222
2024-12-31 14:38:04,679 - 14:38:04.321; 15; 0; 751504; 98160237440200; 1735652284321428500; 77362819; 1735652284603591600; None; None; Class ID: 0, Confidence: 0.69, BBox: (219, 170, 284, 310)
Class ID: 2, Confidence: 0.69, BBox: (282, 192, 438, 253)
Class ID: 1, Confidence: 0.54, BBox: (133, 227, 296, 345); 222
2024-12-31 14:38:05,035 - 14:38:04.680; 16; 0; 751504; 98160237440200; 1735652284680234800; 80402647; 1735652284964451000; None; None; Class ID: 0, Confidence: 0.69, BBox: (219, 170, 284, 310)
Class ID: 2, Confidence: 0.69, BBox: (282, 192, 438, 253)
Class ID: 1, Confidence: 0.54, BBox: (133, 227, 296, 345); 222
2024-12-31 14:38:05,397 - 14:38:05.036; 17; 0; 751504; 98160237440200; 1735652285036312200; 79051120; 1735652285320391500; None; None; Class ID: 0, Confidence: 0.69, BBox: (219, 170, 284, 310)
Class ID: 2, Confidence: 0.69, BBox: (282, 192, 438, 253)
Class ID: 1, Confidence: 0.54, BBox: (133, 227, 296, 345); 222
2024-12-31 14:38:05,794 - 14:38:05.398; 18; 0; 751504; 98160237440200; 1735652285398249700; 98141822; 1735652285723564700; None; None; Class ID: 0, Confidence: 0.69, BBox: (219, 170, 284, 310)
Class ID: 2, Confidence: 0.69, BBox: (282, 192, 438, 253)
Class ID: 1, Confidence: 0.54, BBox: (133, 227, 296, 345); 222
2024-12-31 14:38:06,202 - 14:38:05.795; 19; 0; 751504; 98160237440200; 1735652285795545800; 112801969; 1735652286131961400; None; None; Class ID: 0, Confidence: 0.69, BBox: (219, 170, 284, 310)
Class ID: 2, Confidence: 0.69, BBox: (282, 192, 438, 253)
Class ID: 1, Confidence: 0.54, BBox: (133, 227, 296, 345); 222
2024-12-31 14:38:06,551 - 14:38:06.202; 20; 0; 751504; 98160237440200; 1735652286202161700; 77149749; 1735652286480972400; None; None; Class ID: 0, Confidence: 0.69, BBox: (219, 170, 284, 310)
Class ID: 2, Confidence: 0.69, BBox: (282, 192, 438, 253)
Class ID: 1, Confidence: 0.54, BBox: (133, 227, 296, 345); 222
2024-12-31 14:38:06,901 - 14:38:06.552; 21; 0; 751504; 98160237440200; 1735652286552239200; 79348606; 1735652286831992000; None; None; Class ID: 0, Confidence: 0.69, BBox: (219, 170, 284, 310)
Class ID: 2, Confidence: 0.69, BBox: (282, 192, 438, 253)
Class ID: 1, Confidence: 0.54, BBox: (133, 227, 296, 345); 222
2024-12-31 14:38:07,243 - 14:38:06.902; 22; 0; 751504; 98160237440200; 1735652286902072300; 76140346; 1735652287177166100; None; None; Class ID: 0, Confidence: 0.69, BBox: (219, 170, 284, 310)
Class ID: 2, Confidence: 0.69, BBox: (282, 192, 438, 253)
Class ID: 1, Confidence: 0.54, BBox: (133, 227, 296, 345); 222
2024-12-31 14:38:07,603 - 14:38:07.244; 23; 0; 751504; 98160237440200; 1735652287244604000; 80052959; 1735652287527967100; None; None; Class ID: 0, Confidence: 0.69, BBox: (219, 170, 284, 310)
Class ID: 2, Confidence: 0.69, BBox: (282, 192, 438, 253)
Class ID: 1, Confidence: 0.54, BBox: (133, 227, 296, 345); 222
2024-12-31 14:38:08,048 - 14:38:07.603; 24; 0; 751504; 98160237440200; 1735652287603375700; 86704093; 1735652287976461900; None; None; Class ID: 0, Confidence: 0.69, BBox: (219, 170, 284, 310)
Class ID: 2, Confidence: 0.69, BBox: (282, 192, 438, 253)
Class ID: 1, Confidence: 0.54, BBox: (133, 227, 296, 345); 222
2024-12-31 14:38:08,417 - 14:38:08.048; 25; 0; 751504; 98160237440200; 1735652288048976600; 84230042; 1735652288333483600; None; None; Class ID: 0, Confidence: 0.69, BBox: (219, 170, 284, 310)
Class ID: 2, Confidence: 0.69, BBox: (282, 192, 438, 253)
Class ID: 1, Confidence: 0.54, BBox: (133, 227, 296, 345); 222
2024-12-31 14:38:08,784 - 14:38:08.418; 26; 0; 751504; 98160237440200; 1735652288418815800; 81984521; 1735652288707583500; None; None; Class ID: 0, Confidence: 0.69, BBox: (219, 170, 284, 310)
Class ID: 2, Confidence: 0.69, BBox: (282, 192, 438, 253)
Class ID: 1, Confidence: 0.54, BBox: (133, 227, 296, 345); 222
2024-12-31 14:38:09,131 - 14:38:08.785; 27; 0; 751504; 98160237440200; 1735652288785939700; 77320919; 1735652289065114100; None; None; Class ID: 0, Confidence: 0.69, BBox: (219, 170, 284, 310)
Class ID: 2, Confidence: 0.69, BBox: (282, 192, 438, 253)
Class ID: 1, Confidence: 0.54, BBox: (133, 227, 296, 345); 222
2024-12-31 14:38:09,585 - 14:38:09.132; 28; 0; 751504; 98160237440200; 1735652289132068200; 92017952; 1735652289512078300; None; None; Class ID: 0, Confidence: 0.69, BBox: (219, 170, 284, 310)
Class ID: 2, Confidence: 0.69, BBox: (282, 192, 438, 253)
Class ID: 1, Confidence: 0.54, BBox: (133, 227, 296, 345); 222
2024-12-31 14:38:09,941 - 14:38:09.585; 29; 0; 751504; 98160237440200; 1735652289585579100; 81016298; 1735652289875022100; None; None; Class ID: 0, Confidence: 0.69, BBox: (219, 170, 284, 310)
Class ID: 2, Confidence: 0.69, BBox: (282, 192, 438, 253)
Class ID: 1, Confidence: 0.54, BBox: (133, 227, 296, 345); 222
2024-12-31 14:38:10,299 - 14:38:09.941; 30; 0; 751504; 98160237440200; 1735652289941954000; 78708694; 1735652290228457100; None; None; Class ID: 0, Confidence: 0.69, BBox: (219, 170, 284, 310)
Class ID: 2, Confidence: 0.69, BBox: (282, 192, 438, 253)
Class ID: 1, Confidence: 0.54, BBox: (133, 227, 296, 345); 222
2024-12-31 14:38:10,662 - 14:38:10.299; 31; 0; 751504; 98160237440200; 1735652290299745900; 82312129; 1735652290588697500; None; None; Class ID: 0, Confidence: 0.69, BBox: (219, 170, 284, 310)
Class ID: 2, Confidence: 0.69, BBox: (282, 192, 438, 253)
Class ID: 1, Confidence: 0.54, BBox: (133, 227, 296, 345); 222
2024-12-31 14:38:11,018 - 14:38:10.663; 32; 0; 751504; 98160237440200; 1735652290663256600; 78668412; 1735652290943829100; None; None; Class ID: 0, Confidence: 0.69, BBox: (219, 170, 284, 310)
Class ID: 2, Confidence: 0.69, BBox: (282, 192, 438, 253)
Class ID: 1, Confidence: 0.54, BBox: (133, 227, 296, 345); 222
2024-12-31 14:38:11,379 - 14:38:11.018; 33; 0; 751504; 98160237440200; 1735652291019650800; 77016748; 1735652291309449800; None; None; Class ID: 0, Confidence: 0.69, BBox: (219, 170, 284, 310)
Class ID: 2, Confidence: 0.69, BBox: (282, 192, 438, 253)
Class ID: 1, Confidence: 0.54, BBox: (133, 227, 296, 345); 222
2024-12-31 14:38:11,730 - 14:38:11.380; 34; 0; 751504; 98160237440200; 1735652291380187300; 79700155; 1735652291662290700; None; None; Class ID: 0, Confidence: 0.69, BBox: (219, 170, 284, 310)
Class ID: 2, Confidence: 0.69, BBox: (282, 192, 438, 253)
Class ID: 1, Confidence: 0.54, BBox: (133, 227, 296, 345); 222
2024-12-31 14:38:12,088 - 14:38:11.730; 35; 0; 751504; 98160237440200; 1735652291731179400; 79500736; 1735652292008607800; None; None; Class ID: 0, Confidence: 0.69, BBox: (219, 170, 284, 310)
Class ID: 2, Confidence: 0.69, BBox: (282, 192, 438, 253)
Class ID: 1, Confidence: 0.54, BBox: (133, 227, 296, 345); 222
2024-12-31 14:38:12,574 - 14:38:12.088; 36; 0; 751504; 98160237440200; 1735652292088643400; 99593472; 1735652292491466200; None; None; Class ID: 0, Confidence: 0.69, BBox: (219, 170, 284, 310)
Class ID: 2, Confidence: 0.69, BBox: (282, 192, 438, 253)
Class ID: 1, Confidence: 0.54, BBox: (133, 227, 296, 345); 222
2024-12-31 14:38:12,965 - 14:38:12.575; 37; 0; 751504; 98160237440200; 1735652292575437300; 89048815; 1735652292892097300; None; None; Class ID: 0, Confidence: 0.69, BBox: (219, 170, 284, 310)
Class ID: 2, Confidence: 0.69, BBox: (282, 192, 438, 253)
Class ID: 1, Confidence: 0.54, BBox: (133, 227, 296, 345); 222
2024-12-31 14:38:13,373 - 14:38:12.965; 38; 0; 751504; 98160237440200; 1735652292965737600; 93576545; 1735652293301338700; None; None; Class ID: 0, Confidence: 0.69, BBox: (219, 170, 284, 310)
Class ID: 2, Confidence: 0.69, BBox: (282, 192, 438, 253)
Class ID: 1, Confidence: 0.54, BBox: (133, 227, 296, 345); 222
2024-12-31 14:38:13,786 - 14:38:13.374; 39; 0; 751504; 98160237440200; 1735652293374901500; 92947661; 1735652293712106100; None; None; Class ID: 0, Confidence: 0.69, BBox: (219, 170, 284, 310)
Class ID: 2, Confidence: 0.69, BBox: (282, 192, 438, 253)
Class ID: 1, Confidence: 0.54, BBox: (133, 227, 296, 345); 222
2024-12-31 14:38:14,198 - 14:38:13.787; 40; 0; 751504; 98160237440200; 1735652293787674900; 87852522; 1735652294120547400; None; None; Class ID: 0, Confidence: 0.69, BBox: (219, 170, 284, 310)
Class ID: 2, Confidence: 0.69, BBox: (282, 192, 438, 253)
Class ID: 1, Confidence: 0.54, BBox: (133, 227, 296, 345); 222
2024-12-31 14:38:14,554 - 14:38:14.199; 41; 0; 751504; 98160237440200; 1735652294199014400; 76092086; 1735652294480932200; None; None; Class ID: 0, Confidence: 0.69, BBox: (219, 170, 284, 310)
Class ID: 2, Confidence: 0.69, BBox: (282, 192, 438, 253)
Class ID: 1, Confidence: 0.54, BBox: (133, 227, 296, 345); 222
2024-12-31 14:38:14,921 - 14:38:14.555; 42; 0; 751504; 98160237440200; 1735652294555562100; 82504416; 1735652294844005800; None; None; Class ID: 0, Confidence: 0.69, BBox: (219, 170, 284, 310)
Class ID: 2, Confidence: 0.69, BBox: (282, 192, 438, 253)
Class ID: 1, Confidence: 0.54, BBox: (133, 227, 296, 345); 222
2024-12-31 14:38:15,321 - 14:38:14.922; 43; 0; 751504; 98160237440200; 1735652294922145300; 88798205; 1735652295248639500; None; None; Class ID: 0, Confidence: 0.69, BBox: (219, 170, 284, 310)
Class ID: 2, Confidence: 0.69, BBox: (282, 192, 438, 253)
Class ID: 1, Confidence: 0.54, BBox: (133, 227, 296, 345); 222
2024-12-31 14:38:15,726 - 14:38:15.322; 44; 0; 751504; 98160237440200; 1735652295322290200; 84383070; 1735652295655867500; None; None; Class ID: 0, Confidence: 0.69, BBox: (219, 170, 284, 310)
Class ID: 2, Confidence: 0.69, BBox: (282, 192, 438, 253)
Class ID: 1, Confidence: 0.54, BBox: (133, 227, 296, 345); 222
2024-12-31 14:38:16,082 - 14:38:15.726; 45; 0; 751504; 98160237440200; 1735652295726731300; 77997940; 1735652296006420700; None; None; Class ID: 0, Confidence: 0.69, BBox: (219, 170, 284, 310)
Class ID: 2, Confidence: 0.69, BBox: (282, 192, 438, 253)
Class ID: 1, Confidence: 0.54, BBox: (133, 227, 296, 345); 222
2024-12-31 14:38:16,427 - 14:38:16.083; 46; 0; 751504; 98160237440200; 1735652296083581700; 85985264; 1735652296373756700; None; None; Class ID: 0, Confidence: 0.69, BBox: (219, 170, 284, 310)
Class ID: 2, Confidence: 0.69, BBox: (282, 192, 438, 253)
Class ID: 1, Confidence: 0.54, BBox: (133, 227, 296, 345); 222
2024-12-31 14:38:16,809 - 14:38:16.427; 47; 0; 751504; 98160237440200; 1735652296427034800; 95774961; 1735652296725626800; None; None; Class ID: 0, Confidence: 0.69, BBox: (219, 170, 284, 310)
Class ID: 2, Confidence: 0.69, BBox: (282, 192, 438, 253)
Class ID: 1, Confidence: 0.54, BBox: (133, 227, 296, 345); 222
2024-12-31 14:38:17,171 - 14:38:16.809; 48; 0; 751504; 98160237440200; 1735652296809752900; 83484741; 1735652297094231100; None; None; Class ID: 0, Confidence: 0.69, BBox: (219, 170, 284, 310)
Class ID: 2, Confidence: 0.69, BBox: (282, 192, 438, 253)
Class ID: 1, Confidence: 0.54, BBox: (133, 227, 296, 345); 222
2024-12-31 14:38:17,577 - 14:38:17.172; 49; 0; 751504; 98160237440200; 1735652297172459700; 103427730; 1735652297501623400; None; None; Class ID: 0, Confidence: 0.69, BBox: (219, 170, 284, 310)
Class ID: 2, Confidence: 0.69, BBox: (282, 192, 438, 253)
Class ID: 1, Confidence: 0.54, BBox: (133, 227, 296, 345); 222
2024-12-31 14:38:17,980 - 14:38:17.578; 50; 0; 751504; 98160237440200; 1735652297578754400; 114426224; 1735652297909341800; None; None; Class ID: 0, Confidence: 0.69, BBox: (219, 170, 284, 310)
Class ID: 2, Confidence: 0.69, BBox: (282, 192, 438, 253)
Class ID: 1, Confidence: 0.54, BBox: (133, 227, 296, 345); 222
2024-12-31 14:38:18,330 - 14:38:17.981; 51; 0; 751504; 98160237440200; 1735652297981299800; 75433400; 1735652298264120600; None; None; Class ID: 0, Confidence: 0.69, BBox: (219, 170, 284, 310)
Class ID: 2, Confidence: 0.69, BBox: (282, 192, 438, 253)
Class ID: 1, Confidence: 0.54, BBox: (133, 227, 296, 345); 222
2024-12-31 14:38:18,682 - 14:38:18.330; 52; 0; 751504; 98160237440200; 1735652298330848300; 76209412; 1735652298610011600; None; None; Class ID: 0, Confidence: 0.69, BBox: (219, 170, 284, 310)
Class ID: 2, Confidence: 0.69, BBox: (282, 192, 438, 253)
Class ID: 1, Confidence: 0.54, BBox: (133, 227, 296, 345); 222
2024-12-31 14:38:19,041 - 14:38:18.682; 53; 0; 751504; 98160237440200; 1735652298682782200; 78296890; 1735652298963733900; None; None; Class ID: 0, Confidence: 0.69, BBox: (219, 170, 284, 310)
Class ID: 2, Confidence: 0.69, BBox: (282, 192, 438, 253)
Class ID: 1, Confidence: 0.54, BBox: (133, 227, 296, 345); 222
2024-12-31 14:38:19,394 - 14:38:19.042; 54; 0; 751504; 98160237440200; 1735652299042606100; 76829942; 1735652299323041800; None; None; Class ID: 0, Confidence: 0.69, BBox: (219, 170, 284, 310)
Class ID: 2, Confidence: 0.69, BBox: (282, 192, 438, 253)
Class ID: 1, Confidence: 0.54, BBox: (133, 227, 296, 345); 222
2024-12-31 14:38:19,756 - 14:38:19.395; 55; 0; 751504; 98160237440200; 1735652299395755600; 81868637; 1735652299689227800; None; None; Class ID: 0, Confidence: 0.69, BBox: (219, 170, 284, 310)
Class ID: 2, Confidence: 0.69, BBox: (282, 192, 438, 253)
Class ID: 1, Confidence: 0.54, BBox: (133, 227, 296, 345); 222
2024-12-31 14:38:20,113 - 14:38:19.757; 56; 0; 751504; 98160237440200; 1735652299757355100; 79499072; 1735652300039964900; None; None; Class ID: 0, Confidence: 0.69, BBox: (219, 170, 284, 310)
Class ID: 2, Confidence: 0.69, BBox: (282, 192, 438, 253)
Class ID: 1, Confidence: 0.54, BBox: (133, 227, 296, 345); 222
2024-12-31 14:38:20,465 - 14:38:20.114; 57; 0; 751504; 98160237440200; 1735652300115599900; 76334334; 1735652300393967700; None; None; Class ID: 0, Confidence: 0.69, BBox: (219, 170, 284, 310)
Class ID: 2, Confidence: 0.69, BBox: (282, 192, 438, 253)
Class ID: 1, Confidence: 0.54, BBox: (133, 227, 296, 345); 222
2024-12-31 14:38:20,818 - 14:38:20.466; 58; 0; 751504; 98160237440200; 1735652300466801400; 74847239; 1735652300745671700; None; None; Class ID: 0, Confidence: 0.69, BBox: (219, 170, 284, 310)
Class ID: 2, Confidence: 0.69, BBox: (282, 192, 438, 253)
Class ID: 1, Confidence: 0.54, BBox: (133, 227, 296, 345); 222
2024-12-31 14:38:21,171 - 14:38:20.818; 59; 0; 751504; 98160237440200; 1735652300818025600; 78679926; 1735652301098624200; None; None; Class ID: 0, Confidence: 0.69, BBox: (219, 170, 284, 310)
Class ID: 2, Confidence: 0.69, BBox: (282, 192, 438, 253)
Class ID: 1, Confidence: 0.54, BBox: (133, 227, 296, 345); 222
2024-12-31 14:38:21,571 - 14:38:21.172; 60; 0; 751504; 98160237440200; 1735652301172063600; 86539239; 1735652301493319800; None; None; Class ID: 0, Confidence: 0.69, BBox: (219, 170, 284, 310)
Class ID: 2, Confidence: 0.69, BBox: (282, 192, 438, 253)
Class ID: 1, Confidence: 0.54, BBox: (133, 227, 296, 345); 222
2024-12-31 14:38:21,974 - 14:38:21.571; 61; 0; 751504; 98160237440200; 1735652301571475500; 89025859; 1735652301902886300; None; None; Class ID: 0, Confidence: 0.69, BBox: (219, 170, 284, 310)
Class ID: 2, Confidence: 0.69, BBox: (282, 192, 438, 253)
Class ID: 1, Confidence: 0.54, BBox: (133, 227, 296, 345); 222
2024-12-31 14:38:22,341 - 14:38:21.975; 62; 0; 751504; 98160237440200; 1735652301975208300; 82658932; 1735652302260524300; None; None; Class ID: 0, Confidence: 0.69, BBox: (219, 170, 284, 310)
Class ID: 2, Confidence: 0.69, BBox: (282, 192, 438, 253)
Class ID: 1, Confidence: 0.54, BBox: (133, 227, 296, 345); 222
2024-12-31 14:38:22,704 - 14:38:22.341; 63; 0; 751504; 98160237440200; 1735652302341269000; 82961737; 1735652302629016500; None; None; Class ID: 0, Confidence: 0.69, BBox: (219, 170, 284, 310)
Class ID: 2, Confidence: 0.69, BBox: (282, 192, 438, 253)
Class ID: 1, Confidence: 0.54, BBox: (133, 227, 296, 345); 222
2024-12-31 14:38:23,060 - 14:38:22.705; 64; 0; 751504; 98160237440200; 1735652302705318800; 77432476; 1735652302985886100; None; None; Class ID: 0, Confidence: 0.69, BBox: (219, 170, 284, 310)
Class ID: 2, Confidence: 0.69, BBox: (282, 192, 438, 253)
Class ID: 1, Confidence: 0.54, BBox: (133, 227, 296, 345); 222
2024-12-31 14:38:23,408 - 14:38:23.061; 65; 0; 751504; 98160237440200; 1735652303061097800; 77271456; 1735652303338263900; None; None; Class ID: 0, Confidence: 0.69, BBox: (219, 170, 284, 310)
Class ID: 2, Confidence: 0.69, BBox: (282, 192, 438, 253)
Class ID: 1, Confidence: 0.54, BBox: (133, 227, 296, 345); 222
2024-12-31 14:38:23,814 - 14:38:23.409; 66; 0; 751504; 98160237440200; 1735652303409767200; 84016547; 1735652303746653600; None; None; Class ID: 0, Confidence: 0.69, BBox: (219, 170, 284, 310)
Class ID: 2, Confidence: 0.69, BBox: (282, 192, 438, 253)
Class ID: 1, Confidence: 0.54, BBox: (133, 227, 296, 345); 222
2024-12-31 14:38:24,166 - 14:38:23.815; 67; 0; 751504; 98160237440200; 1735652303815205100; 78644382; 1735652304097529000; None; None; Class ID: 0, Confidence: 0.69, BBox: (219, 170, 284, 310)
Class ID: 2, Confidence: 0.69, BBox: (282, 192, 438, 253)
Class ID: 1, Confidence: 0.54, BBox: (133, 227, 296, 345); 222
2024-12-31 14:38:24,520 - 14:38:24.166; 68; 0; 751504; 98160237440200; 1735652304166597900; 80707970; 1735652304449248800; None; None; Class ID: 0, Confidence: 0.69, BBox: (219, 170, 284, 310)
Class ID: 2, Confidence: 0.69, BBox: (282, 192, 438, 253)
Class ID: 1, Confidence: 0.54, BBox: (133, 227, 296, 345); 222
2024-12-31 14:38:24,865 - 14:38:24.521; 69; 0; 751504; 98160237440200; 1735652304521178500; 79166145; 1735652304801364400; None; None; Class ID: 0, Confidence: 0.69, BBox: (219, 170, 284, 310)
Class ID: 2, Confidence: 0.69, BBox: (282, 192, 438, 253)
Class ID: 1, Confidence: 0.54, BBox: (133, 227, 296, 345); 222
2024-12-31 14:38:25,350 - 14:38:24.865; 70; 0; 751504; 98160237440200; 1735652304865661600; 111487823; 1735652305282289100; None; None; Class ID: 0, Confidence: 0.69, BBox: (219, 170, 284, 310)
Class ID: 2, Confidence: 0.69, BBox: (282, 192, 438, 253)
Class ID: 1, Confidence: 0.54, BBox: (133, 227, 296, 345); 222
2024-12-31 14:38:25,705 - 14:38:25.351; 71; 0; 751504; 98160237440200; 1735652305351721400; 79299722; 1735652305631492100; None; None; Class ID: 0, Confidence: 0.69, BBox: (219, 170, 284, 310)
Class ID: 2, Confidence: 0.69, BBox: (282, 192, 438, 253)
Class ID: 1, Confidence: 0.54, BBox: (133, 227, 296, 345); 222
2024-12-31 14:38:26,065 - 14:38:25.706; 72; 0; 751504; 98160237440200; 1735652305706490800; 87697027; 1735652305995586400; None; None; Class ID: 0, Confidence: 0.69, BBox: (219, 170, 284, 310)
Class ID: 2, Confidence: 0.69, BBox: (282, 192, 438, 253)
Class ID: 1, Confidence: 0.54, BBox: (133, 227, 296, 345); 222
2024-12-31 14:38:26,426 - 14:38:26.065; 73; 0; 751504; 98160237440200; 1735652306065739000; 76459691; 1735652306358903500; None; None; Class ID: 0, Confidence: 0.69, BBox: (219, 170, 284, 310)
Class ID: 2, Confidence: 0.69, BBox: (282, 192, 438, 253)
Class ID: 1, Confidence: 0.54, BBox: (133, 227, 296, 345); 222
2024-12-31 14:38:26,782 - 14:38:26.427; 74; 0; 751504; 98160237440200; 1735652306427110600; 80698684; 1735652306707505700; None; None; Class ID: 0, Confidence: 0.69, BBox: (219, 170, 284, 310)
Class ID: 2, Confidence: 0.69, BBox: (282, 192, 438, 253)
Class ID: 1, Confidence: 0.54, BBox: (133, 227, 296, 345); 222
2024-12-31 14:38:27,134 - 14:38:26.783; 75; 0; 751504; 98160237440200; 1735652306783828700; 77973148; 1735652307066840400; None; None; Class ID: 0, Confidence: 0.69, BBox: (219, 170, 284, 310)
Class ID: 2, Confidence: 0.69, BBox: (282, 192, 438, 253)
Class ID: 1, Confidence: 0.54, BBox: (133, 227, 296, 345); 222
2024-12-31 14:38:27,484 - 14:38:27.134; 76; 0; 751504; 98160237440200; 1735652307134284600; 75983297; 1735652307411829000; None; None; Class ID: 0, Confidence: 0.69, BBox: (219, 170, 284, 310)
Class ID: 2, Confidence: 0.69, BBox: (282, 192, 438, 253)
Class ID: 1, Confidence: 0.54, BBox: (133, 227, 296, 345); 222
2024-12-31 14:38:27,912 - 14:38:27.484; 77; 0; 751504; 98160237440200; 1735652307484708800; 99647198; 1735652307843449400; None; None; Class ID: 0, Confidence: 0.69, BBox: (219, 170, 284, 310)
Class ID: 2, Confidence: 0.69, BBox: (282, 192, 438, 253)
Class ID: 1, Confidence: 0.54, BBox: (133, 227, 296, 345); 222
2024-12-31 14:38:28,259 - 14:38:27.912; 78; 0; 751504; 98160237440200; 1735652307912506200; 75876833; 1735652308185866000; None; None; Class ID: 0, Confidence: 0.69, BBox: (219, 170, 284, 310)
Class ID: 2, Confidence: 0.69, BBox: (282, 192, 438, 253)
Class ID: 1, Confidence: 0.54, BBox: (133, 227, 296, 345); 222
2024-12-31 14:38:28,607 - 14:38:28.259; 79; 0; 751504; 98160237440200; 1735652308259468400; 73749379; 1735652308534630100; None; None; Class ID: 0, Confidence: 0.69, BBox: (219, 170, 284, 310)
Class ID: 2, Confidence: 0.69, BBox: (282, 192, 438, 253)
Class ID: 1, Confidence: 0.54, BBox: (133, 227, 296, 345); 222
2024-12-31 14:38:28,962 - 14:38:28.608; 80; 0; 751504; 98160237440200; 1735652308608291700; 78831235; 1735652308891937200; None; None; Class ID: 0, Confidence: 0.69, BBox: (219, 170, 284, 310)
Class ID: 2, Confidence: 0.69, BBox: (282, 192, 438, 253)
Class ID: 1, Confidence: 0.54, BBox: (133, 227, 296, 345); 222
2024-12-31 14:38:29,446 - 14:38:28.963; 81; 0; 751504; 98160237440200; 1735652308963337400; 106970558; 1735652309380042900; None; None; Class ID: 0, Confidence: 0.69, BBox: (219, 170, 284, 310)
Class ID: 2, Confidence: 0.69, BBox: (282, 192, 438, 253)
Class ID: 1, Confidence: 0.54, BBox: (133, 227, 296, 345); 222
2024-12-31 14:38:29,810 - 14:38:29.447; 82; 0; 751504; 98160237440200; 1735652309447539500; 80325291; 1735652309729572400; None; None; Class ID: 0, Confidence: 0.69, BBox: (219, 170, 284, 310)
Class ID: 2, Confidence: 0.69, BBox: (282, 192, 438, 253)
Class ID: 1, Confidence: 0.54, BBox: (133, 227, 296, 345); 222
2024-12-31 14:38:30,170 - 14:38:29.811; 83; 0; 751504; 98160237440200; 1735652309811933200; 81557110; 1735652310093317800; None; None; Class ID: 0, Confidence: 0.69, BBox: (219, 170, 284, 310)
Class ID: 2, Confidence: 0.69, BBox: (282, 192, 438, 253)
Class ID: 1, Confidence: 0.54, BBox: (133, 227, 296, 345); 222
2024-12-31 14:38:30,520 - 14:38:30.172; 84; 0; 751504; 98160237440200; 1735652310172165300; 80692453; 1735652310452522400; None; None; Class ID: 0, Confidence: 0.69, BBox: (219, 170, 284, 310)
Class ID: 2, Confidence: 0.69, BBox: (282, 192, 438, 253)
Class ID: 1, Confidence: 0.54, BBox: (133, 227, 296, 345); 222
2024-12-31 14:38:30,873 - 14:38:30.520; 85; 0; 751504; 98160237440200; 1735652310520793800; 77410190; 1735652310798551700; None; None; Class ID: 0, Confidence: 0.69, BBox: (219, 170, 284, 310)
Class ID: 2, Confidence: 0.69, BBox: (282, 192, 438, 253)
Class ID: 1, Confidence: 0.54, BBox: (133, 227, 296, 345); 222
2024-12-31 14:38:31,222 - 14:38:30.874; 86; 0; 751504; 98160237440200; 1735652310874648400; 81194841; 1735652311155502000; None; None; Class ID: 0, Confidence: 0.69, BBox: (219, 170, 284, 310)
Class ID: 2, Confidence: 0.69, BBox: (282, 192, 438, 253)
Class ID: 1, Confidence: 0.54, BBox: (133, 227, 296, 345); 222
2024-12-31 14:38:31,579 - 14:38:31.223; 87; 0; 751504; 98160237440200; 1735652311223638700; 81231914; 1735652311508988000; None; None; Class ID: 0, Confidence: 0.69, BBox: (219, 170, 284, 310)
Class ID: 2, Confidence: 0.69, BBox: (282, 192, 438, 253)
Class ID: 1, Confidence: 0.54, BBox: (133, 227, 296, 345); 222
2024-12-31 14:38:32,012 - 14:38:31.579; 88; 0; 751504; 98160237440200; 1735652311579965700; 89590792; 1735652311940289200; None; None; Class ID: 0, Confidence: 0.69, BBox: (219, 170, 284, 310)
Class ID: 2, Confidence: 0.69, BBox: (282, 192, 438, 253)
Class ID: 1, Confidence: 0.54, BBox: (133, 227, 296, 345); 222
2024-12-31 14:38:32,360 - 14:38:32.013; 89; 0; 751504; 98160237440200; 1735652312013407300; 77667280; 1735652312290429900; None; None; Class ID: 0, Confidence: 0.69, BBox: (219, 170, 284, 310)
Class ID: 2, Confidence: 0.69, BBox: (282, 192, 438, 253)
Class ID: 1, Confidence: 0.54, BBox: (133, 227, 296, 345); 222
2024-12-31 14:38:32,820 - 14:38:32.361; 90; 0; 751504; 98160237440200; 1735652312361563300; 97621812; 1735652312760470300; None; None; Class ID: 0, Confidence: 0.69, BBox: (219, 170, 284, 310)
Class ID: 2, Confidence: 0.69, BBox: (282, 192, 438, 253)
Class ID: 1, Confidence: 0.54, BBox: (133, 227, 296, 345); 222
2024-12-31 14:38:33,244 - 14:38:32.821; 91; 0; 751504; 98160237440200; 1735652312821389600; 93667787; 1735652313168448000; None; None; Class ID: 0, Confidence: 0.69, BBox: (219, 170, 284, 310)
Class ID: 2, Confidence: 0.69, BBox: (282, 192, 438, 253)
Class ID: 1, Confidence: 0.54, BBox: (133, 227, 296, 345); 222
2024-12-31 14:38:33,601 - 14:38:33.245; 92; 0; 751504; 98160237440200; 1735652313245093400; 77707317; 1735652313525946800; None; None; Class ID: 0, Confidence: 0.69, BBox: (219, 170, 284, 310)
Class ID: 2, Confidence: 0.69, BBox: (282, 192, 438, 253)
Class ID: 1, Confidence: 0.54, BBox: (133, 227, 296, 345); 222
2024-12-31 14:38:34,056 - 14:38:33.602; 93; 0; 751504; 98160237440200; 1735652313602841400; 87840125; 1735652313987200800; None; None; Class ID: 0, Confidence: 0.69, BBox: (219, 170, 284, 310)
Class ID: 2, Confidence: 0.69, BBox: (282, 192, 438, 253)
Class ID: 1, Confidence: 0.54, BBox: (133, 227, 296, 345); 222
2024-12-31 14:38:34,418 - 14:38:34.057; 94; 0; 751504; 98160237440200; 1735652314057634300; 87424663; 1735652314349883700; None; None; Class ID: 0, Confidence: 0.69, BBox: (219, 170, 284, 310)
Class ID: 2, Confidence: 0.69, BBox: (282, 192, 438, 253)
Class ID: 1, Confidence: 0.54, BBox: (133, 227, 296, 345); 222
2024-12-31 14:38:34,770 - 14:38:34.419; 95; 0; 751504; 98160237440200; 1735652314419192000; 77175544; 1735652314696864500; None; None; Class ID: 0, Confidence: 0.69, BBox: (219, 170, 284, 310)
Class ID: 2, Confidence: 0.69, BBox: (282, 192, 438, 253)
Class ID: 1, Confidence: 0.54, BBox: (133, 227, 296, 345); 222
2024-12-31 14:38:35,121 - 14:38:34.770; 96; 0; 751504; 98160237440200; 1735652314770160800; 77519369; 1735652315049360700; None; None; Class ID: 0, Confidence: 0.69, BBox: (219, 170, 284, 310)
Class ID: 2, Confidence: 0.69, BBox: (282, 192, 438, 253)
Class ID: 1, Confidence: 0.54, BBox: (133, 227, 296, 345); 222
2024-12-31 14:38:35,512 - 14:38:35.122; 97; 0; 751504; 98160237440200; 1735652315122736000; 83854450; 1735652315420245400; None; None; Class ID: 0, Confidence: 0.69, BBox: (219, 170, 284, 310)
Class ID: 2, Confidence: 0.69, BBox: (282, 192, 438, 253)
Class ID: 1, Confidence: 0.54, BBox: (133, 227, 296, 345); 222
2024-12-31 14:38:35,875 - 14:38:35.513; 98; 0; 751504; 98160237440200; 1735652315513113700; 86821494; 1735652315805156600; None; None; Class ID: 0, Confidence: 0.69, BBox: (219, 170, 284, 310)
Class ID: 2, Confidence: 0.69, BBox: (282, 192, 438, 253)
Class ID: 1, Confidence: 0.54, BBox: (133, 227, 296, 345); 222
2024-12-31 14:38:36,306 - 14:38:35.876; 99; 0; 751504; 98160237440200; 1735652315876909200; 81818551; 1735652316239993700; None; None; Class ID: 0, Confidence: 0.69, BBox: (219, 170, 284, 310)
Class ID: 2, Confidence: 0.69, BBox: (282, 192, 438, 253)
Class ID: 1, Confidence: 0.54, BBox: (133, 227, 296, 345); 222
2024-12-31 14:38:36,662 - 14:38:36.307; 100; 0; 751504; 98160237440200; 1735652316307840200; 76279523; 1735652316590279600; None; None; Class ID: 0, Confidence: 0.69, BBox: (219, 170, 284, 310)
Class ID: 2, Confidence: 0.69, BBox: (282, 192, 438, 253)
Class ID: 1, Confidence: 0.54, BBox: (133, 227, 296, 345); 222
